event_id	GeneID	event_type	sample_0	sample_1	sample_2	sample_3	sample_4	sample_5	sample_6	sample_7	sample_8	sample_9	sample_10	sample_11	sample_12	sample_13
1	AT4G39420	SE	1.0	0.9	1.0	0.927	1.0	1.0	0.895	1.0	1.0	1.0	0.938	1.0	0.944	1.0
2	AT4G39330	SE	1.0	1.0	1.0	1.0	1.0	0.969	1.0	1.0	1.0	1.0	1.0	1.0	1.0	1.0
4	AT4G38510	SE	0.273	0.412	0.379	0.557	0.404	0.467	0.537	0.54	0.333	0.4	0.417	0.353	0.288	0.208
5	AT4G38510	SE	0.358	0.626	0.559	0.712	0.537	0.717	0.704	0.71	0.55	0.53	0.594	0.535	0.482	0.419
6	AT4G38510	SE	0.382	0.517	0.423	0.53	0.434	0.507	0.53	0.452	0.507	0.502	0.477	0.36	0.431	0.233
7	AT4G38120	SE	1.0	1.0	1.0	0.765	1.0	1.0	1.0	1.0	1.0	1.0	1.0	1.0	1.0	1.0
10	AT4G37680	SE	1.0	0.862	0.728	0.898	1.0	1.0	1.0	0.93	1.0	0.945	1.0	0.937	0.975	0.943
11	AT4G37680	SE	1.0	0.359	0.39	0.557	1.0	1.0	1.0	0.359	1.0	0.528	1.0	0.691	0.848	0.359
12	AT4G37553	SE	1.0	0.616	1.0	1.0		0.0	1.0				0.855	0.0	1.0	1.0
13	AT4G36960	SE	1.0	1.0	1.0	1.0	1.0	1.0	1.0	1.0	1.0	1.0	1.0	0.879	1.0	1.0
14	AT4G36250	SE	1.0	1.0	0.971	1.0	1.0	1.0	0.99	1.0	1.0	1.0	1.0	1.0	1.0	1.0
16	AT4G35830	SE	1.0	1.0	1.0	1.0	0.991	1.0	1.0	1.0	1.0	1.0	0.996	1.0	1.0	1.0
17	AT4G35785	SE	0.36	0.191	0.585	0.511	0.571	0.7	0.54	0.35	0.385	0.385	0.547	0.529	0.297	0.259
18	AT4G35785	SE	0.385	0.208	0.6	0.516	0.609	0.7	0.558	0.409	0.429	0.467	0.575	0.586	0.333	0.298
19	AT4G35785	SE	0.295	0.22	0.561	0.451	0.573	0.691	0.304	0.34	0.401	0.369	0.415	0.501	0.351	0.232
20	AT4G35785	SE	1.0	1.0	1.0	0.958	1.0	1.0	1.0	1.0	1.0	1.0	1.0	1.0	0.943	1.0
21	AT4G35360	SE	1.0	1.0	1.0	0.952	1.0	1.0	1.0	0.925	1.0	1.0	1.0	1.0	1.0	1.0
22	AT4G35360	SE	1.0	1.0	1.0	0.986	1.0	1.0	1.0	0.976	1.0	1.0	1.0	1.0	1.0	1.0
23	AT4G35290	SE	1.0	1.0	1.0	0.0	1.0		1.0	1.0	1.0		1.0		1.0	1.0
24	AT4G35290	SE	1.0	1.0	1.0	0.0	1.0		1.0	1.0	1.0		1.0		1.0	1.0
26	AT4G34280	SE	1.0	1.0	1.0	1.0	1.0	1.0	1.0	1.0	1.0	1.0	0.939	1.0	1.0	1.0
27	AT4G34265	SE	1.0	0.43	0.674	0.546	0.445	0.703	0.517	0.408	0.586	0.805	0.34	0.612	0.393	0.579
28	AT4G34265	SE	1.0	0.531	0.758	0.623	0.605	0.811	0.66	0.685	0.6	0.898	0.468	0.772	0.57	0.817
29	AT4G34265	SE	1.0	1.0	1.0	1.0	1.0	1.0	1.0	0.926	1.0	1.0	0.763	1.0	0.823	1.0
30	AT4G33925	SE	1.0	1.0	1.0				1.0	1.0	0.0		1.0	1.0	1.0	1.0
31	AT4G33530	SE	1.0	1.0	0.971	1.0	1.0	1.0	1.0	1.0	1.0	1.0	1.0	1.0	1.0	1.0
33	AT4G33220	SE	1.0	1.0	0.976	1.0	1.0	1.0	1.0	0.979	1.0	1.0	1.0	1.0	1.0	1.0
34	AT4G33150	SE	1.0	1.0	1.0	1.0	1.0	1.0	1.0	1.0	1.0	1.0	1.0	1.0	0.989	1.0
35	AT4G33080	SE	0.904	1.0	1.0	1.0	1.0	0.871	0.982	0.948	0.871	1.0	0.978	1.0	0.984	1.0
36	AT4G32850	SE		0.342	1.0	1.0	1.0		0.61	1.0	1.0	1.0	0.342	0.0	0.0	
37	AT4G32720	SE	1.0	1.0	1.0	0.951	1.0	1.0	1.0	1.0	1.0	1.0	1.0	1.0	1.0	1.0
38	AT4G32420	SE	0.0	0.0		0.0			0.0	0.0	0.0	0.0	0.132	0.0	0.086	0.0
39	AT4G32360	SE			1.0	1.0		1.0	1.0	1.0	1.0		1.0	1.0	0.667	1.0
40	AT4G32360	SE	1.0	1.0	1.0	0.8	1.0	1.0	0.833	1.0	1.0	1.0	1.0	1.0	1.0	1.0
41	AT4G32280	SE	1.0	0.929	1.0	1.0	1.0	1.0	1.0	1.0	1.0	1.0	1.0	1.0	1.0	1.0
42	AT4G32280	SE	1.0	0.833	1.0	1.0	1.0	1.0	1.0	1.0	1.0	1.0	1.0	1.0	1.0	1.0
43	AT4G32180	SE	1.0	1.0	1.0	1.0	1.0	1.0	1.0	1.0	1.0	1.0	1.0	0.873	1.0	1.0
44	AT4G31480	SE	0.048	0.023	0.067	0.027	0.021	0.0	0.046	0.012	0.0	0.019	0.012	0.021	0.052	0.0
45	AT4G31480	SE	0.0	0.023	0.028	0.0	0.0	0.0	0.0	0.012	0.0	0.0	0.0	0.021	0.018	0.0
46	AT4G31480	SE	0.0	0.0	0.0	0.0	0.0	0.0	0.0	0.0	0.0	0.0	0.023	0.011	0.0	0.0
47	AT4G31100	SE	1.0	1.0	1.0	1.0	1.0	1.0	1.0	1.0	1.0	1.0	1.0	1.0	0.867	1.0
48	AT4G30975	SE	1.0					0.0	0.0			0.0		0.0	1.0	
49	AT4G30690	SE	1.0	1.0	1.0	1.0	1.0	1.0	1.0	0.965	1.0	1.0	0.984	1.0	0.975	1.0
51	AT4G30690	SE	1.0	1.0	1.0	1.0	1.0	1.0	1.0	1.0	0.978	1.0	1.0	1.0	1.0	1.0
52	AT4G30200	SE	1.0	1.0	1.0	0.993	1.0	1.0	1.0	0.973	1.0	1.0	1.0	1.0	1.0	1.0
53	AT4G30160	SE	1.0	1.0	1.0	1.0	1.0	1.0	1.0	1.0	1.0	1.0	1.0	1.0	0.975	1.0
54	AT4G30160	SE	1.0	1.0	1.0	1.0	1.0	1.0	1.0	1.0	1.0	1.0	1.0	1.0	0.823	1.0
55	AT4G36720	SE	1.0	1.0	1.0	0.939	0.905	1.0	1.0	0.958	0.771	1.0	1.0	0.887	1.0	1.0
56	AT4G29940	SE	1.0	1.0	1.0	1.0	1.0	1.0	1.0	1.0	1.0	1.0	1.0	1.0	0.944	1.0
57	AT4G29160	SE	1.0	1.0	1.0	1.0	1.0	1.0	0.991	1.0	1.0	1.0	1.0	1.0	1.0	1.0
58	AT4G29100	SE	1.0	1.0	1.0	1.0	1.0	1.0	1.0	0.948	1.0	1.0	1.0	0.957	1.0	1.0
59	AT4G28910	SE	0.526	0.705	0.388	0.563	0.569	0.583	0.511	0.495	0.593	0.543	0.615	0.455	0.5	0.562
60	AT4G28910	SE	0.333	0.538	0.268	0.345	0.312	0.375	0.37	0.278	0.371	0.333	0.434	0.276	0.313	0.364
61	AT4G28706	SE	1.0	1.0	1.0	1.0	1.0	1.0	1.0	1.0	1.0	1.0	1.0	1.0	0.862	1.0
62	AT4G28706	SE	1.0	1.0	1.0	1.0	1.0	1.0	1.0	1.0	1.0	1.0	1.0	1.0	0.857	1.0
63	AT4G27870	SE	0.126	0.053	0.044	0.102	0.019	0.015	0.06	0.072	0.144	0.024	0.086	0.047	0.073	0.08
64	AT4G27820	SE	1.0	0.212	0.0	0.245	0.097	1.0	0.265	0.193	0.0	0.35	0.119	0.35	0.35	0.0
66	AT4G27610	SE	0.506	0.0	0.405	0.312		0.0	0.476	0.405	0.405	0.732	0.254	0.0	0.0	
67	AT4G27610	SE	0.125	0.167	0.2	0.333	0.429	0.667	0.12	0.4	0.5	0.4	0.086	0.091	0.2	0.111
68	AT4G27490	SE	1.0	1.0	1.0	1.0	0.778	1.0	1.0	1.0	1.0	1.0	1.0	1.0	1.0	1.0
70	AT4G27050	SE	1.0		0.0	1.0		0.551	0.064		0.381	0.0	1.0			0.381
71	AT4G26980	SE	1.0	1.0	1.0	1.0	1.0	1.0	1.0	1.0	1.0	1.0	1.0	0.875	1.0	1.0
72	AT4G26700	SE	1.0	1.0	1.0	1.0	1.0	1.0	1.0	1.0	1.0	1.0	1.0	1.0	0.961	1.0
76	AT4G25840	SE	1.0	1.0	1.0	0.851	1.0	1.0	0.832	1.0	1.0	1.0	1.0	1.0	0.917	1.0
77	AT4G25500	SE	0.056	0.065	0.037	0.051	0.021	0.035	0.088	0.043	0.0	0.117	0.065	0.076	0.05	0.011
78	AT4G25500	SE	0.231	0.41	0.351	0.287	0.292	0.226	0.27	0.348	0.299	0.324	0.301	0.283	0.385	0.398
81	AT4G24940	SE	1.0	1.0	1.0	0.937	1.0	1.0	1.0	1.0	1.0	1.0	1.0	1.0	1.0	1.0
83	AT4G24540	SE	1.0	1.0	1.0	1.0	1.0	1.0	1.0	1.0	0.622	1.0	1.0	1.0	1.0	1.0
84	AT4G24520	SE	1.0	1.0	1.0	1.0	1.0	0.979	1.0	1.0	1.0	1.0	1.0	1.0	0.99	1.0
85	AT4G24520	SE	1.0	1.0	1.0	1.0	1.0	1.0	0.996	1.0	1.0	1.0	1.0	1.0	1.0	1.0
86	AT4G24460	SE	1.0		1.0	1.0	1.0	1.0	1.0	0.842	1.0	1.0	1.0	0.726	1.0	1.0
87	AT4G24400	SE	1.0	1.0	1.0	1.0	1.0	1.0	1.0	1.0	1.0	1.0	1.0	0.968	1.0	1.0
88	AT4G24100	SE	1.0	1.0	1.0	0.902	1.0	1.0	1.0	0.922	1.0	1.0	0.945	1.0	1.0	1.0
89	AT4G24100	SE	0.758	1.0	0.773	0.856	1.0	0.881	0.833	0.755	1.0	0.799	0.735	0.806	0.735	1.0
90	AT4G24050	SE	1.0	1.0	1.0	1.0	1.0	1.0	1.0	1.0	1.0	1.0	0.938	1.0	1.0	1.0
91	AT4G23850	SE	1.0	1.0	1.0	1.0	0.958	1.0	1.0	1.0	1.0	1.0	1.0	1.0	1.0	1.0
93	AT4G30820	SE	1.0	1.0	0.6	1.0	1.0		1.0	1.0	0.0	0.5	0.778	1.0	1.0	1.0
94	AT4G30820	SE	1.0	1.0	0.0	1.0	1.0			1.0	0.0	0.0	0.0	1.0	1.0	
95	AT4G30820	SE	1.0	1.0	0.833	1.0	1.0		1.0	1.0	0.6	0.6	0.833	1.0	1.0	1.0
96	AT4G30820	SE	1.0	1.0	0.778	1.0	1.0		1.0	1.0	0.6	0.333	0.714	1.0	1.0	1.0
97	AT4G30820	SE	1.0	1.0	0.778	1.0	1.0		1.0	1.0	0.6	0.333	0.6	1.0	1.0	1.0
98	AT4G30820	SE	0.2	1.0		0.5	0.2			0.0			0.0	1.0	0.333	
101	AT4G23000	SE				1.0				1.0				0.5	1.0	1.0
102	AT4G22780	SE	1.0	1.0	1.0	1.0	1.0	1.0	0.971	1.0	1.0	1.0	1.0	1.0	1.0	1.0
104	AT4G21660	SE	0.0	0.0	0.0	0.0	0.0	0.0	0.0	0.0	0.014	0.0	0.0	0.0	0.0	0.0
105	AT4G21530	SE	1.0	1.0	1.0	1.0	1.0	1.0	1.0	1.0	1.0	1.0	0.333	1.0	1.0	1.0
106	AT4G21430	SE	1.0	1.0	1.0	1.0	1.0	1.0	1.0	1.0	0.618	1.0	1.0	1.0	1.0	1.0
107	AT4G21430	SE	1.0		1.0	1.0	1.0	1.0	1.0	1.0	1.0	1.0	0.5	1.0	1.0	1.0
108	AT4G20930	SE	0.846	1.0	0.852	0.868	0.8	0.652	0.957	0.95	0.931	1.0	0.931	0.943	0.756	0.692
109	AT4G20850	SE	1.0	1.0	1.0	1.0	1.0	1.0	0.991	1.0	1.0	1.0	1.0	1.0	1.0	1.0
110	AT4G20380	SE	1.0	1.0	1.0	1.0	0.961	1.0	1.0	1.0	1.0	1.0	1.0	1.0	1.0	1.0
111	AT4G20380	SE	1.0	1.0	1.0	1.0	0.905	1.0	1.0	1.0	1.0	1.0	1.0	1.0	1.0	1.0
112	AT4G20320	SE	0.077	0.0	0.0	0.062	0.0	1.0	0.057	0.091	0.0	0.0	0.037	0.0	0.0	0.167
113	AT4G19550	SE	0.333	0.0	0.667	0.273			0.25	0.429	0.0	1.0	0.0	0.333	0.111	1.0
114	AT4G19540	SE	1.0	1.0	0.8	1.0	1.0	1.0	1.0	1.0	1.0	1.0	1.0	1.0	1.0	1.0
115	AT4G19420	SE	1.0	1.0	1.0	0.98	1.0	1.0	1.0	0.983	1.0	1.0	1.0	0.975	0.947	0.877
116	AT4G19410	SE	1.0	1.0	1.0	1.0	0.987	1.0	1.0	1.0	1.0	1.0	0.977	1.0	1.0	1.0
117	AT4G18730	SE	0.992	1.0	1.0	1.0	1.0	1.0	1.0	1.0	1.0	0.994	1.0	1.0	1.0	1.0
118	AT4G18260	SE	1.0	1.0	0.75	1.0	1.0	1.0	0.778	0.961	1.0	1.0	1.0	1.0	1.0	1.0
119	AT4G18020	SE	1.0	0.333	0.231	0.0	0.2		0.0	0.0	0.0	0.143	0.0	0.333	0.0	0.0
120	AT4G18020	SE	0.143	0.25	0.0	0.029	0.0	0.0	0.053	0.0	0.077	0.0	0.0	0.077	0.043	0.0
121	AT4G17615	SE	1.0	1.0	1.0	0.846	1.0	1.0	1.0	1.0	1.0	1.0	1.0	1.0	1.0	1.0
122	AT4G17483	SE	1.0	1.0	1.0			1.0		1.0	0.0		0.333	1.0	1.0	
123	AT4G17483	SE		1.0	1.0			1.0		1.0	0.333		0.0	1.0	1.0	
124	AT4G17190	SE	1.0	1.0	1.0	1.0	0.692	1.0	1.0	1.0	1.0	1.0	1.0	1.0	1.0	1.0
126	AT4G17140	SE	0.026	0.0	0.0	0.0	0.0	0.0	0.0	0.0	0.0	0.0	0.0	0.0	0.0	0.0
128	AT4G17140	SE	1.0	1.0	1.0	1.0	1.0	1.0	0.989	1.0	1.0	1.0	1.0	1.0	1.0	1.0
129	AT4G16990	SE	0.03	0.019	0.013	0.015	0.016	0.014	0.027	0.027	0.0	0.0	0.024	0.005	0.004	0.012
130	AT4G16800	SE	1.0	1.0	1.0	1.0	1.0	1.0	1.0	1.0	1.0	1.0	1.0	1.0	0.95	1.0
131	AT4G16765	SE	1.0	1.0	1.0	1.0	1.0	1.0	1.0	1.0	1.0	1.0	1.0	1.0	0.939	1.0
132	AT4G16695	SE	0.034	0.306	0.234	0.318	0.278	0.143	0.213	0.098	0.297	0.333	0.155	0.21	0.208	0.2
133	AT4G16695	SE	0.12	0.333	0.238	0.208	0.455	0.25	0.233	0.29	0.286	0.444	0.123	0.294	0.2	0.235
134	AT4G16150	SE	1.0	1.0	0.98	1.0	0.969	1.0	1.0	0.985	1.0	1.0	1.0	1.0	1.0	1.0
135	AT4G16146	SE	1.0	1.0	1.0	1.0	1.0	1.0	0.919	1.0	1.0	1.0	1.0	1.0	1.0	1.0
136	AT4G15530	SE	0.0	0.13	0.111	0.106	0.0	0.0	0.154	0.0	0.059	0.0	0.05	0.0	0.0	0.0
139	AT4G15010	SE	1.0	1.0	1.0	1.0	1.0	1.0	1.0	0.889	1.0	1.0	1.0	1.0	1.0	1.0
140	AT4G14965	SE	1.0	1.0	1.0	1.0	1.0	1.0	0.921	1.0	1.0	1.0	1.0	1.0	1.0	1.0
141	AT4G14965	SE	1.0	1.0	1.0	1.0	1.0	1.0	0.892	1.0	1.0	1.0	1.0	1.0	1.0	1.0
142	AT4G14965	SE	1.0	1.0	1.0	1.0	1.0	1.0	0.952	1.0	1.0	1.0	1.0	1.0	1.0	1.0
143	AT4G14880	SE	1.0	1.0	0.995	1.0	1.0	1.0	0.997	1.0	1.0	1.0	1.0	1.0	1.0	1.0
144	AT4G14880	SE	1.0	1.0	0.992	1.0	1.0	1.0	0.996	1.0	1.0	1.0	1.0	1.0	1.0	1.0
145	AT4G14720	SE	1.0	0.958	1.0	1.0	1.0	1.0	1.0	1.0	1.0	1.0	1.0	1.0	1.0	1.0
147	AT4G14385	SE	0.714	1.0	1.0	1.0	1.0	1.0	1.0	1.0	1.0	1.0	1.0	1.0	1.0	1.0
148	AT4G14385	SE	0.875	1.0	1.0	1.0	1.0	1.0	1.0	1.0	1.0	1.0	1.0	1.0	1.0	1.0
149	AT4G14385	SE	0.929	1.0	1.0	1.0	1.0	1.0	1.0	1.0	1.0	1.0	1.0	1.0	1.0	1.0
150	AT4G14385	SE	0.939	1.0	1.0	1.0	1.0	1.0	1.0	1.0	1.0	1.0	1.0	1.0	1.0	1.0
151	AT4G14385	SE	1.0	1.0	0.802	1.0	1.0	0.939	1.0	0.887	1.0	0.95	1.0	0.957	0.982	1.0
152	AT4G14365	SE	1.0	1.0	1.0	1.0	1.0	1.0	1.0	1.0	1.0	1.0	0.939	1.0	1.0	1.0
153	AT4G13720	SE	0.861	1.0	1.0	1.0	1.0	1.0	1.0	1.0	1.0	0.888	0.779	1.0	1.0	1.0
154	AT4G13720	SE	0.519	1.0	1.0	1.0	1.0		1.0	1.0	1.0	1.0	1.0	0.791	1.0	1.0
155	AT4G13460	SE	0.524	0.442	0.5	0.843	0.6	0.625	0.538	0.667	0.704	0.75	0.709	0.697	0.673	0.538
157	AT4G12990	SE	0.667	0.833	0.778	0.818	0.714	1.0	0.846	0.333	0.6	0.667	0.76	0.867	0.806	1.0
158	AT4G12990	SE	0.714	0.867	0.833	0.882	0.75	1.0	0.867	0.59	0.333	0.778	0.806	0.889	0.846	1.0
160	AT4G12790	SE	1.0	1.0	1.0	1.0	1.0	1.0	1.0	1.0	1.0	1.0	1.0	1.0	0.983	1.0
161	AT4G12640	SE	1.0	1.0	1.0	1.0	1.0	1.0	1.0	0.926	1.0	1.0	1.0	0.944	1.0	1.0
162	AT4G34600	SE	1.0	0.971	1.0	1.0	1.0	1.0	1.0	1.0	1.0	1.0	1.0	1.0	0.981	1.0
163	AT4G11410	SE	1.0	1.0	1.0	1.0	1.0	1.0	1.0	1.0	1.0	0.846	0.956	1.0	0.75	1.0
164	AT4G11160	SE	1.0	1.0	1.0	1.0	1.0	1.0	1.0	1.0	1.0	1.0	1.0	0.644	1.0	1.0
166	AT4G10955	SE	1.0	1.0	1.0	1.0	1.0	1.0	1.0	1.0	1.0	1.0	1.0	1.0	0.833	1.0
167	AT4G10843	SE		1.0		0.714		1.0	0.333	1.0			0.5	1.0	1.0	
168	AT4G10843	SE		0.0		1.0			1.0				1.0		0.0	
169	AT4G10843	SE	0.0	1.0		0.636		1.0	0.667	0.333			0.333		1.0	
170	AT4G10430	SE		0.0	0.645	0.502			1.0	1.0		1.0	0.377	0.168	0.377	
171	AT4G10430	SE	1.0	0.887	0.951	0.912	1.0	1.0	1.0	1.0	1.0	1.0	0.958	0.843	0.882	1.0
173	AT4G10030	SE	1.0	1.0	1.0	0.986	1.0	1.0	1.0	1.0	1.0	1.0	1.0	1.0	1.0	1.0
175	AT4G09720	SE	1.0	1.0	1.0	0.97	1.0	1.0	1.0	1.0	1.0	1.0	1.0	1.0	1.0	1.0
176	AT4G09680	SE	1.0	1.0	0.909	1.0	1.0	1.0	1.0	1.0	1.0	1.0	1.0	1.0	1.0	1.0
177	AT4G26510	SE	0.386	0.215	0.729	0.456	0.567	0.144	0.446	0.638	0.468	0.456	0.588	0.602	0.59	0.716
178	AT4G09340	SE	1.0	1.0	1.0	1.0	0.862	1.0	1.0	0.954	1.0	1.0	1.0	1.0	1.0	1.0
180	AT4G08460	SE	0.385	0.714	0.4	1.0	0.778	1.0	0.867	0.846	0.636	0.429	0.727	0.833	0.652	1.0
181	AT4G08460	SE	0.7	0.636	0.355	0.333	0.75	0.333	0.488	0.511	0.407	0.429	0.667	0.351	0.532	0.714
182	AT4G08460	SE	0.6	0.6	0.459	0.333	0.7	0.333	0.371	0.476	0.333	0.448	0.588	0.273	0.389	0.6
183	AT4G08320	SE	1.0	1.0	1.0	1.0	1.0	0.846	1.0	1.0	1.0	1.0	1.0	1.0	1.0	1.0
184	AT4G08280	SE	1.0	1.0	1.0	1.0	1.0	1.0	1.0	0.974	1.0	1.0	1.0	1.0	1.0	1.0
187	AT4G07990	SE	0.391	0.278	0.074	0.204	0.391	0.176	0.077	0.147	0.562	0.286	0.034	0.114	0.031	0.243
188	AT4G06676	SE	1.0	1.0	1.0	1.0	0.882	1.0	1.0	1.0	1.0	1.0	1.0	1.0	1.0	1.0
189	AT4G05520	SE	1.0	1.0	1.0	1.0	1.0	1.0	1.0	1.0	1.0	1.0	0.909	1.0	1.0	1.0
190	AT4G05420	SE	1.0	1.0	1.0	1.0	1.0	1.0	1.0	1.0	1.0	1.0	0.961	1.0	0.977	1.0
191	AT4G05040	SE	1.0	1.0	0.714	0.826	0.5	0.5	0.714	0.857		1.0	0.625	0.5	0.455	0.714
193	AT4G04620	SE	1.0	1.0	1.0	1.0	1.0	1.0	1.0	0.98	1.0	1.0	0.99	1.0	1.0	1.0
194	AT4G04620	SE	1.0	1.0	1.0	1.0	1.0	1.0	1.0	0.975	1.0	1.0	0.987	1.0	1.0	1.0
195	AT4G21926	SE				0.0			1.0	0.375	1.0		1.0			0.0
196	AT4G04190	SE	1.0	1.0	1.0			1.0	1.0	1.0		1.0	0.6	1.0	1.0	1.0
198	AT4G04040	SE	1.0	1.0	1.0	1.0	1.0	1.0	1.0	1.0	1.0	1.0	1.0	0.964	1.0	1.0
199	AT4G03935	SE	1.0	1.0	1.0	1.0			1.0	0.8	1.0	1.0	1.0	1.0	1.0	1.0
202	AT4G03200	SE	1.0	1.0	1.0	1.0	1.0	1.0	0.933	1.0	1.0	1.0	1.0	1.0	1.0	1.0
205	AT4G02660	SE	0.0	1.0	1.0	1.0		1.0	1.0	1.0	1.0		1.0	1.0	1.0	1.0
206	AT4G21750	SE	0.043	0.0	0.039	0.022	0.045	0.0	0.031	0.017	0.0	0.0	0.024	0.014	0.01	0.053
207	AT4G02550	SE	0.112	0.0	0.0	0.0		0.0	0.0	0.0	0.0	0.0	0.0	0.0	0.0	0.0
208	AT4G02430	SE	1.0	1.0	1.0	1.0	1.0	1.0	1.0	0.938	1.0	1.0	1.0	1.0	1.0	1.0
209	AT4G02430	SE	1.0	1.0	1.0	1.0	1.0	1.0	1.0	0.935	1.0	1.0	1.0	1.0	1.0	1.0
211	AT4G02075	SE	1.0	0.886	1.0	1.0	1.0	1.0	1.0	1.0	1.0	1.0	1.0	1.0	1.0	1.0
214	AT4G01860	SE	1.0	1.0	1.0	1.0	1.0	1.0	1.0	1.0	1.0	1.0	1.0	1.0	1.0	0.75
215	AT4G01860	SE	1.0	0.833	1.0	1.0	0.429	1.0	1.0	1.0	1.0	1.0	1.0	1.0	1.0	1.0
216	AT4G01800	SE	1.0	1.0	1.0	1.0	1.0	1.0	0.973	1.0	1.0	1.0	1.0	1.0	1.0	1.0
218	AT4G01430	SE	1.0	1.0	1.0	1.0	1.0	1.0	1.0	1.0	1.0	1.0	0.938	1.0	1.0	1.0
219	AT4G01290	SE	1.0	1.0	1.0	1.0	1.0	1.0	1.0	1.0	1.0	1.0	1.0	0.967	1.0	1.0
220	AT4G00690	SE			1.0	0.202		1.0	1.0	1.0			1.0	1.0	1.0	
221	AT4G00630	SE	0.882	1.0	1.0	1.0	1.0	1.0	1.0	1.0	1.0	1.0	1.0	1.0	1.0	1.0
222	AT4G00560	SE	0.818	0.8	0.667	0.84	0.25	0.5	0.421	0.391	0.571	0.667	0.727	0.875	0.846	0.6
223	AT4G00520	SE	0.455	1.0	1.0	1.0	1.0	1.0	1.0	1.0	0.6	1.0	1.0	1.0	1.0	1.0
224	AT4G22300	SE	1.0	1.0	1.0	1.0	0.714	1.0	0.926	1.0	1.0	1.0	1.0	1.0	1.0	0.857
225	AT4G00030	SE	1.0	1.0	1.0	1.0	1.0	1.0	1.0	1.0	1.0	0.941	1.0	1.0	1.0	1.0
226	AT2G48160	SE	1.0	1.0	1.0	1.0	1.0	1.0	1.0	1.0	0.926	1.0	1.0	1.0	1.0	1.0
228	AT2G48100	SE	0.057	0.0	0.0	0.038	0.0	0.0	0.0	0.0	0.0	0.0	0.0	0.0	0.0	0.0
230	AT2G47160	SE	1.0	1.0	0.962	1.0	1.0	1.0	1.0	1.0	1.0	1.0	1.0	1.0	1.0	1.0
231	AT2G46915	SE	1.0	1.0	1.0	0.833	1.0	1.0	1.0	0.889	1.0	1.0	1.0	1.0	0.875	1.0
232	AT2G46800	SE	0.933	0.975	0.938	0.936	0.936	0.871	0.957	0.935	0.944	0.918	0.97	0.929	0.936	0.882
233	AT2G46700	SE	0.0	0.071	0.429	0.097	0.059	0.0	0.333	0.0	0.2	0.0	0.217	0.0	0.0	0.0
234	AT2G46640	SE			0.608	1.0			1.0	1.0	1.0		1.0	1.0	1.0	
235	AT2G46540	SE	1.0	1.0	1.0	1.0	1.0	1.0	1.0	1.0	1.0	1.0	1.0	1.0	1.0	0.959
237	AT2G46030	SE	1.0	1.0	1.0	1.0	1.0	1.0	1.0	0.99	1.0	1.0	1.0	1.0	1.0	1.0
238	AT2G45870	SE	1.0		1.0				1.0	1.0	0.0				1.0	
239	AT2G45830	SE	1.0	0.692	1.0	0.778	1.0	1.0	0.778	0.5	1.0	1.0	0.667	1.0	0.727	0.5
240	AT2G45740	SE	1.0	1.0	1.0	1.0	1.0	1.0	1.0	0.992	1.0	1.0	1.0	1.0	1.0	1.0
241	AT4G23100	SE	1.0	1.0	1.0	1.0	1.0	1.0	1.0	1.0	1.0	1.0	1.0	0.995	1.0	1.0
242	AT2G45380	SE	1.0	1.0	1.0	1.0	1.0	1.0	1.0	1.0	1.0	1.0	1.0	1.0	1.0	0.981
243	AT2G45380	SE	1.0	1.0	1.0	0.992	1.0	1.0	1.0	1.0	1.0	1.0	1.0	1.0	1.0	1.0
244	AT2G45380	SE	1.0	1.0	1.0	0.971	1.0	1.0	1.0	1.0	1.0	1.0	1.0	1.0	1.0	1.0
245	AT2G45380	SE	1.0	0.834	0.883	0.927	0.926	0.758	0.865	0.821	0.789	0.933	0.913	0.875	0.897	0.973
246	AT2G45140	SE	1.0	1.0	1.0	1.0	1.0	1.0	1.0	0.968	1.0	1.0	1.0	1.0	1.0	1.0
247	AT2G44920	SE	0.948	1.0	1.0	0.983	1.0	1.0	1.0	0.956	1.0	1.0	1.0	0.97	0.979	1.0
249	AT2G44650	SE	1.0	1.0	1.0	1.0	1.0	1.0	1.0	1.0	1.0	1.0	1.0	1.0	0.99	1.0
250	AT2G44420	SE	1.0	1.0	1.0	1.0	1.0	1.0	1.0	1.0	0.6	1.0	1.0	1.0	1.0	1.0
251	AT2G44180	SE	0.913	1.0	1.0	0.963	1.0	1.0	1.0	1.0	1.0	1.0	0.936	1.0	0.978	1.0
252	AT2G43970	SE	1.0	1.0	1.0	1.0	0.993	1.0	1.0	1.0	1.0	1.0	1.0	1.0	1.0	1.0
253	AT2G43930	SE	0.0	1.0					1.0	0.0	0.0	1.0	0.354	1.0	0.0	
254	AT2G43680	SE	0.116	0.092	0.036	0.062	0.055	0.108	0.048	0.073	0.055	0.076	0.086	0.065	0.056	0.08
255	AT2G43640	SE	1.0	1.0	1.0	0.964	0.962	1.0	1.0	0.957	1.0	1.0	1.0	1.0	1.0	1.0
256	AT2G43240	SE	1.0	1.0	1.0	1.0	1.0	1.0	1.0	1.0	1.0	1.0	1.0	1.0	1.0	0.833
258	AT2G42920	SE	0.333	1.0	1.0	1.0	0.6	1.0	0.875	0.714	0.0	1.0	1.0	1.0	0.778	1.0
259	AT2G42810	SE	0.083	0.045	0.054	0.079	0.054	0.069	0.062	0.047	0.042	0.015	0.1	0.049	0.101	0.08
260	AT2G42810	SE	0.083	0.045	0.054	0.061	0.045	0.053	0.067	0.039	0.042	0.015	0.1	0.043	0.067	0.071
261	AT2G42190	SE	1.0	1.0	1.0	0.957	1.0	1.0	0.909	0.818	1.0	1.0	1.0	0.949	1.0	1.0
262	AT2G41980	SE	1.0	1.0	0.714	1.0	1.0	1.0	1.0	1.0	1.0	1.0	1.0	1.0	1.0	1.0
263	AT2G41880	SE	0.776	0.591	0.698	1.0	1.0	1.0	1.0	0.831	1.0	1.0	0.89	1.0	1.0	1.0
264	AT2G41880	SE	0.391	0.391	0.391	1.0	1.0	1.0	1.0	0.692		1.0	0.562	1.0	1.0	
265	AT2G41880	SE	1.0	1.0	1.0	0.867	1.0	1.0	1.0	1.0	1.0	1.0	1.0	1.0	0.788	1.0
266	AT2G41630	SE	1.0	1.0	1.0	1.0	1.0	1.0	1.0	1.0	1.0	1.0	0.987	1.0	1.0	1.0
267	AT2G41560	SE	1.0	1.0	0.96	1.0	1.0	1.0	1.0	1.0	1.0	1.0	1.0	1.0	1.0	1.0
269	AT2G41190	SE	1.0	1.0	1.0	1.0	1.0	1.0	1.0	0.988	1.0	1.0	1.0	1.0	1.0	1.0
270	AT2G41100	SE	1.0	1.0	0.988	0.994	1.0	1.0	1.0	1.0	1.0	1.0	1.0	1.0	1.0	1.0
272	AT2G41060	SE	0.077	0.273	0.364	0.4	0.143	0.333	0.7	0.259	0.333	0.2	0.28	0.034	0.182	0.0
273	AT2G40830	SE	0.0	0.0	0.0	0.022	0.083	0.11	0.031	0.062	0.043	0.0	0.062	0.031	0.095	0.0
274	AT2G40770	SE	0.831	1.0	1.0	1.0	1.0	1.0	1.0	0.908	1.0	1.0	1.0	1.0	1.0	1.0
275	AT2G40730	SE	1.0	1.0	1.0	0.981	1.0	1.0	1.0	1.0	1.0	1.0	1.0	1.0	1.0	1.0
276	AT2G40110	SE	1.0	1.0	0.977	0.981	1.0	1.0	1.0	1.0	1.0	1.0	1.0	1.0	1.0	1.0
280	AT2G39930	SE	1.0	1.0	0.913	1.0	1.0	1.0	1.0	0.889	1.0	1.0	1.0	1.0	1.0	1.0
281	AT2G39800	SE	1.0	0.956	0.966	0.965	1.0	0.951	0.975	1.0	1.0	1.0	0.984	0.989	0.994	1.0
282	AT2G39780	SE	0.665	0.698	0.717	0.786	0.76	0.599	0.777	0.688	0.856	0.851	0.867	0.748	0.737	0.704
284	AT2G39760	SE	0.232	0.131	0.041	0.137	0.131	0.0	0.066	0.033	0.092	0.108	0.061	0.0	0.241	0.099
285	AT2G39435	SE	1.0	1.0	1.0	1.0	1.0		1.0	1.0	1.0	1.0	0.414	1.0	0.809	1.0
286	AT2G39435	SE	1.0	1.0	1.0	1.0	1.0	1.0	1.0	1.0	1.0	1.0	0.713	1.0	0.813	1.0
287	AT2G39090	SE	1.0	1.0	1.0	0.903	1.0	1.0	1.0	1.0	1.0	1.0	1.0	1.0	1.0	1.0
289	AT2G38025	SE	1.0	1.0	1.0	1.0	1.0	1.0	1.0	1.0	1.0	1.0	0.977	1.0	1.0	1.0
290	AT2G37690	SE	1.0	1.0	0.883	1.0	1.0	1.0	1.0	1.0	1.0	1.0	1.0	1.0	1.0	1.0
292	AT2G37150	SE		0.143	0.143	0.25	0.25	0.0	0.429	0.286	0.333	1.0	0.2	0.0	0.25	0.0
293	AT2G37150	SE		0.143	0.0	0.25	0.333	0.0	0.429	0.412	0.333	1.0	0.2	0.0	0.333	0.091
294	AT2G37150	SE	0.0	0.097	0.086	0.138	0.2	0.2	0.136	0.116	0.037	0.0	0.154	0.098	0.097	0.294
295	AT2G37080	SE	1.0	1.0	1.0	0.54	1.0	0.602	1.0	1.0	1.0	1.0	1.0	1.0	1.0	1.0
296	AT2G36580	SE	1.0	1.0	0.969	1.0	1.0	1.0	1.0	1.0	1.0	1.0	1.0	1.0	1.0	1.0
297	AT4G21980	SE	1.0	1.0	1.0	1.0	1.0	1.0	1.0	1.0	1.0	1.0	0.996	1.0	1.0	1.0
298	AT2G36250	SE	1.0	0.765	1.0	1.0	1.0	1.0	1.0	1.0	1.0	1.0	1.0	1.0	1.0	1.0
299	AT2G36250	SE	1.0	0.826	1.0	1.0	1.0	1.0	1.0	1.0	1.0	1.0	1.0	1.0	1.0	1.0
300	AT2G36080	SE	1.0	1.0	1.0	1.0	1.0	1.0	1.0	1.0	1.0	1.0	0.956	1.0	1.0	1.0
301	AT2G36060	SE	1.0	1.0	1.0	1.0	1.0	1.0	0.993	0.992	1.0	1.0	1.0	1.0	1.0	1.0
302	AT2G36060	SE	1.0	1.0	1.0	1.0	1.0	1.0	0.994	0.993	1.0	1.0	1.0	1.0	1.0	1.0
303	AT2G35900	SE	0.0	0.0	0.028	0.036	0.0	0.04	0.021	0.04	0.098	0.051	0.02	0.05	0.02	0.048
304	AT2G35780	SE	1.0	1.0	1.0	1.0	1.0	1.0	1.0	1.0	1.0	1.0	1.0	0.979	1.0	1.0
305	AT4G04223	SE	1.0	1.0	0.719	0.81	1.0	1.0	1.0	1.0	0.818	1.0	0.818	0.865	1.0	1.0
306	AT2G35630	SE	1.0	1.0	1.0	1.0	1.0	1.0	1.0	1.0	1.0	1.0	0.915	0.972	0.982	1.0
307	AT2G35510	SE	1.0	1.0	1.0	1.0	0.905	0.857	0.886	0.895	1.0	1.0	1.0	1.0	1.0	0.81
308	AT2G35360	SE	1.0	1.0	0.714	0.833	1.0	1.0	1.0	0.889	1.0	1.0	1.0	1.0	0.846	1.0
309	AT2G35140	SE			0.0	0.0			1.0	0.0					1.0	0.0
310	AT2G35110	SE	1.0	1.0	1.0	0.941	1.0	1.0	1.0	1.0	1.0	1.0	1.0	1.0	1.0	1.0
311	AT2G34780	SE	0.0	0.292	0.0	0.482	1.0	0.0	0.292	0.237		0.0	0.0	0.0	0.199	0.383
312	AT2G34770	SE	1.0	1.0	1.0	0.992	1.0	1.0	0.991	1.0	1.0	1.0	1.0	1.0	1.0	0.98
313	AT2G34750	SE	0.98	1.0	1.0	1.0	1.0	1.0	1.0	1.0	1.0	1.0	0.989	1.0	1.0	1.0
314	AT2G34750	SE	1.0	1.0	1.0	1.0	1.0	1.0	1.0	0.956	1.0	1.0	1.0	1.0	1.0	1.0
315	AT4G08170	SE	0.0	0.0	0.092	0.233	0.0		0.0	0.586	1.0	0.0	0.0	0.485	0.136	0.586
318	AT2G34050	SE	1.0	1.0	1.0	0.894	1.0	1.0	1.0	1.0	1.0	1.0	1.0	1.0	1.0	1.0
319	AT2G33680	SE	1.0		1.0	1.0	1.0	1.0	0.606	1.0			1.0	1.0	1.0	1.0
320	AT2G33680	SE	1.0		1.0	1.0	1.0	1.0	0.532	1.0				1.0	1.0	
322	AT2G33390	SE	0.0	0.091	0.0	0.0	0.0	0.0	0.0	0.0	0.0	0.0	0.017	0.0	0.069	0.027
323	AT4G34070	SE	1.0	1.0	1.0	1.0	1.0	1.0	1.0	0.977	1.0	1.0	1.0	1.0	1.0	1.0
324	AT2G32640	SE	1.0			1.0				0.116	1.0				1.0	
326	AT4G35335	SE	1.0	1.0	1.0	1.0	1.0	1.0	1.0	0.944	1.0	1.0	1.0	1.0	1.0	1.0
328	AT2G42247	SE	1.0		1.0	0.5				1.0	1.0		1.0	0.143		1.0
329	AT2G31960	SE	0.214	0.22	0.198	0.292	0.29	0.365	0.236	0.279	0.212	0.182	0.249	0.338	0.226	0.113
330	AT2G31960	SE	0.139	0.111	0.213	0.265	0.326	0.274	0.165	0.25	0.182	0.102	0.152	0.335	0.151	0.112
331	AT2G31570	SE	1.0	1.0	1.0	0.998	1.0	1.0	1.0	1.0	1.0	1.0	1.0	1.0	1.0	1.0
332	AT2G31350	SE	1.0	1.0	1.0	1.0	1.0	1.0	1.0	1.0	1.0	1.0	1.0	1.0	0.99	1.0
335	AT2G31010	SE	1.0	1.0	0.897	1.0	1.0	1.0	1.0	1.0	1.0	1.0	1.0	1.0	1.0	1.0
336	AT2G30980	SE	1.0	1.0	1.0	1.0	1.0	1.0	1.0	0.993	1.0	1.0	1.0	1.0	0.993	1.0
337	AT2G30945	SE	1.0	0.75	1.0	1.0	1.0	1.0	1.0	1.0		1.0	0.846	0.833	0.684	1.0
338	AT2G30740	SE	0.029	0.143	0.179	0.159	0.182	0.241	0.368	0.111	0.222	0.136	0.371	0.193	0.224	0.25
339	AT2G30740	SE	0.087	0.152	0.212	0.157	0.265	0.164	0.418	0.144	0.134	0.166	0.389	0.19	0.238	0.212
340	AT2G30740	SE	0.105	0.023	0.03	0.147	0.1	0.0	0.333	0.086	0.0	0.026	0.154	0.08	0.05	0.0
341	AT2G30740	SE	0.056	0.023	0.059	0.121	0.143	0.0	0.2	0.086	0.0	0.05	0.185	0.098	0.073	0.077
342	AT2G30740	SE	0.066	0.125	0.101	0.11	0.118	0.179	0.333	0.07	0.146	0.159	0.329	0.154	0.221	0.231
343	AT2G30700	SE	1.0	0.76	0.957	0.968	0.704	1.0	0.917	0.898	0.778	0.882	0.873	0.867	0.897	1.0
344	AT2G30500	SE	1.0	0.922	1.0	1.0	1.0	1.0	1.0	1.0	1.0	1.0	1.0	1.0	1.0	1.0
345	AT2G29980	SE	1.0	1.0	1.0	1.0	1.0	0.924	1.0	1.0	1.0	1.0	1.0	1.0	1.0	1.0
346	AT2G36720	SE	1.0	0.758	1.0	1.0	1.0	1.0	0.948	0.815	1.0	1.0	1.0	0.936	1.0	1.0
349	AT4G24190	SE	1.0	1.0	1.0	1.0	1.0	1.0	1.0	1.0	1.0	1.0	1.0	1.0	0.988	1.0
352	AT4G06701	SE	0.0	0.0	0.0	0.0		0.0	0.0	0.0	0.0	0.25	0.0	0.0	0.0	0.0
353	AT4G06701	SE	0.091	0.0	0.0	0.053	0.0	0.0	0.037	0.1	0.111	0.111	0.231	0.25	0.062	1.0
354	AT4G06701	SE	0.429	0.319	1.0	0.676	0.484	1.0	0.642	0.636	0.152	0.556	0.51	0.579	0.419	0.385
355	AT2G27980	SE	1.0	1.0	1.0	1.0	1.0	1.0	1.0	0.856	1.0	1.0	1.0	1.0	1.0	1.0
356	AT2G27980	SE	1.0	1.0	1.0	1.0	1.0	1.0	0.915	1.0	1.0	1.0	1.0	1.0	1.0	1.0
360	AT2G27350	SE	1.0	0.929	1.0	1.0	1.0	1.0	1.0	1.0	1.0	1.0	1.0	1.0	1.0	1.0
361	AT2G27350	SE	1.0	1.0	1.0	1.0	1.0	1.0	1.0	1.0	1.0	1.0	1.0	0.965	1.0	1.0
362	AT2G27350	SE	1.0	1.0	1.0	1.0	1.0	1.0	0.933	1.0	1.0	0.556	0.926	1.0	0.867	1.0
364	AT2G26780	SE	1.0	1.0	1.0	1.0	1.0	1.0	1.0	1.0	1.0	0.929	1.0	1.0	1.0	1.0
365	AT2G26770	SE	0.12	0.319	0.308	0.308	0.18	0.451	0.327	0.255	0.215	0.281	0.225	0.343	0.281	0.244
366	AT2G26770	SE	0.0	0.172	0.185	0.313	0.0	0.0	0.308	0.283	0.0	0.238	0.3	0.23	0.122	0.176
370	AT2G26300	SE	0.927	0.922	0.944	0.966	1.0	1.0	1.0	0.943	0.907	1.0	0.959	0.95	0.915	0.941
371	AT2G26260	SE	1.0	1.0	1.0	1.0	1.0		1.0	1.0	0.867	1.0	1.0	1.0	1.0	1.0
372	AT2G26150	SE			0.0			1.0		0.414				0.0	1.0	0.0
373	AT2G25840	SE	1.0	1.0	1.0	1.0	1.0	1.0	1.0	1.0	1.0	1.0	0.86	1.0	0.723	1.0
375	AT2G25350	SE	1.0	1.0	1.0	1.0	1.0	1.0	1.0	0.84	0.714	1.0	1.0	1.0	1.0	1.0
376	AT2G25170	SE		1.0	0.0	0.0			0.0	0.0	0.0					
377	AT2G25000	SE	0.845	1.0	1.0	1.0	1.0	1.0	1.0	0.947	1.0	1.0	1.0	1.0	1.0	1.0
379	AT2G24765	SE	1.0	1.0	1.0	0.994	0.983	1.0	1.0	0.99	1.0	1.0	1.0	1.0	1.0	1.0
380	AT2G24765	SE	1.0	1.0	1.0	1.0	1.0	1.0	1.0	1.0	1.0	1.0	1.0	1.0	1.0	0.979
381	AT2G24120	SE	1.0	1.0	1.0	1.0	1.0	1.0	1.0	1.0	1.0	1.0	1.0	0.543	1.0	1.0
382	AT2G24070	SE				1.0	1.0		1.0	1.0		1.0	0.0	1.0	1.0	
384	AT2G23985	SE	0.75	0.918	0.429	0.671	0.818	1.0	0.918	0.818	0.6	1.0	0.797	0.75	1.0	0.273
385	AT2G23985	SE	0.371	0.639	0.106	0.458	0.371	1.0	0.542	0.371	0.0		0.542	0.47	1.0	0.129
386	AT2G23985	SE	0.665	0.939	0.605	0.833	0.879	1.0	0.964	0.899	0.923	1.0	0.842	0.914	1.0	0.46
387	AT2G23985	SE	0.0	0.723	0.281	0.456	0.566	1.0	0.82	0.62	0.566	1.0	0.449	0.723	1.0	0.328
388	AT2G23610	SE	1.0	1.0	1.0	1.0	0.969	1.0	1.0	1.0	1.0	1.0	1.0	1.0	1.0	1.0
389	AT2G45540	SE	1.0	1.0	1.0	0.966	1.0	1.0	1.0	1.0	1.0	1.0	1.0	1.0	1.0	1.0
390	AT2G45540	SE	1.0	1.0	1.0	1.0	1.0	1.0	1.0	1.0	0.944	1.0	1.0	1.0	1.0	1.0
391	AT2G45540	SE	0.0	0.048	0.011	0.06	0.0	0.143	0.067	0.027	0.095	0.034	0.029	0.021	0.05	0.04
392	AT2G45540	SE	0.034	0.166	0.0	0.101	0.031	0.142	0.075	0.052	0.123	0.125	0.025	0.014	0.095	0.052
393	AT2G23380	SE	1.0	1.0	1.0	0.869	1.0	1.0	1.0	1.0	1.0	1.0	1.0	1.0	1.0	1.0
396	AT2G23030	SE	1.0	1.0	1.0	1.0	1.0	1.0	1.0	1.0	1.0	1.0	1.0	0.917	1.0	1.0
397	AT2G22990	SE	1.0	1.0	1.0	1.0	1.0	1.0	1.0	0.992	1.0	1.0	1.0	1.0	1.0	1.0
398	AT2G22990	SE	1.0	1.0	1.0	1.0	1.0	1.0	1.0	0.983	1.0	1.0	1.0	1.0	1.0	1.0
399	AT2G22990	SE	1.0	1.0	1.0	1.0	1.0	1.0	0.99	1.0	1.0	1.0	1.0	1.0	0.995	1.0
400	AT2G22990	SE	1.0	1.0	0.995	1.0	1.0	1.0	1.0	1.0	1.0	1.0	1.0	1.0	1.0	1.0
401	AT2G22980	SE	0.898	0.917	0.909	0.965	0.966	0.884	1.0	0.929	0.958	0.884	0.978	0.957	0.943	0.86
402	AT2G22980	SE	1.0	1.0	1.0	0.949	0.983	1.0	1.0	1.0	1.0	1.0	1.0	1.0	1.0	0.945
404	AT2G22630	SE		1.0		1.0	1.0		1.0	1.0	1.0	0.0	1.0	1.0	1.0	
405	AT2G22400	SE	1.0	1.0	1.0	1.0	1.0	1.0	1.0	1.0	1.0	0.894	1.0	1.0	1.0	1.0
407	AT2G21880	SE	1.0	1.0	1.0	1.0	1.0	1.0	0.959	1.0	1.0	1.0	1.0	1.0	1.0	1.0
408	AT2G21880	SE	1.0	1.0	1.0	1.0	1.0	1.0	0.976	1.0	1.0	1.0	1.0	1.0	1.0	1.0
409	AT2G21540	SE	0.906	0.854	0.967	0.94	0.988	0.963	0.949	0.897	0.944	0.933	0.945	0.847	0.921	0.958
410	AT2G43370	SE	1.0	0.875	1.0	0.947	1.0	0.692	1.0	1.0	1.0	1.0	1.0	0.882	1.0	0.818
411	AT2G21280	SE	1.0	1.0	1.0	1.0	1.0	1.0	1.0	1.0	1.0	1.0	1.0	1.0	0.913	1.0
412	AT2G21170	SE	1.0	1.0	0.993	1.0	1.0	1.0	0.995	1.0	1.0	1.0	1.0	0.994	1.0	1.0
413	AT2G20840	SE	0.091	0.027	0.0	0.0	0.091	0.0	0.0	0.053	0.0	0.0	0.04	0.026	0.0	0.0
415	AT2G20570	SE	1.0	1.0	1.0	1.0	1.0	1.0	1.0	0.982	1.0	1.0	1.0	1.0	1.0	1.0
417	AT2G20290	SE	0.238	0.61	1.0	1.0	0.385	1.0	0.758	0.385	1.0	1.0	0.385		0.652	0.238
418	AT2G20290	SE	1.0	1.0	1.0	0.714	1.0	0.0	1.0	1.0	1.0	0.6	1.0	1.0	1.0	1.0
419	AT2G20210	SE	1.0	1.0	1.0	1.0	1.0	0.2	1.0	1.0	1.0	1.0	1.0	1.0	1.0	1.0
420	AT2G20210	SE	1.0	1.0	1.0	1.0	1.0	0.2	1.0	1.0	1.0	1.0	1.0	1.0	1.0	1.0
423	AT2G19400	SE	1.0		0.429	1.0	0.333		1.0	1.0	1.0				1.0	
424	AT2G19390	SE	1.0	1.0	0.6	0.895	0.6	1.0	1.0	1.0	1.0	1.0	1.0	0.889	0.905	0.778
425	AT2G18960	SE	1.0	1.0	1.0	1.0	1.0	1.0	0.995	1.0	1.0	1.0	1.0	1.0	1.0	1.0
426	AT2G17780	SE	1.0			1.0			1.0	1.0		0.338	1.0	0.697	0.754	1.0
427	AT4G13550	SE	1.0	1.0	1.0	1.0	1.0	1.0	1.0	1.0	0.75	1.0	1.0	1.0	0.833	1.0
428	AT2G17620	SE	1.0	1.0	1.0		0.0			1.0				1.0	1.0	1.0
429	AT4G17000	SE	1.0		1.0	0.333			1.0	1.0			1.0	1.0	1.0	
430	AT2G17200	SE	1.0	1.0	1.0	1.0	1.0	1.0	0.991	1.0	1.0	1.0	1.0	1.0	1.0	1.0
431	AT2G16970	SE	1.0	1.0		1.0			1.0	0.673		1.0	1.0	1.0		
432	AT2G16940	SE	0.0	1.0	0.246	0.662	1.0	1.0	0.796	0.352	1.0	0.765	0.867	0.839	1.0	0.395
435	AT2G16750	SE	1.0	1.0	1.0	0.911	1.0	1.0	1.0	1.0	1.0	1.0	1.0	1.0	1.0	1.0
437	AT2G16090	SE	1.0	1.0	1.0	1.0	1.0	1.0	1.0	1.0	1.0	1.0	1.0	1.0	0.829	1.0
438	AT2G15900	SE	1.0	1.0	1.0	1.0	1.0	1.0	0.944	1.0	1.0	1.0	1.0	1.0	1.0	1.0
439	AT2G15730	SE	1.0	1.0	1.0	1.0	1.0	1.0	1.0	1.0	0.778	1.0	1.0	1.0	1.0	1.0
440	AT2G15695	SE	1.0	1.0	1.0	1.0	1.0	1.0	1.0	1.0	1.0	1.0	0.964	1.0	1.0	1.0
441	AT2G15530	SE	0.333	0.333	0.273	0.368	0.333	0.5	0.8	0.333	0.556	0.667	0.182	1.0	0.185	1.0
442	AT2G15000	SE	0.35	0.0		1.0	1.0			1.0		0.0		0.0	0.0	0.0
444	AT4G23205	SE				0.0		1.0	0.0				1.0		1.0	
445	AT2G14510	SE			0.754	1.0	1.0	1.0	1.0	1.0			1.0	1.0		
446	AT2G14285	SE	1.0	1.0	1.0	0.849	1.0	1.0	1.0	1.0	1.0	1.0	0.93	1.0	1.0	1.0
447	AT2G14285	SE	1.0	1.0	0.894	1.0	0.878	1.0	1.0	0.906	1.0	0.894	1.0	0.762	0.844	0.906
448	AT2G14170	SE	0.982	0.992	0.986	0.994	1.0	1.0	1.0	1.0	1.0	0.991	1.0	0.979	0.995	0.981
449	AT2G14170	SE	0.993	1.0	1.0	1.0	1.0	1.0	1.0	1.0	1.0	1.0	1.0	1.0	1.0	1.0
451	AT2G13540	SE	1.0	1.0	1.0	1.0	1.0	1.0	1.0	1.0	1.0	1.0	1.0	0.956	1.0	1.0
452	AT4G17310	SE		0.0	1.0		1.0		1.0	0.0	0.0	1.0	0.385	1.0	0.238	1.0
453	AT4G17310	SE	0.0		0.333	1.0			0.0	1.0	1.0	1.0	0.333	1.0	1.0	1.0
454	AT4G17310	SE	1.0	0.6	0.6	0.444	1.0		0.4	1.0		0.6	1.0	0.333	0.6	1.0
455	AT4G17310	SE	0.0	1.0	0.333	1.0			0.0	1.0	1.0	1.0	0.333	1.0	1.0	1.0
456	AT4G17310	SE	1.0	0.667	0.6	0.375	1.0		0.4	1.0	1.0	0.5	1.0	0.25	0.75	1.0
457	AT4G17310	SE	1.0	1.0	1.0	1.0	1.0		1.0			1.0	1.0	1.0	0.6	1.0
458	AT4G17310	SE	1.0	0.549	0.549	0.423	1.0		0.379			0.379	1.0	0.169	0.549	1.0
459	AT2G42500	SE	0.0	0.0	0.0	0.03	0.0	0.0	0.0	0.048	0.054	0.043	0.028	0.019	0.022	0.0
460	AT2G42500	SE	1.0	1.0	1.0	1.0	1.0	1.0	0.99	1.0	1.0	1.0	1.0	1.0	1.0	1.0
461	AT2G42500	SE	1.0	1.0	1.0	0.987	1.0	1.0	0.941	1.0	1.0	1.0	1.0	1.0	1.0	1.0
462	AT2G42500	SE	1.0	1.0	1.0	0.982	1.0	1.0	0.923	1.0	1.0	1.0	1.0	1.0	1.0	1.0
463	AT2G42500	SE	1.0	1.0	0.97	1.0	1.0	1.0	1.0	1.0	1.0	1.0	1.0	1.0	1.0	1.0
464	AT2G26350	SE	0.0	0.0	0.0	0.043	0.0	0.091	0.034	0.0	0.0	0.0	0.048	0.0	0.0	0.067
465	AT2G26350	SE	1.0	1.0	0.952	1.0	1.0	1.0	1.0	1.0	1.0	1.0	1.0	1.0	1.0	1.0
467	AT2G07680	SE	1.0	1.0	1.0	1.0		1.0	1.0	1.0	1.0	1.0	1.0	0.778	1.0	1.0
468	AT2G07680	SE	1.0	1.0	1.0	1.0	1.0	1.0	1.0	1.0	1.0	1.0	1.0	0.818	1.0	1.0
469	AT2G07680	SE	1.0	1.0	1.0	1.0		1.0		1.0		1.0	0.333	1.0		1.0
470	AT4G38600	SE	1.0	1.0	1.0	1.0	1.0	1.0	1.0	1.0	1.0	1.0	1.0	1.0	0.978	1.0
471	AT2G07360	SE	1.0	1.0	1.0	1.0	1.0	1.0	0.986	1.0	1.0	1.0	1.0	1.0	1.0	1.0
472	AT2G06925	SE	1.0	1.0	1.0	0.966	1.0	1.0	1.0	1.0	1.0	1.0	1.0	1.0	1.0	1.0
473	AT2G06925	SE	1.0	1.0	0.87	0.943	1.0	1.0	1.0	0.88	1.0	1.0	1.0	1.0	0.734	1.0
474	AT2G06850	SE	1.0	1.0	1.0	1.0	1.0	1.0	1.0	1.0	1.0	1.0	1.0	1.0	0.999	1.0
476	AT2G05840	SE	1.0	1.0	1.0	1.0	1.0	1.0	1.0	0.989	1.0	1.0	1.0	0.988	1.0	1.0
477	AT2G05840	SE	1.0	1.0	1.0	1.0	1.0	1.0	1.0	0.978	1.0	1.0	1.0	0.969	1.0	1.0
478	AT4G23710	SE	1.0	1.0	1.0	0.994	1.0	0.886	1.0	1.0	1.0	1.0	1.0	1.0	1.0	0.955
479	AT2G04940	SE	1.0	1.0	1.0	1.0	1.0	1.0	1.0	1.0	1.0	1.0	1.0	1.0	1.0	0.875
480	AT4G17330	SE	1.0	1.0	1.0	0.973	1.0	1.0	1.0	1.0	1.0	1.0	1.0	1.0	1.0	1.0
481	AT4G17330	SE	1.0	1.0	1.0	0.976	1.0	1.0	1.0	1.0	1.0	1.0	1.0	1.0	1.0	1.0
482	AT2G04400	SE	1.0	1.0	1.0	0.962	1.0	1.0	1.0	1.0	1.0	1.0	1.0	1.0	1.0	1.0
483	AT2G04235	SE	1.0		1.0	1.0	1.0	1.0	1.0	1.0	1.0	1.0	1.0	0.57	1.0	1.0
484	AT2G47940	SE	1.0	1.0	1.0	1.0	1.0	1.0	1.0	1.0	1.0	1.0	1.0	1.0	0.981	1.0
485	AT2G03810	SE		1.0	0.0	0.224	0.0	1.0	0.366	0.278	1.0	0.0	0.224	0.302	0.536	0.464
486	AT2G03810	SE		1.0	0.0	0.217	0.0		0.0	0.426		0.217	0.294	0.41	0.625	0.357
487	AT2G03720	SE			1.0	0.5				1.0			1.0	1.0		
488	AT2G03667	SE	1.0	1.0	1.0	1.0	1.0	0.667	1.0	1.0	1.0	1.0	1.0	1.0	1.0	1.0
489	AT2G02780	SE	1.0	1.0	1.0	1.0	1.0	1.0	1.0	1.0	1.0	1.0	1.0	0.863	1.0	1.0
490	AT2G02710	SE	1.0	1.0	1.0	1.0	1.0	1.0	1.0	1.0	0.987	1.0	1.0	1.0	1.0	1.0
491	AT2G02570	SE	1.0	1.0	1.0	0.993	1.0	1.0	1.0	1.0	1.0	1.0	1.0	1.0	1.0	1.0
492	AT2G02410	SE	1.0	1.0	1.0	1.0	1.0	1.0	1.0	1.0	1.0	1.0	1.0	1.0	1.0	0.851
493	AT2G35450	SE	1.0	1.0	1.0	1.0	1.0	1.0	0.97	1.0	1.0	1.0	1.0	1.0	1.0	1.0
494	AT2G01905	SE			0.5	1.0						1.0			1.0	
497	AT2G19800	SE	1.0	1.0	1.0	1.0	1.0	1.0	1.0	1.0	1.0	1.0	1.0	1.0	0.997	1.0
499	AT2G01220	SE	1.0	1.0	1.0	1.0	1.0	1.0	1.0	1.0	1.0	0.939	0.972	1.0	1.0	1.0
500	AT3G63510	SE		1.0	1.0	1.0	1.0	1.0	1.0	1.0	1.0	1.0	1.0	1.0	0.9	1.0
501	AT3G63460	SE	1.0	1.0	1.0	1.0	1.0	1.0	0.993	1.0	1.0	1.0	0.992	1.0	1.0	1.0
502	AT3G63445	SE	1.0	1.0	1.0	1.0	1.0		0.714	1.0	1.0	1.0	0.6	1.0	1.0	1.0
503	AT3G62750	SE	1.0	1.0	1.0	1.0	1.0	1.0	1.0	0.988	1.0	1.0	0.983	1.0	1.0	1.0
504	AT3G62700	SE	1.0	1.0	1.0	1.0	1.0	1.0	1.0	1.0	1.0	1.0	1.0	1.0	0.98	1.0
505	AT4G32551	SE	1.0	1.0	1.0	1.0	1.0	1.0	1.0	1.0	1.0	1.0	1.0	0.949	1.0	1.0
506	AT2G02910	SE	1.0	1.0	1.0	1.0	1.0	1.0	1.0	1.0	1.0	1.0	1.0	1.0	0.846	1.0
507	AT3G62090	SE	0.836	0.766	0.701	0.881	0.891	0.739	0.889	0.775	0.658	0.756	0.758	0.779	0.869	0.871
508	AT3G61990	SE	1.0	1.0	1.0	1.0	1.0	1.0	1.0	0.935	1.0	1.0	1.0	1.0	1.0	1.0
509	AT3G61700	SE	1.0	1.0	1.0	1.0	1.0	1.0	0.953	1.0	1.0	1.0	1.0	1.0	1.0	1.0
510	AT3G61700	SE	1.0	1.0	1.0	1.0	1.0	1.0	0.852	1.0	1.0	1.0	1.0	1.0	1.0	1.0
511	AT2G40410	SE	1.0	1.0	1.0	1.0	1.0	1.0	0.98	1.0	1.0	1.0	1.0	1.0	1.0	1.0
512	AT3G61440	SE	0.996	0.995	0.995	0.99	1.0	0.987	0.994	0.992	0.988	1.0	0.993	0.987	0.994	1.0
513	AT4G27800	SE	0.962	1.0	1.0	1.0	1.0	0.847	1.0	1.0	1.0	0.944	1.0	0.962	1.0	1.0
514	AT3G61420	SE	1.0	1.0	1.0	1.0	1.0	1.0	1.0	1.0	1.0	1.0	0.975	1.0	1.0	1.0
515	AT3G61420	SE	1.0	1.0	1.0	1.0	1.0	1.0	1.0	1.0	1.0	1.0	1.0	1.0	0.972	1.0
516	AT3G61420	SE	1.0	1.0	1.0	1.0	1.0	1.0	1.0	1.0	1.0	1.0	1.0	0.829	1.0	1.0
517	AT3G61370	SE	0.0	0.0	0.0	0.064	0.0	0.0	0.0	0.0	0.0		0.099	0.216	0.121	0.0
518	AT2G30470	SE	1.0	1.0	1.0	1.0	1.0	1.0	1.0	1.0	0.844	1.0	1.0	1.0	1.0	1.0
519	AT3G60960	SE		1.0		1.0			1.0			0.0	1.0		1.0	
520	AT3G60286	SE	1.0	1.0	1.0	0.6	1.0	0.667	1.0	1.0	1.0	1.0	1.0	1.0	1.0	1.0
523	AT3G60140	SE	1.0	1.0	1.0	1.0	1.0	1.0	1.0	1.0	0.997	1.0	1.0	1.0	1.0	1.0
524	AT2G44140	SE	1.0	1.0	1.0	1.0	1.0	1.0	1.0	0.946	1.0	1.0	1.0	1.0	1.0	1.0
525	AT3G60300	SE	1.0	0.993	1.0	0.997	1.0	1.0	1.0	1.0	1.0	1.0	1.0	1.0	1.0	1.0
526	AT3G59660	SE	1.0	1.0	1.0	0.97	1.0	1.0	1.0	1.0	1.0	1.0	1.0	1.0	1.0	1.0
527	AT3G59660	SE	1.0	1.0	0.926	0.893	1.0	1.0	1.0	1.0	0.846	1.0	1.0	1.0	1.0	1.0
528	AT3G59600	SE	1.0	1.0	1.0	1.0	1.0	1.0	1.0	0.986	1.0	1.0	1.0	1.0	1.0	1.0
529	AT3G59580	SE	1.0	0.0	0.0	0.036	0.0	0.562	0.0	0.0	0.243		0.243	0.0	0.0	1.0
531	AT3G59410	SE	1.0	1.0	1.0	1.0	1.0	1.0	1.0	1.0	1.0	1.0	1.0	1.0	0.917	1.0
532	AT3G59410	SE	0.75	1.0	1.0	1.0	1.0	1.0	1.0	1.0	1.0	1.0	1.0	1.0	0.889	1.0
533	AT3G58980	SE		1.0	0.6	0.2	1.0	1.0	1.0	0.556	1.0	1.0	0.75	1.0	0.818	1.0
535	AT3G58680	SE	1.0	1.0	1.0	1.0	1.0	1.0	1.0	0.995	1.0	1.0	1.0	1.0	1.0	1.0
536	AT3G58500	SE	1.0	1.0	1.0	0.998	1.0	1.0	1.0	1.0	1.0	1.0	1.0	1.0	1.0	1.0
537	AT2G18770	SE	1.0	1.0	1.0	1.0	1.0	1.0	1.0	1.0	1.0	1.0	0.968	1.0	1.0	1.0
538	AT3G58140	SE	1.0	1.0	1.0	1.0	1.0	1.0	1.0	1.0	1.0	1.0	1.0	1.0	1.0	0.941
539	AT3G57880	SE	1.0	0.956	0.957	0.972	0.901	0.811	0.926	0.965	1.0	1.0	1.0	0.938	0.924	1.0
541	AT3G57410	SE	1.0	0.955	0.937	1.0	1.0	1.0	1.0	0.974	1.0	1.0	1.0	1.0	1.0	1.0
542	AT3G57410	SE	1.0	0.994	0.988	1.0	1.0	1.0	1.0	0.996	1.0	1.0	1.0	1.0	1.0	1.0
543	AT3G57230	SE	1.0	1.0	1.0	1.0	0.868	1.0	1.0	1.0	1.0	1.0	0.959	1.0	1.0	1.0
545	AT3G56450	SE			0.5					1.0		1.0	1.0	1.0	1.0	1.0
546	AT3G56090	SE	1.0	1.0	0.875	1.0	1.0	1.0	1.0	1.0	1.0	1.0	1.0	1.0	1.0	1.0
547	AT3G55880	SE	1.0	0.714	1.0	1.0	1.0	1.0	1.0	1.0	1.0	1.0	1.0	1.0	1.0	1.0
548	AT3G55770	SE	1.0	1.0	1.0	1.0	1.0	1.0	1.0	1.0	0.996	1.0	1.0	1.0	1.0	1.0
550	AT4G33540	SE	0.902	0.959	0.857	0.932	0.943	1.0	0.964	0.891	1.0	1.0	0.884	0.93	0.94	0.647
551	AT4G00570	SE	1.0	1.0	1.0	1.0	1.0	1.0	0.981	1.0	1.0	1.0	1.0	1.0	0.964	1.0
553	AT3G55050	SE	1.0	1.0	1.0	1.0	1.0	1.0	1.0	1.0	1.0	1.0	1.0	1.0	0.833	1.0
554	AT2G22970	SE	1.0	1.0	1.0	1.0	1.0	1.0	0.968	1.0	1.0	1.0	1.0	1.0	1.0	1.0
555	AT2G22970	SE	1.0	1.0	1.0	1.0	1.0	1.0	1.0	0.989	1.0	1.0	1.0	1.0	1.0	1.0
557	AT3G54860	SE	1.0	0.971	0.953	1.0	1.0	1.0	1.0	1.0	1.0	1.0	1.0	1.0	1.0	1.0
558	AT3G54760	SE	1.0	1.0	1.0	1.0	1.0	0.556	1.0	1.0	1.0	1.0	1.0	1.0	1.0	1.0
559	AT2G27340	SE	1.0	0.875	0.765	0.862	1.0	1.0	1.0	0.889	0.6	1.0	0.913	1.0	1.0	1.0
562	AT3G54740	SE	0.231	1.0	1.0	1.0	1.0	1.0	1.0	0.375	1.0	1.0	1.0	1.0	0.836	1.0
563	AT3G54500	SE	0.971	1.0	1.0	1.0	1.0	1.0	1.0	1.0	1.0	1.0	1.0	1.0	1.0	1.0
564	AT3G54500	SE	1.0	1.0	1.0	1.0	1.0	1.0	1.0	1.0	1.0	1.0	1.0	1.0	0.99	1.0
565	AT3G54480	SE	0.7	0.692	0.88	0.759	0.947	0.765	0.775	0.811	0.933	0.833	0.906	0.851	0.969	0.818
566	AT3G54380	SE	1.0	1.0	1.0	1.0	1.0	1.0	1.0	1.0	1.0	1.0	1.0	1.0	1.0	0.941
567	AT3G54380	SE	1.0	1.0	1.0	1.0	1.0	1.0	1.0	1.0	1.0	1.0	1.0	1.0	1.0	0.889
568	AT3G54380	SE	0.0	0.0	0.027	0.043	0.065	0.065	0.0	0.0	0.0	0.0	0.0	0.046	0.016	0.0
569	AT3G54350	SE	1.0	1.0	1.0	1.0	1.0	1.0	1.0	1.0	1.0	1.0	1.0	1.0	0.953	1.0
570	AT3G54350	SE	1.0	1.0	1.0	1.0	1.0	1.0	1.0	1.0	1.0	1.0	1.0	1.0	0.967	1.0
571	AT3G54350	SE	1.0	1.0	1.0	1.0	1.0	1.0	1.0	1.0	1.0	1.0	0.932	1.0	1.0	1.0
573	AT4G33625	SE	0.947	0.9	0.874	0.975	0.935	0.778	1.0	0.924	0.824	1.0	0.909	0.758	0.88	0.956
574	AT4G33625	SE	1.0	1.0	1.0	0.993	1.0	1.0	1.0	1.0	1.0	1.0	1.0	1.0	1.0	1.0
575	AT3G54085	SE	0.0	0.0	0.0	0.02	0.0	0.0	0.0	0.0	0.0	0.0	0.0	0.0	0.0	0.0
576	AT3G53620	SE	0.956	0.959	0.977	0.969	1.0	1.0	0.985	1.0	1.0	1.0	0.98	0.954	1.0	1.0
577	AT4G18070	SE	0.127	0.203	0.136	0.32	0.0	0.0	0.068	0.136	0.145	0.0	0.035	0.0	0.13	0.338
578	AT3G53420	SE	1.0	1.0	1.0	1.0	1.0	1.0	1.0	1.0	1.0	1.0	1.0	1.0	1.0	1.0
579	AT2G47210	SE	1.0	1.0	1.0	1.0	1.0	1.0	0.853	1.0	1.0	1.0	1.0	1.0	1.0	1.0
582	AT3G52526	SE	1.0		1.0	0.6	1.0	0.636	1.0	1.0	1.0	1.0	1.0	0.714	1.0	0.5
583	AT3G52526	SE	0.25	0.143	0.111	0.214	0.143	0.5	0.25	0.191	0.226	0.556	0.282	0.2	0.175	0.286
584	AT3G52526	SE	0.0	0.121	0.049	0.053	0.064	0.271	0.0	0.0	0.0	0.0	0.0	0.189	0.067	0.11
585	AT3G52526	SE	0.134	0.292	0.65	0.064	1.0	0.171	0.0	0.383	0.0	0.554	0.237	0.713	0.482	0.0
586	AT4G33910	SE	1.0	1.0	1.0	1.0	1.0	1.0	1.0	1.0	1.0	0.938	1.0	1.0	1.0	1.0
587	AT3G52340	SE	0.176	0.192	0.234	0.205	0.363	0.341	0.267	0.159	0.389	0.293	0.253	0.229	0.222	0.267
588	AT3G52260	SE	1.0	1.0	1.0	1.0	1.0	1.0	1.0	1.0	1.0	1.0	1.0	1.0	0.904	1.0
589	AT3G52200	SE	1.0	1.0	1.0	1.0	1.0	1.0	1.0	1.0	1.0	0.958	1.0	1.0	1.0	1.0
590	AT3G52110	SE	1.0		1.0	1.0	1.0		1.0	1.0	1.0	1.0	1.0	1.0	0.889	1.0
592	AT3G52050	SE	1.0	1.0	1.0	1.0	1.0	1.0	1.0	0.756	1.0	1.0	0.891	1.0	0.878	0.865
593	AT3G52050	SE	1.0	1.0	1.0	1.0	1.0		1.0	0.212			0.617	1.0	0.446	0.446
594	AT2G44280	SE		1.0	1.0	0.778	1.0		1.0	1.0	1.0	1.0	1.0	1.0	1.0	1.0
595	AT3G51830	SE	1.0	1.0	1.0	1.0	1.0	1.0	1.0	0.979	1.0	1.0	0.98	1.0	1.0	1.0
596	AT3G51640	SE	1.0	1.0	1.0	1.0	1.0	1.0	1.0	1.0	1.0	1.0	0.724	0.778	1.0	1.0
597	AT3G51420	SE	1.0	1.0	1.0	1.0	1.0	1.0	1.0	1.0	1.0	1.0	1.0	1.0	0.961	1.0
598	AT3G51390	SE	1.0	1.0	1.0	1.0	1.0	1.0	0.829	1.0	1.0	1.0	1.0	1.0	1.0	1.0
599	AT3G51390	SE	1.0	1.0	1.0	1.0	1.0	1.0	0.8	1.0	1.0	1.0	1.0	1.0	1.0	1.0
600	AT3G51390	SE	1.0	0.857	1.0	1.0	1.0	1.0	1.0	1.0	1.0	1.0	1.0	1.0	1.0	1.0
601	AT3G51340	SE	0.333						1.0	1.0		1.0	1.0		1.0	
602	AT3G51075	SE		0.0	0.373	0.543			0.0	0.373	1.0		1.0	1.0	1.0	0.229
603	AT3G51040	SE	0.0	0.0	0.036	0.009	0.017	0.0	0.013	0.0	0.0	0.0	0.013	0.0	0.0	0.0
604	AT3G50830	SE	1.0	1.0	0.984	1.0	1.0	1.0	0.994	1.0	1.0	1.0	0.995	1.0	1.0	1.0
605	AT3G50430	SE	1.0	1.0	1.0	0.846	1.0	1.0	1.0	1.0	1.0	1.0	0.858	0.578	0.732	1.0
606	AT3G50430	SE	1.0	1.0	1.0	1.0	1.0	1.0	1.0	0.876	1.0	1.0	1.0	1.0	1.0	1.0
607	AT3G50240	SE	1.0	1.0	1.0	1.0	1.0	1.0	1.0	1.0	1.0	1.0	1.0	1.0	0.875	1.0
608	AT5G14740	SE	1.0	1.0	1.0	1.0	1.0	1.0	1.0	1.0	1.0	1.0	1.0	1.0	1.0	0.994
609	AT5G14740	SE					1.0		1.0	1.0				1.0	1.0	0.0
611	AT5G14740	SE							1.0					1.0		0.0
612	AT5G14740	SE	1.0											1.0		0.0
613	AT5G14740	SE	1.0	0.998	1.0	1.0	1.0	1.0	1.0	1.0	0.995	1.0	0.998	1.0	0.999	1.0
614	AT5G12240	SE	0.942	0.883	1.0	0.959	0.954	0.846	0.911	1.0	1.0	0.949	0.98	0.92	0.984	0.89
615	AT4G18990	SE		0.0					1.0				1.0			
616	AT4G30850	SE	1.0	1.0	1.0	0.974	1.0	1.0	0.933	1.0	1.0	1.0	1.0	1.0	1.0	1.0
619	AT5G13960	SE	1.0	1.0	1.0	1.0	1.0	1.0	1.0	1.0		1.0	1.0	0.882	1.0	1.0
622	AT1G07940	SE	0.009	0.002	0.012	0.009	0.005	0.014	0.009	0.006	0.006	0.018	0.007	0.013	0.006	0.017
623	AT5G58100	SE	1.0	1.0	1.0	1.0	1.0	1.0	0.961	1.0	1.0	1.0	1.0	1.0	1.0	1.0
624	AT5G21170	SE	0.018	0.042	0.004	0.013	0.007	0.055	0.025	0.013	0.023	0.033	0.033	0.02	0.017	0.031
625	AT1G09060	SE	1.0	1.0	0.924	1.0	1.0	1.0	1.0	1.0	1.0	1.0	1.0	1.0	1.0	1.0
626	AT2G02760	SE	0.0	0.002	0.0	0.0	0.0	0.0	0.002	0.0	0.0	0.0	0.0	0.0	0.0	0.0
627	AT3G63340	SE	1.0	1.0	1.0	0.966	1.0	1.0	1.0	1.0	1.0	1.0	1.0	1.0	1.0	1.0
628	AT5G11680	SE	1.0	1.0	1.0	1.0	1.0	1.0	1.0	1.0	1.0	1.0	0.987	1.0	1.0	1.0
629	AT5G63640	SE	1.0	1.0	1.0	0.963	1.0	1.0	1.0	1.0	1.0	1.0	1.0	1.0	1.0	1.0
630	AT5G11640	SE	1.0	1.0	1.0	1.0	1.0	1.0	1.0	1.0	1.0	1.0	1.0	0.909	1.0	1.0
631	AT5G11170	SE	1.0	1.0	1.0	1.0	1.0	1.0	0.985	1.0	1.0	1.0	1.0	1.0	1.0	1.0
632	AT1G61010	SE		0.328	0.809	0.579	0.566	0.328	0.26	0.777	0.566	0.662	0.603	0.723	0.765	0.395
633	AT5G10800	SE	0.0		0.0	0.0		0.0	0.0	0.0			0.0	0.171	0.0	
636	AT4G34570	SE		1.0	0.562	1.0	0.0		1.0				0.243		0.762	1.0
637	AT4G33700	SE	1.0	0.926	1.0	1.0	1.0	1.0	1.0	1.0	1.0	1.0	1.0	1.0	1.0	1.0
638	AT3G60910	SE	1.0	1.0	1.0	1.0	1.0	1.0	1.0	0.917	1.0	1.0	1.0	1.0	0.917	1.0
639	AT3G60910	SE			1.0	1.0	1.0	1.0	1.0	1.0	0.283	1.0	1.0	0.703	1.0	1.0
640	AT3G60910	SE	1.0	1.0	1.0	1.0	1.0	1.0	1.0	1.0	0.594	1.0	1.0	0.0	1.0	1.0
641	AT3G60910	SE	1.0	1.0	0.835	0.905	1.0	0.891	0.959	0.751	1.0	0.804	0.862	0.738	0.756	0.456
644	AT5G10290	SE	1.0	0.895	1.0	0.949	1.0	1.0	1.0	1.0	1.0	1.0	1.0	1.0	1.0	1.0
645	AT5G10290	SE	1.0	0.86	1.0	0.92	1.0	1.0	1.0	1.0	0.804	1.0	1.0	0.928	1.0	1.0
646	AT5G10278	SE			1.0	1.0			0.6	1.0				1.0	1.0	1.0
647	AT5G10080	SE	1.0	1.0	1.0	1.0	0.35	1.0	1.0	1.0	1.0	1.0	1.0	1.0	1.0	
648	AT5G10070	SE	0.911	1.0	1.0	1.0	1.0	1.0	1.0	1.0	1.0	1.0	1.0	1.0	1.0	1.0
649	AT2G38840	SE	1.0	0.733	1.0	1.0	1.0		1.0	1.0	1.0	1.0	1.0	1.0	1.0	0.0
651	AT2G45670	SE	1.0	1.0	1.0	1.0	1.0	1.0	0.995	1.0	1.0	1.0	1.0	1.0	1.0	1.0
652	AT1G53210	SE	1.0	1.0	1.0	1.0	1.0	1.0	0.996	1.0	1.0	1.0	1.0	1.0	1.0	1.0
653	AT5G08470	SE	1.0	1.0	1.0	1.0	1.0	1.0	1.0	1.0	1.0	0.913	1.0	1.0	1.0	1.0
655	AT5G14550	SE	1.0	1.0	1.0	1.0	1.0	1.0	0.941	1.0	1.0	1.0	1.0	1.0	1.0	1.0
656	AT5G03630	SE	1.0	1.0	1.0	1.0	1.0	1.0	1.0	1.0	1.0	1.0	1.0	0.982	1.0	1.0
657	AT5G07890	SE	0.5	0.0	0.0	0.0	0.0	0.0	0.111	0.0	0.0	0.333	0.059	0.0	0.0	0.0
658	AT5G07890	SE	0.333	0.0	0.0	0.077	0.0	0.0	0.2	0.0	0.0	0.333	0.059	0.0	0.0	0.0
660	AT4G01890	SE	0.0								1.0					
661	AT5G07370	SE	0.333	0.0	0.0	0.0	0.0	0.0	0.0	0.0	0.0	0.0	0.0		0.0	0.0
664	AT3G33530	SE	0.0	0.14	0.0	0.028	0.0	0.0	0.0	0.0	0.0	0.0	0.0	0.0	0.0	0.0
666	AT3G33530	SE	1.0	1.0	0.806	1.0	1.0	1.0	0.898	0.92	1.0	0.889	0.854	0.955	0.895	0.933
667	AT2G21385	SE	1.0	1.0	1.0	0.959	1.0	1.0	0.885	1.0	1.0	1.0	1.0	1.0	0.955	0.931
668	AT2G21385	SE	1.0	1.0	1.0	1.0	1.0	1.0	1.0	0.923	1.0	1.0	1.0	1.0	1.0	1.0
669	AT4G14710	SE	0.0	0.0	0.0	0.0	0.0	0.0	0.0	0.0	0.017	0.0	0.0	0.0	0.0	0.0
670	AT5G06220	SE	1.0	1.0	1.0	1.0	1.0	1.0	0.96	1.0	1.0	1.0	1.0	1.0	1.0	1.0
671	AT5G06220	SE	1.0	1.0	1.0	1.0	1.0	1.0	0.948	1.0	1.0	1.0	1.0	1.0	1.0	1.0
672	AT5G06220	SE	1.0	1.0	1.0	0.99	1.0	1.0	1.0	1.0	1.0	1.0	1.0	1.0	1.0	1.0
673	AT1G23080	SE	1.0	1.0	0.982	1.0	1.0	1.0	1.0	1.0	1.0	1.0	1.0	1.0	1.0	1.0
674	AT5G06120	SE	0.517	0.517	0.462	0.263	0.192	1.0	0.505	0.309	0.192	0.588	0.192	0.724	0.345	0.323
675	AT5G06120	SE	0.774	0.841	0.717	0.859	0.659	1.0	0.814	0.563	0.534	0.696	0.633	0.836	0.572	0.711
676	AT5G06120	SE	0.6	0.765	0.643	0.8	0.6	1.0	0.731	0.5	0.25	0.647	0.524	0.833	0.519	0.6
677	AT5G06100	SE	1.0	1.0	1.0	0.942	1.0	1.0	1.0	1.0	1.0	0.874	1.0	1.0	1.0	1.0
678	AT5G05550	SE	0.818	0.556	0.5	0.8	0.36	0.333	0.674	0.424	0.714	0.846	0.569	0.622	0.581	0.625
679	AT1G70620	SE	1.0	1.0	0.929	1.0	1.0	1.0	1.0	0.962	1.0	1.0	1.0	1.0	1.0	1.0
680	AT1G70620	SE	1.0	1.0	0.963	1.0	1.0	1.0	1.0	0.974	1.0	1.0	1.0	1.0	1.0	1.0
681	AT3G51150	SE	1.0	1.0	1.0	1.0	1.0		0.846	1.0	1.0	1.0	1.0	1.0	1.0	1.0
682	AT3G05210	SE	1.0	1.0	1.0	1.0	1.0	1.0	0.968	1.0	1.0	1.0	1.0	1.0	1.0	1.0
683	AT5G59770	SE	1.0	1.0	1.0	1.0	1.0	1.0	1.0	1.0	1.0	1.0	1.0	1.0	0.943	1.0
684	AT5G59770	SE	1.0	1.0	1.0	1.0	1.0	1.0	1.0	1.0	1.0	1.0	0.926	1.0	1.0	1.0
686	AT5G04620	SE	1.0	1.0	1.0	1.0	1.0	1.0	1.0	0.893	1.0	1.0	1.0	1.0	1.0	1.0
687	AT4G20400	SE	1.0	1.0	1.0	0.971	1.0	1.0	1.0	1.0	1.0	1.0	1.0	1.0	1.0	1.0
688	AT5G04260	SE	1.0	1.0	1.0	1.0	1.0	1.0	1.0	1.0	1.0	1.0	1.0	1.0	0.944	1.0
689	AT5G60990	SE	1.0	1.0	0.895	1.0	1.0	1.0	1.0	1.0	1.0	1.0	1.0	1.0	1.0	1.0
690	AT1G78970	SE	0.941	1.0	1.0	1.0	1.0	1.0	1.0	1.0	1.0	1.0	1.0	1.0	1.0	1.0
691	AT3G28430	SE	1.0	1.0	1.0	1.0	1.0	1.0	1.0	1.0	1.0	1.0	1.0	0.922	1.0	1.0
693	AT4G15610	SE	0.994	1.0	1.0	1.0	1.0	1.0	1.0	1.0	1.0	1.0	1.0	0.995	1.0	1.0
695	AT5G02810	SE	1.0	1.0	1.0	1.0	1.0	1.0	1.0	1.0	1.0	1.0	1.0	0.964	1.0	1.0
696	AT5G02810	SE	0.909	1.0	0.922	0.95	1.0	1.0	0.982	0.963	1.0	1.0	0.964	1.0	1.0	0.92
698	AT1G68310	SE	1.0	0.967	0.967	1.0	1.0	1.0	1.0	1.0	0.942	1.0	1.0	1.0	0.94	1.0
700	AT5G02080	SE			1.0				0.0		1.0	1.0	0.0			
701	AT5G02080	SE		1.0					1.0	0.0	1.0	0.0	1.0	0.542	0.542	1.0
702	AT4G37110	SE	1.0	1.0	0.902	1.0	1.0	1.0	0.778	0.895	1.0	1.0	0.664	1.0	0.933	1.0
703	AT1G30825	SE	1.0	1.0	0.744	1.0	1.0	1.0	1.0	0.659	1.0	1.0	1.0	1.0	1.0	1.0
704	AT1G08520	SE	1.0	1.0	1.0	1.0	1.0	1.0	1.0	1.0	1.0	1.0	0.972	1.0	1.0	1.0
706	AT5G51290	SE	1.0	1.0	1.0	1.0	1.0	1.0	0.92	1.0	1.0	1.0	1.0	1.0	1.0	0.879
707	AT5G38290	SE	1.0	1.0	1.0	0.8	1.0	0.778	1.0	1.0	1.0	1.0	0.889	1.0	0.931	1.0
708	AT3G26070	SE	1.0	1.0	1.0	0.991	1.0	1.0	1.0	1.0	1.0	1.0	1.0	1.0	1.0	1.0
710	AT4G27020	SE	1.0	1.0	1.0	1.0	1.0	1.0	1.0	1.0	1.0	1.0	1.0	1.0	1.0	0.909
711	AT1G80670	SE	1.0	1.0	1.0	1.0	1.0	1.0	1.0	1.0	1.0	1.0	1.0	1.0	0.974	1.0
712	AT4G25230	SE	1.0	1.0	1.0	1.0	1.0	1.0	1.0	1.0	1.0	1.0	1.0	1.0	0.966	1.0
713	AT5G27410	SE	1.0	1.0	1.0	1.0	0.844	1.0	0.931	1.0	0.856	1.0	1.0	1.0	1.0	1.0
714	AT1G80040	SE	0.0	0.0	0.0	0.023	0.0	0.0	0.015	0.0	0.0	0.081	0.041	0.009	0.0	0.026
715	AT1G75730	SE	1.0	1.0	1.0	1.0	1.0	1.0	1.0	1.0	1.0	1.0	1.0	0.846	1.0	1.0
716	AT3G12200	SE	1.0	1.0	1.0	1.0	1.0	1.0	1.0	1.0	1.0	1.0	1.0	0.938	1.0	1.0
718	AT4G32010	SE	1.0	1.0	1.0	1.0	1.0	1.0	1.0	1.0	1.0	1.0	1.0	0.636	1.0	1.0
719	AT1G79700	SE	0.985	1.0	0.967	0.985	0.986	0.978	1.0	0.99	1.0	1.0	0.973	1.0	0.95	1.0
720	AT1G79700	SE	1.0	0.966	0.909	0.962	0.944	0.963	0.988	0.993	0.92	0.968	1.0	1.0	0.969	0.853
721	AT3G28956	SE	1.0	0.714	1.0	0.867	1.0	1.0	1.0	1.0	1.0	1.0	0.882	1.0	1.0	1.0
722	AT3G28956	SE		0.0	1.0	0.667	1.0	1.0	1.0	1.0	1.0	1.0	0.75	1.0	1.0	
723	AT1G69700	SE	1.0	1.0	1.0	1.0	1.0	1.0	0.955	1.0	1.0	1.0	1.0	1.0	1.0	1.0
724	AT1G79380	SE	1.0	1.0	1.0	1.0	1.0	1.0	0.977	1.0	1.0	1.0	1.0	1.0	1.0	1.0
726	AT5G17020	SE	1.0	1.0	1.0	1.0	1.0	0.95	1.0	1.0	1.0	1.0	1.0	1.0	1.0	1.0
727	AT5G17020	SE	1.0	1.0	0.978	1.0	1.0	1.0	1.0	1.0	1.0	1.0	1.0	1.0	1.0	1.0
729	AT1G08060	SE	1.0	1.0	1.0	1.0	0.846	1.0	1.0	1.0	1.0	1.0	1.0	1.0	1.0	1.0
730	AT2G31450	SE	1.0	1.0	1.0	1.0	1.0	1.0	1.0	1.0	1.0	1.0	1.0	1.0	0.875	1.0
731	AT4G24740	SE	0.83	0.778	0.825	0.867	1.0	0.622	0.616	0.585	0.931	0.517	0.588	0.621	0.746	0.697
732	AT2G07042	SE		0.2	0.0	0.231	0.0	0.0	0.0	0.111	1.0	0.5	0.333	1.0	0.333	0.333
733	AT1G78600	SE	0.0	0.0	0.0	0.03	0.0	0.0	0.0	0.027	0.0	0.0	0.044	0.0	0.041	0.0
734	AT1G78580	SE		1.0	1.0		1.0		0.0			1.0	1.0	0.564		1.0
735	AT1G78580	SE			0.393	0.0	0.564		0.0	0.115		0.393	0.0	1.0	0.0	0.393
737	AT1G78240	SE	1.0	1.0	1.0	1.0	1.0	0.951	1.0	1.0	1.0	1.0	1.0	1.0	1.0	1.0
739	AT5G65060	SE	0.4	0.453	0.513	0.361	0.585	1.0	0.482	0.521	0.554	0.585	0.507	0.303	0.339	0.311
740	AT3G16630	SE	1.0	1.0	1.0	0.986	1.0	1.0	1.0	1.0	1.0	1.0	1.0	1.0	1.0	1.0
741	AT5G35980	SE	1.0	1.0	1.0	1.0	1.0	1.0	0.925	1.0	1.0	1.0	1.0	1.0	1.0	1.0
742	AT1G77080	SE	1.0	1.0	0.974	1.0	0.928	1.0	1.0	1.0	1.0	1.0	1.0	1.0	1.0	1.0
743	AT1G77080	SE	1.0	1.0	0.897	1.0	0.881	1.0	1.0	1.0	1.0	1.0	1.0	1.0	1.0	1.0
745	AT4G30996	SE	1.0	0.883	1.0	1.0	1.0	1.0	1.0	1.0	1.0	1.0	1.0	1.0	1.0	1.0
746	AT3G16220	SE	1.0	1.0	1.0	1.0	1.0	1.0	1.0	1.0	0.778	1.0	1.0	1.0	1.0	1.0
747	AT3G16220	SE	1.0	0.827	1.0	1.0	1.0	1.0	1.0	1.0	1.0	1.0	1.0	1.0	1.0	1.0
748	AT1G76760	SE	1.0	1.0	1.0	1.0	1.0	1.0	1.0	1.0	1.0	1.0	1.0	0.833	1.0	1.0
749	AT1G24764	SE	1.0	1.0	1.0	1.0	1.0	1.0	1.0	1.0	1.0	0.947	1.0	1.0	1.0	1.0
750	AT2G44100	SE	1.0	1.0	1.0	1.0	1.0	1.0	1.0	1.0	1.0	1.0	0.995	1.0	1.0	1.0
751	AT1G76405	SE	1.0	1.0	1.0	0.935	1.0	1.0	1.0	1.0	1.0	1.0	1.0	1.0	1.0	1.0
752	AT1G76280	SE	1.0	1.0	1.0	1.0		1.0	1.0		1.0		0.818	1.0	1.0	1.0
753	AT2G45440	SE	1.0	1.0	1.0	1.0	1.0	1.0	1.0	0.952	1.0	1.0	1.0	1.0	1.0	1.0
754	AT3G10220	SE	1.0	1.0	1.0	1.0	1.0	1.0	1.0	1.0	1.0	0.961	1.0	1.0	1.0	1.0
756	AT4G37870	SE	1.0	1.0	1.0	1.0	1.0	1.0	1.0	1.0	1.0	1.0	0.998	1.0	1.0	1.0
757	AT1G75180	SE	0.036	0.016	0.01	0.005	0.0	0.025	0.007	0.0	0.0	0.0	0.0	0.0	0.0	0.0
758	AT5G12230	SE	1.0	1.0	1.0	1.0	1.0	1.0	0.976	1.0	1.0	1.0	1.0	1.0	1.0	1.0
761	AT5G06350	SE	1.0	1.0	0.648	1.0	1.0	0.688	1.0	1.0	1.0	1.0	0.58	1.0	1.0	0.424
762	AT4G38330	SE	0.333	1.0	1.0	1.0	0.0		1.0	1.0			0.455	0.273	0.6	1.0
763	AT4G38330	SE	0.346	1.0	1.0	1.0	0.0		1.0	1.0	1.0		0.468	0.284	0.725	1.0
765	AT5G27970	SE	1.0	1.0	1.0	1.0	1.0	1.0	0.955	1.0	1.0	1.0	1.0	1.0	1.0	1.0
766	AT5G27970	SE	1.0	1.0	1.0	0.916	1.0	1.0	1.0	1.0	1.0	1.0	1.0	1.0	1.0	1.0
768	AT2G47710	SE	1.0	1.0	1.0	1.0	1.0	1.0	0.983	1.0	1.0	1.0	1.0	1.0	1.0	1.0
769	AT4G31000	SE	0.886	1.0	1.0	0.966	1.0	1.0	1.0	0.94	1.0	1.0	0.976	0.971	1.0	1.0
770	AT1G12840	SE	1.0	1.0	1.0	1.0	1.0	0.966	1.0	1.0	1.0	1.0	1.0	1.0	1.0	1.0
771	AT2G31600	SE	0.0	0.0	0.087	0.103	0.0	0.223	0.0	0.0	0.0	0.0	0.067	0.0	0.141	0.0
772	AT1G73270	SE	1.0	0.676	1.0	1.0		1.0	1.0	1.0	1.0	1.0	1.0	1.0	1.0	1.0
774	AT1G73090	SE	0.823	1.0	0.93	1.0	1.0	1.0	0.869	1.0	1.0	1.0	1.0	1.0	1.0	1.0
777	AT1G03687	SE	1.0	1.0	1.0	1.0	1.0	1.0	1.0	1.0	1.0	1.0	0.857	1.0	1.0	1.0
778	AT1G72710	SE	1.0	1.0	1.0	1.0	1.0	1.0	1.0	1.0	1.0	1.0	1.0	1.0	0.994	1.0
780	AT5G24740	SE	0.714	1.0	0.895	0.933	0.8	1.0	0.875	0.9	0.6	1.0	0.857	0.846	1.0	0.875
781	AT1G73650	SE	1.0	1.0	1.0	1.0	1.0	1.0	1.0	0.943	1.0	1.0	1.0	1.0	1.0	1.0
782	AT5G63890	SE	1.0	1.0	1.0	1.0	1.0	1.0	1.0	1.0	0.895	1.0	1.0	1.0	1.0	1.0
783	AT1G72050	SE	1.0	0.667	0.5	0.818		0.333	1.0	0.778		1.0	0.667	0.667	1.0	1.0
784	AT2G25880	SE	1.0	1.0	1.0	1.0	1.0	1.0	1.0	1.0	1.0	1.0	0.857	1.0	1.0	0.2
785	AT1G80260	SE	1.0	1.0	1.0	0.934	0.905	1.0	1.0	0.92	1.0	1.0	1.0	1.0	1.0	1.0
786	AT4G05400	SE	0.0	0.204	0.0	0.074	0.0	0.0	0.286	0.097	0.0	0.0	0.074	0.074	0.391	0.176
787	AT4G08500	SE	1.0	0.921	1.0	1.0	1.0	1.0	1.0	1.0	1.0	1.0	1.0	0.949	0.961	1.0
788	AT4G08500	SE	1.0	1.0	0.92	1.0	1.0	1.0	1.0	1.0	1.0	1.0	1.0	0.941	1.0	1.0
789	AT1G45015	SE	1.0	1.0	1.0	1.0	1.0	1.0	1.0	1.0	1.0	1.0	1.0	0.958	1.0	1.0
790	AT1G71270	SE	1.0	1.0	1.0	1.0	1.0	1.0	1.0	0.909	1.0	1.0	1.0	1.0	1.0	1.0
791	AT3G55610	SE	1.0	1.0	1.0	1.0	1.0	1.0	0.989	1.0	1.0	1.0	1.0	1.0	0.99	1.0
792	AT5G06265	SE		0.333	1.0	0.6	0.4	1.0	1.0	0.474	1.0	0.5	0.8	1.0	0.273	
793	AT5G06265	SE	0.0	1.0	0.6	0.333	0.4	0.25	0.579	0.692	0.667	1.0	0.444	0.529	0.231	0.0
794	AT5G06265	SE		0.333	1.0	0.6	0.333	1.0	1.0	0.474	1.0	0.5	0.8	1.0	0.273	
795	AT5G06265	SE		0.6	1.0	0.6	0.333	1.0	1.0	0.474	1.0	0.5	0.8	1.0	0.333	
796	AT5G06265	SE	0.0	1.0	0.625	0.368	0.4	0.25	0.6	0.692	0.667	1.0	0.474	0.579	0.375	0.0
797	AT1G70490	SE	0.0	0.0	0.018	0.011	0.01	0.0	0.01	0.013	0.012	0.03	0.007	0.004	0.003	0.028
798	AT3G26760	SE	1.0	1.0	1.0	0.826	1.0	1.0	1.0	1.0	1.0	1.0	1.0	1.0	1.0	1.0
799	AT1G70410	SE	1.0	1.0	1.0	1.0	1.0	1.0	1.0	1.0	0.978	1.0	1.0	1.0	1.0	1.0
800	AT3G57550	SE	1.0	1.0	0.919	1.0	1.0	1.0	1.0	1.0	1.0	0.695	0.956	0.939	1.0	1.0
801	AT3G46870	SE	0.575	0.0	0.0	0.0		0.0	0.0	0.0	0.0	0.0	0.0	0.0	0.0	
802	AT4G36920	SE	1.0	1.0	1.0	1.0	1.0	1.0	0.923	1.0	1.0	1.0	1.0	1.0	1.0	1.0
803	AT1G75210	SE	0.0	0.0	0.217	0.22	0.0		0.238	0.176	1.0	1.0	0.111	0.385	0.4	0.0
804	AT5G49810	SE	1.0	1.0	1.0	1.0	1.0	1.0	1.0	0.973	1.0	1.0	1.0	1.0	1.0	1.0
805	AT5G10350	SE	0.13	0.03	0.108	0.172	0.033	0.217	0.148	0.109	0.086	0.125	0.173	0.224	0.08	0.091
806	AT1G69740	SE	0.082	0.084	0.109	0.04	0.213	0.0	0.1	0.094	0.179	0.0	0.08	0.049	0.063	0.036
807	AT1G50360	SE	1.0	1.0	1.0	0.923	1.0	1.0	1.0	1.0	1.0	1.0	1.0	1.0	1.0	1.0
808	AT1G69460	SE	1.0	1.0	1.0	1.0	1.0	1.0	0.99	1.0	1.0	1.0	1.0	1.0	1.0	1.0
809	AT3G59100	SE	1.0	1.0	1.0	0.692	1.0	1.0	1.0	1.0	1.0	1.0	1.0	1.0	1.0	1.0
810	AT5G37850	SE	1.0	1.0	1.0	0.975	1.0	1.0	1.0	1.0	1.0	1.0	1.0	1.0	0.96	1.0
812	AT1G68890	SE	0.51	1.0	1.0	1.0	1.0	1.0	1.0	1.0		1.0	1.0	1.0	1.0	1.0
813	AT1G68872	SE	0.532	0.221	0.124	0.328	1.0	0.159	0.443	0.486	1.0	0.694	0.0	0.299	0.773	
814	AT1G68872	SE	0.333	0.385	0.333	0.391	1.0	1.0	0.778	0.429	0.0	1.0	0.333	0.333	0.143	0.2
817	AT1G70850	SE	1.0	1.0	1.0	1.0	1.0	1.0	1.0	0.977	1.0	0.979	0.984	1.0	1.0	0.982
818	AT1G70850	SE	1.0	1.0	1.0	1.0	1.0	1.0	1.0	0.99	1.0	0.989	0.994	1.0	1.0	0.992
819	AT1G02680	SE	1.0	1.0	1.0	1.0	1.0	0.87	0.857	1.0	1.0	1.0	1.0	1.0	1.0	0.899
820	AT1G30450	SE	1.0	1.0	1.0	1.0	1.0	1.0	1.0	1.0	1.0	1.0	1.0	1.0	0.964	1.0
821	AT1G68000	SE	1.0	1.0	1.0	1.0	1.0	1.0	1.0	1.0	1.0	1.0	0.984	1.0	1.0	1.0
825	AT1G25220	SE	1.0	1.0	1.0	1.0	1.0	1.0	1.0	1.0	1.0	0.822	1.0	1.0	1.0	1.0
826	AT1G25220	SE	1.0	1.0	1.0	1.0	1.0	1.0	1.0	1.0	1.0	0.6	1.0	1.0	1.0	1.0
827	AT1G64480	SE		1.0	1.0		0.0		1.0				1.0	0.369		1.0
828	AT1G64480	SE		1.0		1.0				0.0			1.0			1.0
829	AT1G64480	SE		1.0		1.0	1.0			0.0			1.0			1.0
830	AT1G66680	SE	1.0	1.0	0.974	0.985	1.0	1.0	1.0	1.0	1.0	1.0	1.0	1.0	1.0	1.0
831	AT1G66510	SE	1.0	1.0	1.0	1.0	0.556	1.0	1.0	1.0	1.0	1.0	1.0	1.0	1.0	1.0
832	AT3G02500	SE		1.0	1.0	0.556	1.0		0.652	1.0		1.0	0.758		1.0	1.0
834	AT4G23020	SE		1.0	1.0	1.0			0.0	1.0			1.0	1.0	1.0	1.0
836	AT1G67500	SE	0.667	1.0	1.0	1.0	1.0	0.333	0.8	0.111	0.333	1.0	0.571	1.0	0.556	1.0
837	AT1G65540	SE	1.0	1.0	1.0	0.972	1.0	1.0	0.966	0.917	1.0	1.0	1.0	1.0	1.0	1.0
839	AT4G12720	SE	1.0	1.0	0.875	1.0	1.0	1.0	1.0	1.0	1.0	1.0	1.0	1.0	1.0	1.0
843	AT1G52220	SE	0.914	0.97	0.981	0.969	0.909	1.0	0.97	0.957	1.0	0.974	0.988	0.953	0.971	1.0
845	AT2G36370	SE	1.0	1.0	1.0	1.0	1.0	1.0	0.833	1.0	1.0	1.0	1.0	1.0	1.0	1.0
846	AT2G36370	SE			0.0	0.251			0.401	0.626		1.0	0.401		0.77	
847	AT5G45130	SE	1.0	1.0	1.0	1.0	1.0	0.963	1.0	1.0	1.0	1.0	1.0	1.0	1.0	1.0
848	AT1G53710	SE	1.0	1.0	1.0	1.0	1.0	1.0	1.0	0.941	1.0	1.0	1.0	1.0	1.0	1.0
849	AT3G17590	SE	0.91	1.0	0.941	1.0	0.961	0.827	0.904	0.931	0.966	0.977	0.968	0.958	0.945	0.959
850	AT1G11475	SE	1.0	1.0	0.979	1.0	1.0	1.0	1.0	1.0	1.0	1.0	1.0	1.0	1.0	1.0
851	AT3G18270	SE	1.0	1.0	1.0	1.0	1.0	1.0	0.957	1.0	1.0	1.0	1.0	1.0	1.0	1.0
852	AT5G02040	SE	1.0	1.0	1.0	1.0	1.0	1.0	1.0	0.974	1.0	1.0	1.0	1.0	1.0	1.0
854	AT5G12130	SE	1.0	1.0	1.0	0.961	1.0	1.0	1.0	1.0	1.0	1.0	1.0	1.0	1.0	1.0
855	AT3G26890	SE	0.605	0.234	0.0	0.561		0.0	0.145	0.505	0.338		0.671	1.0	0.277	0.605
856	AT3G26890	SE	0.113	0.216	0.033	0.174	0.0	0.0	0.153	0.054	0.054	0.113	0.175	0.254	0.117	0.102
857	AT3G26890	SE	0.718	0.234	0.0	0.63	0.0		0.338	0.169	0.145	0.0	0.405	0.505	0.38	0.338
858	AT1G63855	SE	1.0	1.0	1.0	1.0	1.0	1.0	1.0	1.0	1.0	1.0	1.0	1.0	0.889	1.0
859	AT4G16190	SE	1.0	1.0	1.0	1.0	1.0	1.0	1.0	0.998	1.0	1.0	0.999	0.997	1.0	1.0
860	AT1G63830	SE	0.91	1.0	1.0	0.953	1.0	0.823	0.91	1.0	1.0	1.0	0.961	1.0	1.0	1.0
861	AT1G60440	SE	1.0	1.0	0.917	1.0	1.0	1.0	0.826	1.0	0.889	1.0	1.0	1.0	0.857	0.9
862	AT1G65270	SE	1.0	1.0	1.0	1.0	1.0	1.0	1.0	0.975	1.0	1.0	1.0	1.0	1.0	1.0
863	AT4G17730	SE	1.0	1.0	1.0	1.0	1.0	1.0	1.0	1.0	1.0	1.0	1.0	0.995	1.0	1.0
864	AT1G54450	SE	1.0	1.0	1.0	1.0	1.0	1.0	1.0	1.0	0.6	1.0	1.0	1.0	1.0	1.0
865	AT1G54450	SE	1.0		0.647	1.0	1.0		1.0	0.429	1.0	1.0	0.692	1.0	1.0	1.0
870	AT1G50260	SE	0.761	1.0	1.0	1.0	1.0	1.0	1.0	1.0	1.0	1.0	1.0	1.0	1.0	1.0
871	AT3G18140	SE	1.0	1.0	1.0	1.0	1.0	1.0	1.0	1.0	1.0	0.972	1.0	1.0	1.0	1.0
873	AT2G44750	SE	1.0	0.778	1.0	1.0	1.0	1.0	1.0	0.917	1.0	1.0	1.0	1.0	1.0	1.0
874	AT5G10630	SE	0.0	0.0	0.023	0.03	0.0	0.0	0.029	0.0	0.091	0.0	0.0	0.0	0.0	0.333
875	AT5G10630	SE	0.0	0.167	0.045	0.135	0.429	0.6	0.081	0.154	0.167	0.2	0.048	0.0	0.158	0.333
876	AT5G39740	SE	0.0	0.0	0.0	0.0	0.0	0.0	0.012	0.002	0.0	0.0	0.002	0.0	0.0	0.0
877	AT2G14520	SE			1.0	1.0	1.0		1.0	1.0					0.5	1.0
878	AT1G67960	SE	1.0	1.0	1.0	1.0	1.0	1.0	0.716	1.0	1.0	1.0	1.0	1.0	1.0	1.0
879	AT1G67960	SE	1.0	1.0	1.0	1.0	1.0	1.0	0.818	1.0	1.0	1.0	1.0	1.0	1.0	1.0
880	AT5G66900	SE	1.0	1.0	1.0	1.0	1.0	1.0	1.0	0.8	1.0	1.0	1.0	1.0	0.9	1.0
883	AT3G45020	SE	0.0	0.0	0.0	0.248	0.0	0.0	0.0	0.0	0.0	0.0	0.0	0.0	0.0	0.0
884	AT3G45020	SE	0.0	0.0	0.0	0.562	0.0	0.0	0.0	0.0	0.0	0.0	0.0	0.0	0.055	0.0
886	AT1G61240	SE	0.0	0.0	0.0	0.589	0.0	0.0	0.0	1.0		0.0	0.269	0.17	0.0	
887	AT1G61150	SE	0.383	0.527	0.383	0.299	0.171	0.292	0.443	0.178	0.11	0.171	0.101	0.181	0.508	0.65
888	AT1G61150	SE	0.515	0.659	0.748	0.582	0.366	0.598	0.598	0.373	0.229	0.198	0.191	0.389	0.748	0.722
889	AT1G61150	SE	0.926	1.0	1.0	0.88	0.931	1.0	0.882	0.957	1.0	0.75	0.872	0.944	0.84	0.833
890	AT1G61150	SE	0.938	1.0	1.0	0.889	0.941	1.0	0.914	0.968	1.0	0.793	0.903	0.955	0.864	0.882
891	AT1G61150	SE	0.932	1.0	1.0	0.881	0.935	1.0	0.858	0.966	1.0	0.767	0.912	0.952	0.82	0.831
892	AT3G21110	SE	1.0	1.0	1.0	1.0	1.0	1.0	1.0	1.0	1.0	0.6	1.0	1.0	0.92	1.0
893	AT3G26100	SE	1.0	0.964	1.0	1.0	1.0	1.0	1.0	1.0	1.0	1.0	1.0	1.0	1.0	1.0
895	AT1G60670	SE	1.0	1.0	1.0	1.0	1.0	1.0	1.0	0.932	1.0	1.0	1.0	1.0	1.0	1.0
897	AT1G78870	SE	1.0	1.0	1.0	1.0	1.0	1.0	1.0	0.992	1.0	1.0	1.0	1.0	1.0	1.0
898	AT2G44065	SE	0.0	0.055	0.09	0.018	0.046	0.064	0.041	0.037	0.0	0.0	0.052	0.0	0.143	0.3
899	AT1G72500	SE	1.0	1.0	1.0	1.0	1.0	1.0	0.95	1.0	1.0	1.0	1.0	0.929	1.0	1.0
900	AT1G60270	SE	1.0	1.0	0.636	1.0	1.0		1.0	1.0	1.0	1.0	1.0	0.778	1.0	0.75
901	AT2G31810	SE	1.0	1.0	1.0	1.0	1.0	1.0	0.987	0.994	1.0	1.0	1.0	0.99	1.0	1.0
902	AT1G60140	SE	0.0	0.045	0.0	0.014	0.017	0.0	0.0	0.032	0.027	0.056	0.0	0.0	0.016	0.021
903	AT1G60140	SE	1.0	1.0	1.0	0.973	1.0	1.0	1.0	0.92	1.0	1.0	0.962	1.0	0.969	1.0
904	AT4G02120	SE	1.0	1.0	1.0	1.0	1.0	1.0	1.0	0.959	1.0	1.0	1.0	1.0	1.0	1.0
905	AT4G02120	SE	1.0	1.0	1.0	1.0	1.0	1.0	0.952	1.0	1.0	1.0	1.0	1.0	0.939	1.0
906	AT4G02120	SE	1.0	1.0	1.0	1.0	1.0	1.0	1.0	1.0	1.0	1.0	0.554	1.0	1.0	1.0
907	AT4G02120	SE	1.0	1.0	1.0	0.965	1.0	1.0	0.946	1.0	1.0	1.0	1.0	1.0	1.0	1.0
908	AT5G64500	SE	0.957	1.0	0.977	0.953	1.0	1.0	0.984	1.0	1.0	1.0	1.0	1.0	1.0	1.0
909	AT1G79630	SE		0.143	0.143	0.158	0.2	1.0	0.238	0.538	0.143	0.0	0.263	0.0	0.167	0.0
912	AT1G58230	SE	1.0	1.0	1.0	0.727	1.0	1.0	0.875	1.0	1.0	1.0	1.0	1.0	1.0	1.0
913	AT1G58230	SE	1.0	1.0	1.0	1.0	1.0	1.0	1.0	0.92	1.0	1.0	1.0	1.0	1.0	1.0
914	AT1G58230	SE	1.0	0.889	1.0	1.0	1.0	1.0	1.0	1.0	1.0	1.0	1.0	1.0	1.0	1.0
915	AT1G20890	SE	1.0	1.0	1.0	1.0	1.0	1.0	1.0	0.959	0.9	1.0	1.0	1.0	1.0	0.9
916	AT1G58030	SE	1.0	1.0	1.0	1.0	1.0	1.0	1.0	1.0	1.0	1.0	0.994	1.0	1.0	1.0
917	AT1G57870	SE	1.0	1.0	1.0	1.0	1.0	1.0	1.0	1.0	1.0	1.0	1.0	1.0	1.0	0.882
918	AT1G68580	SE	0.161	0.296	0.02	0.111	0.171	0.071	0.149	0.071	0.092	0.121	0.131	0.098	0.114	0.042
920	AT1G57600	SE	1.0	0.889	1.0	1.0	1.0	1.0	1.0	1.0	1.0	1.0	1.0	1.0	1.0	1.0
921	AT5G12980	SE	1.0	1.0	1.0	1.0	1.0	1.0	0.884	1.0	1.0	1.0	1.0	1.0	1.0	1.0
922	AT1G22750	SE	1.0	1.0	1.0	1.0	1.0	0.429	1.0	1.0	1.0	1.0	1.0	1.0	1.0	1.0
924	AT1G56340	SE	1.0	1.0	1.0	1.0	1.0	1.0	1.0	1.0	1.0	1.0	1.0	0.987	1.0	1.0
925	AT1G56280	SE	1.0	1.0	1.0	1.0	1.0	1.0	1.0	1.0	0.999	1.0	1.0	1.0	1.0	1.0
926	AT1G05180	SE	1.0	1.0	1.0	1.0	1.0	1.0	0.943	1.0	1.0	1.0	1.0	1.0	0.973	1.0
927	AT2G40340	SE	0.336			0.0			1.0	0.503		0.0		0.0	1.0	
928	AT2G40340	SE	0.381			0.0			1.0	0.235		0.0	1.0	0.0		
929	AT1G55840	SE	0.911	1.0	1.0	0.953	0.986	0.847	0.931	0.955	1.0	0.976	0.992	0.978	0.979	1.0
931	AT1G55750	SE	1.0	1.0	1.0	0.943	1.0	1.0	1.0	1.0	1.0	0.714	0.9	1.0	1.0	1.0
933	AT5G18245	SE		1.0	1.0	0.727			1.0	1.0	1.0	0.0	1.0	1.0	0.761	1.0
934	AT5G18245	SE	0.0	0.21	0.489	0.347	0.0	0.0	0.25	0.394	0.515		0.303	0.186	0.515	0.285
935	AT5G18245	SE	1.0	1.0	1.0	1.0	1.0	1.0	0.951	1.0	1.0	1.0	1.0	1.0	1.0	1.0
936	AT5G18245	SE	1.0	1.0	1.0	1.0	1.0	1.0	0.903	1.0	1.0	1.0	1.0	1.0	1.0	1.0
937	AT5G45550	SE	0.986	0.985	0.991	0.99	0.989	1.0	0.969	0.99	1.0	1.0	1.0	0.992	0.98	0.973
938	AT1G73690	SE	1.0	1.0	1.0	0.667	1.0		1.0	1.0		1.0	1.0	1.0	1.0	
940	AT1G55140	SE	1.0	1.0	1.0	1.0	1.0	1.0	1.0	1.0	1.0	1.0	0.935	0.902	1.0	1.0
941	AT3G32940	SE	1.0	1.0	1.0	1.0	1.0	1.0	0.744	1.0	1.0	1.0	0.936	1.0	0.929	1.0
942	AT5G05310	SE	0.667	1.0	0.81	1.0	1.0	0.818	0.871	0.917	1.0	0.857	1.0	0.778	1.0	1.0
943	AT1G73390	SE	1.0	1.0	1.0	0.968	1.0	1.0	1.0	1.0	1.0	1.0	1.0	1.0	1.0	1.0
944	AT1G73390	SE	1.0	0.362	1.0	1.0	1.0	1.0	1.0	1.0	1.0	1.0	0.941	1.0	1.0	0.836
945	AT1G73390	SE	1.0	0.468	1.0	1.0	1.0	1.0	1.0	1.0	1.0	1.0	0.904	1.0	1.0	0.804
946	AT3G26510	SE	1.0	1.0	1.0	0.942	1.0	1.0	1.0	1.0	1.0	0.913	0.956	1.0	0.945	0.806
947	AT3G26510	SE	1.0	1.0	1.0	0.988	1.0	1.0	1.0	1.0	1.0	1.0	1.0	1.0	0.982	1.0
948	AT3G49210	SE	1.0	0.927	1.0	1.0	1.0	1.0	1.0	1.0	1.0	1.0	1.0	1.0	1.0	1.0
949	AT1G04985	SE	1.0	0.926	0.925	0.923	0.948	0.893	0.877	0.927	0.832	0.877	1.0	0.857	0.913	0.946
951	AT1G59650	SE	1.0	1.0	1.0	1.0	1.0	0.882	1.0	1.0	1.0	0.9	0.966	1.0	1.0	1.0
952	AT1G06500	SE	1.0	1.0	1.0	0.923	1.0	1.0	1.0	1.0	1.0	1.0	0.709	1.0	1.0	0.639
953	AT1G06500	SE	1.0	1.0		0.0				1.0			0.077			0.0
954	AT1G28330	SE	0.331	0.379	0.314	0.358	0.287	0.345	0.356	0.305	0.372	0.257	0.37	0.322	0.375	0.356
955	AT1G23180	SE	1.0	1.0	1.0	1.0	1.0	1.0	1.0	1.0	1.0	1.0	1.0	1.0	0.926	1.0
957	AT5G59460	SE	1.0	1.0	1.0	1.0	1.0	1.0	1.0	0.952	1.0	1.0	1.0	1.0	1.0	1.0
958	AT3G15820	SE	0.97	1.0	1.0	1.0	1.0	1.0	1.0	1.0	1.0	1.0	1.0	1.0	1.0	1.0
959	AT1G54390	SE	1.0	0.899	0.902	0.908	0.696	1.0	0.971	1.0	1.0	1.0	1.0	0.962	0.972	1.0
960	AT1G58602	SE	0.929	1.0	1.0	1.0	1.0	1.0	1.0	1.0	0.913	1.0	0.945	1.0	0.966	1.0
961	AT1G58602	SE	0.053	0.029	0.03	0.066	0.03	0.0	0.082	0.099	0.071	0.0	0.038	0.038	0.044	0.0
962	AT1G58602	SE	1.0	1.0	1.0	1.0	1.0	1.0	1.0	0.948	1.0	1.0	1.0	1.0	1.0	1.0
963	AT2G40570	SE	1.0	1.0	0.87	1.0	1.0		1.0	1.0	1.0	1.0	1.0	1.0	1.0	1.0
964	AT3G14840	SE	1.0	1.0	1.0	1.0	1.0	1.0	0.989	0.992	1.0	1.0	1.0	1.0	1.0	1.0
965	AT3G15080	SE	1.0	1.0	1.0	0.939	1.0	1.0	1.0	1.0	1.0	1.0	1.0	1.0	1.0	1.0
966	AT5G06690	SE	1.0	1.0	1.0	0.96	1.0	0.962	1.0	1.0	1.0	1.0	0.985	1.0	1.0	1.0
967	AT5G06180	SE	0.2	1.0	0.833	1.0	0.5	1.0	0.778	0.68	1.0	1.0	0.92	0.5	1.0	1.0
968	AT1G34340	SE	1.0	0.911	1.0	1.0	1.0	1.0	1.0	1.0	1.0	1.0	1.0	1.0	1.0	1.0
969	AT1G80760	SE	1.0	1.0	1.0	1.0	1.0	1.0	1.0	1.0	1.0	1.0	1.0	0.905	1.0	1.0
970	AT1G69587	SE	1.0	1.0	1.0	0.951	1.0	1.0	1.0	1.0	1.0	0.8	1.0	1.0	1.0	1.0
971	AT3G11950	SE			0.215	0.0			1.0	0.793		1.0	1.0	0.0	0.523	1.0
972	AT1G53380	SE	1.0	0.929	1.0	1.0	1.0	1.0	1.0	1.0	1.0	0.9	1.0	1.0	1.0	1.0
973	AT1G53280	SE	1.0	1.0	0.966	1.0	0.938	1.0	1.0	0.966	1.0	1.0	1.0	1.0	1.0	1.0
974	AT3G18500	SE				1.0			1.0	1.0	0.0	0.0			1.0	1.0
975	AT1G09023	SE		0.2	0.0	0.5	1.0	0.0		0.2	0.0	0.0	0.0	0.143	0.0	
976	AT1G74750	SE			0.0	0.0			0.0	0.0	1.0	1.0	0.0	0.0	0.0	0.0
977	AT1G09340	SE	0.956	1.0	1.0	1.0	1.0	1.0	0.961	1.0	1.0	1.0	1.0	1.0	1.0	1.0
979	AT3G50380	SE	1.0	1.0	0.857	0.854	1.0	1.0	1.0	1.0	1.0	1.0	1.0	1.0	1.0	1.0
980	AT3G50380	SE	1.0	1.0	0.889	0.905	1.0	1.0	1.0	1.0	1.0	1.0	1.0	1.0	1.0	1.0
983	AT1G52260	SE	1.0	1.0	1.0	1.0	0.818	1.0	1.0	1.0	1.0	1.0	1.0	1.0	1.0	1.0
984	AT5G15540	SE	0.935	1.0	1.0	1.0	1.0	1.0	1.0	1.0	1.0	1.0	1.0	1.0	1.0	1.0
985	AT5G15540	SE	0.889	1.0	1.0	1.0	1.0	1.0	1.0	1.0	1.0	1.0	1.0	1.0	1.0	1.0
987	AT2G44610	SE	1.0	1.0	1.0	1.0	1.0	1.0	0.987	1.0	1.0	1.0	1.0	1.0	1.0	1.0
988	AT2G20585	SE	0.368	0.0	0.412	0.176	0.143	0.25	0.29	0.217	0.091	0.714	0.231	0.043	0.379	0.176
989	AT2G20585	SE	0.364	0.113	0.364	0.109	0.0	0.364	0.319	0.241	0.186	0.741	0.478	0.094	0.337	0.197
990	AT4G26650	SE	1.0	0.929	1.0	0.963	0.95	1.0	0.957	1.0	1.0	0.953	1.0	0.932	0.981	0.956
991	AT5G16480	SE	0.738	0.954	0.759	0.86	0.928	0.664	0.952	0.928	1.0	0.894	0.904	0.819	0.917	0.657
992	AT1G08630	SE	1.0	1.0	1.0	1.0	1.0	1.0	1.0	1.0	1.0	1.0	1.0	1.0	0.985	1.0
993	AT4G12020	SE	1.0	1.0	1.0	0.901	1.0	1.0	0.921	1.0	1.0	1.0	1.0	1.0	1.0	1.0
994	AT4G12020	SE	1.0	1.0	1.0	0.75			0.8	1.0	1.0	1.0	1.0	1.0	1.0	1.0
995	AT1G75560	SE	0.6	0.515	0.592	0.54	0.562	0.455	0.855	0.75	0.75	0.75	0.462	0.659	0.838	0.625
996	AT1G75560	SE	0.385	0.467	0.5	0.333	0.481	0.4	0.704	0.571	0.5	0.5	0.349	0.533	0.774	0.4
998	AT1G18750	SE	1.0	1.0	1.0	1.0	1.0	1.0	1.0	1.0		1.0	1.0	0.285	1.0	
999	AT1G66465	SE	1.0	1.0	0.667			1.0	1.0	1.0	1.0		1.0	1.0	1.0	1.0
1000	AT3G29160	SE	1.0	1.0	1.0	1.0	1.0	1.0	0.915	1.0	1.0	1.0	1.0	1.0	1.0	1.0
1001	AT1G18470	SE	1.0	1.0	1.0	1.0	1.0	1.0	1.0	1.0	1.0	1.0	1.0	1.0	1.0	0.957
1003	AT4G14520	SE	0.333	0.2	1.0	0.5	0.4	0.6	0.5	0.556	0.538	0.111	0.556	0.4	0.6	1.0
1004	AT4G14520	SE	0.333	0.333	0.238	0.12	0.0	1.0	0.111	0.222	1.0	0.143	0.5	0.176	0.257	0.333
1005	AT4G14520	SE	0.667	0.333	0.273	0.185	0.273	1.0	0.077	0.417	1.0	0.143	0.455	0.3	0.257	0.4
1006	AT4G14520	SE	0.764	0.564	0.075	0.32	0.447	1.0	0.139	0.425	1.0	0.463	0.35	0.393	0.199	0.177
1007	AT4G14520	SE	1.0		1.0	0.781	1.0	0.564	0.618	1.0	0.795		0.301	0.795	0.564	1.0
1008	AT1G17960	SE	1.0	1.0	1.0	0.559	1.0	1.0	1.0	1.0			1.0	1.0	1.0	
1009	AT1G07780	SE	1.0	1.0	0.833	0.852	0.333	0.75	0.692	1.0	0.6	1.0	0.778	1.0	1.0	1.0
1010	AT1G07780	SE	1.0	1.0	0.778	0.862	0.333	0.75	0.619	1.0	0.556	1.0	0.75	1.0	1.0	1.0
1011	AT1G07780	SE	1.0	1.0	0.778	0.852	0.333	0.75	0.619	1.0	0.556	1.0	0.75	1.0	1.0	1.0
1012	AT1G07780	SE	1.0	0.277	0.0	1.0			0.234	1.0	0.605		0.754	0.0	0.434	1.0
1013	AT1G07780	SE	1.0	0.0	0.426	1.0	1.0		0.229	1.0	0.69	1.0	0.856	0.271	0.65	1.0
1014	AT1G69450	SE	0.861	1.0	1.0	1.0	1.0	0.764	1.0	1.0	1.0	1.0	1.0	1.0	1.0	1.0
1016	AT1G17350	SE	1.0	1.0	1.0	1.0	1.0	1.0	1.0	1.0	1.0	1.0	1.0	1.0	0.915	1.0
1017	AT1G17350	SE	1.0	1.0	1.0	1.0	1.0	1.0	1.0	1.0	1.0	1.0	1.0	1.0	0.929	1.0
1018	AT1G02890	SE	1.0	1.0	1.0	1.0	0.965	1.0	1.0	1.0	1.0	1.0	1.0	0.978	0.988	1.0
1019	AT2G25660	SE	0.789	1.0	1.0	1.0	1.0	1.0	1.0	1.0	1.0	1.0	1.0	1.0	1.0	1.0
1021	AT1G17110	SE	1.0	1.0	1.0	1.0	1.0	1.0	0.967	1.0	1.0	1.0	1.0	1.0	1.0	1.0
1023	AT3G62360	SE	1.0	0.877	0.979	0.951	1.0	1.0	1.0	0.946	0.789	0.887	0.897	1.0	0.942	1.0
1024	AT2G21160	SE	1.0	1.0	1.0	1.0	1.0	1.0	0.989	1.0	1.0	1.0	1.0	1.0	1.0	1.0
1026	AT1G02990	SE	0.0	0.0	0.0	0.018	0.0	0.0	0.0	0.0	0.0	0.0	0.0	0.0	0.0	0.0
1027	AT5G09830	SE	1.0	1.0	1.0	1.0	0.924	1.0	0.947	1.0	1.0	1.0	1.0	1.0	1.0	1.0
1028	AT1G19120	SE	1.0	1.0	1.0	1.0	1.0	1.0	0.893	1.0	1.0	0.938	1.0	0.953	1.0	0.889
1029	AT2G19160	SE	1.0	1.0	1.0	1.0	1.0	1.0	1.0	1.0	1.0	1.0	1.0	1.0	1.0	0.875
1030	AT3G59340	SE								0.53			1.0		1.0	
1031	AT3G13440	SE	0.615	0.655	0.667	0.673	0.84	0.571	0.571	0.382	0.25	0.63	0.529	0.412	0.538	0.455
1032	AT1G16540	SE	1.0	1.0	1.0	1.0	1.0		1.0	1.0	0.608		1.0	0.756	1.0	1.0
1033	AT1G08890	SE	1.0	1.0	1.0	0.984	1.0	1.0	1.0	1.0	1.0	1.0	1.0	1.0	1.0	1.0
1035	AT2G34680	SE	1.0	1.0	1.0	1.0	1.0	1.0	1.0	0.981	1.0	1.0	1.0	1.0	1.0	1.0
1036	AT2G34680	SE	1.0	1.0	1.0	1.0	0.877	1.0	1.0	1.0	1.0	0.897	1.0	1.0	1.0	1.0
1037	AT1G80030	SE	1.0	0.889	0.81	1.0	1.0	1.0	1.0	1.0	1.0	1.0	1.0	1.0	1.0	1.0
1038	AT1G16020	SE	1.0	0.0	0.18	0.094	0.141	0.0	0.248	0.116	0.0	0.248	0.345	0.397	0.149	0.0
1040	AT1G15930	SE	1.0	0.989	0.996	1.0	1.0	1.0	1.0	1.0	1.0	1.0	1.0	1.0	0.996	1.0
1041	AT5G01450	SE	1.0	1.0	0.896	1.0	0.78	1.0	1.0	1.0	1.0	1.0	1.0	1.0	1.0	1.0
1042	AT5G01450	SE	1.0	1.0	1.0	1.0	1.0	1.0	1.0	0.935	1.0	1.0	1.0	1.0	1.0	1.0
1043	AT5G49430	SE	1.0	1.0	1.0	1.0	1.0	1.0	0.455	1.0	1.0	1.0	1.0	1.0	1.0	1.0
1044	AT1G15790	SE	1.0	1.0	1.0	1.0	1.0	1.0	1.0	1.0	1.0	1.0	1.0	0.895	1.0	1.0
1045	AT1G14830	SE	1.0	1.0	0.987	1.0	1.0	1.0	1.0	1.0	1.0	1.0	1.0	1.0	1.0	1.0
1048	AT5G60540	SE	1.0	1.0	0.939	0.887	1.0	1.0	0.982	0.979	1.0	1.0	0.939	1.0	1.0	1.0
1049	AT1G14970	SE	1.0	1.0	1.0	1.0	1.0		0.6	1.0		1.0	1.0	1.0	1.0	1.0
1051	AT1G19115	SE		0.0		0.0				0.0	1.0		1.0	0.0		0.524
1052	AT3G12680	SE	0.846	0.724	0.867	0.955	1.0	0.833	0.9	1.0	1.0	1.0	0.909	0.938	0.824	1.0
1053	AT1G31300	SE	0.347	0.166	0.102	0.038	0.0	0.166	0.0	0.117	0.0	0.0	0.051	0.117	0.0	0.0
1055	AT3G01150	SE	0.455	0.143	0.111	0.212	0.231	0.111	0.364	0.188	0.333	0.333	0.647	0.333	0.217	0.5
1058	AT1G08620	SE	1.0	1.0	1.0	1.0	1.0	1.0	1.0	1.0	1.0	1.0	1.0	1.0	0.967	1.0
1059	AT1G68490	SE	1.0	1.0	1.0	1.0	1.0	1.0	1.0	1.0	0.967	1.0	1.0	1.0	1.0	1.0
1060	AT5G21222	SE	0.091	0.0	0.111	0.118	0.111	0.0	0.2	0.04	0.2	0.143	0.0	0.077	0.0	0.0
1061	AT1G76540	SE	1.0	1.0	1.0	1.0	1.0	1.0	0.889	1.0	1.0	1.0	1.0	1.0	1.0	1.0
1063	AT1G23310	SE	1.0	1.0	1.0	1.0	1.0	0.994	1.0	1.0	1.0	1.0	1.0	1.0	1.0	1.0
1064	AT5G10480	SE	0.0	0.0	0.0	0.0	0.0	0.0	0.0	0.0	0.0	0.0	0.0	0.0	0.007	0.0
1065	AT5G10480	SE	1.0	1.0	1.0	1.0	1.0	1.0	1.0	0.973	1.0	1.0	1.0	1.0	1.0	1.0
1067	AT5G55000	SE	1.0	1.0	1.0	1.0	1.0	1.0	1.0	0.95	1.0	1.0	0.961	1.0	1.0	1.0
1068	AT1G49430	SE	1.0	1.0	0.952	1.0	1.0	1.0	1.0	1.0	1.0	1.0	1.0	1.0	1.0	1.0
1070	AT1G18900	SE	0.0	0.0	0.143	0.0	0.059	0.0	0.0	0.0		0.0	0.0	0.0	0.0	0.0
1071	AT1G13350	SE			0.0	1.0		1.0	1.0	0.0			1.0	1.0	1.0	1.0
1072	AT3G27610	SE	1.0	1.0	1.0	1.0	0.879	1.0	1.0	1.0	1.0	1.0	0.82	0.815	1.0	1.0
1073	AT5G61410	SE	1.0	1.0	1.0	1.0	1.0	1.0	1.0	0.994	1.0	1.0	1.0	1.0	1.0	1.0
1075	AT1G80380	SE	1.0	1.0	1.0	1.0	1.0	0.985	1.0	1.0	1.0	1.0	1.0	1.0	1.0	1.0
1076	AT1G42540	SE	1.0	1.0	1.0	1.0	1.0	1.0	1.0	1.0	1.0	1.0	0.831	1.0	1.0	0.412
1077	AT5G51200	SE	1.0	1.0	0.862	1.0	1.0	1.0	1.0	1.0	1.0	1.0	1.0	1.0	1.0	1.0
1078	AT5G51200	SE	1.0	1.0	1.0	1.0	1.0	1.0	0.985	1.0	1.0	1.0	1.0	1.0	1.0	1.0
1079	AT5G51200	SE	1.0	1.0	1.0	1.0	1.0	1.0	0.974	1.0	1.0	1.0	1.0	1.0	1.0	1.0
1080	AT1G29940	SE	1.0	1.0	1.0	1.0	1.0	1.0	1.0	1.0	1.0	1.0	1.0	1.0	0.907	1.0
1081	AT3G20270	SE	1.0	1.0	1.0	0.323	0.641		1.0	0.373	0.373	0.373	0.543	0.543	1.0	
1082	AT1G79020	SE	1.0	1.0	1.0	1.0	1.0	1.0	0.944	1.0	1.0	1.0	1.0	1.0	1.0	1.0
1083	AT1G12790	SE	1.0	1.0	1.0	1.0	1.0	1.0	1.0	1.0	1.0	1.0	0.938	1.0	1.0	0.538
1084	AT3G63500	SE	1.0	1.0	1.0	1.0	1.0	1.0	1.0	0.973	1.0	1.0	1.0	1.0	1.0	1.0
1085	AT1G72510	SE	1.0	1.0	1.0	1.0	1.0	1.0	1.0	0.967	1.0	1.0	1.0	1.0	1.0	1.0
1089	AT5G09410	SE	0.789	0.556	0.596	0.596	1.0	1.0	0.484	0.541	0.789	1.0	0.616	0.682	0.646	0.517
1090	AT5G09410	SE	0.875	0.731	0.813	0.853	1.0	1.0	0.734	0.798	0.891	1.0	0.827	0.777	0.84	0.791
1091	AT2G42010	SE	1.0	1.0	0.923	1.0	1.0	1.0	1.0	1.0	1.0	1.0	1.0	1.0	1.0	1.0
1093	AT1G22740	SE	0.949	0.992	0.966	0.954	0.989	0.964	0.946	0.987	0.974	1.0	0.963	1.0	0.959	0.94
1095	AT1G05000	SE	0.091	0.053	0.037	0.071	0.0	0.0	0.086	0.0	0.0	0.0	0.143	0.243	0.034	0.0
1097	AT1G63480	SE			1.0	1.0		1.0	1.0	0.578			1.0		1.0	
1098	AT1G73290	SE	1.0			1.0			1.0		1.0		1.0	1.0	0.667	1.0
1099	AT3G01850	SE	0.817	0.738	0.718	0.76	0.761	0.319	0.753	0.764	0.374	0.57	0.73	0.709	0.797	0.652
1100	AT1G23730	SE	1.0	1.0	0.809	1.0	1.0	1.0	1.0	0.645	1.0	1.0	1.0	1.0	1.0	1.0
1101	AT1G11880	SE	1.0		1.0	1.0	1.0		1.0	0.857		1.0	1.0	1.0	1.0	1.0
1103	AT1G33980	SE	1.0	0.938	1.0	0.976	1.0	1.0	1.0	0.943	1.0	1.0	1.0	1.0	1.0	1.0
1104	AT1G11730	SE		1.0		1.0	1.0		1.0	1.0	1.0	1.0	1.0	0.152		1.0
1106	AT1G60070	SE	1.0	1.0	1.0	1.0	1.0	1.0	1.0	1.0	1.0	1.0	1.0	1.0	1.0	0.923
1107	AT1G60070	SE	1.0	1.0	1.0	0.956	1.0	1.0	1.0	1.0	1.0	1.0	0.96	1.0	1.0	1.0
1110	AT1G47278	SE	0.0	0.0	0.059	0.074	0.0	0.0	0.0	0.0	0.0	0.0	0.0	0.0	0.0	0.0
1111	AT1G12070	SE	1.0	1.0	1.0	0.917	1.0	1.0	1.0	1.0	1.0	1.0	1.0	1.0	1.0	1.0
1112	AT1G75660	SE	1.0	1.0	1.0	1.0	1.0	1.0	0.95	0.98	1.0	1.0	1.0	1.0	1.0	1.0
1113	AT1G75660	SE	1.0	1.0	1.0	1.0	1.0	1.0	1.0	1.0	1.0	1.0	1.0	1.0	0.975	1.0
1114	AT1G51500	SE	1.0	1.0	1.0	1.0	0.986	1.0	1.0	1.0	1.0	1.0	0.995	0.995	0.995	1.0
1116	AT1G80950	SE	1.0	1.0	0.869	1.0	1.0	1.0	1.0	1.0	1.0	1.0	1.0	1.0	1.0	1.0
1121	AT3G17120	SE	0.0	0.0	0.067	0.024	0.0		0.231	0.2	0.333	0.143	0.0	0.0	0.03	0.0
1122	AT3G17120	SE	0.0	0.0	0.067	0.024	0.0		0.167	0.2	0.333	0.143	0.0	0.0	0.059	0.0
1124	AT1G49630	SE	1.0	0.75	1.0	1.0	1.0	1.0	1.0	1.0	1.0	1.0	1.0	1.0	1.0	1.0
1125	AT5G41870	SE	1.0	1.0	1.0	0.941	1.0	1.0	1.0	0.947	0.885	1.0	1.0	1.0	1.0	1.0
1126	AT1G10930	SE	1.0	1.0		1.0	1.0	1.0	1.0	1.0		1.0		1.0	0.632	1.0
1127	AT5G13560	SE	1.0	1.0	1.0	1.0	1.0	1.0	1.0	1.0	1.0	1.0	0.981	1.0	1.0	1.0
1128	AT5G44020	SE	1.0	1.0	1.0	1.0	1.0	1.0	1.0	1.0	1.0	0.998	1.0	1.0	1.0	1.0
1129	AT1G07119	SE				1.0			0.0				0.0	1.0		
1130	AT1G07119	SE		1.0		0.0	1.0	1.0	1.0	1.0	1.0			1.0	0.0	
1131	AT1G10095	SE	1.0	0.1	0.667	0.524	0.6	0.273	0.429	0.6	0.6	1.0	0.333	1.0	0.733	0.25
1132	AT4G08690	SE	0.0	0.224	0.114	0.142	0.05	0.0	0.04	0.0	0.088	0.0	0.02	0.0	0.21	0.0
1133	AT2G28310	SE	1.0	1.0	1.0	0.979	1.0	1.0	1.0	1.0	1.0	1.0	1.0	1.0	1.0	1.0
1135	AT4G02760	SE	1.0	1.0	1.0	1.0	1.0	1.0	1.0	0.826	1.0	1.0	1.0	1.0	1.0	1.0
1136	AT4G02760	SE	0.818	1.0	1.0	1.0	1.0		1.0	1.0	1.0	1.0	1.0	1.0	1.0	1.0
1137	AT4G02760	SE	0.144	0.335	0.264	0.186	0.335	0.201	0.281	0.134	0.0	0.201	0.112	0.0	0.0	0.0
1138	AT3G13050	SE	0.0	0.0	0.6	0.0	0.0		0.2	0.0	0.0		0.091	0.2	0.167	
1139	AT2G45240	SE	1.0	1.0	1.0	1.0	1.0	1.0	1.0	1.0	1.0	0.906	1.0	1.0	1.0	1.0
1141	AT5G58300	SE		1.0	0.0	0.143	0.0		0.0	0.0			0.0	0.2	0.111	
1142	AT1G05320	SE	0.0	0.16	0.364	0.267	0.775	1.0	0.334	0.238	1.0	0.0	0.231	0.0	0.269	0.113
1143	AT1G72410	SE	1.0	1.0	1.0	1.0	1.0	1.0	1.0	1.0	1.0	1.0	1.0	1.0	0.963	1.0
1144	AT1G18840	SE	1.0	1.0	1.0	1.0	1.0	1.0	1.0	1.0	1.0	1.0	1.0	1.0	0.972	1.0
1145	AT1G55310	SE	0.279	0.0	0.066	0.046	0.36	0.088	0.169	0.253	0.235	0.0	0.119	0.162	0.136	0.184
1147	AT1G15200	SE	0.0	0.333	0.0	0.0	0.0		0.0	0.0	0.0	0.0	0.091	0.0	0.143	0.2
1149	AT1G04353	SE			1.0	0.333			1.0			1.0	0.5		0.333	
1150	AT1G04960	SE	1.0	0.952	1.0	1.0	1.0	1.0	1.0	1.0	1.0	0.932	1.0	1.0	1.0	1.0
1151	AT1G75770	SE	1.0	0.945	1.0	1.0	1.0	1.0	1.0	1.0	1.0	1.0	1.0	0.893	1.0	1.0
1152	AT1G54180	SE		0.0	0.0	0.0		0.0	0.0		0.5		0.0	0.0	0.111	
1153	AT1G16460	SE	0.0	0.0	0.0	0.015	0.029	0.0	0.009	0.0	0.029	0.0	0.0	0.032	0.013	0.0
1157	AT3G17880	SE	1.0	1.0	1.0	1.0	1.0	1.0	1.0	1.0	1.0	1.0	1.0	1.0	0.975	1.0
1158	AT4G00420	SE	1.0	1.0	1.0	1.0	1.0	1.0	1.0	1.0	1.0	1.0	1.0	0.905	1.0	1.0
1159	AT1G18370	SE	1.0	0.625	1.0	1.0	1.0		0.526	1.0		1.0	1.0	0.735	1.0	1.0
1160	AT1G18370	SE	1.0	1.0	1.0	0.8	1.0		1.0	1.0	1.0	1.0	1.0	1.0	1.0	1.0
1161	AT1G18370	SE	1.0	1.0	1.0	0.833	1.0		1.0	1.0	1.0		1.0	1.0	1.0	1.0
1162	AT1G04140	SE	1.0	1.0	1.0	1.0	1.0	1.0	0.985	1.0	1.0	1.0	1.0	1.0	1.0	1.0
1165	AT4G13030	SE	0.832	1.0	1.0	1.0	1.0	1.0	1.0	1.0	1.0	1.0	1.0	1.0	1.0	1.0
1166	AT5G16520	SE	1.0	1.0	1.0	0.889	1.0	1.0	1.0	1.0	1.0	1.0	1.0	1.0	1.0	1.0
1167	AT1G07650	SE	1.0	1.0	1.0	1.0	1.0	1.0	1.0	0.989	1.0	1.0	1.0	1.0	1.0	1.0
1168	AT5G19000	SE	0.429	0.333	0.36	0.455	0.25	0.636	0.371	0.214	0.333	0.286	0.263	0.097	0.347	0.222
1170	AT3G13970	SE	0.685	0.897	1.0	1.0	1.0	1.0	0.792	1.0	1.0	1.0	1.0	0.685	1.0	1.0
1172	AT5G26680	SE	0.333	0.111	0.333	0.375	0.5		0.4	0.455	0.333	0.143	0.167	0.25	0.231	0.143
1173	AT5G26680	SE	0.429	0.273	0.429	0.167	0.5		0.4	0.4	0.333	0.0	0.091	0.143	0.231	0.25
1175	AT2G30695	SE	0.855	1.0	1.0	0.808	1.0		0.922	1.0	1.0	1.0	1.0	1.0	1.0	1.0
1177	AT1G51070	SE	1.0	0.935	1.0	0.978	1.0	1.0	1.0	0.947	1.0	1.0	1.0	0.953	1.0	0.929
1178	AT1G10600	SE	1.0	1.0	1.0	1.0	1.0	1.0	1.0	1.0	1.0		1.0	0.408	1.0	1.0
1179	AT1G10600	SE	1.0	1.0	1.0	1.0	1.0	1.0	1.0	1.0	1.0	1.0	1.0	0.849	1.0	1.0
1180	AT1G10600	SE	1.0	1.0	1.0	1.0	1.0	1.0	1.0	0.867	1.0	1.0	1.0	1.0	1.0	1.0
1181	AT1G10600	SE	1.0	1.0	1.0	1.0	1.0	1.0	0.932	1.0	1.0	1.0	1.0	1.0	0.949	1.0
1182	AT3G49560	SE	1.0	0.973	1.0	1.0	1.0	1.0	1.0	1.0	1.0	1.0	1.0	1.0	1.0	1.0
1183	AT3G56580	SE		1.0	0.0	1.0	0.708		0.85	1.0	0.617	1.0	0.708	0.0	0.763	1.0
1184	AT1G79950	SE	1.0	1.0	0.913	1.0	0.699	1.0	0.84	0.466	0.823	0.636	1.0	1.0	1.0	0.84
1185	AT1G79950	SE	1.0	1.0	0.6	1.0	0.333		0.692	0.273	0.5	0.6	1.0	1.0	1.0	0.667
1186	AT3G28130	SE	1.0	1.0	0.75	0.915	1.0	1.0	1.0	1.0	1.0	1.0	1.0	1.0	1.0	1.0
1187	AT3G28130	SE	1.0	1.0	0.833	0.938	1.0	1.0	1.0	1.0	1.0	1.0	1.0	1.0	1.0	1.0
1188	AT1G75220	SE	1.0	1.0	1.0	1.0	1.0	1.0	0.989	1.0	1.0	1.0	1.0	0.937	1.0	1.0
1189	AT3G08720	SE	0.176	0.143	0.143	0.474	0.6	0.273	0.077	0.5	0.6	0.2	0.429	0.077	0.2	0.167
1190	AT3G08720	SE	0.176	0.053	0.143	0.444	0.5	0.273	0.0	0.412	0.5	0.0	0.333	0.077	0.143	0.167
1191	AT5G08420	SE	1.0	1.0	1.0	1.0	1.0	1.0	1.0	1.0	1.0	1.0	0.976	1.0	1.0	1.0
1193	AT1G04300	SE	1.0	1.0	1.0	1.0	1.0	1.0	1.0	1.0	1.0	1.0	1.0	0.97	1.0	1.0
1194	AT1G04300	SE	0.946	0.92	1.0	0.912	0.789	1.0	1.0	0.857	0.941	0.818	0.965	0.857	0.923	1.0
1197	AT5G24280	SE	1.0	1.0	1.0	1.0	1.0		0.877	1.0	1.0		1.0	1.0	1.0	1.0
1199	AT4G27090	SE	1.0	1.0	1.0	1.0	1.0	1.0	1.0	0.997	1.0	1.0	1.0	1.0	1.0	1.0
1201	AT1G31910	SE	1.0	1.0	1.0	1.0	1.0	1.0	1.0	1.0	1.0	1.0	0.992	1.0	1.0	1.0
1202	AT1G31910	SE	1.0	1.0	1.0	0.986	1.0	1.0	0.991	0.974	1.0	1.0	1.0	1.0	0.992	0.947
1204	AT5G47455	SE	0.0		1.0	1.0	0.0		0.506	0.551	1.0			0.381	1.0	0.0
1205	AT5G47455	SE		1.0	1.0	1.0		0.0	1.0	0.381	1.0		1.0	1.0	0.711	0.0
1206	AT5G47455	SE	1.0			1.0	1.0	0.0	1.0	0.686				1.0	0.714	0.556
1207	AT5G47455	SE	1.0	0.0		1.0	1.0		1.0	1.0			0.0		1.0	1.0
1208	AT1G67420	SE	1.0	1.0	0.765	1.0	1.0	1.0	1.0	1.0	1.0	1.0	1.0	1.0	1.0	1.0
1209	AT5G63050	SE	0.916	1.0	0.912	1.0	0.925	1.0	0.957	0.96	1.0	1.0	0.931	1.0	1.0	1.0
1210	AT1G44750	SE	1.0	1.0	1.0	1.0	0.857	1.0	1.0	0.946	1.0	1.0	1.0	0.862	1.0	1.0
1211	AT1G12230	SE	0.0	0.0	0.011	0.0	0.0	0.0	0.009	0.0	0.0	0.0	0.017	0.0	0.0	0.0
1212	AT5G07090	SE	0.0	0.0	0.0	0.003	0.0	0.0	0.0	0.0	0.0	0.0	0.0	0.0	0.0	0.01
1213	AT3G15070	SE	1.0	1.0	1.0	0.938	0.909	0.742	0.942	0.969	0.926	1.0	0.973	1.0	0.86	0.862
1217	AT4G20350	SE	0.333		1.0	1.0	1.0	0.0		1.0		1.0	1.0	1.0	1.0	1.0
1220	AT1G28100	SE	1.0	1.0	1.0	0.948	1.0	1.0	1.0	1.0	1.0	1.0	1.0	1.0	1.0	1.0
1221	AT5G18620	SE	1.0	1.0	1.0	1.0	1.0	1.0	1.0	0.876	1.0	1.0	1.0	1.0	1.0	1.0
1222	AT5G05800	SE	0.086	0.167	0.111	0.126	0.143	0.172	0.111	0.364	0.128	0.081	0.08	0.133	0.054	0.143
1223	AT1G06220	SE	0.143	0.154	0.105	0.18	0.125	0.0	0.2	0.097	0.2	0.167	0.111	0.16	0.254	0.0
1224	AT1G07170	SE	0.029	0.02	0.0	0.018	0.04	0.0	0.031	0.033	0.0	0.043	0.0	0.0	0.0	0.048
1225	AT1G07170	SE	0.0	0.02	0.02	0.027	0.0	0.0	0.016	0.017	0.0	0.043	0.0	0.033	0.0	0.048
1226	AT1G51200	SE	0.995	0.996	0.993	0.996	1.0	1.0	0.997	0.996	1.0	0.998	0.998	0.996	0.996	1.0
1227	AT1G02840	SE	1.0	0.956	0.907	0.971	1.0	0.972	0.992	0.947	1.0	0.974	0.955	1.0	0.986	0.944
1228	AT1G02840	SE	1.0	1.0	1.0	1.0	1.0	1.0	1.0	1.0	1.0	1.0	1.0	0.973	1.0	0.818
1229	AT1G02840	SE	0.122	0.218	0.231	0.273	0.139	0.209	0.309	0.185	0.164	0.171	0.264	0.176	0.138	0.256
1230	AT5G25265	SE	1.0	0.977	1.0	1.0	1.0	1.0	1.0	1.0	1.0	1.0	0.992	0.994	0.996	1.0
1231	AT1G11270	SE	1.0	0.529	1.0	1.0	0.333	1.0	1.0	0.867	1.0	0.333	1.0	1.0	1.0	1.0
1232	AT1G17330	SE	0.615	1.0	1.0	1.0	1.0	1.0	1.0	0.871	1.0	1.0	0.878	1.0	1.0	1.0
1234	AT1G10130	SE	1.0	1.0	1.0	1.0	1.0	1.0	0.973	1.0	1.0	1.0	1.0	1.0	0.95	1.0
1235	AT1G10130	SE	1.0	1.0	1.0	1.0	1.0	1.0	1.0	1.0	1.0	1.0	1.0	1.0	0.967	1.0
1236	AT1G10130	SE	1.0	1.0	1.0	1.0	1.0	1.0	0.965	1.0	1.0	1.0	1.0	1.0	1.0	1.0
1238	AT1G01550	SE	1.0	1.0	1.0	0.997	0.99	0.979	1.0	0.976	1.0	0.989	0.991	0.978	0.995	1.0
1239	AT1G06630	SE	1.0	0.0	0.0	0.0	0.0	0.0	0.0	0.188	0.0	0.0	0.217	0.0	0.0	0.0
1240	AT1G06630	SE	0.122	0.0	0.0	0.026	0.0	0.0	0.0	0.028	0.0	0.072	0.027	0.0	0.062	0.0
1241	AT5G06600	SE	1.0	1.0	1.0	1.0	1.0	1.0	0.987	0.988	1.0	1.0	1.0	1.0	1.0	1.0
1242	AT1G80770	SE	0.92	1.0	1.0	0.882	1.0	1.0	0.947	1.0	1.0	1.0	0.939	1.0	0.913	0.9
1243	AT1G80770	SE	0.913	1.0	1.0	0.846	1.0	1.0	0.926	1.0	1.0	1.0	0.9	1.0	0.905	0.857
1244	AT4G24750	SE	1.0	1.0	0.941	1.0	1.0	1.0	1.0	1.0	1.0	1.0	1.0	1.0	1.0	1.0
1245	AT3G05030	SE	1.0	1.0	1.0	1.0	1.0	0.648	1.0	1.0		1.0	1.0	1.0	0.889	1.0
1246	AT3G05030	SE	1.0	1.0	1.0	1.0	1.0	1.0	1.0	1.0		1.0	1.0	1.0	1.0	0.581
1247	AT1G03090	SE	1.0	0.995	0.978	0.973	1.0	1.0	0.945	0.986	1.0	0.991	0.981	0.97	0.967	0.943
1248	AT1G55300	SE	1.0	1.0	1.0	1.0	1.0	1.0	1.0	1.0	1.0	1.0	0.913	1.0	1.0	1.0
1249	AT3G61380	SE	1.0	1.0	1.0	1.0	1.0	1.0	1.0	0.6	1.0	1.0	1.0	1.0	1.0	1.0
1252	AT1G54510	SE	1.0	1.0	1.0	1.0	1.0	1.0	1.0	1.0	1.0	1.0	0.767	1.0	1.0	0.677
1253	AT1G54510	SE	1.0	1.0	1.0	0.896	1.0	1.0	1.0	0.881	1.0	1.0	1.0	1.0	1.0	1.0
1254	AT1G13560	SE	1.0	1.0	1.0	0.986	1.0	1.0	1.0	1.0	1.0	1.0	1.0	1.0	1.0	1.0
1255	AT1G73875	SE	1.0	1.0	1.0	1.0	1.0	1.0	1.0	0.833	1.0	1.0	1.0	1.0	1.0	1.0
1256	AT1G18390	SE	1.0	1.0	1.0	1.0	1.0	1.0	1.0	1.0	1.0	1.0	0.833	1.0	1.0	1.0
1257	AT1G50200	SE	1.0	1.0	1.0	0.989	1.0	1.0	0.989	1.0	1.0	1.0	0.99	1.0	0.992	1.0
1258	AT5G08535	SE	1.0	1.0	0.923	1.0	1.0	1.0	1.0	1.0	1.0	1.0	1.0	1.0	1.0	1.0
1259	AT5G08535	SE	0.328	0.328	0.0	0.13	0.369	1.0	0.163	0.262	0.328	0.0	0.565	0.163	0.302	0.0
1260	AT1G19340	SE	1.0	1.0	1.0	0.636	1.0		1.0	1.0	1.0	1.0	1.0	1.0	1.0	1.0
1261	AT1G55690	SE	1.0	1.0	1.0	1.0	0.846	1.0	0.946	0.947	1.0	1.0	0.75	0.917	1.0	1.0
1262	AT1G12250	SE	1.0	1.0	1.0	1.0	1.0	1.0	1.0	1.0	1.0	1.0	1.0	1.0	1.0	0.741
1263	AT1G50440	SE	1.0	1.0	1.0	1.0	1.0	1.0	1.0	1.0	1.0	1.0	1.0	0.956	0.968	1.0
1264	AT1G03080	SE	0.931	0.891	1.0	1.0	1.0	1.0	1.0	1.0	1.0	0.822	1.0	1.0	1.0	1.0
1265	AT1G03080	SE	1.0	0.929	0.965	0.967	1.0	1.0	1.0	0.966	1.0	1.0	1.0	0.905	0.97	1.0
1266	AT4G12460	SE	0.0	0.0	0.111	0.062	0.0	0.0	0.0	0.0	0.0		0.0	0.0	0.091	
1267	AT1G02305	SE	0.979	1.0	1.0	0.994	1.0	1.0	1.0	1.0	1.0	1.0	0.984	1.0	1.0	0.983
1269	AT1G08900	SE	1.0	1.0	1.0	1.0	1.0	1.0	1.0	1.0	1.0	1.0	1.0	0.936	1.0	1.0
1270	AT1G73980	SE	0.0	0.0	0.0	0.0	0.0	0.0	0.038	0.0	0.0	0.0	0.048	0.0	0.0	0.0
1271	AT5G03560	SE	0.083	0.04	0.15	0.137	0.0	0.083	0.088	0.085	0.0	0.0	0.143	0.122	0.072	0.048
1272	AT1G73310	SE	1.0	0.684	1.0	1.0	1.0	1.0	1.0	1.0	1.0	1.0	1.0	1.0	0.805	1.0
1273	AT5G63930	SE	1.0	1.0	1.0	1.0	0.556	1.0	1.0	1.0	1.0	1.0	1.0	1.0	1.0	0.714
1275	AT1G15750	SE	1.0	0.945	1.0	0.99	0.96	1.0	1.0	1.0	0.976	1.0	0.963	1.0	0.973	1.0
1276	AT1G15750	SE	0.22	0.156	0.138	0.154	0.226	0.185	0.125	0.213	0.204	0.138	0.282	0.137	0.162	0.182
1277	AT1G15120	SE	1.0	0.983	1.0	0.997	1.0	1.0	1.0	1.0	1.0	1.0	1.0	0.992	1.0	1.0
1278	AT1G08320	SE	1.0	1.0	1.0	1.0	1.0		0.875	1.0	1.0	1.0	1.0	1.0	1.0	
1281	AT3G18380	SE	1.0	1.0	0.892	1.0	1.0	1.0	1.0	1.0	1.0	1.0	1.0	1.0	1.0	1.0
1282	AT1G02470	SE	1.0	1.0	0.951	1.0	1.0	1.0	1.0	1.0	1.0	1.0	1.0	1.0	0.96	1.0
1283	AT1G43130	SE	0.0	0.0	0.01	0.025	0.0	0.034	0.009	0.009	0.0	0.0	0.0	0.01	0.014	0.0
1284	AT1G08190	SE	0.931	1.0	1.0	1.0	1.0	1.0	1.0	1.0	1.0	1.0	1.0	1.0	1.0	1.0
1285	AT2G24420	SE	1.0	1.0	1.0	1.0	1.0	1.0	0.981	0.981	1.0	1.0	1.0	1.0	1.0	1.0
1286	AT2G24420	SE	1.0	1.0	1.0	1.0	1.0	1.0	0.982	1.0	1.0	1.0	1.0	0.988	1.0	1.0
1287	AT1G51380	SE	1.0		1.0	1.0	1.0	1.0	1.0	1.0	1.0		1.0	1.0	0.667	
1288	AT1G28410	SE	1.0	1.0	1.0	1.0	1.0	1.0	1.0	0.962	1.0	1.0	1.0	1.0	1.0	1.0
1289	AT1G67730	SE	1.0	1.0	0.988	1.0	1.0	1.0	1.0	1.0	1.0	1.0	1.0	1.0	1.0	1.0
1291	AT1G64230	SE	0.0	0.0	0.0	0.0	0.0	0.0	0.0	0.0	0.001	0.0	0.0	0.0	0.0	0.0
1292	AT5G11030	SE	1.0	0.768	1.0	0.962	1.0	1.0	1.0	0.877	1.0	1.0	0.775	0.781	1.0	1.0
1293	AT5G09850	SE	1.0		0.0	0.0	0.397		0.725	0.397	0.0		1.0	0.0	0.0	0.0
1294	AT3G27325	SE	0.0	0.0	0.0	0.091	0.0	0.0	0.0	0.2	0.077	0.0	0.053	0.273	0.071	0.2
1295	AT4G36630	SE	1.0	1.0	1.0	0.976	1.0	1.0	1.0	1.0	1.0	1.0	1.0	1.0	1.0	1.0
1296	AT1G04080	SE	0.211	0.2	0.195	0.248	0.132	0.176	0.318	0.213	0.143	0.111	0.219	0.183	0.291	0.226
1298	AT5G10010	SE	1.0	1.0	1.0	1.0	1.0	1.0	0.951	1.0	1.0	1.0	1.0	1.0	1.0	1.0
1299	AT1G09760	SE	1.0	1.0	1.0	1.0	1.0	1.0	1.0	0.974	1.0	1.0	1.0	1.0	1.0	1.0
1301	AT5G26110	SE	1.0	0.6	1.0	1.0	1.0	1.0	1.0	1.0	1.0	1.0	1.0	1.0	1.0	1.0
1302	AT5G26110	SE	0.857	1.0	1.0	0.895	1.0	1.0	0.875	0.846	0.833	1.0	1.0	0.905	0.765	1.0
1304	AT2G31580	SE	1.0	1.0	1.0	1.0	1.0	1.0	0.9	1.0	1.0	1.0	0.909	1.0	1.0	1.0
1305	AT1G13940	SE	1.0	0.9	0.9	1.0	1.0	1.0	1.0	1.0	0.8	1.0	0.871	1.0	1.0	1.0
1306	AT1G63980	SE	1.0	0.986	1.0	1.0	1.0	1.0	1.0	1.0	1.0	1.0	1.0	1.0	1.0	1.0
1307	AT1G64990	SE	1.0	1.0	0.938	1.0	1.0	1.0	1.0	1.0	1.0	1.0	1.0	1.0	1.0	1.0
1308	AT5G65210	SE	1.0	1.0	1.0	1.0	1.0	1.0	1.0	1.0	1.0	1.0	0.991	1.0	1.0	1.0
1309	AT1G10720	SE	1.0	1.0	1.0	1.0	1.0	1.0	1.0	1.0	1.0	1.0	1.0	0.867	1.0	1.0
1310	AT1G73670	SE	1.0	1.0	1.0	1.0	1.0	1.0	1.0	1.0	1.0	1.0	1.0	1.0	0.969	1.0
1311	AT1G48920	SE	1.0	1.0	1.0	1.0	1.0	1.0	1.0	0.99	1.0	1.0	1.0	1.0	0.992	1.0
1312	AT1G48920	SE	1.0	0.965	1.0	1.0	1.0	1.0	1.0	1.0	1.0	1.0	1.0	1.0	1.0	1.0
1313	AT1G32230	SE	1.0	1.0	1.0	1.0	0.985	1.0	1.0	1.0	1.0	1.0	1.0	1.0	1.0	1.0
1314	AT1G32230	SE	1.0	1.0	1.0	1.0	0.974	1.0	1.0	1.0	1.0	1.0	1.0	1.0	1.0	1.0
1315	AT1G32230	SE	1.0	1.0	1.0	1.0	0.974	1.0	1.0	1.0	1.0	1.0	1.0	1.0	1.0	1.0
1316	AT1G15175	SE	0.6	1.0	0.273	0.231	1.0	1.0	0.0	0.143	0.0	1.0	0.091	0.143	0.667	0.0
1317	AT1G48090	SE	1.0	1.0	1.0	1.0	1.0	1.0	1.0	0.867	1.0	1.0	1.0	1.0	1.0	1.0
1318	AT1G48090	SE	1.0	1.0	0.976	1.0	1.0	1.0	1.0	1.0	1.0	1.0	1.0	1.0	1.0	1.0
1321	AT1G49938	SE			1.0				0.6	1.0	0.0				1.0	
1322	AT5G16680	SE	1.0	1.0	1.0	1.0	1.0	1.0	1.0	1.0	1.0	1.0	1.0	0.855	1.0	1.0
1324	AT3G12570	SE	1.0	0.953	0.879	1.0	1.0	1.0	0.963	1.0	1.0	1.0	1.0	1.0	1.0	1.0
1325	AT3G12570	SE	0.6	0.902	1.0	0.687	0.692	1.0	0.864	0.85	0.857	1.0	0.667	0.773	0.525	0.75
1326	AT1G01060	SE	0.0	0.0	0.0	0.0	0.0	0.0	0.0	0.0	0.0	0.0	0.0	0.013	0.0	0.019
1327	AT1G01060	SE	1.0	1.0	1.0	1.0	0.906	1.0	1.0	0.856	1.0	1.0	1.0	1.0	0.976	1.0
1329	AT5G54680	SE	1.0	1.0	1.0	1.0	1.0	1.0	1.0	1.0	1.0	1.0	0.99	1.0	1.0	1.0
1330	AT1G04200	SE	1.0	1.0	1.0	1.0	1.0	1.0	0.938	1.0	1.0	1.0	1.0	1.0	1.0	1.0
1331	AT1G04200	SE	1.0	1.0	1.0	1.0	1.0	1.0	0.944	1.0	1.0	1.0	1.0	1.0	1.0	1.0
1332	AT5G24710	SE	1.0	0.95	1.0	1.0	1.0	1.0	1.0	1.0	1.0	1.0	1.0	1.0	1.0	1.0
1335	AT5G19990	SE	1.0	1.0	1.0	0.978	1.0	1.0	1.0	1.0	1.0	1.0	1.0	1.0	1.0	1.0
1337	AT1G31885	SE	1.0	0.143	1.0	0.143	0.0	0.0	0.172	0.333		0.5	1.0	0.667	0.333	
1338	AT1G16560	SE	0.0	0.0	0.027	0.048	0.0	0.0	0.07	0.0	0.111	0.0	0.049	0.0	0.01	0.0
1339	AT1G16560	SE	0.0	0.0	0.023	0.08	0.0	0.0	0.16	0.0	0.5	0.0	0.045	0.03	0.04	0.0
1340	AT1G16560	SE	0.0	0.0	0.027	0.059	0.0	0.0	0.12	0.014	0.111	0.0	0.033	0.0	0.057	0.077
1341	AT1G07080	SE	1.0	1.0	1.0	1.0	1.0	1.0	1.0	1.0	1.0	1.0	1.0	1.0	0.97	1.0
1342	AT1G17370	SE	1.0	1.0	1.0	0.988	1.0	1.0	0.984	0.931	1.0	1.0	1.0	1.0	1.0	1.0
1343	AT5G51590	SE	1.0		1.0	1.0	1.0		1.0	1.0		1.0	0.6	1.0	1.0	1.0
1344	AT3G20780	SE	1.0	1.0	1.0	0.939	1.0	1.0	1.0	1.0	1.0		1.0	1.0	1.0	1.0
1345	AT1G08010	SE	1.0	1.0	1.0	1.0	1.0	1.0	1.0	0.949	1.0	1.0	1.0	1.0	1.0	1.0
1346	AT1G07910	SE	1.0	1.0	0.765	1.0	1.0	1.0	1.0	0.818	1.0	1.0	1.0	1.0	1.0	1.0
1348	AT2G34357	SE	1.0	1.0	1.0	1.0	1.0	0.716	1.0	1.0	1.0	1.0	0.87	0.922	1.0	1.0
1349	AT1G31940	SE	1.0	1.0	1.0	1.0	1.0	1.0	1.0	1.0	1.0	1.0	1.0	1.0	0.979	1.0
1350	AT5G42620	SE	0.946	1.0	1.0	1.0	1.0	1.0	1.0	1.0	1.0	1.0	1.0	1.0	1.0	1.0
1351	AT1G16860	SE	1.0	1.0	1.0	1.0	1.0	1.0	1.0	1.0	1.0	1.0	1.0	0.976	1.0	1.0
1352	AT1G04945	SE	0.028	0.0	0.035	0.07	0.029	0.0	0.0	0.017	0.078	0.0	0.034	0.028	0.031	0.0
1353	AT1G48100	SE	1.0	1.0	1.0	1.0			0.714	1.0			1.0	1.0		1.0
1354	AT5G05610	SE	1.0	1.0	1.0	1.0	1.0	1.0	0.974	1.0	1.0	1.0	1.0	1.0	1.0	1.0
1355	AT2G27110	SE	1.0	1.0	1.0	1.0	1.0	1.0	1.0	1.0	1.0	0.6	1.0	1.0	1.0	1.0
1357	AT5G47080	SE	1.0	1.0	1.0	0.882	1.0	1.0	1.0	1.0	1.0	1.0	1.0	1.0	1.0	1.0
1358	AT5G47080	SE	1.0	1.0	1.0	0.942	1.0	1.0	1.0	1.0	1.0	1.0	1.0	1.0	1.0	1.0
1359	AT1G61030	SE	1.0	1.0	1.0	0.939	1.0	1.0	1.0	1.0	1.0	1.0	1.0	1.0	1.0	1.0
1360	AT1G61030	SE	1.0	0.875	1.0	0.915	1.0	1.0	0.923	0.944	1.0	1.0	0.889	1.0	0.923	0.833
1361	AT1G24360	SE	0.973	1.0	1.0	1.0	1.0	1.0	1.0	1.0	1.0	1.0	1.0	1.0	1.0	1.0
1362	AT1G01210	SE	1.0	1.0	1.0	1.0	0.846	1.0	1.0	1.0	1.0	1.0	1.0	1.0	1.0	1.0
1363	AT1G13635	SE	1.0	1.0	1.0	1.0	0.693	1.0	1.0		1.0	1.0	1.0	1.0	1.0	
1364	AT1G60995	SE	1.0	1.0	0.871	1.0	1.0	1.0	1.0	1.0	1.0	1.0	1.0	1.0	1.0	1.0
1365	AT1G05900	SE	0.75	0.714	1.0	1.0	0.556	1.0	0.5	0.9	1.0	0.429	0.727	1.0	0.818	0.6
1366	AT1G22430	SE	0.818	1.0	1.0	1.0	1.0	1.0	1.0	0.909	1.0	1.0	1.0	1.0	1.0	1.0
1367	AT5G35180	SE	1.0	1.0	1.0	1.0	1.0	0.9	1.0	1.0	1.0	1.0	1.0	1.0	1.0	1.0
1369	AT5G35180	SE	1.0	0.937	0.974	0.97	0.96	1.0	0.982	0.942	0.939	1.0	0.94	0.953	1.0	1.0
1370	AT1G04440	SE	1.0	1.0	1.0	1.0	1.0	1.0	1.0	1.0	1.0	1.0	0.99	1.0	1.0	1.0
1371	AT3G28100	SE	1.0	1.0	1.0	0.97	1.0	1.0	1.0	0.95	0.943	1.0	1.0	1.0	1.0	1.0
1372	AT3G28100	SE	1.0	1.0	1.0	0.934	1.0	1.0	0.971	1.0	1.0	1.0	0.968	1.0	1.0	1.0
1373	AT3G26590	SE	1.0	1.0	1.0	1.0	1.0	1.0	1.0	1.0	1.0		0.833	1.0	1.0	1.0
1374	AT1G34780	SE	1.0	1.0	0.765	1.0	1.0	1.0	1.0	0.952	1.0	1.0	1.0	0.935	0.943	1.0
1375	AT1G34780	SE	1.0	1.0	0.6	1.0	1.0	1.0	1.0	0.923	1.0	1.0	1.0	0.875	0.8	1.0
1376	AT1G04830	SE	1.0	1.0	0.965	0.903	0.923	1.0	0.974	0.891	1.0	0.931	0.945	1.0	0.966	0.929
1377	AT2G13360	SE	1.0	1.0	1.0	0.998	1.0	1.0	1.0	1.0	1.0	1.0	1.0	1.0	1.0	1.0
1378	AT2G13360	SE	1.0	1.0	1.0	0.999	1.0	1.0	1.0	1.0	1.0	1.0	1.0	1.0	1.0	1.0
1379	AT1G09570	SE	1.0	1.0	1.0	1.0	1.0	1.0	1.0	0.994	1.0	1.0	1.0	1.0	1.0	1.0
1380	AT1G13820	SE	1.0	1.0	1.0	1.0	1.0	1.0	1.0	1.0	1.0	1.0	1.0	1.0	0.957	1.0
1381	AT1G13820	SE	1.0	1.0	1.0	1.0	1.0	1.0	1.0	1.0	1.0	1.0	0.923	1.0	1.0	1.0
1382	AT2G21410	SE	1.0	1.0	0.981	0.991	1.0	1.0	1.0	1.0	1.0	1.0	1.0	1.0	1.0	0.966
1383	AT3G62370	SE	1.0	1.0	0.939	1.0	1.0	1.0	0.865	0.97	1.0	0.915	1.0	1.0	1.0	1.0
1384	AT4G35410	SE	1.0	1.0	1.0	1.0	0.474	1.0	1.0	1.0	1.0	1.0	1.0	1.0	1.0	1.0
1385	AT4G14350	SE	1.0	1.0	1.0	1.0	1.0	1.0	0.947	1.0	1.0	1.0	1.0	1.0	1.0	1.0
1386	AT5G22770	SE	1.0	1.0	1.0	1.0	1.0	1.0	1.0	0.938	1.0	1.0	1.0	1.0	1.0	1.0
1387	AT4G18710	SE	1.0	1.0	1.0	1.0	1.0	1.0	1.0	0.997	1.0	1.0	1.0	1.0	1.0	1.0
1388	AT5G40710	SE	1.0	1.0	0.906	1.0	1.0	1.0	1.0	1.0	1.0	1.0	1.0	1.0	1.0	1.0
1389	AT2G13650	SE	1.0	1.0	1.0	1.0	1.0	1.0	1.0	1.0	0.818	1.0	1.0	1.0	1.0	1.0
1390	AT5G63490	SE	0.905	1.0	1.0	1.0	1.0	1.0	1.0	1.0	1.0	1.0	1.0	1.0	1.0	1.0
1391	AT5G42560	SE	1.0	1.0	1.0	1.0	1.0	1.0	1.0	1.0	1.0	1.0	0.959	1.0	1.0	1.0
1392	AT1G50970	SE	0.0	0.0	0.0	0.0	0.0	0.0	0.0	0.111		0.0	0.0	0.0	0.0	0.0
1393	AT1G50970	SE	1.0	1.0	1.0	1.0	1.0	1.0	1.0	0.735	1.0	0.625	0.581	1.0	0.625	1.0
1395	AT5G15845	SE	1.0		1.0	0.357			0.0		1.0	0.0	1.0			
1396	AT1G07110	SE	1.0	1.0	1.0	1.0	1.0	1.0	0.986	1.0	1.0	1.0	1.0	1.0	1.0	1.0
1397	AT5G01010	SE	0.975	0.984	1.0	0.992	1.0	1.0	1.0	1.0	1.0	0.967	1.0	1.0	1.0	1.0
1398	AT1G22180	SE	1.0	1.0	0.889	0.833	1.0		0.908	0.727	1.0	1.0	0.789	1.0	0.875	1.0
1399	AT3G53830	SE			1.0	1.0		1.0	1.0	0.524			1.0	1.0	0.293	1.0
1400	AT4G05410	SE		1.0	1.0	1.0		1.0	1.0	1.0	1.0	1.0	1.0	1.0	0.333	
1401	AT5G19221	SE	1.0	1.0	1.0	1.0	1.0	1.0	1.0	1.0	1.0		1.0	0.697	1.0	1.0
1402	AT1G10570	SE	0.929	0.889	0.95	0.846	0.857	1.0	0.941	0.932	0.857	1.0	0.97	1.0	1.0	1.0
1403	AT1G10570	SE	1.0	1.0	1.0	1.0	1.0	1.0	0.945	1.0	1.0	1.0	1.0	1.0	1.0	1.0
1405	AT1G11592	SE	1.0	1.0	1.0	1.0	1.0	1.0	1.0	1.0	1.0	1.0	1.0	1.0	0.85	1.0
1406	AT1G11592	SE	1.0	1.0	1.0	1.0	1.0	1.0	1.0	1.0	1.0	1.0	1.0	1.0	0.734	1.0
1407	AT1G09195	SE	1.0	1.0	1.0	1.0	1.0	1.0	1.0	1.0	0.667	1.0	1.0	1.0	0.833	1.0
1408	AT1G09195	SE	1.0	1.0	1.0	1.0	1.0	1.0	0.692	1.0	1.0	1.0	1.0	1.0	1.0	1.0
1409	AT1G09195	SE	1.0	1.0	1.0	1.0	1.0	1.0	1.0	0.868	1.0	1.0	1.0	1.0	1.0	1.0
1410	AT1G09195	SE	1.0	1.0	1.0	1.0	1.0		1.0	0.74	1.0	1.0	1.0	1.0	1.0	1.0
1411	AT5G28080	SE		1.0	1.0	1.0		1.0	1.0	1.0		1.0	0.666	1.0	0.499	
1412	AT5G28080	SE			1.0	1.0	1.0	1.0	1.0	1.0	0.399	1.0	1.0	1.0	1.0	1.0
1415	AT1G50140	SE	0.571	0.693	0.533	0.541	0.46	0.727	0.262	0.672	0.571	0.415	0.629	0.615	0.695	0.545
1416	AT4G02210	SE	1.0	1.0	1.0	1.0	1.0	1.0	1.0	1.0	1.0	1.0	0.959	1.0	1.0	1.0
1417	AT1G50510	SE	1.0	1.0	1.0	1.0	1.0	1.0	1.0	1.0	1.0	1.0	0.965	1.0	1.0	1.0
1418	AT1G03905	SE	1.0	1.0		0.0	1.0		1.0	0.333	1.0	0.0	0.25	0.0	0.333	0.0
1419	AT4G13350	SE	1.0	1.0	1.0	1.0	1.0	1.0	1.0	1.0	1.0	1.0	1.0	1.0	0.987	1.0
1420	AT1G14270	SE	1.0	1.0	1.0	1.0	1.0	1.0	1.0	1.0	1.0	1.0	0.966	1.0	1.0	1.0
1421	AT1G71190	SE	1.0	0.892	1.0	1.0	1.0	1.0	0.975	1.0	0.923	1.0	0.971	1.0	1.0	0.84
1422	AT3G29100	SE	0.333	0.0	0.5	0.368	1.0	1.0	0.5	0.692		0.0	0.667	1.0	0.467	1.0
1423	AT4G15470	SE	1.0	1.0	1.0	0.997	1.0	1.0	1.0	1.0	1.0	1.0	1.0	1.0	1.0	1.0
1424	AT1G08110	SE	0.326	0.458	0.259	0.434	0.452	0.265	0.394	0.345	0.344	0.382	0.459	0.367	0.365	0.414
1425	AT1G24260	SE	1.0	1.0	1.0	0.955	1.0	1.0	1.0	1.0	0.885	1.0	0.911	1.0	0.84	1.0
1426	AT1G06290	SE	1.0	0.969	1.0	1.0	0.975	1.0	1.0	1.0	1.0	1.0	1.0	0.975	0.967	1.0
1427	AT5G44100	SE	1.0	1.0	1.0	1.0	1.0	1.0	1.0	1.0	1.0	0.9	1.0	1.0	1.0	1.0
1428	AT1G45249	SE	0.0	0.0	0.115	0.233	0.0	0.09	0.0	0.059	0.0	0.0	0.0	0.0	0.0	0.41
1431	AT5G20180	SE	0.0	0.0	0.057	0.021	0.04	0.091	0.05	0.0	0.0	0.0	0.037	0.0	0.0	0.232
1432	AT1G31360	SE	1.0	1.0	1.0	1.0	1.0		0.855	0.695	1.0	1.0	0.843	1.0	0.682	1.0
1433	AT3G58750	SE	1.0	1.0	1.0	1.0	1.0	1.0	0.986	1.0	1.0	1.0	0.989	1.0	1.0	1.0
1434	AT3G16260	SE	1.0	1.0	1.0	1.0	1.0	0.556	1.0	1.0	1.0	1.0	1.0	1.0	1.0	1.0
1435	AT1G30220	SE	1.0	1.0	1.0	1.0		1.0	1.0	1.0	1.0		1.0	1.0	1.0	0.0
1437	AT1G08720	SE	1.0	1.0	0.911	1.0	1.0	1.0	1.0	1.0	1.0	1.0	1.0	1.0	1.0	1.0
1439	AT2G38780	SE	0.0	0.0	0.0	0.0	0.0	0.0	0.0	0.0	0.0	0.0	0.0	0.115	0.0	0.0
1440	AT1G14820	SE	1.0	1.0	1.0	0.915	1.0	1.0	0.939	0.939	0.619	1.0	1.0	1.0	1.0	1.0
1441	AT1G14820	SE	1.0	1.0	1.0	0.862	1.0	1.0	0.857	0.857	0.333	1.0	1.0	1.0	1.0	1.0
1442	AT2G18250	SE	1.0	0.902	1.0	1.0	1.0	1.0	1.0	1.0	1.0	1.0	1.0	1.0	1.0	1.0
1443	AT2G34310	SE	0.091	0.091	0.184	0.097	0.032	0.125	0.213	0.263	0.021	0.182	0.267	0.049	0.148	0.083
1444	AT2G34310	SE	0.0	0.0	0.076	0.055	0.035	0.135	0.17	0.135	0.023	0.0	0.069	0.054	0.078	0.047
1445	AT5G11210	SE							1.0		0.0					
1447	AT5G27760	SE	1.0	1.0	1.0	1.0	1.0	1.0	1.0	1.0	0.926	1.0	0.971	1.0	1.0	1.0
1448	AT5G10140	SE	0.0	0.0	0.0	0.0	0.0	0.0	0.021	0.0	0.0	0.0	0.0	0.0	0.0	0.0
1449	AT5G10140	SE	1.0	1.0	1.0	1.0	1.0	1.0	1.0	0.952	1.0	1.0	1.0	1.0	1.0	1.0
1450	AT1G63290	SE	1.0	1.0	1.0	1.0	1.0	0.894	1.0	0.97	1.0	1.0	1.0	0.954	1.0	1.0
1452	AT1G19800	SE	0.2	0.5	0.217	0.12	0.333	1.0	0.241	0.048	0.167	0.556	0.111	1.0	0.077	0.0
1453	AT1G19800	SE	0.2	0.4	0.25	0.185	0.429	1.0	0.241	0.13	0.286	0.5	0.226	1.0	0.163	0.091
1454	AT1G69510	SE	1.0	1.0	1.0	1.0	1.0	1.0	1.0	1.0	1.0	1.0	1.0	1.0	0.996	1.0
1455	AT1G69510	SE	1.0	1.0	1.0	1.0	1.0	1.0	1.0	1.0	1.0	1.0	1.0	1.0	0.997	1.0
1456	AT1G60860	SE	1.0	1.0	1.0	1.0	1.0		0.647	1.0		1.0	1.0	1.0	1.0	1.0
1457	AT1G60860	SE	1.0	1.0	1.0	1.0	1.0		1.0	1.0	0.507	1.0	1.0	1.0	1.0	1.0
1458	AT5G45170	SE	1.0	1.0	1.0	1.0	1.0	1.0	0.932	1.0	1.0	1.0	1.0	1.0	1.0	1.0
1459	AT5G45170	SE	1.0	1.0	1.0	0.96	1.0	1.0	1.0	1.0	1.0	1.0	1.0	1.0	1.0	1.0
1461	AT1G63260	SE	1.0	1.0	1.0	1.0	1.0	1.0	1.0	0.947	1.0	1.0	1.0	1.0	0.911	1.0
1462	AT1G44125	SE		1.0	0.8	1.0	1.0		0.846	1.0	1.0	1.0	1.0	0.2	1.0	1.0
1463	AT1G20640	SE	1.0	1.0	1.0	1.0	1.0		1.0	1.0		1.0	0.718	1.0	1.0	1.0
1464	AT1G20640	SE		1.0							1.0		0.0			
1465	AT5G62500	SE	1.0	1.0	1.0	1.0	1.0	1.0	1.0	1.0	1.0	1.0	1.0	1.0	0.862	1.0
1466	AT4G33000	SE	1.0	1.0	1.0	0.972	1.0	1.0	0.948	1.0	1.0	1.0	1.0	1.0	0.938	1.0
1467	AT1G69410	SE	0.972	1.0	1.0	1.0	1.0	1.0	0.984	1.0	1.0	1.0	0.984	1.0	1.0	1.0
1468	AT1G16890	SE	1.0	1.0	1.0	1.0	1.0	1.0	1.0	1.0	0.992	1.0	1.0	1.0	1.0	0.99
1469	AT1G21060	SE	1.0	1.0	0.976	1.0	1.0	1.0	1.0	1.0	1.0	1.0	1.0	1.0	1.0	1.0
1470	AT1G21060	SE	1.0	1.0	0.869	1.0	1.0	1.0	1.0	1.0	1.0	1.0	1.0	1.0	1.0	1.0
1471	AT1G18180	SE		1.0	1.0	1.0			1.0	1.0		0.622	1.0	1.0	0.622	1.0
1472	AT2G43500	SE			0.0			0.0		0.248			0.397			
1474	AT5G08450	SE	1.0	1.0	1.0	1.0	1.0	1.0	1.0	0.945	1.0	1.0	1.0	1.0	1.0	1.0
1475	AT5G39380	SE			0.0	0.154	0.0	0.0	1.0	0.0	0.0	0.0	1.0		0.354	0.523
1476	AT1G55535	SE	1.0	1.0	1.0	0.904	1.0	1.0	1.0	1.0	1.0	1.0	1.0	1.0	1.0	1.0
1478	AT1G78670	SE	1.0	1.0	1.0	1.0	1.0	1.0	1.0	1.0	1.0	0.982	1.0	0.989	1.0	1.0
1479	AT5G61240	SE	1.0	1.0	1.0	1.0	1.0	1.0	0.987	0.984	1.0	1.0	1.0	1.0	1.0	1.0
1480	AT1G69020	SE	1.0	1.0	0.542	1.0		1.0	1.0	0.0	1.0		1.0	1.0	1.0	
1481	AT1G21610	SE	1.0	1.0	1.0	1.0	1.0	1.0	1.0	0.97	1.0	1.0	1.0	1.0	1.0	1.0
1482	AT1G67630	SE	1.0	1.0	1.0	1.0	1.0	1.0	1.0	1.0		1.0	1.0	1.0	0.871	1.0
1483	AT1G35510	SE	1.0	1.0	1.0	1.0	1.0	1.0	1.0	1.0	0.846	1.0	1.0	1.0	1.0	1.0
1485	AT3G52140	SE	1.0	1.0	1.0	1.0	1.0	1.0	0.979	0.978	1.0	1.0	1.0	1.0	1.0	1.0
1488	AT1G18270	SE	1.0	0.992	1.0	1.0	1.0	1.0	1.0	1.0	1.0	1.0	1.0	1.0	1.0	1.0
1489	AT1G18700	SE	1.0	1.0	1.0	0.953	1.0	1.0	0.974	1.0	1.0	1.0	1.0	1.0	1.0	1.0
1490	AT4G06599	SE	1.0	1.0	1.0	1.0	1.0	1.0	1.0	0.896	1.0	1.0	1.0	1.0	1.0	1.0
1491	AT3G61690	SE	1.0	1.0	0.929	1.0	1.0	1.0	0.903	0.911	1.0	1.0	0.707	1.0	0.86	1.0
1492	AT1G21720	SE	1.0	1.0	1.0	1.0	1.0	1.0	0.971	1.0	1.0	1.0	1.0	1.0	1.0	1.0
1493	AT1G52700	SE	1.0	1.0	1.0		1.0	0.333	1.0	1.0			1.0	1.0	1.0	1.0
1494	AT5G24230	SE	1.0	1.0	1.0	1.0	0.333		1.0	1.0	1.0	1.0	1.0	1.0	1.0	1.0
1495	AT5G24230	SE	1.0	1.0	1.0	1.0	0.333		1.0	1.0		1.0	1.0	1.0	1.0	1.0
1496	AT5G18140	SE	1.0	1.0	1.0	1.0	1.0	1.0	1.0	1.0	1.0	1.0	1.0	1.0	0.983	1.0
1497	AT1G18730	SE	1.0	1.0	1.0	1.0	1.0	1.0	1.0	1.0	1.0	1.0	1.0	0.926	1.0	1.0
1498	AT1G18730	SE	1.0	1.0	1.0	1.0	1.0	1.0	1.0	1.0	1.0	1.0	1.0	0.923	1.0	1.0
1499	AT1G18730	SE	0.0	0.0	0.0	0.025	0.0	0.0	0.0	0.0	0.0	0.03	0.035	0.0	0.0	0.0
1500	AT1G48175	SE	1.0	1.0	1.0	1.0	0.57	0.499	1.0	0.896	1.0	1.0	1.0	1.0	1.0	1.0
1502	AT1G73960	SE	1.0	1.0	1.0	0.933	1.0	1.0	1.0	1.0	1.0	1.0	1.0	1.0	1.0	1.0
1503	AT1G09840	SE	1.0	1.0	1.0	1.0	1.0	1.0	1.0	0.933	1.0	1.0	1.0	1.0	1.0	1.0
1504	AT1G09840	SE	1.0	1.0	1.0	1.0	1.0	1.0	1.0	0.932	1.0	1.0	1.0	1.0	1.0	1.0
1506	AT1G49590	SE	0.231	0.188	0.231	0.198	0.783	0.706	0.247	0.25	0.31	0.34	0.231	0.425	0.194	0.375
1507	AT3G53760	SE	1.0	1.0	1.0	0.867	1.0	1.0	1.0	1.0	1.0	1.0	1.0	1.0	1.0	1.0
1508	AT1G03920	SE		1.0	1.0	1.0				1.0	1.0	0.5	1.0			
1509	AT1G11950	SE	1.0	1.0	1.0	1.0	1.0	1.0	1.0	0.896	1.0	1.0	1.0	1.0	1.0	1.0
1510	AT1G05230	SE	1.0	0.0	0.333	0.294	0.667	0.167	0.5	0.636	0.333	1.0	0.273	0.0	0.625	0.0
1511	AT1G05230	SE	1.0		1.0	1.0	1.0	1.0	1.0	0.8	1.0	1.0	1.0	0.333	0.857	
1512	AT1G05230	SE	1.0		1.0	1.0	1.0	1.0	1.0	0.5	1.0		1.0	0.333	0.5	
1513	AT1G05230	SE	1.0		1.0	1.0		1.0	1.0	0.667	1.0		1.0	0.333	0.5	1.0
1514	AT1G05230	SE	1.0	1.0	1.0	1.0	1.0	1.0	1.0	0.65	1.0		1.0	0.713	0.756	1.0
1515	AT3G05545	SE	1.0	1.0	1.0	1.0	1.0	1.0	1.0	1.0	1.0	1.0	1.0	1.0	1.0	0.834
1516	AT3G05545	SE	1.0	1.0	1.0	1.0	1.0	1.0	1.0	0.937	1.0	1.0	1.0	1.0	1.0	1.0
1517	AT1G66920	SE	1.0		1.0	1.0		1.0	1.0				1.0		1.0	0.431
1518	AT5G13820	SE	1.0	1.0	1.0	1.0	1.0	1.0	1.0	1.0	1.0	1.0	0.859	1.0	1.0	1.0
1519	AT1G23400	SE	1.0	1.0	1.0	1.0	1.0	1.0	0.953	1.0	1.0	1.0	1.0	1.0	1.0	0.892
1521	AT2G38255	SE		1.0	0.6	0.5	1.0		0.429	0.429	0.333			1.0	1.0	1.0
1522	AT3G10700	SE	1.0	0.886	1.0	1.0	1.0	1.0	1.0	1.0	1.0	1.0	1.0	1.0	1.0	1.0
1523	AT3G10700	SE	1.0	1.0	1.0	1.0	1.0	1.0	1.0	1.0	1.0	1.0	1.0	1.0	0.963	1.0
1524	AT1G58180	SE	1.0	0.994	1.0	1.0	1.0	1.0	1.0	1.0	1.0	1.0	1.0	1.0	1.0	1.0
1525	AT1G28395	SE	1.0	0.728	1.0	0.811	1.0	0.349	0.789	0.472	1.0	0.517	0.446	0.446	0.882	0.349
1526	AT1G28395	SE	0.616	1.0	0.446	1.0	0.517	0.349	0.616	0.682	1.0	0.616	0.616	0.517	0.682	1.0
1527	AT1G28395	SE	0.244	1.0	0.564	1.0	0.492	0.66	0.393	0.618		0.764	0.764	0.618	0.764	1.0
1528	AT1G28395	SE	0.393	0.301	0.531	1.0	0.447	1.0	0.795	0.341		0.795	0.721	0.564	0.819	0.0
1529	AT1G77470	SE	1.0	1.0	0.862	1.0	1.0	1.0	1.0	1.0	1.0	1.0	1.0	1.0	1.0	1.0
1530	AT3G28970	SE	1.0	1.0	0.939	0.917	1.0	0.846	1.0	1.0	1.0	1.0	1.0	1.0	1.0	1.0
1531	AT1G33265	SE	1.0	1.0	1.0	1.0	0.865	1.0	1.0	1.0	1.0	1.0	1.0	1.0	0.948	1.0
1532	AT4G36970	SE	1.0	1.0	1.0	1.0	1.0	1.0	0.978	1.0	1.0	1.0	1.0	1.0	1.0	1.0
1533	AT1G24350	SE	0.0	0.0	0.023	0.08	0.0	0.0	0.0	0.05	0.0	0.0	0.0	0.022	0.0	0.067
1535	AT1G17580	SE	1.0	1.0	1.0	1.0	1.0	1.0	0.952	1.0	1.0	1.0	1.0	1.0	1.0	1.0
1536	AT3G01690	SE	1.0	0.994	0.99	1.0	1.0	1.0	0.996	1.0	1.0	0.989	1.0	1.0	1.0	1.0
1537	AT1G24510	SE	1.0	1.0	1.0	1.0	1.0	1.0	1.0	1.0	1.0	1.0	1.0	0.981	1.0	1.0
1538	AT5G42080	SE	1.0	0.992	1.0	1.0	1.0	1.0	1.0	1.0	1.0	1.0	1.0	1.0	1.0	1.0
1539	AT5G27730	SE	1.0	1.0	0.787	1.0	1.0	1.0	0.937	1.0	1.0	1.0	1.0	1.0	1.0	1.0
1542	AT1G01950	SE	1.0	1.0	1.0	1.0	1.0	1.0	1.0	1.0	1.0	1.0	1.0	1.0	0.9	1.0
1543	AT2G14045	SE	1.0	1.0	1.0	1.0	1.0	1.0	0.978	1.0	1.0	1.0	1.0	1.0	1.0	1.0
1544	AT1G07350	SE	0.667	0.5	0.472	0.639	0.5	0.692	0.73	0.463	0.579	0.444	0.576	0.622	0.737	0.538
1545	AT1G07350	SE	1.0	1.0	1.0	1.0	1.0	1.0	0.982	1.0	1.0	1.0	1.0	1.0	1.0	1.0
1547	AT5G40540	SE	1.0	1.0	0.917	1.0	1.0	1.0	0.929	1.0	1.0	1.0	1.0	1.0	1.0	1.0
1549	AT3G23900	SE	1.0	1.0	1.0	1.0	1.0	1.0	0.957	1.0	1.0	1.0	1.0	1.0	0.926	1.0
1550	AT3G23900	SE	1.0	1.0	1.0	1.0	1.0	1.0	0.941	1.0	1.0	1.0	1.0	1.0	0.892	1.0
1551	AT1G26440	SE	1.0	1.0	1.0	1.0	1.0	1.0	0.873	1.0	1.0	1.0	1.0	1.0	1.0	0.839
1552	AT1G26450	SE	0.889	1.0	1.0	1.0	1.0	1.0	1.0	1.0	1.0	1.0	1.0	1.0	1.0	1.0
1553	AT3G22290	SE	1.0	1.0	1.0	1.0	1.0	1.0	1.0	1.0	1.0	1.0	1.0	0.976	1.0	1.0
1554	AT1G26665	SE	1.0	1.0	1.0	1.0	1.0	0.989	1.0	1.0	1.0	1.0	1.0	1.0	1.0	1.0
1555	AT1G26670	SE	1.0	1.0	1.0	1.0	1.0	1.0	1.0	1.0	1.0	1.0	0.997	1.0	1.0	1.0
1556	AT1G19880	SE	1.0	1.0	1.0	1.0	1.0	1.0	0.925	1.0	1.0	1.0	1.0	1.0	1.0	1.0
1557	AT1G19880	SE	0.953	1.0	1.0	1.0	1.0	1.0	1.0	1.0	1.0	1.0	1.0	1.0	0.98	1.0
1558	AT1G53450	SE	1.0	1.0	1.0	1.0	1.0	1.0	1.0	1.0	1.0	1.0	1.0	1.0	0.958	1.0
1560	AT1G75980	SE	1.0	1.0	0.72	1.0	1.0	1.0	1.0	1.0	1.0	1.0	1.0	1.0	1.0	1.0
1561	AT1G27180	SE	1.0	1.0	0.2	1.0		1.0	1.0	1.0	1.0	1.0	1.0	1.0	1.0	1.0
1562	AT1G47330	SE	1.0	1.0	1.0	1.0	1.0	1.0	0.935	1.0	1.0	1.0	0.935	1.0	1.0	1.0
1563	AT5G23490	SE	1.0	1.0	1.0	1.0	1.0	1.0	1.0	0.942	1.0	1.0	1.0	1.0	1.0	1.0
1564	AT5G05080	SE	1.0	1.0	1.0	1.0	1.0	1.0	1.0	1.0	1.0	0.982	1.0	1.0	1.0	0.989
1565	AT1G27320	SE	1.0	1.0	1.0	1.0	1.0	1.0	1.0	1.0	1.0	1.0	1.0	0.976	1.0	1.0
1566	AT5G04560	SE	1.0	1.0	1.0	1.0	1.0	1.0	0.949	1.0	1.0	1.0	1.0	1.0	1.0	1.0
1567	AT5G66290	SE	1.0	0.905	1.0	1.0	1.0	1.0	0.967	1.0	1.0	1.0	1.0	1.0	1.0	1.0
1568	AT3G04920	SE	0.991	1.0	1.0	1.0	1.0	1.0	1.0	1.0	1.0	1.0	1.0	1.0	1.0	1.0
1569	AT2G39400	SE	1.0	1.0	1.0	1.0	1.0	1.0	1.0	1.0	1.0	1.0	1.0	0.981	1.0	1.0
1570	AT1G19860	SE	0.2	0.059	0.0	0.048	0.0	1.0	0.2	0.294	0.0	0.0	0.161	0.231	0.111	0.077
1571	AT1G27595	SE	1.0	1.0	1.0	1.0	1.0	1.0	1.0	1.0	1.0	0.818	1.0	1.0	1.0	1.0
1572	AT1G27630	SE	0.667	0.636	0.538	0.429	0.31	0.333	0.613	0.444	0.5	0.2	0.474	0.294	0.486	0.6
1573	AT5G22780	SE	1.0	1.0	1.0	1.0	1.0	1.0	1.0	1.0	0.882	1.0	1.0	1.0	1.0	1.0
1574	AT3G11560	SE	1.0	1.0	1.0	1.0	1.0	0.982	1.0	0.985	0.984	1.0	1.0	1.0	1.0	1.0
1576	AT1G54110	SE	1.0	0.857	0.8	1.0	1.0	1.0	1.0	1.0	1.0	1.0	1.0	1.0	1.0	1.0
1580	AT5G36180	SE	1.0	1.0	0.383	1.0	1.0		0.872	1.0		1.0	0.63	1.0	1.0	0.756
1581	AT1G30810	SE	1.0	1.0	1.0	1.0	1.0	1.0	1.0	0.889	1.0	1.0	1.0	1.0	1.0	1.0
1582	AT1G30810	SE	1.0	1.0	0.456	0.528	1.0	0.359	1.0	0.157		1.0	1.0	0.0	1.0	1.0
1583	AT5G62890	SE	1.0	1.0	1.0	1.0	1.0	1.0	1.0	0.979	1.0	1.0	1.0	1.0	1.0	1.0
1584	AT1G04160	SE	1.0	1.0	1.0	1.0	1.0		1.0	1.0		1.0	1.0	0.6	1.0	1.0
1585	AT2G25760	SE	1.0	1.0	1.0	1.0	1.0	1.0	1.0	0.914	1.0	1.0	1.0	1.0	1.0	1.0
1586	AT3G55260	SE	1.0	1.0	1.0	0.957	1.0	1.0	1.0	1.0	1.0	1.0	0.891	1.0	0.905	0.905
1587	AT2G38995	SE							0.0					1.0		
1588	AT1G28570	SE	1.0	1.0	1.0	1.0	1.0		0.882	1.0	1.0	1.0	1.0	1.0	1.0	1.0
1589	AT2G13790	SE	1.0	1.0	1.0	1.0	1.0	1.0	1.0	0.958	1.0	1.0	1.0	1.0	1.0	1.0
1590	AT5G27360	SE	1.0	1.0	1.0	1.0	1.0	1.0	1.0	1.0	1.0	1.0	1.0	1.0	1.0	0.924
1591	AT1G67530	SE	1.0	1.0	1.0	1.0	1.0	1.0	1.0	1.0	0.917	1.0	1.0	1.0	1.0	1.0
1592	AT1G28765	SE			1.0	0.667	1.0	1.0		1.0	1.0	1.0	0.429	1.0	1.0	
1593	AT5G63120	SE	0.111	0.333	0.0	0.034	0.0		1.0	0.077	0.0	0.0	0.067	0.364	0.0	0.0
1594	AT1G33360	SE	1.0	1.0	1.0	1.0	1.0	1.0	1.0	1.0	0.846	1.0	1.0	0.889	1.0	1.0
1595	AT3G07215	SE	1.0	1.0	1.0	1.0	1.0	1.0	1.0	1.0	1.0	1.0	0.857	1.0	1.0	1.0
1596	AT1G29220	SE	0.0	0.0	0.0	0.0	0.0	0.0	0.024	0.0	0.0	0.0	0.0	0.0	0.0	0.0
1597	AT3G44050	SE		1.0	1.0	1.0		1.0	1.0	1.0	1.0	1.0	1.0	0.5	1.0	1.0
1598	AT1G32750	SE	1.0	1.0	0.903	0.97	1.0	1.0	1.0	1.0	1.0	1.0	0.877	1.0	1.0	1.0
1599	AT1G29357	SE		1.0	1.0	1.0	1.0		1.0	0.806	1.0	1.0	1.0	1.0	1.0	1.0
1600	AT4G39680	SE	0.945	1.0	1.0	0.961	1.0	1.0	0.97	0.988	1.0	1.0	1.0	0.966	1.0	1.0
1601	AT1G29410	SE	1.0	1.0	0.685	1.0	1.0	1.0	1.0	1.0	1.0	1.0	1.0	1.0	0.926	1.0
1602	AT5G11060	SE	1.0	1.0	1.0	1.0	1.0	1.0	1.0	1.0	1.0	1.0	0.976	1.0	1.0	1.0
1603	AT1G70610	SE	1.0	1.0	1.0	1.0	1.0	1.0	1.0	1.0	1.0	1.0	1.0	0.524	1.0	1.0
1604	AT1G31420	SE	1.0	1.0	0.97	1.0	1.0	1.0	1.0	1.0	1.0	1.0	1.0	1.0	1.0	1.0
1605	AT5G05435	SE	1.0	0.727	0.867	0.933	1.0	1.0	1.0	1.0	1.0	1.0	0.947	0.333	1.0	1.0
1607	AT1G49670	SE	0.842	1.0	0.915	0.739	1.0	1.0	0.924	0.913	1.0	0.953	0.868	0.92	0.908	0.944
1608	AT1G04710	SE	1.0	1.0		1.0	1.0	1.0	0.763	1.0	1.0	1.0	1.0	1.0	1.0	
1609	AT1G23020	SE	1.0	1.0	0.946	1.0	1.0	1.0	1.0	1.0	1.0	1.0	1.0	1.0	1.0	1.0
1610	AT4G27040	SE	1.0	1.0	1.0	1.0	1.0	1.0	1.0	0.947	1.0	1.0	1.0	1.0	1.0	1.0
1611	AT4G27040	SE	1.0	1.0	1.0	1.0	1.0	1.0	1.0	0.929	1.0	1.0	1.0	1.0	1.0	1.0
1612	AT4G27040	SE	1.0	1.0	1.0	1.0	1.0	1.0	0.959	1.0	1.0	1.0	1.0	1.0	1.0	1.0
1613	AT2G06005	SE	1.0	0.13	1.0	1.0	1.0	1.0	1.0	1.0	1.0	1.0	1.0	1.0	1.0	1.0
1614	AT1G63640	SE	1.0	1.0	1.0	1.0	1.0	1.0	1.0	1.0	1.0	1.0	1.0	0.9	1.0	1.0
1615	AT5G59480	SE	1.0	1.0	1.0	1.0	1.0	1.0	1.0	0.965	1.0	1.0	0.971	1.0	1.0	1.0
1616	AT5G59480	SE	1.0	1.0	1.0	0.902	1.0	1.0	1.0	1.0	1.0	1.0	1.0	1.0	1.0	1.0
1617	AT1G14350	SE	1.0	1.0	1.0	0.902	1.0	1.0	1.0	1.0	1.0	1.0	1.0	1.0	1.0	1.0
1619	AT1G77310	SE	1.0	1.0	1.0	1.0	1.0	1.0	1.0		1.0		1.0	1.0	0.333	1.0
1620	AT1G30680	SE	1.0	1.0	1.0	1.0	1.0		1.0	1.0	1.0	0.778	1.0	1.0	1.0	1.0
1622	AT1G08820	SE	0.0	0.0	0.0	0.026	0.0	0.0	0.0	0.059	0.0	0.0	0.0	0.0	0.0	0.0
1623	AT3G10250	SE	0.852	1.0	1.0	1.0	1.0	1.0	1.0	1.0	1.0	1.0	1.0	1.0	1.0	1.0
1624	AT3G10250	SE	0.826	1.0	1.0	1.0	1.0	1.0	1.0	1.0	1.0	1.0	1.0	1.0	1.0	1.0
1625	AT5G47435	SE	1.0	1.0	1.0	0.984	1.0	1.0	0.991	1.0	1.0	1.0	1.0	1.0	1.0	1.0
1626	AT5G48640	SE	1.0	1.0	0.758	1.0	1.0	1.0	1.0	1.0		1.0	1.0	1.0	1.0	1.0
1627	AT5G48640	SE	1.0	1.0	0.857	1.0	1.0	1.0	1.0	1.0	1.0	1.0	1.0	1.0	1.0	1.0
1628	AT5G48640	SE	0.723	1.0	1.0	1.0	1.0	1.0	1.0	1.0	1.0	1.0	1.0	1.0	1.0	1.0
1629	AT5G18650	SE	1.0	1.0	1.0	0.999	1.0	1.0	0.997	1.0	1.0	1.0	1.0	1.0	0.998	1.0
1630	AT5G07100	SE	0.979	1.0	1.0	1.0	1.0	1.0	1.0	1.0	1.0	1.0	1.0	1.0	0.983	0.969
1631	AT1G48260	SE	1.0	1.0	1.0	1.0	1.0	1.0	0.891	1.0	1.0	1.0	0.821	1.0	1.0	1.0
1632	AT2G31660	SE	1.0	1.0	1.0	1.0	1.0	1.0	1.0	1.0	1.0	0.929	1.0	1.0	1.0	1.0
1633	AT1G15740	SE	1.0	1.0	1.0	1.0	1.0	1.0	1.0	1.0	1.0	1.0	1.0	0.978	1.0	1.0
1634	AT1G15740	SE	0.983	1.0	1.0	1.0	1.0	1.0	1.0	1.0	1.0	1.0	1.0	1.0	1.0	1.0
1635	AT3G27300	SE	1.0	1.0	1.0	0.927	1.0	1.0	1.0	1.0	1.0	1.0	1.0	1.0	0.934	1.0
1636	AT3G27300	SE	0.0	0.1	0.133	0.1	0.0	0.556	0.211	0.13	0.185	0.0	0.067	0.182	0.0	0.176
1637	AT1G17690	SE	1.0	1.0	1.0	1.0	1.0	0.867	1.0	1.0	1.0	1.0	1.0	1.0	1.0	1.0
1638	AT1G13450	SE	1.0	1.0	1.0	1.0	1.0	1.0	1.0	1.0	1.0	1.0	0.968	1.0	1.0	1.0
1639	AT1G25540	SE	1.0	1.0	1.0	1.0	1.0	1.0	1.0	0.937	1.0	1.0	1.0	1.0	1.0	1.0
1640	AT3G58120	SE	1.0	1.0	1.0	1.0	1.0	1.0	1.0	0.975	1.0	1.0	1.0	1.0	1.0	1.0
1641	AT3G58120	SE	1.0	1.0	1.0	1.0	1.0	1.0	1.0	0.989	1.0	1.0	1.0	1.0	1.0	1.0
1644	AT1G28960	SE	1.0	1.0	0.974	0.993	1.0	1.0	1.0	1.0	1.0	1.0	1.0	1.0	1.0	1.0
1645	AT1G67060	SE	1.0	1.0	0.957	1.0	0.917	1.0	1.0	1.0	1.0	1.0	1.0	1.0	1.0	1.0
1646	AT1G67060	SE	1.0	1.0	1.0	0.949	1.0	1.0	1.0	1.0	1.0	1.0	1.0	1.0	1.0	0.913
1647	AT5G51820	SE	1.0	1.0	1.0	1.0	1.0	1.0	1.0	1.0	1.0	1.0	0.918	1.0	1.0	1.0
1651	AT1G15270	SE	1.0	0.994	1.0	0.996	1.0	1.0	0.991	1.0	1.0	1.0	1.0	1.0	0.998	1.0
1652	AT1G03290	SE	0.061	0.246	0.106	0.231	0.262	0.0	0.121	0.395	0.157	0.075	0.131	0.179	0.068	0.0
1653	AT4G33140	SE	1.0	1.0	1.0	1.0	1.0	1.0	0.882	1.0	1.0	1.0	1.0	1.0	1.0	1.0
1654	AT3G55080	SE	1.0	0.429	1.0	0.882	1.0	1.0	1.0	0.75	1.0	1.0	1.0	1.0	1.0	1.0
1655	AT3G55080	SE	0.5	0.667	0.529	0.75	1.0	0.333	1.0	0.92	1.0	0.789	0.92	1.0	0.786	1.0
1656	AT2G45023	SE	1.0	1.0	1.0	1.0	1.0	1.0	0.928	1.0	1.0	1.0	0.85	1.0	1.0	1.0
1657	AT2G45023	SE	1.0	1.0	1.0	1.0	1.0	1.0	0.9	1.0	1.0	1.0	0.6	1.0	1.0	1.0
1658	AT2G45023	SE	1.0	1.0	1.0	1.0	1.0		1.0	0.824	1.0	1.0	1.0	1.0	1.0	1.0
1659	AT2G02180	SE	1.0	1.0	0.963	1.0	1.0	1.0	1.0	1.0	1.0	1.0	1.0	1.0	1.0	1.0
1660	AT1G52370	SE	1.0	1.0	1.0	0.935	1.0	1.0	1.0	1.0	1.0	1.0	1.0	1.0	1.0	1.0
1661	AT1G52370	SE	1.0	1.0	0.778	1.0	1.0	1.0	1.0	1.0	1.0	1.0	1.0	1.0	1.0	1.0
1662	AT3G12100	SE	1.0	1.0	1.0	1.0	1.0	1.0	1.0	0.889	1.0	1.0	1.0	1.0	1.0	1.0
1665	AT3G13870	SE	1.0	1.0	1.0	1.0	1.0	1.0	1.0	0.981	1.0	1.0	1.0	1.0	1.0	1.0
1667	AT1G03620	SE	0.667	0.333	1.0	0.667	1.0	1.0	0.556	1.0	1.0	1.0	0.0	0.5	0.6	1.0
1668	AT1G03620	SE	0.389	0.459	1.0	0.389	1.0		0.614	1.0		1.0	0.56	0.175	0.389	
1669	AT1G03620	SE	0.0	0.289	1.0	0.0	1.0		0.478	1.0	1.0	1.0	0.549	0.0	0.0	1.0
1670	AT1G34210	SE	1.0	1.0	1.0	1.0	1.0	1.0	1.0	1.0	1.0	1.0	1.0	1.0	1.0	0.75
1672	AT5G16260	SE	1.0	1.0	1.0	1.0	1.0	1.0	1.0	1.0	1.0	0.92	1.0	1.0	1.0	1.0
1676	AT3G25660	SE	1.0	1.0	1.0	1.0	1.0	1.0	1.0	1.0	1.0	1.0	0.965	1.0	1.0	1.0
1677	AT1G34570	SE	1.0	1.0	1.0	1.0		1.0	1.0	1.0	1.0	1.0	0.795	1.0	0.893	1.0
1678	AT1G13000	SE	0.0	0.0	0.0	0.041	0.0	0.0	0.079	0.032	0.0	0.1	0.106	0.04	0.133	0.0
1679	AT3G51610	SE	1.0	1.0	0.968	1.0	1.0	1.0	1.0	1.0	1.0	1.0	1.0	1.0	1.0	1.0
1680	AT1G64710	SE	1.0	1.0	1.0	0.978	1.0	1.0	1.0	1.0	1.0	1.0	1.0	1.0	1.0	1.0
1681	AT3G05345	SE	1.0	1.0	0.749	1.0	1.0	0.0	1.0	1.0	1.0		1.0	1.0	0.869	1.0
1682	AT4G26240	SE	1.0	1.0	1.0	1.0	1.0	1.0	1.0	1.0	1.0	0.698	1.0	1.0	1.0	1.0
1683	AT1G19080	SE	1.0	0.667	0.5	0.6	1.0	0.333	0.565	0.636	0.2	0.2	0.5	0.818	1.0	1.0
1685	AT1G63770	SE	0.043	0.033	0.043	0.042	0.055	0.013	0.034	0.029	0.048	0.019	0.037	0.028	0.04	0.078
1686	AT1G63770	SE	1.0	0.944	0.956	0.918	1.0	1.0	0.948	0.949	0.799	0.936	0.973	0.98	0.971	0.929
1687	AT3G54880	SE	1.0	0.968	1.0	1.0	1.0	1.0	1.0	0.993	0.987	1.0	1.0	0.976	1.0	1.0
1688	AT3G54880	SE	1.0	1.0	1.0	1.0	1.0	1.0	0.99	1.0	1.0	1.0	1.0	1.0	1.0	1.0
1689	AT1G43190	SE	1.0	1.0	1.0	1.0	1.0	1.0	1.0	1.0	0.938	1.0	0.968	0.947	1.0	0.933
1690	AT5G03830	SE	0.167	0.0	0.034	0.0	0.077	0.0	0.095	0.067	0.0	0.0	0.083	0.176	0.118	0.429
1691	AT5G03830	SE	0.091	0.0	0.034	0.073	0.077	0.333	0.073	0.125	0.091	0.0	0.083	0.125	0.118	0.429
1692	AT1G18070	SE	1.0	1.0	1.0	1.0	1.0	1.0	0.986	1.0	1.0	1.0	1.0	1.0	1.0	1.0
1693	AT3G05670	SE	1.0	0.867	1.0	1.0	1.0	1.0	1.0	1.0	1.0	1.0	1.0	1.0	1.0	1.0
1694	AT5G01290	SE	1.0	1.0	1.0	1.0	1.0	1.0	1.0	0.878	1.0	1.0	1.0	1.0	1.0	1.0
1695	AT1G26130	SE	1.0	1.0	1.0	0.532	0.0		1.0	1.0	1.0	1.0	0.362	1.0	0.893	1.0
1697	AT5G24810	SE	1.0	1.0	1.0	1.0	1.0	1.0	1.0	1.0	1.0	1.0	1.0	0.857	1.0	1.0
1698	AT5G45260	SE	1.0	1.0	1.0	1.0	1.0	1.0	0.913	1.0	1.0	1.0	1.0	1.0	1.0	1.0
1699	AT1G04490	SE		0.366									1.0			
1700	AT3G03560	SE	1.0	1.0	1.0	0.892	1.0	1.0	1.0	1.0	1.0	1.0	1.0	1.0	1.0	1.0
1701	AT1G43620	SE	1.0	1.0	0.692	0.565	0.714	1.0	1.0	0.818	0.6	1.0	0.692	1.0	0.412	1.0
1702	AT1G43620	SE	1.0	1.0	0.636	0.565	0.6	1.0	1.0	0.833	0.5	1.0	0.692	1.0	0.412	1.0
1703	AT3G53930	SE	1.0	1.0	1.0	0.924	1.0	1.0	1.0	1.0	1.0	1.0	1.0	1.0	1.0	
1704	AT5G06770	SE	0.524	1.0	0.815	0.506	0.355		0.713	0.524	0.524	0.355	0.167	1.0	0.794	0.355
1705	AT3G47420	SE	0.0	0.0	0.0	0.0	0.0	0.0	0.0	0.0	0.0	0.0	0.0	0.0	0.021	0.0
1706	AT3G28050	SE	1.0	0.979	1.0	0.978	1.0	0.885	1.0	1.0	0.983	1.0	1.0	1.0	0.982	0.979
1707	AT1G18630	SE	1.0	1.0	1.0	1.0	1.0		0.8	1.0	1.0	1.0	1.0	1.0	1.0	1.0
1708	AT1G03960	SE	0.0	1.0	0.851	0.873		0.0	0.364	0.589		1.0	0.534	0.364	1.0	1.0
1709	AT1G03960	SE	0.0		0.719	0.562		0.0	0.243	0.49		1.0	0.243	0.391	1.0	1.0
1714	AT1G07705	SE	1.0	1.0	1.0	1.0	1.0	1.0	1.0	1.0	1.0	1.0	0.6	1.0	0.795	0.455
1715	AT3G10380	SE	1.0	1.0	1.0	1.0	1.0	1.0	1.0	0.988	1.0	1.0	1.0	1.0	1.0	1.0
1716	AT3G59300	SE	1.0	1.0	1.0	0.905	1.0	1.0	1.0	0.818	0.889	1.0	1.0	1.0	0.889	1.0
1718	AT5G48370	SE	1.0	1.0	1.0	1.0	1.0	1.0	1.0	1.0	1.0	0.714	1.0	1.0	1.0	1.0
1719	AT4G19020	SE	1.0	0.804	1.0	1.0	1.0		1.0	1.0		1.0	1.0	1.0	1.0	1.0
1720	AT3G51820	SE	1.0	1.0	1.0	1.0	1.0	1.0	1.0	1.0	1.0	1.0	1.0	1.0	0.909	1.0
1721	AT3G60130	SE	1.0	1.0	1.0	1.0	1.0	1.0	1.0	1.0	1.0	1.0	0.986	1.0	1.0	1.0
1722	AT5G65685	SE	0.882	1.0	0.935	0.975	0.829	0.846	0.789	0.927	1.0	1.0	0.877	0.83	0.964	1.0
1723	AT5G65685	SE	1.0	1.0	1.0	0.96	1.0	1.0	1.0	1.0	1.0	1.0	1.0	1.0	0.946	1.0
1724	AT5G65685	SE	1.0	1.0	1.0	0.912	1.0	1.0	1.0	1.0	1.0	1.0	1.0	1.0	0.828	1.0
1725	AT5G65685	SE	1.0	0.636	1.0	1.0	1.0	1.0	1.0	1.0	0.714	1.0	1.0	0.571	1.0	1.0
1726	AT5G01950	SE	1.0	1.0	1.0	1.0	1.0	1.0	1.0	1.0	1.0	1.0	0.667	1.0	1.0	1.0
1727	AT3G01490	SE	1.0	1.0	0.955	1.0	1.0	1.0	1.0	1.0	1.0	1.0	1.0	1.0	1.0	1.0
1728	AT1G48430	SE	1.0	1.0	1.0	0.922	1.0	1.0	1.0	1.0	1.0	1.0	1.0	1.0	1.0	1.0
1729	AT2G26280	SE	1.0	1.0	1.0	1.0	1.0	1.0	1.0	0.956	1.0	1.0	1.0	1.0	1.0	1.0
1731	AT5G49880	SE	1.0	1.0	1.0	1.0	1.0	1.0	1.0	1.0	1.0	1.0	1.0	1.0	0.928	1.0
1732	AT1G49160	SE	1.0	1.0	1.0	0.823	0.726	1.0	0.93	0.525	0.857	1.0	0.666	1.0	0.624	1.0
1733	AT5G47750	SE	1.0	1.0	1.0	1.0	1.0	1.0	1.0	0.967	1.0	1.0	1.0	1.0	1.0	1.0
1734	AT4G02005	SE	0.2	0.286	0.375	0.636	0.286	0.143	0.2	0.286	0.0	0.333	0.103	0.412	0.226	0.333
1735	AT4G02005	SE	0.037	0.067	0.25	0.0	0.0	0.0	0.059	0.116	0.0	0.125	0.0	0.294	0.241	0.0
1736	AT1G71220	SE	1.0	1.0	1.0	1.0	1.0	1.0	1.0	1.0	1.0	1.0	0.963	1.0	1.0	1.0
1737	AT1G73300	SE				0.0			0.0	0.0	0.0	0.0	0.0	1.0	0.0	
1738	AT1G73300	SE	1.0	1.0	1.0	0.765	1.0		0.733	1.0	1.0	1.0	0.857	0.4	0.333	1.0
1739	AT1G75020	SE	1.0	0.882	0.8	0.905	1.0	1.0	0.765	1.0	1.0	0.5	0.789	1.0	1.0	1.0
1740	AT5G06950	SE	1.0	1.0	1.0	1.0	0.767	1.0	1.0	1.0	1.0	1.0	0.934	1.0	1.0	1.0
1741	AT5G06950	SE	1.0	1.0	1.0	1.0	0.615	1.0	1.0	1.0	1.0	1.0	0.827	1.0	1.0	1.0
1742	AT5G06950	SE	1.0	1.0	1.0	1.0	0.587	1.0	1.0	1.0	1.0	1.0	0.872	1.0	1.0	1.0
1743	AT1G22330	SE	1.0	1.0	0.935	1.0	1.0	1.0	1.0	1.0	1.0	1.0	1.0	1.0	0.97	1.0
1744	AT5G48150	SE	0.333	0.692	1.0	0.765	0.333	0.455	0.333	0.571	0.273	1.0	0.889	0.6	1.0	0.6
1745	AT5G48150	SE	0.375	0.647	0.48	0.492	0.333	0.846	0.59	0.381	0.538	0.417	0.714	0.562	0.372	0.375
1746	AT5G53180	SE	0.361	0.178	0.508	0.568	0.184	0.628	0.516	0.435	0.253	0.145	0.204	0.326	0.345	0.139
1747	AT5G53180	SE	0.283	0.078	0.315	0.51	0.279	0.688	0.403	0.355	0.279	0.181	0.216	0.283	0.34	0.191
1748	AT1G50950	SE	1.0	1.0	0.53	0.835	1.0		1.0	1.0	1.0	1.0	1.0	1.0	1.0	1.0
1749	AT1G51110	SE	1.0		1.0	1.0	1.0		1.0	1.0	1.0	1.0	1.0	0.368	1.0	1.0
1750	AT1G51430	SE	0.0	0.0	0.0	0.0	0.0	0.0	0.0	0.0	0.0	0.143	0.0	0.0	0.0	0.0
1752	AT1G51560	SE	1.0	1.0	0.946	1.0	1.0	1.0	1.0	1.0	1.0	1.0	1.0	1.0	1.0	1.0
1753	AT5G15020	SE	1.0	1.0	1.0	0.982	1.0	1.0	1.0	1.0	1.0	1.0	1.0	1.0	1.0	1.0
1754	AT5G15230	SE	1.0	1.0	1.0	1.0	1.0	1.0	1.0	1.0	1.0	1.0	1.0	1.0	0.999	1.0
1755	AT4G34900	SE	1.0	1.0	0.846	1.0	1.0	1.0	1.0	0.8	1.0	1.0	0.8	0.6	0.867	1.0
1756	AT2G32810	SE	1.0	1.0	1.0	1.0	1.0	1.0	1.0	1.0	1.0	1.0	1.0	0.938	1.0	1.0
1757	AT4G21534	SE	1.0	1.0	1.0	1.0	0.913	1.0	1.0	1.0	1.0	1.0	1.0	1.0	1.0	1.0
1758	AT5G15410	SE	0.0	0.0	0.0	0.0	0.0	0.0	0.0	0.045	0.0	0.0	0.0	0.0	0.0	0.0
1759	AT2G32700	SE	1.0	0.917	1.0	1.0	1.0	1.0	1.0	1.0	1.0	0.846	0.933	1.0	1.0	0.818
1760	AT2G32700	SE	1.0	1.0	1.0	1.0	1.0	1.0	0.968	1.0	1.0	1.0	0.949	1.0	0.957	1.0
1761	AT2G32700	SE	1.0	0.947	1.0	1.0	1.0	1.0	1.0	1.0	1.0	0.905	0.929	1.0	1.0	0.882
1762	AT2G32700	SE	1.0	1.0	1.0	1.0	1.0	1.0	0.978	1.0	1.0	1.0	0.946	1.0	0.966	1.0
1763	AT2G32700	SE	1.0	1.0	1.0	1.0	1.0	0.907	1.0	1.0	1.0	1.0	1.0	1.0	1.0	1.0
1764	AT2G32700	SE	1.0	1.0	1.0	1.0	1.0	0.909	1.0	1.0	1.0	1.0	1.0	1.0	1.0	1.0
1765	AT1G54490	SE	1.0	1.0	1.0	1.0	1.0	1.0	0.962	1.0	1.0	1.0	1.0	1.0	1.0	1.0
1767	AT5G08080	SE	1.0	1.0	1.0	1.0	0.981	1.0	1.0	1.0	1.0	1.0	1.0	1.0	1.0	1.0
1768	AT5G15810	SE	1.0	1.0	1.0	1.0	0.882	1.0	1.0	1.0	1.0	1.0	1.0	1.0	1.0	1.0
1769	AT1G29030	SE	0.262	0.151	1.0	0.81	1.0	0.515	1.0	0.761	0.615	1.0	0.47		0.727	
1770	AT3G25013	SE	1.0	1.0	1.0	1.0		1.0	1.0		1.0	1.0	1.0	1.0	1.0	0.833
1771	AT3G25013	SE	1.0	1.0	1.0	1.0		1.0	1.0	1.0		1.0	1.0	1.0	1.0	0.778
1772	AT3G25013	SE			1.0	1.0			1.0		1.0		1.0	1.0	1.0	0.6
1773	AT5G16610	SE	1.0	0.92	1.0	1.0	1.0	1.0	1.0	0.895	1.0	1.0	1.0	1.0	0.92	1.0
1774	AT3G49680	SE	1.0	1.0	1.0	1.0	1.0	1.0	1.0	1.0	1.0	1.0	1.0	1.0	0.952	1.0
1775	AT5G53450	SE	1.0	1.0	1.0	0.982	1.0	1.0	1.0	1.0	0.911	0.943	1.0	1.0	1.0	1.0
1776	AT5G53450	SE	1.0	1.0	1.0	0.962	1.0	1.0	1.0	1.0	0.765	0.92	1.0	1.0	1.0	1.0
1777	AT5G16830	SE	1.0	1.0	1.0	1.0	1.0	0.913	1.0	1.0	1.0	1.0	1.0	1.0	1.0	1.0
1778	AT1G50030	SE	1.0	1.0	1.0	0.964	1.0	1.0	1.0	1.0	1.0	1.0	1.0	1.0	1.0	1.0
1779	AT5G62600	SE	1.0	1.0	1.0	1.0	1.0	1.0	1.0	1.0	1.0	1.0	0.95	1.0	1.0	1.0
1780	AT5G17300	SE	1.0	1.0	1.0	0.846	1.0	0.92	0.934	0.894	1.0	1.0	0.934	1.0	1.0	0.801
1781	AT4G24550	SE	1.0	1.0	1.0	1.0	1.0	1.0	0.981	1.0	1.0	1.0	1.0	1.0	1.0	1.0
1782	AT1G72190	SE	1.0	1.0	1.0	1.0	1.0	1.0	1.0	1.0	1.0	1.0	1.0	0.909	1.0	1.0
1783	AT1G72190	SE	1.0	1.0	0.75	1.0	1.0	1.0	1.0	1.0	1.0	1.0	1.0	1.0	1.0	1.0
1784	AT1G72190	SE	1.0	1.0	0.857	1.0	1.0		1.0	1.0	1.0	1.0	1.0	1.0	1.0	1.0
1785	AT1G72190	SE	0.833	1.0	1.0	0.905	1.0	0.714	0.879	0.769	1.0	0.905	0.714	1.0	0.806	0.857
1787	AT5G17530	SE	0.692	0.75	0.31	1.0	0.333		0.364	1.0	1.0	0.0	1.0	1.0	0.579	0.733
1788	AT5G17530	SE	1.0	1.0	0.913	1.0	1.0	1.0	1.0	1.0	1.0	0.701	1.0	1.0	1.0	1.0
1789	AT3G52750	SE	1.0		0.333	0.2	1.0		1.0	0.455	0.333		0.167	0.333	0.667	0.0
1790	AT2G27900	SE	0.925	1.0	1.0	1.0	1.0	1.0	1.0	1.0	1.0	1.0	1.0	1.0	1.0	1.0
1791	AT5G53550	SE	0.889	1.0	1.0	1.0	1.0	1.0	1.0	1.0	1.0	1.0	1.0	1.0	1.0	1.0
1792	AT1G75510	SE	1.0	1.0	0.92	1.0	1.0	1.0	0.953	1.0	1.0	1.0	1.0	1.0	0.964	1.0
1794	AT5G18230	SE	0.176	0.125	0.232	0.148	0.122	0.222	0.219	0.232	0.416	0.11	0.224	0.144	0.191	0.336
1795	AT5G18255	SE	0.931	0.954	0.902	0.923	0.891	0.857	0.891	0.934	1.0	1.0	0.894	0.723	1.0	1.0
1796	AT5G18460	SE	1.0	1.0	1.0	1.0	1.0	1.0	0.865	1.0	1.0	1.0	1.0	1.0	1.0	1.0
1797	AT3G25150	SE			0.0					0.0			1.0			
1798	AT5G18525	SE	1.0	1.0	0.923	1.0	1.0	1.0	1.0	1.0	1.0	1.0	1.0	1.0	1.0	1.0
1801	AT3G59320	SE	1.0	0.894	1.0	1.0	1.0	1.0	1.0	1.0	1.0	1.0	1.0	1.0	1.0	1.0
1802	AT2G12400	SE	1.0	1.0	1.0	1.0	1.0	1.0	0.971	1.0	1.0	1.0	1.0	1.0	1.0	1.0
1803	AT3G12390	SE	1.0	1.0	1.0	1.0	1.0	1.0	1.0	1.0	1.0	0.989	1.0	1.0	1.0	1.0
1804	AT4G35790	SE	1.0	1.0	1.0	0.995	1.0	1.0	1.0	1.0	1.0	1.0	1.0	1.0	1.0	1.0
1808	AT5G19820	SE	1.0	1.0	0.985	1.0	1.0	1.0	1.0	1.0	1.0	1.0	1.0	1.0	1.0	1.0
1809	AT5G19900	SE			0.429		1.0	1.0	1.0	1.0	0.333	1.0	1.0	1.0	0.091	
1812	AT2G04900	SE	1.0	0.966	1.0	1.0	1.0	1.0	1.0	1.0	1.0	1.0	1.0	1.0	1.0	1.0
1813	AT2G04900	SE	0.975	1.0	1.0	1.0	1.0	1.0	1.0	1.0	1.0	1.0	1.0	1.0	1.0	1.0
1814	AT3G13580	SE	0.006	0.01	0.003	0.004	0.005	0.0	0.004	0.003	0.043	0.009	0.006	0.021	0.0	0.0
1815	AT3G13580	SE	0.0	0.0	0.0	0.5	0.0	1.0	0.0	0.0	0.0	0.0	0.2	0.0		
1816	AT5G20165	SE	0.035	0.014	0.108	0.049	0.014	0.0	0.0	0.04	0.015	0.0	0.014	0.014	0.012	0.0
1819	AT5G20300	SE	0.097	0.097	0.059	0.13	0.286	0.143	0.077	0.244	0.0	0.083	0.143	0.2	0.042	0.143
1820	AT2G28550	SE	0.0	0.0	0.046	0.0	0.2	0.0	0.0	0.0	0.172	0.0	0.172	0.0	0.126	0.082
1821	AT4G39150	SE	0.0	0.031	0.0	0.033	0.0	0.0	0.112	0.095	0.055	0.0	0.055	0.016	0.012	0.08
1822	AT3G15395	SE		0.811	0.417	0.192	1.0		0.0	1.0		0.417	1.0		0.0	
1823	AT3G15395	SE	0.0	0.169	0.25	0.121	0.0		0.101	0.074	0.125	0.0	0.093	0.0	0.0	0.0
1827	AT5G20490	SE	1.0	1.0	1.0	0.992	1.0	1.0	1.0	1.0	1.0	1.0	1.0	1.0	1.0	1.0
1828	AT5G20500	SE	0.953	0.965	1.0	1.0	1.0	1.0	0.983	0.986	1.0	1.0	1.0	1.0	0.991	0.986
1829	AT5G64960	SE	1.0	1.0	1.0	1.0	1.0	1.0	1.0	1.0	1.0	1.0	1.0	1.0	0.955	1.0
1830	AT4G26310	SE	1.0	1.0	1.0	1.0	1.0	1.0	1.0	1.0	1.0	1.0	1.0	1.0	0.938	1.0
1832	AT5G22000	SE	1.0	1.0	1.0	1.0	1.0	1.0	0.985	1.0	1.0	1.0	1.0	1.0	1.0	1.0
1833	AT2G30575	SE	0.827	1.0	1.0	0.935	1.0	1.0	1.0	1.0	1.0	1.0	1.0	1.0	1.0	1.0
1834	AT2G47060	SE	1.0	1.0	1.0	1.0	1.0	1.0	1.0	1.0	1.0	1.0	0.985	1.0	1.0	1.0
1835	AT5G22310	SE	1.0	1.0	1.0	1.0	1.0	1.0	1.0	1.0	1.0	1.0	1.0	1.0	0.886	1.0
1836	AT5G22320	SE	1.0	1.0	1.0	1.0	1.0	1.0	1.0	0.836	1.0	1.0	1.0	1.0	1.0	1.0
1838	AT5G22450	SE	0.636	0.829	0.969	0.98	0.867	1.0	0.8	0.933	0.818	0.875	0.903	1.0	0.934	1.0
1839	AT5G62670	SE	1.0	1.0	1.0	1.0	1.0	1.0	1.0	1.0	1.0	1.0	1.0	0.974	1.0	1.0
1841	AT5G23450	SE	0.575	0.53	0.324	0.551	0.294	0.482	0.617	0.512	0.559	0.559	0.495	0.354	0.442	0.598
1843	AT5G22620	SE	0.761	1.0	0.515	0.889	1.0	1.0	0.47	0.515	0.761	0.571	0.882	0.882	0.634	0.761
1844	AT5G22620	SE	0.0	1.0	0.0	0.568			0.18	0.0	0.0	0.497	0.568	0.868	0.248	0.397
1845	AT5G22700	SE	1.0	0.12	0.067	0.243	0.2	0.25	0.023	0.0	0.0	0.167	0.135	0.143	0.091	0.0
1846	AT3G02875	SE	1.0	1.0	1.0	1.0	1.0	1.0	1.0	0.955	1.0	1.0	1.0	1.0	1.0	1.0
1847	AT5G22850	SE	1.0	1.0	1.0	1.0	1.0	1.0	1.0	1.0	1.0	1.0	1.0	1.0	0.972	0.923
1848	AT1G01240	SE	0.143	0.12	0.133	0.217	0.256	0.091	0.067	0.043	0.154	0.167	0.216	0.158	0.154	0.455
1849	AT5G23020	SE	1.0	1.0	0.917	0.902	1.0	1.0	1.0	0.964	1.0	1.0	1.0	1.0	1.0	1.0
1850	AT5G23050	SE	0.951	1.0	0.984	0.993	1.0	1.0	0.935	0.965	1.0	1.0	0.966	1.0	1.0	0.977
1851	AT5G23050	SE	1.0	0.977	1.0	1.0	1.0	1.0	1.0	1.0	1.0	1.0	1.0	0.984	1.0	1.0
1855	AT2G28290	SE	1.0	1.0	1.0	1.0	1.0	0.943	1.0	1.0	1.0	1.0	1.0	0.92	1.0	0.957
1857	AT5G23405	SE	1.0	1.0	1.0	0.974	1.0	1.0	1.0	1.0	1.0	1.0	1.0	1.0	0.933	1.0
1858	AT5G23405	SE	1.0	1.0	1.0	1.0	1.0	0.882	1.0	1.0	1.0	1.0	1.0	1.0	1.0	1.0
1859	AT5G23430	SE	1.0	0.942	1.0	1.0	1.0	1.0	1.0	1.0	1.0	1.0	1.0	1.0	1.0	1.0
1860	AT2G47760	SE	1.0	1.0	1.0	1.0	1.0		1.0	1.0	1.0	0.672	1.0	1.0	1.0	1.0
1861	AT5G23700	SE	1.0	1.0	1.0	0.948	1.0	1.0	1.0	1.0	1.0	1.0	1.0	1.0	1.0	1.0
1862	AT5G23870	SE	1.0	1.0	0.925	1.0	0.96	1.0	0.978	0.906	0.68	0.927	0.936	1.0	0.958	0.894
1863	AT3G04040	SE	1.0	1.0		1.0	0.0		1.0	1.0		1.0	1.0	1.0	1.0	1.0
1864	AT5G24350	SE	0.793	1.0	1.0	1.0	1.0	1.0	1.0	1.0	1.0	1.0	1.0	1.0	1.0	1.0
1866	AT5G24352	SE	0.602	0.431	0.841	0.336	0.0		0.252	0.245	0.431	0.602	0.087	0.132	0.078	0.132
1868	AT5G44572	SE	1.0	0.955	0.96	1.0	0.909	1.0	0.962	0.8	1.0	0.933	1.0	0.953	0.949	0.875
1871	AT5G24760	SE	1.0	1.0	1.0	1.0	1.0	1.0	1.0	1.0	1.0	0.831	1.0	1.0	1.0	1.0
1875	AT1G15350	SE	1.0	1.0	1.0	1.0	1.0	1.0	1.0	1.0	1.0	1.0	1.0	1.0	0.978	1.0
1876	AT1G15350	SE	1.0	1.0	1.0	1.0	1.0	1.0	1.0	1.0	1.0	1.0	1.0	1.0	0.966	1.0
1877	AT1G15350	SE	1.0	1.0	1.0	1.0	1.0	1.0	1.0	1.0	1.0	1.0	1.0	1.0	0.989	1.0
1878	AT1G15350	SE	1.0	1.0	1.0	1.0	1.0	1.0	1.0	1.0	1.0	1.0	1.0	1.0	0.979	1.0
1879	AT1G15350	SE	1.0	1.0	1.0	1.0	1.0	1.0	1.0	1.0	1.0	1.0	1.0	1.0	0.992	1.0
1880	AT5G25060	SE	0.756	0.579	0.582	0.816	0.89	0.598	0.707	0.736	0.441	0.768	0.657	0.77	0.657	0.614
1881	AT5G06830	SE	1.0	1.0	1.0	1.0	1.0	1.0	1.0	0.926	1.0	1.0	1.0	0.926	1.0	1.0
1882	AT5G25150	SE	1.0	1.0	1.0	1.0	1.0	1.0	1.0	1.0	1.0	1.0	1.0	1.0	0.856	1.0
1885	AT5G25520	SE	0.875	0.778	0.667	0.684	0.857	0.333	0.543	0.538	0.455	0.692	0.745	0.704	0.585	0.692
1886	AT5G25520	SE	1.0	1.0	1.0	1.0	1.0	1.0	0.941	1.0	1.0	1.0	1.0	1.0	1.0	1.0
1887	AT5G25520	SE	1.0	1.0	1.0	1.0	1.0	1.0	0.921	1.0	1.0	1.0	1.0	1.0	1.0	1.0
1888	AT5G25560	SE	0.0	0.5		0.5	0.25	0.0	1.0	0.333		1.0	0.5	0.0	1.0	0.0
1889	AT5G25560	SE	1.0	1.0	1.0	0.833	1.0	1.0	1.0	1.0	1.0	1.0	1.0	1.0	1.0	1.0
1890	AT5G25570	SE	0.0	0.0	0.0	0.0	0.0	0.0	0.0	0.0	0.0	0.0	0.0	0.0	0.0	0.045
1891	AT5G25760	SE	1.0	1.0	0.969	1.0	1.0	1.0	1.0	1.0	1.0	1.0	1.0	1.0	1.0	1.0
1894	AT5G26146	SE					1.0			0.333			1.0			
1895	AT2G41705	SE	0.0	0.062	0.079	0.214	0.0	0.107	0.0	0.052	0.13	0.167	0.194	0.0	0.0	0.0
1896	AT3G44765	SE		0.0						1.0			1.0	1.0		1.0
1897	AT3G44765	SE		1.0											0.0	
1898	AT3G44765	SE		1.0		1.0			1.0		0.0			1.0	1.0	
1899	AT5G26670	SE	1.0	1.0	0.5	1.0	1.0	1.0	1.0	1.0	1.0	1.0	1.0	1.0	1.0	1.0
1900	AT3G05400	SE	1.0	1.0	1.0	1.0		1.0	0.916	1.0	1.0	1.0	1.0	1.0	1.0	1.0
1901	AT3G05400	SE	1.0		1.0	1.0	1.0	1.0	0.874	1.0	1.0	1.0	1.0	1.0	1.0	1.0
1902	AT3G05400	SE	1.0	1.0	1.0	1.0	1.0		0.455	1.0	1.0	1.0	1.0	1.0	1.0	1.0
1903	AT5G42740	SE	1.0	1.0	1.0	1.0	1.0	1.0	1.0	1.0	1.0	1.0	1.0	0.929	1.0	1.0
1904	AT5G42740	SE	1.0	1.0	1.0	1.0	1.0	1.0	1.0	1.0	1.0	1.0	1.0	1.0	1.0	0.938
1905	AT5G26830	SE	1.0	1.0	1.0	1.0	1.0	1.0	0.981	1.0	1.0	1.0	1.0	1.0	1.0	1.0
1906	AT3G56860	SE	1.0	1.0	1.0	1.0	1.0	1.0	1.0	1.0	0.894	1.0	1.0	1.0	1.0	1.0
1908	AT1G03780	SE	0.556	1.0	1.0	1.0	1.0	1.0	0.778	1.0	1.0	1.0	1.0	1.0	1.0	1.0
1910	AT1G03780	SE		0.333	1.0	1.0	1.0	1.0	0.75	1.0	1.0	0.0	1.0	1.0	1.0	1.0
1911	AT5G58140	SE	1.0	0.5	1.0	0.875	0.667	0.5	0.692	0.5	0.333	1.0	0.818	0.789	0.727	0.333
1912	AT5G27390	SE	1.0	1.0	1.0	1.0	1.0	1.0	1.0	1.0	1.0	1.0	1.0	1.0	0.933	1.0
1913	AT5G27630	SE		1.0	1.0	1.0		1.0	0.429	1.0		1.0	1.0	1.0	1.0	1.0
1914	AT1G17140	SE	1.0	0.685	1.0	1.0	1.0	1.0	1.0	1.0	1.0	1.0	1.0	1.0	1.0	1.0
1916	AT5G27710	SE	1.0	0.765	1.0	0.946	1.0	0.733	1.0	0.938	0.667	1.0	1.0	0.786	0.882	1.0
1917	AT4G14240	SE	1.0	1.0	0.923	1.0	1.0	1.0	1.0	1.0	1.0	1.0	1.0	1.0	1.0	1.0
1918	AT3G30380	SE	1.0	1.0	1.0	1.0	1.0	0.709	1.0	1.0	1.0	1.0	1.0	1.0	1.0	1.0
1919	AT5G28050	SE	0.997	0.998	1.0	1.0	1.0	1.0	1.0	1.0	1.0	1.0	1.0	1.0	1.0	1.0
1920	AT5G28050	SE	0.0	0.008	0.004	0.009	0.013	0.006	0.01	0.004	0.007	0.005	0.004	0.001	0.002	0.008
1921	AT3G05940	SE	1.0	1.0	1.0	1.0	1.0		1.0	1.0	1.0	1.0	0.883	1.0	1.0	1.0
1922	AT3G12700	SE	0.354	0.0	0.0	0.0	0.0	0.0	0.0	0.0	0.0	0.0	0.0	0.0	0.064	0.215
1925	AT3G24160	SE	1.0	0.991	1.0	1.0	1.0	1.0	1.0	0.99	1.0	1.0	1.0	1.0	1.0	1.0
1926	AT5G25080	SE	1.0	1.0	1.0	1.0	1.0	1.0	1.0	1.0	1.0	1.0	0.957	1.0	1.0	1.0
1928	AT4G25315	SE	0.0	0.486	0.328	0.362	0.602		0.059	0.41	1.0	0.362	0.291	0.205	0.112	0.299
1929	AT1G18360	SE	1.0	1.0	0.913	1.0	1.0	1.0	1.0	1.0	1.0	1.0	1.0	1.0	1.0	1.0
1930	AT2G33380	SE	1.0	1.0	1.0	0.988	1.0	0.905	1.0	1.0	1.0	1.0	1.0	1.0	1.0	0.973
1932	AT3G12020	SE	1.0	1.0	1.0	0.961	1.0	1.0	1.0	1.0	1.0	1.0	1.0	1.0	1.0	1.0
1933	AT5G35410	SE	1.0	1.0	1.0	1.0	1.0	1.0	1.0	1.0	1.0	1.0	1.0	0.857	1.0	1.0
1934	AT1G07480	SE	1.0	1.0	1.0	0.98	1.0	1.0	1.0	1.0	1.0	1.0	1.0	1.0	1.0	1.0
1935	AT1G07480	SE	0.905	1.0	1.0	1.0	1.0	1.0	1.0	1.0	1.0	1.0	1.0	1.0	0.958	1.0
1938	AT1G08450	SE	1.0	1.0	1.0	1.0	1.0	1.0	1.0	0.86	1.0	1.0	1.0	1.0	1.0	1.0
1939	AT5G05987	SE	1.0	0.846	1.0	1.0	1.0	1.0	1.0	1.0	1.0	1.0	0.889	1.0	1.0	1.0
1940	AT4G01210	SE	1.0	1.0	1.0	1.0	1.0	1.0	1.0	1.0	1.0	0.886	1.0	1.0	1.0	1.0
1941	AT2G36390	SE	1.0	1.0	1.0	1.0	1.0	1.0	0.908	1.0	1.0	1.0	0.954	1.0	1.0	0.884
1942	AT5G36210	SE	1.0	1.0	1.0	1.0	1.0	1.0	0.952	1.0	1.0	1.0	1.0	1.0	1.0	1.0
1943	AT5G36230	SE	1.0	1.0	1.0	1.0	1.0	1.0	1.0	1.0	1.0	0.987	1.0	1.0	1.0	1.0
1944	AT5G16890	SE	1.0	1.0	1.0	1.0	1.0	1.0	1.0	1.0	1.0	1.0	1.0	1.0	0.845	1.0
1945	AT1G44770	SE	1.0	1.0	1.0	1.0	1.0	1.0	1.0	0.983	1.0	1.0	1.0	1.0	1.0	1.0
1946	AT1G53570	SE	1.0	1.0	1.0	1.0	1.0	1.0	0.978	1.0	1.0	1.0	1.0	1.0	1.0	1.0
1947	AT5G59960	SE	1.0	1.0	1.0	1.0	1.0	1.0	0.988	1.0	1.0	1.0	1.0	0.983	1.0	1.0
1948	AT1G76970	SE	1.0	1.0	0.895	1.0	1.0	1.0	0.886	1.0	1.0	1.0	1.0	0.778	0.933	1.0
1949	AT1G56300	SE	1.0	1.0	1.0	1.0	1.0	1.0	1.0	1.0	1.0	0.885	1.0	1.0	1.0	1.0
1950	AT3G54910	SE	1.0	1.0	1.0	1.0	1.0	1.0	1.0	0.75	1.0	1.0	1.0	1.0	1.0	1.0
1951	AT3G54910	SE		1.0	1.0	1.0	1.0		1.0	0.6	1.0	1.0	1.0	1.0	1.0	1.0
1952	AT5G37380	SE	0.507	0.339	0.507	0.278	1.0	0.114	0.278	1.0	0.114	0.339	0.536	0.339	0.339	0.0
1953	AT5G37380	SE	1.0	0.339	0.407	1.0	0.114	1.0	0.255	0.339	1.0		0.698	0.204	0.093	0.0
1954	AT5G37380	SE	0.816	0.761	0.761	0.488	1.0	0.241	0.674	1.0	0.323	0.656	0.761	0.656	0.741	0.56
1955	AT5G37380	SE	1.0	0.656	0.656	1.0	0.323	1.0	0.298	0.656	1.0	1.0	0.741	0.298	0.113	0.241
1956	AT5G27840	SE	0.048	0.0	0.03	0.0	0.062	0.0	0.02	0.0	0.034	0.0	0.013	0.0	0.045	0.029
1957	AT1G66760	SE	1.0	1.0	1.0	1.0	1.0	1.0	1.0	1.0	1.0	1.0	1.0	1.0	0.982	1.0
1960	AT1G58060	SE	1.0		1.0	1.0	1.0		0.833	1.0	0.8	1.0	1.0	1.0	1.0	
1961	AT5G37780	SE	0.0	0.0	0.0	0.0	0.0	0.0	0.0	0.0	0.005	0.0	0.0	0.0	0.0	0.0
1962	AT5G37780	SE	0.0	0.0	0.0	0.002	0.007	0.0	0.0	0.0	0.006	0.0	0.0	0.0	0.0	0.0
1964	AT5G13030	SE	1.0	1.0	0.975	1.0	1.0	1.0	1.0	1.0	1.0	1.0	0.985	0.976	0.986	1.0
1965	AT1G64355	SE	1.0	1.0	1.0	1.0	1.0	1.0	0.931	1.0	1.0	1.0	1.0	1.0	1.0	1.0
1967	AT5G38480	SE	0.007	0.0	0.0	0.01	0.0	0.0	0.0	0.003	0.0	0.0	0.003	0.006	0.011	0.008
1969	AT5G38720	SE	1.0	1.0	1.0	1.0	1.0	1.0	0.875	1.0	1.0	1.0	1.0	1.0	1.0	1.0
1970	AT5G38880	SE	1.0	1.0	1.0	1.0	1.0	1.0	1.0	1.0	1.0	1.0	0.944	1.0	1.0	1.0
1971	AT1G79350	SE	1.0	1.0	1.0	1.0	1.0	0.692	1.0	1.0	1.0	1.0	1.0	1.0	1.0	1.0
1972	AT5G27950	SE	1.0	1.0	1.0	1.0	1.0	1.0	1.0	0.984	1.0	1.0	1.0	1.0	1.0	1.0
1973	AT1G28090	SE	1.0	0.886	0.795	0.779	1.0	1.0	0.904	0.769	0.604	1.0	0.66	0.565	1.0	0.526
1974	AT2G39550	SE	1.0	0.872	1.0	0.932	1.0	1.0	1.0	1.0	1.0	1.0	0.942	1.0	1.0	1.0
1975	AT4G11380	SE	1.0	1.0	1.0	1.0	1.0	1.0	1.0	1.0	1.0	1.0	0.984	1.0	1.0	1.0
1976	AT5G39940	SE	1.0	1.0		1.0	1.0	1.0	0.6	0.889	0.429	0.6	1.0	1.0	1.0	1.0
1978	AT1G78070	SE	0.043	0.159	0.219	0.142	0.0	0.24	0.054	0.092	0.0	0.0	0.048	0.056	0.065	0.103
1979	AT5G54080	SE	1.0	1.0	1.0	1.0	1.0	1.0	1.0	1.0	1.0	1.0	0.997	1.0	1.0	1.0
1981	AT5G40280	SE	1.0	1.0	1.0	1.0	1.0	1.0	1.0	1.0	1.0	1.0	1.0	0.75	1.0	1.0
1983	AT5G40490	SE	0.66	0.721	0.393	0.901	1.0		0.853	0.853	1.0	1.0	0.764	0.853	0.217	1.0
1985	AT2G06025	SE	1.0	1.0	1.0	0.714	0.333	1.0	1.0	1.0	1.0	1.0	1.0	1.0	1.0	0.6
1986	AT2G06025	SE	1.0	0.918	0.876	0.919	0.977	1.0	0.919	0.929	0.848	0.958	0.856	0.916	0.851	0.966
1987	AT5G40760	SE	1.0	1.0	1.0	1.0	1.0	1.0	1.0	1.0	1.0	1.0	0.934	1.0	1.0	1.0
1988	AT5G40870	SE	1.0	1.0	1.0	1.0	1.0	1.0	1.0	1.0	1.0	1.0	0.964	1.0	1.0	1.0
1989	AT5G40910	SE	1.0	1.0	1.0	1.0		0.0	1.0	1.0		1.0	1.0		1.0	1.0
1990	AT2G17970	SE	1.0	0.0	0.267	0.511	0.225	1.0	0.368	0.67	0.368	0.368	0.225	0.225	0.466	0.368
1991	AT5G45280	SE	1.0	1.0	1.0	1.0	0.962	1.0	0.982	1.0	1.0	1.0	0.989	1.0	0.989	1.0
1993	AT4G13040	SE	0.647	0.507	0.759	0.799	0.713	0.885	0.939	0.739	0.804	0.733	0.767	0.726	0.844	1.0
1994	AT5G41350	SE	1.0	1.0	0.931	0.911	0.9	1.0	0.828	0.903	1.0	0.889	0.947	0.871	0.971	1.0
1997	AT4G21192	SE	1.0	1.0	1.0	1.0	1.0	1.0	1.0	0.961	1.0	1.0	1.0	1.0	1.0	1.0
1998	AT5G10490	SE	1.0	1.0	1.0	1.0	1.0	1.0	1.0	1.0	1.0	1.0	1.0	1.0	0.956	1.0
1999	AT5G10490	SE	1.0	0.744	1.0	1.0	1.0	1.0	1.0	1.0	1.0	1.0	1.0	0.67	0.538	1.0
2000	AT5G10490	SE	1.0	0.92	1.0	1.0	1.0	1.0	1.0	1.0	1.0	1.0	1.0	0.879	0.886	1.0
2001	AT5G42250	SE	1.0	1.0	1.0	1.0		1.0	0.896	1.0	1.0	1.0	1.0	1.0	1.0	1.0
2002	AT5G42250	SE	1.0	1.0	1.0	1.0	1.0	1.0	1.0	1.0	1.0	1.0	0.955	1.0	1.0	1.0
2003	AT5G67380	SE	1.0	1.0	1.0	1.0	1.0	1.0	1.0	1.0	1.0	1.0	1.0	1.0	1.0	0.985
2004	AT4G29810	SE	1.0	1.0	1.0	1.0	1.0	1.0	1.0	1.0	1.0	1.0	1.0	1.0	0.981	1.0
2006	AT5G42770	SE	0.0	0.0	0.0	0.2	0.0	0.333	0.222	0.091	0.333	0.0	0.0	0.0	0.043	0.167
2007	AT5G42770	SE	1.0	0.455	0.2	0.571		1.0	1.0	0.818	1.0	1.0	1.0	0.647	0.733	1.0
2008	AT5G64010	SE	0.666	1.0	1.0	1.0	1.0	1.0	1.0	1.0	1.0	1.0	1.0	1.0	1.0	1.0
2009	AT2G28900	SE	1.0	1.0	1.0	1.0	1.0	1.0	0.992	1.0	1.0	1.0	1.0	1.0	1.0	1.0
2010	AT5G43430	SE	1.0	1.0	0.977	1.0	1.0	1.0	1.0	1.0	1.0	1.0	1.0	1.0	1.0	1.0
2011	AT4G15563	SE		1.0	1.0	1.0			1.0	0.333		1.0	1.0	1.0	1.0	1.0
2012	AT4G15563	SE		1.0		1.0			1.0	0.333			1.0	1.0	1.0	
2013	AT4G25050	SE	1.0	1.0	1.0	0.982	1.0	1.0	0.992	1.0	1.0	1.0	1.0	1.0	1.0	1.0
2014	AT4G25050	SE	1.0	1.0	1.0	0.948	1.0	1.0	0.981	1.0	1.0	1.0	1.0	1.0	1.0	1.0
2015	AT5G43745	SE	1.0	1.0	1.0	1.0	1.0	1.0	1.0	1.0	1.0	1.0	0.78	1.0	1.0	1.0
2016	AT5G43750	SE	1.0	1.0	1.0	1.0	1.0	1.0	1.0	1.0	0.737	1.0	1.0	1.0	1.0	1.0
2017	AT5G43810	SE	0.25	0.0	0.2	0.143	0.0		1.0	0.0	0.143		0.2	0.333	0.0	1.0
2018	AT5G43850	SE	1.0	1.0	1.0	1.0	1.0	1.0	1.0	1.0	1.0	1.0	1.0	1.0	1.0	0.981
2019	AT5G43900	SE	1.0	1.0	1.0	1.0	1.0	1.0	1.0	1.0	1.0	0.909	1.0	1.0	1.0	1.0
2020	AT5G43900	SE	1.0	1.0	1.0	1.0	1.0	1.0	1.0	0.972	1.0	1.0	1.0	1.0	1.0	1.0
2022	AT5G44090	SE	1.0	1.0	1.0	1.0	1.0	1.0	1.0	1.0	1.0	1.0	1.0	1.0	0.97	1.0
2024	AT4G32570	SE	1.0	1.0	0.967	1.0	1.0	1.0	0.944	1.0	1.0	1.0	1.0	1.0	1.0	1.0
2025	AT1G62800	SE	1.0	1.0	1.0	1.0	1.0		1.0	1.0	1.0	1.0	0.951	1.0	1.0	1.0
2026	AT1G62800	SE	1.0	1.0	1.0	1.0	1.0	1.0	1.0	1.0	1.0	1.0	0.965	1.0	1.0	1.0
2027	AT5G44290	SE	0.453	0.932	0.726	0.655	0.815	0.623	0.851	0.827	0.832	0.858	0.944	0.855	0.688	0.674
2028	AT5G44565	SE							0.0						1.0	
2029	AT5G44578	SE	1.0	1.0	1.0	1.0	1.0	1.0	1.0	1.0	1.0	1.0	1.0	1.0	0.926	1.0
2030	AT5G44578	SE	1.0	1.0	1.0	1.0	1.0	1.0	1.0	1.0		1.0	1.0	1.0	0.833	1.0
2032	AT3G10030	SE	1.0	1.0	1.0	1.0	1.0	1.0	1.0	0.978	1.0	1.0	1.0	1.0	1.0	1.0
2033	AT1G54370	SE	0.758	0.901	1.0	0.942	1.0	0.847	0.925	0.957	0.768	1.0	0.911	0.931	1.0	0.932
2036	AT5G45140	SE	1.0	1.0	0.778	1.0	1.0	1.0	1.0	1.0	1.0	0.882	1.0	0.92	1.0	1.0
2037	AT3G09100	SE	1.0	1.0	1.0	1.0	1.0	1.0	1.0	1.0	1.0	1.0	1.0	1.0	1.0	0.953
2038	AT3G49645	SE	1.0	1.0	1.0	1.0	1.0	1.0	0.852	1.0	1.0	1.0	0.953	0.862	1.0	0.882
2039	AT5G45310	SE	1.0	1.0	0.929	0.923	1.0	1.0	0.932	1.0	1.0	1.0	1.0	1.0	0.895	1.0
2040	AT5G45330	SE	0.0	0.0	0.0	0.0	0.0	0.0	0.0	0.2	0.0		0.0	0.0	0.0	0.0
2041	AT5G45350	SE	0.086	0.034	0.116	0.094	0.3	0.0	0.13	0.114	0.059	0.106	0.086	0.243	0.111	0.097
2043	AT5G14180	SE	1.0	1.0	1.0	1.0	1.0	0.867	1.0	1.0	1.0	1.0	1.0	1.0	1.0	1.0
2044	AT1G54730	SE	1.0	0.639	1.0	1.0	1.0	1.0	0.927	0.894	1.0	1.0	0.813	0.884	0.926	1.0
2045	AT1G54730	SE	1.0	1.0	1.0	0.978	1.0	1.0	1.0	1.0	1.0	1.0	1.0	1.0	1.0	1.0
2046	AT5G46420	SE	1.0	1.0	1.0	1.0	1.0	1.0	1.0	1.0	1.0	1.0	1.0	1.0	1.0	0.965
2049	AT5G47010	SE	1.0	1.0	1.0	1.0	1.0	1.0	0.975	1.0	1.0	1.0	1.0	1.0	1.0	1.0
2051	AT5G26667	SE	1.0	1.0	1.0	0.986	1.0	1.0	1.0	1.0	1.0	1.0	1.0	1.0	1.0	1.0
2052	AT5G47430	SE	1.0	0.959	1.0	0.978	1.0	0.938	1.0	1.0	1.0	1.0	1.0	1.0	1.0	1.0
2053	AT5G47520	SE	1.0	1.0	0.913	1.0	1.0	0.889	1.0	1.0	1.0	1.0	1.0	1.0	0.922	1.0
2054	AT5G47520	SE	1.0	1.0	1.0	1.0	1.0	1.0	0.724	1.0	1.0	1.0	1.0	1.0	1.0	1.0
2055	AT5G47540	SE	1.0	1.0	1.0	1.0	1.0	1.0	1.0	1.0	1.0	1.0	1.0	1.0	0.975	1.0
2057	AT5G28540	SE	1.0	1.0	1.0	1.0	1.0	1.0	1.0	1.0	1.0	1.0	1.0	1.0	0.971	1.0
2059	AT5G48220	SE	0.34	0.553	0.147	0.541	1.0	0.256	0.408	0.314	0.579	1.0	0.579	0.579	0.408	0.228
2061	AT5G48335	SE	0.833	1.0	1.0	0.984	1.0	0.867	1.0	0.973	1.0	1.0	0.964	0.966	0.97	0.953
2063	AT3G21160	SE	1.0	1.0	1.0	0.943	1.0	1.0	1.0	1.0	1.0	1.0	1.0	1.0	1.0	1.0
2064	AT5G48545	SE	0.951	1.0	0.918	1.0	0.943	1.0	1.0	0.983	1.0	1.0	1.0	1.0	1.0	0.943
2065	AT1G05200	SE	1.0	0.84	1.0	1.0	1.0		1.0	1.0	1.0	1.0	1.0	1.0	1.0	1.0
2066	AT5G48720	SE	1.0	1.0	1.0	1.0	1.0	1.0	0.951	1.0	1.0	1.0	1.0	1.0	1.0	1.0
2067	AT5G48810	SE	1.0	1.0	1.0	1.0	1.0	1.0	1.0	1.0	1.0	1.0	1.0	0.994	1.0	1.0
2068	AT5G48970	SE	1.0	0.818	1.0	1.0	1.0	1.0	1.0	0.786	1.0	0.833	1.0	1.0	1.0	1.0
2069	AT5G50330	SE	1.0	1.0	0.709	1.0	1.0	1.0	1.0	1.0	1.0	1.0	0.709	1.0	0.681	1.0
2070	AT5G49030	SE	1.0	1.0	1.0	0.935	1.0	1.0	1.0	0.926	1.0	1.0	1.0	1.0	1.0	1.0
2071	AT2G36850	SE	1.0	1.0	1.0	1.0	1.0	1.0	1.0	1.0	1.0	1.0	1.0	1.0	0.959	1.0
2072	AT2G36850	SE	1.0	1.0	1.0	0.966	0.869	1.0	0.913	1.0	1.0	1.0	1.0	1.0	0.975	1.0
2073	AT2G36850	SE	1.0	1.0	1.0	1.0	1.0	1.0	0.966	1.0	1.0	1.0	1.0	1.0	1.0	1.0
2074	AT5G64460	SE	0.147	0.108	0.08	0.377	0.312	0.0	0.08	0.108	0.131	0.168	0.041	0.063	0.206	0.0
2075	AT5G64460	SE	0.287	0.168	0.377	0.355	0.266	0.0	0.232	0.07	0.232	0.168	0.0	0.131	0.154	0.0
2076	AT3G56210	SE	0.49	0.719	0.299	0.658	0.348	0.138	0.581	0.509	0.794	0.762	0.605	0.702	0.533	0.562
2077	AT1G56590	SE	1.0	1.0	1.0	1.0	1.0	1.0	1.0	1.0	1.0	1.0	1.0	0.923	1.0	1.0
2079	AT5G49730	SE	1.0	1.0	1.0	1.0	0.846	1.0	1.0	1.0	1.0	1.0	1.0	1.0	1.0	1.0
2080	AT4G28760	SE	0.299	0.716	0.348	0.42	0.367	0.393	0.371	0.415	0.409	0.335	0.533	0.534	0.482	0.306
2083	AT1G66240	SE	1.0	1.0	1.0	1.0	0.987	1.0	1.0	1.0	1.0	1.0	1.0	1.0	1.0	1.0
2085	AT1G05710	SE		0.0	0.0	0.0	0.0	0.0	0.086	0.0	0.397	0.0	0.0	0.076	0.0	0.0
2086	AT1G05710	SE	1.0	1.0	1.0	1.0	1.0	1.0	0.838	1.0	1.0	1.0	0.949	1.0	1.0	1.0
2087	AT5G50420	SE	1.0	1.0	1.0	1.0	1.0	0.75	1.0	1.0	1.0	1.0	1.0	1.0	1.0	1.0
2088	AT2G46270	SE	1.0	1.0	1.0	1.0	1.0	1.0	1.0	0.986	1.0	1.0	1.0	1.0	1.0	1.0
2090	AT5G50950	SE	0.725	1.0	1.0	1.0	1.0	1.0	1.0	1.0	1.0	1.0	1.0	1.0	1.0	1.0
2092	AT5G51100	SE	1.0	1.0	1.0	0.885	1.0		0.809	0.905	0.837	1.0	1.0	0.831	0.958	1.0
2093	AT4G08470	SE	1.0	1.0	0.953	0.953	1.0	1.0	1.0	1.0	1.0	1.0	1.0	1.0	1.0	1.0
2095	AT3G16565	SE	0.0	0.0	0.083	0.059	0.0	0.0	0.073	0.13	1.0	0.2	0.067	0.077	0.03	0.0
2096	AT1G04750	SE	0.0	0.006	0.0	0.008	0.0	0.0	0.0	0.003	0.041	0.0	0.004	0.026	0.0	0.0
2097	AT5G51660	SE	0.0	0.0	0.0	0.0	0.144	0.0	0.037	0.0	0.201	0.0	0.031	0.0	0.077	0.0
2098	AT5G51710	SE	1.0	1.0	1.0	1.0	1.0	1.0	0.946	1.0	1.0	1.0	1.0	1.0	1.0	1.0
2099	AT2G22670	SE	0.0	0.031	0.01	0.008	0.0	0.0	0.023	0.009	0.014	0.016	0.038	0.023	0.007	0.017
2100	AT5G52040	SE	0.324	0.321	0.339	0.265	0.293	0.207	0.255	0.232	0.387	0.309	0.324	0.339	0.313	0.341
2101	AT5G52070	SE	1.0	1.0	0.714	1.0	1.0		1.0	1.0	1.0	1.0	1.0	1.0	1.0	1.0
2102	AT5G52070	SE	1.0	1.0	0.882	1.0	1.0	1.0	1.0	1.0	1.0	1.0	1.0	1.0	1.0	1.0
2103	AT5G52070	SE	0.6	1.0	0.8	1.0	1.0	1.0	1.0	1.0	1.0	0.75	0.867	1.0	0.875	1.0
2104	AT5G52070	SE	0.608	1.0	0.508	1.0	1.0		1.0	1.0	1.0	0.508	0.508	1.0	0.608	1.0
2105	AT5G52070	SE	1.0	0.341	0.408	0.437	0.341	0.0	0.674	0.74	0.564	1.0	0.341	0.564	0.508	0.437
2106	AT1G33700	SE	0.554	1.0	1.0	1.0	1.0	1.0	1.0	1.0	1.0	1.0	1.0	1.0	1.0	1.0
2107	AT1G33700	SE	0.805	1.0	1.0	1.0	1.0	1.0	1.0	1.0	1.0	1.0	1.0	1.0	1.0	1.0
2109	AT1G76700	SE	1.0	1.0	1.0	0.983	1.0	1.0	1.0	1.0	1.0	1.0	1.0	1.0	1.0	1.0
2110	AT5G61960	SE					1.0	1.0	1.0	1.0	1.0				0.0	
2111	AT5G61960	SE				1.0	1.0	1.0	1.0	1.0	1.0		1.0	1.0	0.379	
2112	AT5G52790	SE	1.0	1.0	1.0	1.0			1.0	1.0		0.0	1.0		1.0	1.0
2115	AT5G53010	SE	1.0	1.0	1.0	1.0			1.0	1.0	1.0	1.0	0.889	1.0	1.0	
2117	AT5G53010	SE	1.0	1.0	1.0	1.0	1.0	1.0	1.0	1.0	1.0	1.0	0.919	1.0	1.0	1.0
2118	AT5G53020	SE	1.0	0.0	0.6	1.0		1.0	0.0	0.0	1.0	1.0	0.2	1.0	0.778	1.0
2119	AT5G53020	SE	1.0		1.0	1.0	1.0			0.0	1.0	1.0	1.0	1.0	1.0	1.0
2120	AT5G66160	SE	1.0	1.0	1.0	1.0	1.0	1.0	1.0	1.0	1.0	1.0	0.986	1.0	1.0	1.0
2121	AT5G53050	SE	1.0	1.0	0.881	1.0	1.0	0.833	0.956	1.0	1.0	1.0	1.0	1.0	1.0	1.0
2122	AT5G53120	SE	0.0	0.044	0.0	0.014	0.0	0.0	0.0	0.0	0.0	0.0	0.036	0.0	0.0	0.0
2124	AT5G53120	SE	0.0	0.027	0.0	0.0	0.0	0.0	0.0	0.0	0.0	0.0	0.0	0.0	0.0	0.0
2126	AT5G53170	SE	1.0	1.0	1.0	1.0	0.959	1.0	1.0	1.0	1.0	1.0	1.0	1.0	1.0	1.0
2127	AT5G53220	SE	0.5	0.0	0.25	0.0	0.0			0.158	0.0	0.5	1.0		0.0	0.0
2128	AT5G53220	SE	0.5	0.0	0.25	0.2	0.0			0.158	0.0	0.5	1.0		0.091	0.0
2129	AT5G53220	SE	0.5	0.0	0.25	0.0	0.0			0.158	0.0	0.5	1.0		0.0	0.0
2130	AT5G53360	SE	0.667	0.529	0.63	0.474	0.895	0.333	0.568	0.51	0.385	0.571	0.625	0.619	0.391	0.846
2131	AT1G33810	SE	1.0	1.0	1.0	1.0	1.0	1.0	1.0	1.0	0.946	1.0	1.0	1.0	1.0	1.0
2132	AT5G53486	SE	0.0	1.0	0.0	0.221	0.0	0.0	0.0	0.0	0.0	0.0	0.0	0.0	0.0	0.0
2133	AT5G53530	SE	1.0	0.944	1.0	1.0	1.0	0.846	0.905	1.0	1.0	1.0	1.0	1.0	1.0	1.0
2134	AT5G53530	SE	1.0	1.0	0.964	1.0	1.0	1.0	1.0	1.0	1.0	1.0	1.0	1.0	1.0	1.0
2135	AT5G53580	SE	0.92	1.0	1.0	1.0	1.0	1.0	1.0	1.0	1.0	1.0	1.0	1.0	1.0	1.0
2136	AT5G53850	SE	0.427	0.531	0.604	0.459	0.631	0.494	0.427	0.455	0.234	0.587	0.467	0.379	0.513	0.549
2137	AT5G54090	SE	1.0	1.0	1.0	1.0	1.0	1.0	1.0	1.0	0.6	0.667	0.818	0.636	1.0	1.0
2138	AT5G54110	SE	1.0	1.0	1.0	0.976	1.0	1.0	1.0	1.0	1.0	1.0	1.0	1.0	1.0	1.0
2139	AT4G26480	SE	1.0	0.982	1.0	1.0	1.0	1.0	1.0	1.0	1.0	1.0	1.0	1.0	1.0	1.0
2140	AT4G26480	SE	0.544	0.724	0.656	0.676	0.516	0.697	0.634	0.741	0.529	0.647	0.568	0.767	0.593	0.62
2141	AT5G41690	SE				0.214	1.0	0.0	1.0		1.0	0.0	0.352	1.0	0.0	0.0
2142	AT5G53860	SE	1.0	0.933	1.0	1.0	1.0	1.0	0.928	0.954	1.0	1.0	1.0	1.0	0.984	1.0
2144	AT2G31870	SE	1.0		1.0	1.0			0.75	1.0	1.0		0.0	1.0	1.0	1.0
2145	AT5G54750	SE	1.0	1.0	1.0	0.968	1.0	1.0	1.0	1.0	1.0	1.0	1.0	1.0	1.0	1.0
2146	AT5G54750	SE	1.0	1.0	1.0	0.943	1.0	1.0	1.0	1.0	1.0	1.0	1.0	1.0	1.0	1.0
2147	AT5G54940	SE	0.0	0.002	0.0	0.0	0.0	0.002	0.001	0.001	0.0	0.0	0.001	0.0	0.0	0.0
2149	AT3G02460	SE	1.0	1.0	1.0	0.97	1.0	1.0	1.0	1.0	1.0	1.0	1.0	1.0	1.0	1.0
2150	AT3G02460	SE	1.0	1.0	1.0	0.955	1.0	1.0	1.0	1.0	1.0	1.0	1.0	1.0	1.0	1.0
2151	AT5G55050	SE	1.0	1.0		1.0	1.0	1.0	1.0	1.0	1.0	1.0	1.0	1.0	0.857	1.0
2153	AT5G63180	SE	1.0	1.0	1.0	1.0	1.0	1.0	1.0	1.0	1.0	1.0	1.0	0.974	1.0	1.0
2154	AT5G22608	SE	1.0			0.0	1.0		1.0	0.0	0.0		0.431			
2155	AT5G55470	SE	1.0	1.0	1.0	1.0		1.0	1.0	0.235		1.0	1.0	1.0	1.0	
2156	AT5G55550	SE	1.0	1.0	1.0	1.0	1.0	1.0	1.0	1.0	1.0	1.0	0.784	1.0	0.9	1.0
2157	AT5G64070	SE	1.0	1.0	1.0	1.0	1.0	1.0	0.979	1.0	1.0	1.0	1.0	1.0	1.0	1.0
2158	AT5G55580	SE	1.0	1.0	1.0	1.0	1.0	1.0	1.0	1.0	1.0	1.0	0.812	1.0	1.0	1.0
2159	AT5G57800	SE	1.0	1.0	1.0	1.0	1.0	1.0	1.0	1.0	1.0	1.0	0.981	1.0	1.0	1.0
2160	AT1G17980	SE	1.0	1.0	1.0	1.0	1.0	1.0	1.0	0.956	1.0	1.0	1.0	1.0	1.0	1.0
2162	AT4G18370	SE	1.0	1.0	1.0	1.0	1.0	1.0	0.9	1.0	1.0	1.0	1.0	1.0	1.0	1.0
2163	AT2G40316	SE	1.0	1.0	1.0	1.0	1.0	1.0	1.0	1.0	1.0	0.74	0.932	1.0	1.0	1.0
2164	AT5G56140	SE	0.503	0.544	0.511	0.514	0.407	0.439	0.562	0.395	0.337	0.365	0.555	0.498	0.452	0.408
2165	AT5G18800	SE	1.0	1.0	1.0	1.0	1.0	1.0	1.0	1.0	1.0	1.0	1.0	1.0	0.991	1.0
2166	AT5G18800	SE	1.0	1.0	1.0	1.0	1.0	1.0	1.0	1.0	1.0	1.0	1.0	1.0	0.994	1.0
2167	AT5G56150	SE	1.0	1.0	1.0	0.938	1.0	1.0	1.0	0.978	1.0	1.0	1.0	1.0	0.963	1.0
2168	AT5G56150	SE	1.0	1.0	1.0	0.882	1.0	1.0	1.0	0.957	1.0	1.0	1.0	1.0	0.933	1.0
2169	AT5G56260	SE	0.0	0.043	0.0	0.053	0.0	0.0	0.062	0.065	0.0	0.077	0.027	0.048	0.042	0.0
2170	AT1G66880	SE					1.0		0.333		1.0		1.0			
2171	AT1G66880	SE		0.2		1.0			0.0		1.0					
2172	AT1G66880	SE	1.0				0.0		0.0		0.0	1.0	0.333			
2173	AT1G66880	SE	1.0	0.333	1.0	1.0	1.0	1.0	0.333	1.0	1.0		1.0	1.0	1.0	1.0
2174	AT1G66880	SE	1.0	1.0	1.0	1.0	1.0	1.0	0.5	0.273	1.0	1.0	0.25	1.0	0.8	0.143
2175	AT1G66880	SE	1.0	0.5	1.0	0.333	1.0	1.0	1.0	1.0	0.5		1.0	1.0	1.0	1.0
2176	AT5G01650	SE	0.0	0.068	0.075	0.026	0.0	0.133	0.038	0.073	0.135	0.0	0.016	0.074	0.043	0.045
2178	AT5G56610	SE	1.0		1.0	0.846	1.0	1.0	1.0	1.0	1.0	1.0	1.0	1.0	1.0	1.0
2179	AT5G56630	SE	1.0	1.0	1.0	1.0	1.0	1.0	1.0	1.0	1.0	1.0	1.0	0.867	1.0	1.0
2180	AT5G56870	SE	1.0	0.997	0.991	0.996	1.0	1.0	1.0	0.998	1.0	0.996	0.997	1.0	1.0	1.0
2181	AT4G11860	SE	1.0	0.951	1.0	1.0	1.0	1.0	1.0	1.0	1.0	1.0	1.0	1.0	1.0	1.0
2182	AT4G11860	SE	0.882	1.0	1.0	1.0	1.0	1.0	1.0	1.0	1.0	1.0	1.0	1.0	1.0	1.0
2183	AT5G57015	SE	1.0	1.0	1.0	1.0	1.0	1.0	0.938	1.0	1.0	1.0	1.0	1.0	1.0	1.0
2184	AT5G65740	SE	1.0	1.0	0.556	1.0	1.0	1.0	0.667	1.0	1.0	1.0	0.818	0.455	0.75	1.0
2185	AT3G06330	SE	1.0	1.0	1.0	1.0	1.0	1.0	1.0	0.981	1.0	1.0	1.0	1.0	1.0	1.0
2186	AT3G21430	SE	1.0	0.895	1.0	1.0	1.0	1.0	1.0	1.0	1.0	0.778	1.0	1.0	1.0	1.0
2187	AT2G36670	SE	0.714	1.0	1.0	0.526	1.0	0.714	0.625	0.714	1.0	0.217	0.753	0.455	0.676	1.0
2188	AT1G66730	SE	1.0	0.0	1.0	0.778		1.0	0.789	0.478	1.0	0.375	1.0	0.667	0.684	0.444
2189	AT1G66730	SE	1.0	1.0	1.0	1.0	1.0	1.0	1.0	1.0	1.0	1.0	0.643	1.0	1.0	1.0
2190	AT1G66730	SE	1.0	1.0	1.0	1.0	1.0		1.0	0.0	1.0	1.0	1.0	1.0	1.0	
2191	AT4G24680	SE	0.895	0.933	0.812	0.759	0.882	0.875	0.803	0.773	1.0	0.92	0.887	0.789	0.745	0.867
2192	AT4G24680	SE	0.933	0.946	0.87	0.815	0.917	0.917	0.865	0.848	1.0	0.943	0.92	0.86	0.833	0.9
2193	AT3G43400	SE				1.0									0.0	
2194	AT5G58003	SE	1.0	1.0	1.0	1.0	1.0	1.0	1.0	1.0	1.0		1.0	1.0	0.923	1.0
2195	AT5G58740	SE	1.0	1.0	1.0	1.0	1.0	1.0	1.0	1.0	1.0	1.0	1.0	1.0	0.983	1.0
2196	AT5G58790	SE	1.0	1.0	1.0	1.0	1.0	1.0	0.826	1.0	1.0	1.0	1.0	1.0	1.0	1.0
2197	AT5G58940	SE	0.379	0.0	1.0				1.0	1.0	1.0	0.0			0.379	1.0
2198	AT1G50430	SE	1.0	1.0	1.0	1.0	1.0	1.0	1.0	1.0	1.0	0.941	1.0	1.0	1.0	1.0
2199	AT1G02960	SE	1.0	1.0	1.0	0.928	1.0	0.682	1.0	1.0	1.0	1.0	1.0	0.928	1.0	1.0
2200	AT1G02960	SE	1.0	1.0	1.0	0.962	1.0	0.778	1.0	1.0	1.0	1.0	1.0	0.941	1.0	1.0
2201	AT4G32660	SE	0.923	0.943	1.0	1.0	1.0	1.0	0.887	1.0	0.905	1.0	1.0	1.0	0.88	1.0
2202	AT1G33330	SE								1.0	1.0		1.0	0.0		
2203	AT5G59290	SE	0.981	1.0	0.949	0.99	1.0	1.0	1.0	1.0	0.979	1.0	0.987	0.981	1.0	1.0
2204	AT2G35840	SE	1.0	1.0	1.0	1.0	1.0	0.8	1.0	1.0	1.0	1.0	1.0	0.838	0.973	1.0
2205	AT5G59610	SE	0.0	0.0	0.119	0.0	0.0	0.0	0.083	0.041	0.0	0.0	0.046	0.126	0.055	0.093
2206	AT5G59610	SE	0.072	0.148	0.233	0.047	0.0	0.41	0.115	0.17	0.0	0.0	0.044	0.188	0.143	0.166
2210	AT5G59710	SE	1.0	1.0	1.0	1.0	1.0	1.0	1.0	1.0	1.0	1.0	1.0	0.909	1.0	1.0
2211	AT1G60930	SE	1.0	1.0	0.424	0.885	1.0	1.0	1.0	1.0	0.453	0.355	1.0	1.0	0.913	1.0
2212	AT5G05010	SE	1.0	1.0	1.0	0.993	1.0	1.0	1.0	1.0	1.0	1.0	1.0	1.0	1.0	1.0
2213	AT5G66180	SE	1.0	1.0	1.0	1.0	0.967	1.0	1.0	1.0	1.0	1.0	1.0	1.0	0.982	1.0
2214	AT5G66180	SE	1.0	1.0	1.0	1.0	1.0	1.0	1.0	1.0	1.0	1.0	1.0	1.0	0.985	1.0
2215	AT5G66180	SE	1.0	1.0	1.0	1.0	0.97	1.0	1.0	1.0	1.0	1.0	1.0	1.0	1.0	1.0
2216	AT5G17010	SE	1.0	1.0	1.0	1.0	1.0	1.0	0.778	1.0	1.0	1.0	1.0	1.0	1.0	1.0
2217	AT5G17010	SE	1.0	1.0	1.0	1.0	1.0	1.0	0.909	1.0	1.0	1.0	1.0	1.0	1.0	1.0
2218	AT5G19050	SE	1.0	1.0	1.0	1.0	1.0	1.0	1.0	1.0	1.0	1.0	0.979	0.968	0.968	1.0
2219	AT5G42930	SE	1.0	1.0	1.0	0.892	1.0	1.0	0.914	1.0	1.0	0.733	1.0	1.0	1.0	1.0
2220	AT5G49360	SE	1.0	1.0	1.0	1.0	1.0	1.0	1.0	1.0	1.0	1.0	1.0	0.996	1.0	1.0
2221	AT5G57390	SE	1.0	1.0	0.335	1.0			1.0				1.0	1.0	1.0	
2222	AT2G22920	SE		1.0	0.867	1.0	1.0	1.0	0.652	0.6	0.5	1.0	0.895	1.0	1.0	1.0
2223	AT2G22920	SE	1.0	1.0	1.0	1.0	1.0	1.0	1.0	1.0	0.556	1.0	1.0	0.8	1.0	1.0
2224	AT5G61060	SE	1.0	1.0	1.0	1.0	1.0	1.0	1.0	1.0	0.714	1.0	1.0	1.0	0.9	1.0
2225	AT5G61060	SE	1.0	1.0	1.0	1.0	1.0	1.0	1.0	1.0	0.889	1.0	1.0	1.0	0.963	1.0
2227	AT5G61190	SE	1.0	1.0	1.0	1.0	1.0		1.0	1.0	1.0	1.0	0.613	1.0	1.0	1.0
2228	AT5G61190	SE	1.0	1.0	1.0	1.0	1.0		1.0	1.0	1.0	1.0	0.6	1.0	1.0	1.0
2229	AT5G61190	SE	1.0	1.0	1.0	1.0	1.0		1.0	1.0	1.0	1.0	0.778	1.0	1.0	1.0
2230	AT4G35770	SE	1.0	1.0	1.0	1.0	1.0	1.0	1.0	1.0	1.0	1.0	1.0	1.0	1.0	1.0
2231	AT4G35770	SE	1.0	0.999	1.0	1.0	1.0	1.0	1.0	1.0	1.0	1.0	1.0	1.0	1.0	1.0
2232	AT1G09932	SE			1.0	1.0	0.5		1.0		1.0	0.5	1.0	1.0	1.0	
2233	AT1G09932	SE		1.0	0.0	1.0	1.0	1.0	1.0		1.0	1.0	1.0	1.0	1.0	1.0
2234	AT3G03690	SE	1.0	1.0	1.0	1.0	1.0	1.0	1.0	1.0	1.0	1.0	1.0	1.0	0.833	1.0
2235	AT1G01340	SE	1.0	0.143	1.0	0.8	0.333		1.0	1.0	1.0	1.0	0.667	1.0	0.636	1.0
2236	AT4G17530	SE	1.0	1.0	1.0	0.991	1.0	1.0	1.0	1.0	1.0	1.0	1.0	1.0	1.0	1.0
2237	AT3G49720	SE	1.0	1.0	1.0	1.0	1.0	1.0	1.0	1.0	1.0	1.0	1.0	1.0	0.987	1.0
2238	AT2G42790	SE	1.0	1.0	1.0	1.0	0.981	1.0	1.0	1.0	1.0	1.0	1.0	1.0	1.0	1.0
2239	AT5G62090	SE	1.0	1.0	1.0	1.0	1.0	1.0	1.0	0.969	1.0	1.0	1.0	1.0	1.0	1.0
2240	AT5G62165	SE	0.0	1.0	1.0	1.0	1.0		0.523	0.846	1.0	1.0	1.0	0.354	1.0	1.0
2241	AT5G62165	SE		1.0	0.0	1.0				0.391		1.0	0.658	0.391	1.0	1.0
2242	AT5G62480	SE	1.0	1.0	1.0	1.0		1.0	0.921	1.0	1.0	1.0	1.0	1.0	1.0	1.0
2243	AT5G62480	SE	1.0	1.0	1.0	1.0	1.0	1.0	0.912	1.0	1.0	1.0	1.0	1.0	1.0	1.0
2244	AT5G62570	SE	0.967	1.0	1.0	1.0	1.0	1.0	1.0	1.0	1.0	1.0	0.977	1.0	1.0	1.0
2246	AT5G62760	SE	1.0	0.0	0.0	0.0	0.364	0.0	0.8	0.223	0.632	0.0	0.462	1.0	0.141	1.0
2247	AT5G62760	SE	1.0	0.0	0.0	0.0	0.333	0.0	0.6	0.2	0.0	0.0	0.143	1.0	0.067	1.0
2248	AT1G79790	SE	1.0	1.0	1.0	1.0	1.0	1.0	0.957	1.0	1.0	1.0	1.0	1.0	1.0	1.0
2249	AT1G79790	SE	1.0	0.6	1.0	1.0	1.0	1.0	1.0	1.0	1.0	1.0	1.0	1.0	1.0	1.0
2250	AT1G79790	SE	1.0	0.805	1.0	1.0	1.0	1.0	1.0	1.0	1.0	1.0	1.0	1.0	1.0	1.0
2251	AT1G79790	SE	1.0	1.0	1.0	1.0	1.0	1.0	1.0	1.0	1.0	1.0	1.0	1.0	1.0	0.867
2252	AT5G62950	SE	0.195	0.0	0.0	0.087	0.063	0.108	0.252	0.212	0.0	0.131	0.063	0.0	0.039	0.0
2254	AT1G08910	SE	1.0	1.0	1.0	1.0	1.0	1.0	1.0	1.0	1.0	1.0	1.0	0.879	1.0	1.0
2255	AT1G08910	SE	1.0	0.542	1.0	0.542	1.0	1.0	0.703	1.0		0.825	1.0	0.885	1.0	1.0
2256	AT5G63090	SE	0.0	0.0	0.0	0.0	0.0	0.0	0.067	0.111			0.2	0.0	0.0	0.0
2258	AT5G63200	SE	1.0	1.0	1.0	1.0	1.0	1.0	0.867	1.0	1.0	1.0	1.0	1.0	1.0	1.0
2261	AT5G63310	SE	1.0	1.0	1.0	0.982	1.0	1.0	1.0	1.0	1.0	1.0	1.0	1.0	1.0	1.0
2262	AT1G71697	SE	0.857	1.0	1.0	1.0	1.0	1.0	1.0	1.0	1.0	1.0	1.0	1.0	1.0	1.0
2263	AT2G17760	SE	1.0	1.0	1.0	0.969	1.0	1.0	1.0	1.0	1.0	1.0	1.0	1.0	1.0	1.0
2266	AT5G63700	SE	0.818	1.0	1.0	1.0	1.0		1.0	1.0	1.0	1.0	1.0	1.0	1.0	1.0
2268	AT5G63800	SE	1.0	1.0	0.971	1.0	1.0	0.952	1.0	1.0	1.0	0.957	1.0	0.964	0.985	0.956
2269	AT3G45190	SE	1.0	1.0	1.0	1.0	1.0	1.0	1.0	0.981	1.0	1.0	1.0	1.0	1.0	1.0
2270	AT5G64170	SE	0.474	0.304	0.5	0.857	0.81	0.5	0.659	0.586	0.529	1.0	0.667	0.76	0.475	0.833
2271	AT5G37478	SE	1.0	1.0			1.0		1.0	0.357			1.0	1.0	1.0	1.0
2272	AT5G65050	SE	1.0	1.0	0.98	0.959	1.0	0.878	0.98	1.0	1.0	1.0	0.973	0.963	0.942	0.981
2273	AT5G65050	SE	0.909	1.0	1.0	1.0	1.0	0.837	0.988	0.947	1.0	1.0	1.0	0.985	1.0	1.0
2274	AT5G65080	SE			1.0		1.0				0.0		1.0	1.0		1.0
2275	AT5G65110	SE	1.0	1.0	1.0	1.0	0.989	1.0	1.0	1.0	1.0	1.0	1.0	1.0	1.0	1.0
2276	AT5G65180	SE	1.0	1.0	1.0	1.0	1.0	1.0	1.0	1.0	1.0	1.0	1.0	0.904	1.0	1.0
2277	AT2G42130	SE	1.0	1.0	1.0	1.0	1.0	1.0	1.0	1.0	1.0	1.0	1.0	1.0	1.0	0.833
2279	AT5G65460	SE	0.0	0.0	0.042	0.061	0.0	0.0	0.044	0.066	0.0	0.0	0.0	0.0	0.0	0.0
2280	AT5G50340	SE	1.0	1.0	1.0	1.0	1.0	1.0	1.0	1.0	1.0	1.0	1.0	1.0	0.691	1.0
2281	AT3G20050	SE	1.0	1.0	1.0	0.992	1.0	1.0	1.0	1.0	1.0	1.0	1.0	1.0	1.0	1.0
2283	AT4G23250	SE	1.0	1.0	1.0	1.0	1.0		0.765	1.0	1.0	1.0	1.0	1.0	1.0	1.0
2285	AT5G65970	SE	1.0	1.0	1.0	1.0	0.53	1.0	1.0	1.0	1.0	1.0	1.0	1.0	1.0	1.0
2286	AT1G17210	SE	1.0	1.0	1.0	1.0	1.0	1.0	1.0	1.0	1.0	1.0	1.0	1.0	0.987	1.0
2288	AT5G66420	SE	1.0	1.0	1.0	1.0	1.0	0.333	1.0	1.0	1.0	1.0	1.0	1.0	1.0	1.0
2289	AT1G34030	SE	1.0	0.979	1.0	1.0	1.0	1.0	0.987	0.993	0.981	1.0	0.976	1.0	0.977	1.0
2290	AT1G07890	SE	0.0	0.0	0.0	0.0	0.0	0.0	0.001	0.0	0.0	0.0	0.001	0.001	0.0	0.0
2291	AT1G07890	SE	0.004	0.004	0.004	0.009	0.017	0.013	0.018	0.016	0.008	0.012	0.01	0.007	0.003	0.003
2292	AT1G07890	SE	0.006	0.009	0.005	0.01	0.022	0.013	0.017	0.017	0.008	0.012	0.011	0.008	0.003	0.008
2294	AT1G79730	SE	1.0	0.917	1.0	1.0	1.0	1.0	1.0	1.0	1.0	1.0	1.0	1.0	1.0	1.0
2295	AT5G67140	SE	1.0	1.0	1.0	0.8	0.667	1.0	1.0	1.0	1.0	1.0	1.0	1.0	1.0	1.0
2297	AT5G67560	SE	1.0	1.0	0.969	1.0	1.0	1.0	1.0	1.0	1.0	1.0	1.0	1.0	1.0	1.0
2298	AT5G67590	SE	1.0	1.0	1.0	1.0	1.0	1.0	1.0	0.992	0.982	1.0	1.0	1.0	0.985	1.0
2299	AT3G10270	SE	1.0	1.0	0.833	1.0	0.636	1.0	1.0	1.0	1.0	0.833	1.0	1.0	1.0	1.0
2300	AT3G01120	SE	1.0	1.0	1.0	1.0	1.0	1.0	0.993	1.0	1.0	1.0	1.0	1.0	1.0	1.0
2301	AT3G56110	SE	0.0	0.07	0.0	0.08	0.0	0.0	0.512	0.208	0.0	0.0	0.31	0.0	0.0	0.0
2303	AT2G26210	SE	1.0	0.991	1.0	1.0	0.99	1.0	1.0	1.0	1.0	1.0	0.99	1.0	1.0	0.984
2304	AT1G75850	SE	1.0	1.0	1.0	1.0	1.0	1.0	1.0	1.0	1.0	1.0	1.0	0.886	1.0	1.0
2306	AT3G28155	SE			1.0								0.714	0.333		1.0
2307	AT1G07570	SE	0.6	0.0	1.0	1.0		1.0	0.0	0.333		1.0	1.0	1.0	1.0	1.0
2308	AT1G07570	SE	0.882	0.933	1.0	1.0	1.0	1.0	0.812	0.893	1.0	1.0	1.0	1.0	1.0	1.0
2309	AT1G07570	SE	0.905	0.947	1.0	1.0	1.0	1.0	0.86	0.915	1.0	1.0	1.0	1.0	1.0	1.0
2311	AT3G60660	SE	1.0	1.0	1.0	1.0	1.0	0.333	1.0	1.0	1.0	1.0	1.0	1.0	1.0	1.0
2312	AT4G19830	SE	1.0	0.941	1.0	1.0	1.0	1.0	1.0	1.0	1.0	1.0	1.0	1.0	1.0	1.0
2314	AT4G36480	SE	1.0	1.0	1.0	0.968	1.0	1.0	1.0	0.962	1.0	1.0	1.0	1.0	1.0	1.0
2315	AT3G04020	SE	1.0	1.0	1.0	1.0	1.0	1.0	1.0	1.0	1.0	1.0	0.529	1.0	1.0	1.0
2316	AT3G03180	SE	1.0	1.0	0.857	0.878	1.0	0.84	0.965	0.853	0.862	0.923	0.908	0.864	1.0	1.0
2317	AT3G03380	SE	1.0	1.0	1.0	1.0	1.0	1.0	1.0	1.0	1.0	1.0	0.989	1.0	1.0	1.0
2318	AT3G03380	SE	0.97	1.0	1.0	1.0	1.0	1.0	1.0	1.0	1.0	1.0	1.0	1.0	1.0	1.0
2319	AT3G03380	SE	1.0	1.0	1.0	1.0	1.0	1.0	1.0	0.977	1.0	1.0	1.0	1.0	1.0	1.0
2321	AT5G20680	SE	1.0	0.667	0.556	1.0	0.667	0.2	0.4	0.6	0.2	0.5	0.429	1.0	0.667	0.5
2322	AT5G20680	SE	1.0	0.8	0.692	1.0	0.8	0.6	0.647	0.905	0.333	0.6	0.6	1.0	0.789	0.714
2323	AT5G20680	SE	1.0	0.667	0.556	1.0	0.667	0.0	0.4	0.667	0.2	0.5	0.429	1.0	0.692	0.5
2325	AT3G03940	SE	1.0	1.0	1.0	1.0	1.0	1.0	0.978	1.0	1.0	1.0	1.0	1.0	1.0	1.0
2328	AT3G03790	SE	1.0	1.0	0.931	1.0	1.0	1.0	1.0	1.0	1.0	1.0	1.0	1.0	1.0	1.0
2333	AT3G49430	SE	0.517	0.333	0.436	0.397	0.417	0.6	0.397	0.333	0.375	0.36	0.433	0.724	0.477	0.444
2334	AT3G49430	SE	0.417	0.231	0.371	0.345	0.391	0.5	0.397	0.297	0.333	0.333	0.397	0.704	0.414	0.333
2335	AT3G04780	SE	1.0	1.0	1.0	0.984	1.0	1.0	1.0	1.0	1.0	1.0	1.0	1.0	1.0	1.0
2336	AT3G04810	SE	0.0	0.0	0.0	0.064	0.0	0.0	0.0	0.0	0.0	0.0	0.0	0.0	0.0	0.0
2337	AT3G04850	SE	1.0	1.0	1.0	1.0	1.0	1.0	1.0	1.0	1.0	1.0	0.556	1.0	1.0	
2338	AT1G59820	SE	1.0	1.0	1.0	0.946	1.0	1.0	1.0	1.0	1.0	1.0	1.0	1.0	1.0	1.0
2339	AT3G05090	SE	1.0	1.0	1.0	1.0	1.0	1.0	1.0	1.0	1.0	1.0	1.0	1.0	0.975	1.0
2340	AT5G63460	SE	0.184	0.125	0.158	0.204	0.078	0.403	0.231	0.101	0.184	0.0	0.066	0.351	0.139	0.0
2341	AT3G05150	SE	1.0	1.0	1.0	1.0	1.0	1.0	1.0	0.931	1.0	1.0	1.0	0.905	1.0	1.0
2342	AT3G05160	SE	1.0	1.0	0.763	0.707	1.0	1.0	1.0	0.728	1.0	1.0	1.0	0.573	0.896	
2343	AT3G05160	SE	1.0	1.0	1.0	0.974	1.0	1.0	1.0	1.0	1.0	1.0	1.0	1.0	1.0	1.0
2344	AT3G05160	SE	1.0	1.0	1.0	1.0	0.884	1.0	1.0	0.942	1.0	1.0	1.0	1.0	1.0	1.0
2348	AT5G08750	SE	0.0	0.0	0.217	0.0	0.0		0.085	0.0		0.357	0.122	0.0	0.085	0.0
2349	AT3G05910	SE	1.0	1.0	0.988	1.0	1.0	1.0	1.0	1.0	1.0	1.0	1.0	1.0	0.996	1.0
2350	AT3G05932	SE	1.0	1.0	1.0	1.0	1.0	1.0	1.0	0.92	1.0	1.0	1.0	1.0	1.0	1.0
2351	AT3G05935	SE	1.0	1.0	1.0	1.0	1.0	1.0	1.0	0.917	1.0	1.0	1.0	1.0	1.0	1.0
2353	AT3G06190	SE	0.1	0.12	0.135	0.277	0.176	0.133	0.244	0.171	0.176	0.179	0.152	0.265	0.167	0.091
2354	AT3G06250	SE	1.0	1.0	1.0	1.0	1.0	1.0	1.0	1.0	1.0	1.0	0.846	1.0	1.0	1.0
2355	AT3G23890	SE	1.0	0.5	1.0	0.714	1.0	1.0	1.0	1.0	1.0	1.0	1.0	1.0	1.0	1.0
2356	AT5G55060	SE	1.0	1.0	0.921	1.0	1.0	0.618	0.925	1.0	1.0	1.0	1.0	1.0	0.934	0.877
2357	AT2G27450	SE	1.0	1.0	0.971	1.0	1.0	1.0	1.0	1.0	1.0	1.0	1.0	1.0	1.0	1.0
2358	AT3G06400	SE	1.0	1.0	1.0	0.978	1.0	1.0	1.0	1.0	1.0	1.0	1.0	1.0	1.0	1.0
2359	AT3G06440	SE	1.0	1.0	1.0	1.0	1.0	1.0	1.0	0.818	1.0	1.0	1.0	0.647	1.0	1.0
2360	AT3G06550	SE	1.0	1.0	1.0	1.0	1.0	1.0	1.0	1.0	1.0	1.0	1.0	1.0	1.0	0.974
2361	AT3G06550	SE	1.0	0.968	0.973	1.0	1.0	1.0	1.0	1.0	1.0	1.0	0.979	1.0	1.0	1.0
2362	AT3G66654	SE	0.0	0.047	0.0	0.022	0.0	0.0	0.106	0.039	0.019	0.154	0.01	0.111	0.064	0.0
2363	AT3G66654	SE	1.0	1.0	1.0	1.0	1.0	1.0	1.0	1.0	1.0	1.0	1.0	0.964	1.0	1.0
2364	AT3G66654	SE	1.0	1.0	1.0	1.0	1.0	1.0	0.977	1.0	1.0	1.0	1.0	1.0	1.0	1.0
2365	AT3G66654	SE	1.0	1.0	1.0	0.984	1.0	1.0	1.0	1.0	1.0	1.0	1.0	1.0	1.0	1.0
2367	AT4G32640	SE	1.0	1.0	1.0	1.0	1.0	1.0	1.0	1.0	1.0	0.955	1.0	1.0	1.0	1.0
2368	AT3G07160	SE	1.0	1.0	1.0	1.0	1.0	1.0	1.0	1.0	1.0	1.0	0.984	1.0	1.0	1.0
2370	AT2G24690	SE	1.0	1.0	1.0	1.0	1.0	1.0	1.0	1.0	1.0	1.0	1.0	1.0	0.941	1.0
2371	AT3G07360	SE	0.2	0.041	0.105	0.164	0.1	0.0	0.062	0.233	0.172	0.105	0.111	0.263	0.134	0.05
2372	AT3G07360	SE	0.163	0.041	0.056	0.071	0.053	0.0	0.032	0.111	0.077	0.056	0.03	0.143	0.077	0.0
2373	AT3G03720	SE	1.0	0.939	1.0	1.0	1.0	1.0	1.0	1.0	1.0	1.0	1.0	1.0	1.0	1.0
2375	AT3G07610	SE	1.0	1.0	1.0	1.0	1.0	1.0	0.913	1.0	1.0	1.0	1.0	1.0	1.0	1.0
2376	AT5G13800	SE	0.535	0.697	0.696	0.575	0.592	0.862	0.81	0.651	0.698	0.667	0.694	0.698	0.624	0.542
2377	AT5G13800	SE	0.772	0.877	0.881	0.8	0.792	0.902	0.908	0.849	0.868	0.845	0.848	0.869	0.837	0.825
2380	AT1G67900	SE	0.68	0.571	0.273	0.371	0.6	0.333	1.0	0.231	0.778	0.333	0.5	0.6	0.7	0.4
2382	AT3G08530	SE	0.986	1.0	1.0	1.0	1.0	1.0	1.0	1.0	1.0	1.0	1.0	1.0	1.0	1.0
2383	AT3G08840	SE	0.65	0.65	0.788	0.619	0.813	0.65	0.84	0.848	1.0	1.0	0.554	1.0	0.872	0.65
2384	AT3G08840	SE	0.67	0.67	0.82	0.452	0.695	0.0	0.753	0.78	1.0	1.0	0.275	1.0	0.67	0.336
2385	AT3G08840	SE	1.0	1.0	1.0	1.0	1.0	1.0	0.619	0.941	1.0	1.0	0.917	1.0	1.0	1.0
2386	AT3G09260	SE	1.0	1.0	1.0	1.0	1.0	1.0	1.0	1.0	1.0	1.0	1.0	1.0	1.0	1.0
2388	AT3G09300	SE	1.0	1.0	1.0	0.993	1.0	1.0	1.0	1.0	1.0	1.0	1.0	1.0	1.0	0.979
2389	AT3G09350	SE	0.0	0.0	0.0	0.0	0.0	0.0	0.091	0.0	0.0	0.0	0.0	0.067	0.023	0.077
2390	AT3G09350	SE	0.0	0.0	0.0	0.0	0.0	0.0	0.0	0.0	0.0	0.0	0.0	0.076	0.0	0.0
2393	AT1G45248	SE	1.0	1.0	1.0	0.87	1.0	1.0	0.716	0.686	1.0		1.0	1.0	1.0	1.0
2394	AT1G45248	SE	1.0	1.0	1.0	0.81	1.0	1.0	0.667	0.636	1.0		1.0	1.0	1.0	1.0
2396	AT5G04440	SE	1.0	1.0	1.0	1.0	1.0	1.0	0.934	0.966	1.0	1.0	0.97	1.0	1.0	1.0
2397	AT5G04440	SE	1.0	1.0	1.0	1.0	0.947	1.0	1.0	1.0	1.0	1.0	1.0	1.0	1.0	1.0
2398	AT3G06500	SE	0.0	0.189	0.058	0.331	0.0	0.0	0.085	0.134	0.125	0.11	0.101	0.11	0.046	0.0
2399	AT2G26590	SE	1.0	1.0	1.0	1.0	0.968	1.0	1.0	1.0	1.0	1.0	1.0	1.0	1.0	1.0
2402	AT3G11880	SE	1.0	1.0	1.0	1.0	0.875	1.0	0.975	1.0	1.0	1.0	1.0	0.882	1.0	1.0
2403	AT3G11964	SE	1.0	1.0	1.0	1.0	1.0	1.0	1.0	1.0	1.0	1.0	1.0	0.913	1.0	1.0
2404	AT3G12130	SE	0.901	0.964	0.841	0.884	0.827	0.93	0.934	1.0	1.0	0.946	0.862	0.847	0.967	0.945
2405	AT3G12250	SE	0.468	0.766	0.37	0.779	0.335	0.335	0.657	0.602	1.0	0.557	0.168	0.468	0.155	0.716
2406	AT3G12250	SE	0.391	0.562	0.0	0.0	0.0	0.391	0.114	0.562		0.391	0.06	0.138	0.0	0.391
2407	AT3G12250	SE	0.0	0.0	0.0	0.0	0.0	0.0	0.0	0.0	0.0	0.0	0.048	0.0	0.1	0.0
2408	AT3G12250	SE	1.0	1.0	0.861	1.0	1.0	1.0	1.0	1.0	1.0	1.0	1.0	1.0	1.0	1.0
2409	AT1G02610	SE	1.0	1.0	1.0	1.0	1.0	1.0	1.0	0.951	1.0	1.0	1.0	1.0	1.0	1.0
2410	AT3G53270	SE	1.0	0.714	0.4	0.905	1.0	0.333	0.818	0.75	1.0	1.0	0.692	1.0	0.556	0.429
2411	AT3G53270	SE	1.0	0.8	0.455	0.923	1.0	0.333	0.81	0.778	1.0	1.0	0.75	1.0	0.636	0.429
2412	AT3G53270	SE	1.0	0.778	0.4	0.917	1.0	0.333	0.81	0.778	1.0	1.0	0.778	1.0	0.619	0.429
2413	AT3G53270	SE	1.0	0.714	0.4	0.917	1.0	0.333	0.833	0.8	1.0	1.0	0.692	1.0	0.556	0.429
2414	AT3G53270	SE	1.0	1.0		1.0			0.628	1.0		1.0		1.0	1.0	
2415	AT3G12977	SE	1.0	1.0	1.0	1.0	1.0	1.0			1.0	1.0	0.6	1.0	1.0	0.5
2416	AT3G12977	SE	1.0	1.0	1.0	1.0	1.0	1.0	1.0	1.0	1.0	1.0	0.667	1.0	1.0	0.6
2417	AT5G51430	SE	1.0	1.0	1.0	1.0	1.0	1.0	1.0	1.0	1.0	1.0	1.0	1.0	0.942	1.0
2418	AT3G13450	SE	1.0	1.0	1.0	0.997	1.0	1.0	1.0	1.0	1.0	1.0	1.0	1.0	1.0	1.0
2419	AT1G32400	SE	1.0	1.0	1.0	1.0	1.0	1.0	0.996	1.0	1.0	1.0	1.0	1.0	1.0	1.0
2420	AT3G13740	SE	1.0	1.0	1.0	1.0	1.0	1.0	1.0	0.976	1.0	1.0	1.0	1.0	1.0	1.0
2422	AT3G14010	SE	0.978	1.0	1.0	1.0	1.0	1.0	1.0	1.0	1.0	1.0	1.0	1.0	1.0	1.0
2423	AT3G14100	SE	0.984	1.0	1.0	1.0	1.0	1.0	0.994	0.994	1.0	1.0	0.994	1.0	1.0	1.0
2424	AT5G53470	SE	1.0	1.0	1.0	1.0	1.0	1.0	0.931	0.846	1.0	1.0	1.0	1.0	0.95	1.0
2425	AT4G16570	SE	1.0	1.0	1.0	0.917	1.0	1.0	1.0	1.0	1.0	1.0	1.0	1.0	1.0	1.0
2426	AT3G14890	SE	1.0	1.0	1.0	1.0	1.0	1.0	1.0	1.0	1.0	1.0	0.6	1.0	1.0	1.0
2427	AT3G14980	SE	0.0	0.205	0.205	0.115	0.0		0.181	0.171	0.147	0.0	0.0	0.237	0.187	0.0
2429	AT4G25600	SE	1.0	1.0	1.0	1.0		0.0		1.0	1.0	1.0	1.0	1.0	1.0	1.0
2430	AT4G25600	SE	1.0	1.0	1.0	1.0		0.361	1.0	1.0	1.0	1.0	1.0	1.0	1.0	1.0
2431	AT4G25600	SE	1.0	1.0	1.0	1.0		0.0	1.0	1.0	1.0	1.0	1.0	1.0	1.0	1.0
2432	AT3G15390	SE			1.0	1.0			1.0	0.598		1.0			1.0	
2434	AT3G10180	SE	1.0	1.0	1.0	1.0			1.0	1.0		0.333		1.0	1.0	1.0
2435	AT3G15750	SE	1.0		1.0	1.0		1.0	1.0	1.0			0.714	1.0	0.5	1.0
2436	AT3G15750	SE	1.0		1.0	1.0	1.0	1.0	1.0	1.0			0.714	1.0	0.5	1.0
2437	AT3G15950	SE	1.0	1.0	1.0	1.0	1.0	1.0	1.0	1.0	1.0	1.0	0.998	1.0	1.0	1.0
2438	AT3G16230	SE	1.0	1.0	1.0	1.0	1.0	1.0	1.0	1.0	1.0	1.0	1.0	1.0	1.0	0.879
2439	AT3G16230	SE	1.0	1.0	1.0	1.0	1.0	1.0	1.0	1.0	1.0	1.0	1.0	1.0	0.965	1.0
2441	AT3G54000	SE	1.0	1.0	1.0	1.0	1.0	1.0	0.875	0.913	1.0	1.0	1.0	1.0	1.0	1.0
2442	AT2G30480	SE	1.0	1.0	1.0	1.0	1.0		1.0	1.0	1.0		1.0	1.0	0.87	1.0
2443	AT3G16700	SE	1.0	1.0	1.0	0.513	1.0	1.0	1.0	1.0	1.0	1.0	0.54	1.0	1.0	1.0
2444	AT4G29900	SE	1.0	1.0	1.0	1.0	1.0	1.0	1.0	1.0	1.0	1.0	1.0	1.0	0.989	1.0
2445	AT4G29900	SE	1.0	1.0	1.0	0.985	1.0	1.0	1.0	1.0	1.0	1.0	1.0	1.0	1.0	1.0
2446	AT4G29900	SE	1.0	1.0	1.0	1.0	1.0	1.0	1.0	1.0	1.0	1.0	1.0	1.0	0.977	1.0
2447	AT2G43910	SE	1.0	1.0	0.981	0.996	1.0	1.0	0.993	0.987	1.0	1.0	1.0	1.0	1.0	0.981
2448	AT3G61680	SE	0.333	0.6	0.333	0.286	0.143		0.0	0.667	0.0	0.0	0.0	0.0	0.167	
2450	AT3G17850	SE	1.0	1.0	1.0	1.0	1.0	1.0	1.0	1.0	1.0	1.0	0.96	1.0	1.0	0.95
2451	AT3G17920	SE	0.6	0.333	0.111	0.333	0.0	0.0	0.333	0.067	0.2	0.0	0.111	0.2	0.125	0.2
2452	AT3G18070	SE	1.0	1.0	0.584	1.0			1.0	1.0	1.0	1.0	1.0	1.0	1.0	
2453	AT3G18070	SE		1.0	1.0	1.0	1.0		1.0	0.333		1.0		1.0	1.0	1.0
2454	AT3G18100	SE	0.412	0.123	0.123	0.584	0.149	0.0	0.06	1.0	0.0	0.0	0.26	0.412	0.412	1.0
2455	AT3G58030	SE	1.0	0.789	0.852	0.87	0.714	1.0	1.0	1.0	1.0	1.0	0.955	1.0	1.0	1.0
2456	AT2G30600	SE	0.0	0.0	0.0	0.231	0.143	1.0	0.333	0.273	0.333	0.0	0.091	0.0	0.0	0.0
2457	AT2G30600	SE	0.042	0.036	0.053	0.048	0.077	0.026	0.111	0.075	0.032	0.214	0.082	0.067	0.1	0.12
2458	AT5G24450	SE	1.0	1.0	1.0	1.0	1.0	1.0	0.962	1.0	1.0	1.0	1.0	1.0	1.0	1.0
2459	AT5G47480	SE	1.0	1.0	1.0	1.0	1.0	1.0	0.973	1.0	1.0	1.0	1.0	1.0	1.0	1.0
2460	AT3G62290	SE	1.0	1.0	1.0	1.0	1.0	1.0	1.0	1.0	1.0	1.0	1.0	1.0	1.0	1.0
2461	AT3G19330	SE	1.0	1.0		1.0		1.0	1.0	1.0		0.0		1.0	1.0	
2462	AT3G19330	SE	1.0	1.0		1.0		1.0	1.0	1.0		0.0		1.0	1.0	
2463	AT3G19330	SE	1.0	1.0		1.0		1.0	1.0			0.0		1.0		
2464	AT3G19340	SE	1.0	1.0	0.966	1.0	1.0	1.0	1.0	1.0	1.0	1.0	1.0	1.0	1.0	1.0
2465	AT3G19340	SE	1.0	1.0	0.969	1.0	1.0	1.0	1.0	1.0	1.0	1.0	1.0	1.0	1.0	1.0
2466	AT3G19740	SE	1.0	1.0	0.949	1.0	1.0	1.0	1.0	1.0	1.0	1.0	1.0	1.0	1.0	1.0
2467	AT1G20920	SE	1.0	1.0	1.0	0.941	1.0	0.0	1.0	0.78	1.0	1.0	0.833	1.0	0.87	1.0
2468	AT1G20920	SE	1.0	1.0	1.0	0.973	1.0	0.571	1.0	0.846	1.0	1.0	0.903	1.0	0.959	1.0
2469	AT1G20920	SE	1.0	1.0	1.0	0.971	1.0	0.5	1.0	0.84	1.0	1.0	0.9	1.0	0.944	1.0
2470	AT1G27980	SE	1.0	0.959	1.0	1.0	1.0	1.0	1.0	1.0	1.0	1.0	1.0	1.0	1.0	1.0
2471	AT3G19900	SE	1.0	1.0	1.0	1.0	1.0	1.0	1.0	1.0	1.0	0.983	1.0	1.0	1.0	1.0
2472	AT4G13020	SE	1.0	1.0	1.0	1.0	1.0	1.0	1.0	1.0	1.0	1.0	1.0	1.0	0.982	1.0
2473	AT4G13020	SE	1.0	1.0	1.0	1.0	0.93	1.0	1.0	1.0	1.0	1.0	1.0	1.0	1.0	1.0
2475	AT3G20250	SE	0.939	1.0	1.0	1.0	1.0	1.0	1.0	1.0	1.0	1.0	1.0	1.0	1.0	1.0
2476	AT3G02600	SE	0.0	0.0	0.091	0.031	0.143	0.0	0.091	0.04	0.091	0.091	0.036	0.125	0.057	0.2
2477	AT3G02600	SE	0.333	0.3	0.211	0.183	0.429	0.333	0.231	0.25	0.259	0.286	0.206	0.222	0.254	0.13
2478	AT3G02600	SE	1.0	0.375	1.0	0.704	1.0	1.0	0.647	0.556	0.455	1.0	0.619	0.571	0.438	0.333
2479	AT3G02600	SE	0.444	0.364	0.211	0.236	0.4	0.333	0.245	0.284	0.259	0.231	0.217	0.222	0.265	0.13
2480	AT3G02600	SE	1.0	1.0	0.636	0.913	0.8	1.0	0.667	0.895	1.0	1.0	0.84	0.765	1.0	0.2
2481	AT3G20720	SE	1.0	1.0	0.891	1.0	1.0	1.0	1.0	1.0	1.0	1.0	1.0	1.0	1.0	1.0
2482	AT3G20720	SE	0.639	1.0	0.73	0.639	1.0	1.0	0.795	0.899	1.0	1.0	1.0	1.0	0.67	1.0
2483	AT5G17310	SE	1.0	1.0	1.0	1.0	1.0	1.0	0.968	1.0	0.879	1.0	1.0	1.0	1.0	1.0
2484	AT1G28210	SE	1.0		1.0	1.0			1.0	1.0	1.0		1.0	1.0	0.714	1.0
2485	AT5G18640	SE	1.0	1.0	1.0	1.0	1.0	1.0	1.0	1.0	1.0	1.0	1.0	1.0	0.991	1.0
2486	AT5G51120	SE	1.0	0.934	1.0	1.0	1.0	1.0	1.0	1.0	1.0	1.0	1.0	1.0	1.0	1.0
2487	AT3G21215	SE	1.0	1.0	1.0	1.0	1.0	1.0	1.0	1.0	1.0	1.0	1.0	1.0	1.0	0.907
2489	AT3G21580	SE	1.0	1.0	0.8	1.0	1.0	1.0	1.0	1.0	1.0	1.0	1.0	1.0	1.0	1.0
2491	AT3G22170	SE	1.0	1.0	1.0	1.0	1.0	1.0	1.0	1.0	1.0	1.0	1.0	0.973	1.0	1.0
2493	AT3G22430	SE	1.0	1.0	1.0	0.879	0.714	1.0	0.806	0.842	1.0	1.0	0.81	0.857	0.613	0.867
2494	AT3G22570	SE		1.0	1.0				1.0		0.0		0.403			
2495	AT1G02300	SE	1.0	1.0	0.818	1.0	1.0	1.0	1.0	1.0	1.0	1.0	1.0	1.0	0.913	1.0
2496	AT2G20850	SE	1.0	1.0	1.0	1.0	1.0	1.0	0.913	1.0	1.0	1.0	1.0	1.0	1.0	1.0
2497	AT1G67148	SE	0.941	1.0	1.0	1.0	1.0		1.0	1.0	1.0	1.0	1.0	1.0	1.0	1.0
2498	AT3G23280	SE	0.434	0.441	0.468	0.562	0.413	0.472	0.341	0.429	0.402	0.411	0.515	0.434	0.469	0.505
2499	AT3G23430	SE	1.0	1.0	1.0	1.0	1.0	1.0	1.0	1.0	1.0	1.0	1.0	1.0	0.986	1.0
2500	AT3G23430	SE	1.0	0.971	1.0	1.0	1.0	1.0	1.0	1.0	1.0	0.98	1.0	1.0	1.0	1.0
2501	AT4G13200	SE	1.0	1.0	1.0	1.0	1.0	1.0	1.0	0.977	1.0	1.0	1.0	1.0	1.0	0.939
2502	AT5G19380	SE	1.0	1.0	0.6	1.0	1.0	1.0	1.0	1.0	1.0	1.0	1.0	1.0	1.0	1.0
2503	AT3G23480	SE	0.667	1.0	1.0	1.0	1.0		1.0	1.0	1.0	1.0	1.0	1.0	1.0	1.0
2504	AT3G23480	SE	1.0	1.0	0.882	1.0	1.0	1.0	0.891	1.0	0.429	1.0	1.0	1.0	1.0	1.0
2505	AT3G23580	SE	1.0	1.0	1.0	1.0		1.0	1.0	1.0	1.0	1.0	1.0	1.0	0.879	1.0
2506	AT5G07440	SE	1.0	1.0	1.0	1.0	1.0	1.0	1.0	0.998	1.0	1.0	1.0	1.0	1.0	1.0
2507	AT5G07440	SE	1.0	1.0	1.0	1.0	1.0	1.0	1.0	0.998	1.0	1.0	1.0	1.0	1.0	1.0
2508	AT2G21590	SE	1.0			1.0	1.0		0.262	1.0	1.0	0.0		1.0		
2509	AT3G24180	SE	1.0	1.0	1.0	1.0	1.0	1.0	0.971	1.0	1.0	1.0	1.0	1.0	1.0	1.0
2510	AT3G24350	SE	0.0	0.0	0.0	0.0	0.03	0.0	0.0	0.0	0.0	0.0	0.0	0.0	0.0	0.0
2511	AT3G24740	SE	1.0	1.0	1.0	1.0	1.0	1.0	1.0	1.0	1.0	1.0	1.0	0.939	1.0	1.0
2512	AT3G25585	SE	1.0	1.0	1.0	1.0	1.0	1.0	0.973	1.0	1.0	1.0	1.0	1.0	1.0	1.0
2513	AT3G05870	SE	0.0		1.0	1.0			1.0				1.0	1.0	1.0	
2514	AT3G05870	SE	0.0		1.0	1.0			1.0		1.0	1.0	1.0	1.0	1.0	
2515	AT3G05870	SE	0.0		1.0	1.0	1.0		1.0		1.0	1.0	1.0	1.0	1.0	
2516	AT3G25840	SE	0.067	0.076	0.131	0.261	0.364	0.0	0.046	0.135	0.364	0.087	0.079	0.0	0.0	0.0
2517	AT3G25920	SE	1.0	1.0	1.0	1.0	1.0	1.0	1.0	0.994	1.0	1.0	1.0	1.0	1.0	1.0
2518	AT3G26020	SE	0.68	1.0	1.0	0.84	1.0	1.0	1.0	1.0	1.0	1.0	1.0	0.871	1.0	1.0
2519	AT3G26020	SE	0.556	1.0	1.0	0.837	1.0	1.0	1.0	1.0	1.0	1.0	1.0	0.789	1.0	1.0
2520	AT4G01320	SE	0.0	0.0	0.0	0.0	0.0	0.0	0.0	0.0	0.0	0.0	0.0	0.0	0.014	0.0
2521	AT4G01320	SE	1.0	1.0	1.0	1.0	1.0	1.0	1.0	1.0	1.0	1.0	1.0	1.0	1.0	0.964
2522	AT3G26720	SE	1.0	1.0	1.0	1.0	1.0	1.0	1.0	1.0	1.0	1.0	1.0	0.957	0.98	1.0
2523	AT3G55850	SE	0.78	1.0	0.336	0.717	1.0	1.0	0.695	0.82	0.503	1.0	0.78	0.603	1.0	0.336
2524	AT5G45410	SE	0.0	0.0	0.0	0.02	0.0	0.0	0.0	0.0	0.04	0.0	0.0	0.0	0.0	0.0
2525	AT3G27100	SE	1.0	1.0	1.0	0.984	1.0	1.0	1.0	1.0	1.0	1.0	1.0	1.0	1.0	1.0
2526	AT3G27110	SE	1.0	1.0	1.0	1.0	1.0	1.0	0.829	0.955	1.0	1.0	1.0	0.886	0.897	1.0
2528	AT1G80420	SE	1.0	1.0	1.0	1.0	1.0	1.0	0.699	0.791	1.0	1.0	1.0	1.0	1.0	1.0
2529	AT3G27770	SE	1.0	1.0	0.996	1.0	1.0	1.0	1.0	1.0	1.0	1.0	1.0	1.0	1.0	1.0
2530	AT3G27770	SE	1.0	1.0	1.0	1.0	1.0	1.0	1.0	1.0	1.0	1.0	1.0	0.992	1.0	1.0
2531	AT3G28080	SE	1.0	1.0	0.778	1.0	1.0	0.0	0.5	1.0	0.6	1.0	1.0	0.667	1.0	1.0
2532	AT2G39810	SE	1.0	1.0	1.0	1.0	1.0	1.0	1.0	1.0	1.0	1.0	0.953	1.0	1.0	1.0
2533	AT2G45245	SE		0.0	0.0	0.0	0.0	0.0	0.0	0.154	0.0	0.0	0.0	0.0	0.143	0.0
2534	AT3G44340	SE	1.0	1.0	0.967	1.0	1.0	1.0	1.0	1.0	1.0	1.0	1.0	0.962	1.0	1.0
2535	AT3G28710	SE	1.0	1.0	0.995	1.0	1.0	1.0	1.0	1.0	1.0	1.0	1.0	1.0	1.0	1.0
2536	AT3G28900	SE	0.988	0.97	1.0	1.0	1.0	1.0	1.0	1.0	1.0	0.962	0.994	0.986	0.986	1.0
2537	AT4G19003	SE	1.0	1.0	1.0	0.978	1.0	1.0	1.0	1.0	1.0	1.0	1.0	1.0	1.0	1.0
2538	AT3G29010	SE	0.335		0.716	1.0	0.0				0.0		1.0	1.0		
2539	AT3G29010	SE	0.5	1.0	0.778	1.0	0.714	1.0		1.0	0.143	1.0	1.0	1.0	1.0	1.0
2540	AT3G29130	SE	1.0	1.0	1.0	0.926	1.0	1.0	1.0	1.0	1.0	1.0	1.0	1.0	0.931	1.0
2541	AT3G29644	SE	0.424	0.453	0.269	0.355	0.453	0.623	0.453	0.58	0.734	0.623	0.734	0.768	0.58	0.623
2542	AT3G29644	SE	0.25	0.556	0.333	0.419	0.0	0.333	0.429	0.5	0.333	0.429	0.5	0.818	0.333	0.6
2543	AT1G49520	SE	1.0	1.0	1.0	0.915	1.0	1.0	1.0	1.0	1.0	1.0	1.0	1.0	1.0	1.0
2544	AT3G30390	SE	0.219	0.25	0.162	0.1	0.188	0.2	0.15	0.2	0.165	0.235	0.242	0.163	0.188	0.224
2545	AT4G37040	SE	1.0	1.0	1.0	1.0	1.0	1.0	1.0	1.0	1.0	1.0	1.0	1.0	0.92	1.0
2546	AT3G22200	SE	1.0	1.0	0.986	1.0	1.0	1.0	1.0	1.0	1.0	1.0	1.0	1.0	1.0	1.0
2548	AT4G38960	SE	1.0	0.5	0.143	0.037			0.143	0.077	0.2	0.0	0.1	0.0	0.043	0.2
2550	AT5G43320	SE	1.0	1.0	1.0	1.0	1.0	1.0	1.0	1.0	1.0	1.0	1.0	1.0	0.989	1.0
2551	AT3G42150	SE	0.907	0.937	0.946	0.946	1.0	1.0	1.0	1.0	0.83	1.0	0.981	1.0	0.913	1.0
2555	AT3G43300	SE	1.0	1.0	1.0	1.0	1.0	1.0	0.969	1.0	1.0	1.0	1.0	1.0	1.0	1.0
2556	AT3G43300	SE	1.0	1.0	1.0	1.0	1.0	1.0	1.0	1.0	1.0	1.0	1.0	0.985	0.99	1.0
2557	AT2G44525	SE	1.0	1.0	1.0	1.0	1.0	1.0	1.0	1.0	1.0	1.0	0.939	1.0	1.0	1.0
2558	AT2G42240	SE	1.0	1.0	0.767	0.954	0.753	1.0	0.936	0.927	1.0	1.0	1.0	0.519	1.0	1.0
2559	AT3G43790	SE	1.0	1.0	1.0	1.0	1.0	1.0	1.0	1.0	0.5	1.0	1.0		1.0	1.0
2560	AT2G07050	SE	1.0	1.0	1.0	1.0	1.0	1.0	1.0	1.0	1.0	1.0	0.953	1.0	1.0	1.0
2561	AT3G44150	SE	1.0	1.0	1.0	0.879	1.0	1.0	1.0	1.0	1.0	1.0	1.0	1.0	1.0	1.0
2563	AT5G09230	SE	1.0	0.0	0.6	0.455	1.0		0.5	0.778	0.455	1.0	0.579	0.429	0.571	1.0
2564	AT5G09230	SE	1.0	0.0	0.612	0.24	1.0		0.558	0.815	0.174	1.0	0.486	0.387	0.387	1.0
2565	AT3G44880	SE	1.0	1.0	1.0	1.0	1.0	1.0	1.0	1.0	1.0	1.0	0.986	1.0	1.0	1.0
2566	AT5G45190	SE	1.0	1.0	1.0	0.935	1.0	0.833	0.862	0.935	1.0	1.0	1.0	1.0	0.909	0.846
2567	AT5G45190	SE	1.0	1.0	1.0	0.969	1.0	0.913	0.92	0.966	1.0	1.0	1.0	1.0	0.959	0.905
2568	AT1G65950	SE	0.117	0.096	0.05	0.174	0.209	0.0	0.055	0.15	0.0	0.209	0.117	0.209	0.209	0.131
2569	AT3G45300	SE	1.0	1.0	1.0	1.0	1.0	1.0	1.0	0.997	1.0	1.0	1.0	1.0	0.996	1.0
2570	AT3G21710	SE	1.0	0.906	1.0	0.94	1.0	1.0	0.962	1.0	1.0	1.0	1.0	1.0	1.0	1.0
2571	AT3G13040	SE	1.0	1.0	1.0	1.0	1.0	1.0	1.0	1.0	1.0	1.0	0.983	1.0	1.0	1.0
2572	AT3G46180	SE	1.0	1.0	1.0	1.0	1.0	1.0	1.0	1.0	1.0	1.0	1.0	1.0	1.0	0.5
2573	AT2G30200	SE	1.0	0.957	1.0	1.0	1.0	1.0	1.0	1.0	1.0	1.0	1.0	1.0	1.0	1.0
2574	AT3G46330	SE		1.0	1.0	0.821	1.0		1.0	1.0	1.0		1.0	1.0	1.0	1.0
2575	AT3G10915	SE	1.0	1.0	1.0	1.0	1.0	1.0	1.0	1.0	1.0	1.0	1.0	0.84	1.0	1.0
2576	AT5G67170	SE	1.0	1.0	1.0	1.0	1.0	1.0	1.0	0.846	1.0	1.0	1.0	1.0	1.0	1.0
2577	AT3G47675	SE	1.0	0.714	1.0	0.857	0.538	1.0	0.857	1.0	1.0	1.0	0.92	1.0	1.0	1.0
2578	AT3G47810	SE	1.0	1.0	1.0	1.0	1.0	1.0	1.0	1.0	1.0	1.0	0.976	1.0	1.0	0.918
2579	AT3G47810	SE	1.0	1.0	1.0	1.0	1.0	1.0	1.0	1.0	1.0	1.0	0.988	1.0	1.0	0.952
2581	AT3G48190	SE	1.0	1.0	1.0	1.0	1.0	1.0	1.0	1.0	1.0	1.0	0.669	1.0	1.0	1.0
2582	AT3G48190	SE	1.0	1.0	1.0	0.879	1.0	1.0	1.0	1.0	1.0	1.0	1.0	1.0	1.0	1.0
2583	AT3G48190	SE	1.0	1.0	1.0	1.0		1.0	1.0	1.0	1.0	1.0	1.0	1.0	1.0	0.778
2586	AT3G48860	SE	1.0	0.97	1.0	1.0	1.0	1.0	0.917	1.0	1.0	1.0	1.0	1.0	0.958	1.0
2587	AT3G49010	SE	1.0	1.0	1.0	1.0	1.0	0.979	1.0	1.0	1.0	1.0	0.996	0.996	1.0	1.0
2588	AT3G49010	SE	1.0	1.0	1.0	1.0	1.0	0.947	1.0	1.0	1.0	1.0	0.992	0.991	1.0	1.0
2589	AT2G20080	SE		1.0	0.4	0.909	0.667	1.0	0.786	0.429	0.5		0.882	1.0	0.818	1.0
2590	AT3G48210	SE	1.0	1.0	1.0	1.0	1.0	1.0	1.0	0.8	1.0	1.0	1.0	1.0	1.0	1.0
2591	AT3G49350	SE	1.0	1.0	1.0	1.0	1.0	1.0	1.0	0.915	1.0	1.0	1.0	1.0	0.891	1.0
2592	AT3G49390	SE	1.0	1.0	1.0	1.0	1.0	1.0	1.0	1.0	0.909	1.0	1.0	1.0	1.0	1.0
2594	AT3G49800	SE	1.0	1.0	1.0	1.0	1.0	1.0	1.0	1.0	1.0	1.0	1.0	0.98	1.0	1.0
0	AT4G40030	A5SS	1.0	1.0	1.0	0.814	1.0	1.0	1.0	1.0		1.0	1.0	0.738	1.0	1.0
1	AT4G40030	A5SS	0.625	1.0	1.0	0.933	0.571	1.0	0.833	0.789	0.667	1.0	0.939	0.826	0.704	1.0
2	AT4G40030	A5SS	0.625	1.0	1.0	0.939	0.571	1.0	0.833	0.789	0.667	1.0	0.939	0.833	0.692	1.0
3	AT4G39850	A5SS	0.0	0.0	0.0	0.0	0.065	0.0	0.102	0.0	0.0	0.059	0.028	0.038	0.054	0.0
6	AT4G39420	A5SS	1.0	1.0	0.962	1.0	1.0	1.0	1.0	1.0	1.0	1.0	1.0	1.0	1.0	1.0
7	AT4G39390	A5SS	0.481	0.777	0.844	0.783	0.756	1.0	0.57	0.537	0.436	0.73	0.929	0.607	0.895	1.0
8	AT4G39370	A5SS	0.0	0.08	0.09	0.0	0.0	0.0	0.0	0.188	0.0	0.0	0.166	0.0	0.0	0.0
9	AT4G39260	A5SS	1.0	0.867	1.0	1.0	1.0	1.0	1.0	1.0	1.0	1.0	1.0	1.0	1.0	1.0
10	AT4G38510	A5SS	0.166	0.038	0.087	0.045	0.0	0.054	0.034	0.072	0.123	0.081	0.072	0.029	0.02	0.0
11	AT4G38510	A5SS	0.375	0.357	0.474	0.515	0.474	0.412	0.505	0.604	0.355	0.36	0.443	0.5	0.316	0.478
12	AT4G38510	A5SS	0.506	0.647	0.65	0.699	0.638	0.694	0.685	0.773	0.587	0.547	0.627	0.703	0.57	0.726
13	AT4G38380	A5SS	0.0	1.0	0.0	1.0	0.628		1.0	0.36		1.0	0.296		0.0	1.0
15	AT4G37680	A5SS	0.0	0.042	0.148	0.081	0.044	0.166	0.087	0.0	0.032	0.0	0.033	0.039	0.059	0.031
16	AT4G36980	A5SS	0.067	0.079	0.028	0.125	0.057	0.0	0.068	0.085	0.051	0.0	0.045	0.014	0.022	0.031
20	AT4G35920	A5SS			1.0	1.0		1.0	1.0	1.0	1.0	1.0	1.0	0.75	1.0	1.0
21	AT4G35785	A5SS	0.61	0.796	0.824	0.806	0.238	0.61	0.701	0.559	0.439	0.369	0.556	0.54	0.522	0.61
22	AT4G35785	A5SS	0.84	0.76	0.714	0.849	0.611	0.714	0.953	0.746	0.667	0.636	0.869	0.745	0.655	0.73
23	AT4G35785	A5SS	0.846	0.769	0.724	0.851	0.65	0.714	0.955	0.775	0.692	0.692	0.879	0.774	0.677	0.75
26	AT4G35030	A5SS	0.0	0.0	0.0	0.0	1.0		0.0			0.0	0.0		0.0	0.0
27	AT4G34840	A5SS	0.588	0.417	0.152	0.0	0.0		0.049	0.0	0.0	0.0	0.588	0.0	0.3	0.323
28	AT4G34265	A5SS	0.0	0.025	0.12	0.08	0.034	0.238	0.251	0.085	0.0	0.0	0.158	0.077	0.065	0.2
29	AT4G34265	A5SS		0.0	0.342	0.111	0.043	0.238	0.301	0.172	0.0	0.0	0.195	0.217	0.152	0.455
30	AT4G34265	A5SS	1.0	0.879	0.802	0.784	0.842	0.773	0.777	0.978	0.587	0.907	0.832	0.913	0.964	1.0
31	AT4G34090	A5SS	0.0	0.0	0.0	0.0	0.0		0.0	0.0	0.0	0.0	0.0	0.16	0.083	0.16
34	AT4G32900	A5SS	0.114	0.265	0.0	0.311	0.265	0.0	0.311	0.061	0.0	0.0	0.601	0.513	0.173	0.0
35	AT4G32850	A5SS	1.0	0.778	1.0	1.0	1.0	1.0	0.867	1.0	1.0	1.0	0.826	0.818	0.571	1.0
36	AT4G32850	A5SS	1.0	1.0	1.0	1.0	1.0	1.0	1.0	1.0	1.0	1.0	1.0	1.0	0.976	1.0
37	AT4G32730	A5SS	0.625		0.0		1.0		0.625	0.0			0.455	0.526	0.455	1.0
40	AT4G32420	A5SS	0.0	0.0	1.0	0.0			0.0	0.333	0.0	0.0	0.2	0.0	0.071	0.0
41	AT4G32360	A5SS	0.0		0.319	0.738		0.484	1.0	0.849	1.0		0.789	1.0	0.652	1.0
42	AT4G32330	A5SS	0.022	0.09	0.029	0.051	0.065	0.063	0.091	0.065	0.0	0.088	0.0	0.029	0.091	0.046
44	AT4G31820	A5SS	0.043	0.0	0.28	0.034	0.0	0.053	0.072	0.087	0.032	0.043	0.018	0.029	0.03	0.111
45	AT4G31750	A5SS	0.111	0.143	0.143	0.227	0.059	0.2	0.05	0.286	0.5	0.167	0.083	0.154	0.071	0.125
46	AT4G31480	A5SS	0.184	0.023	0.067	0.084	0.042	0.0	0.139	0.036	0.053	0.019	0.045	0.06	0.06	0.0
47	AT4G31480	A5SS	0.149	0.023	0.028	0.053	0.021	0.0	0.101	0.036	0.053	0.0	0.034	0.06	0.027	0.0
48	AT4G31480	A5SS	0.556	1.0	0.571	0.474	0.333	1.0	0.667	1.0	1.0	0.5	0.846	0.778	0.5	1.0
49	AT4G31340	A5SS	0.014	0.0	0.006	0.0	0.0	0.0	0.0	0.008	0.0	0.0	0.005	0.0	0.0	0.0
50	AT4G31170	A5SS	0.0	0.066	0.46	0.549	0.124	0.46	0.726	0.124	0.221	0.221	0.332	0.285	0.385	0.63
51	AT4G30160	A5SS	0.029	0.0	0.0	0.036	0.084	0.0	0.045	0.022	0.0	0.031	0.037	0.021	0.076	0.0
52	AT4G29990	A5SS	0.634	1.0	1.0	1.0	0.634	1.0	1.0	1.0	1.0		0.802	1.0	1.0	0.464
57	AT4G28250	A5SS	0.0	0.0	0.111	0.0	0.0	0.0	0.0	0.0	0.0	0.0	0.0	0.067	0.0	0.0
59	AT4G27610	A5SS	0.333	0.375	0.478	0.333	0.429	0.714	0.389	0.455	0.429	0.4	0.158	0.333	0.2	0.0
60	AT4G26700	A5SS	0.104	0.051	0.121	0.194	0.0	0.0	0.182	0.053	0.121	0.0	0.138	0.121	0.026	0.221
61	AT4G26190	A5SS	0.111	0.0	0.04	0.297	0.0	0.143	0.067	0.36	0.167	0.0	0.176	0.043	0.091	0.667
62	AT4G26070	A5SS	1.0	1.0	1.0	1.0	1.0	1.0	1.0	1.0	1.0	1.0	0.81	1.0	1.0	1.0
63	AT4G25880	A5SS	0.0	0.048	0.0	0.026	0.0	0.14	0.023	0.075	0.075	0.104	0.023	0.0	0.03	0.29
64	AT4G25610	A5SS	0.0	1.0	0.333	0.067	0.0	0.333	0.167	0.0		0.25	0.333	0.0	0.0	0.0
65	AT4G25500	A5SS	0.062	0.258	0.244	0.17	0.123	0.137	0.215	0.235	0.146	0.227	0.177	0.219	0.216	0.287
66	AT4G24860	A5SS	1.0	0.0		0.0	1.0		0.0	1.0	1.0		1.0	1.0		
68	AT4G24810	A5SS	1.0	1.0	1.0	1.0	1.0		1.0	1.0	0.783	0.545	1.0	1.0	0.6	1.0
69	AT4G24800	A5SS	0.212	0.346	0.387	0.194	0.077	0.059	0.306	0.313	0.171	0.267	0.36	0.3	0.156	0.316
72	AT4G24180	A5SS	1.0	1.0	1.0	1.0	1.0	1.0		1.0	1.0	1.0	1.0	1.0	0.772	1.0
73	AT4G24175	A5SS			0.0	0.333	0.0	1.0	0.0	0.0	0.0	0.0	0.333	0.0	0.0	1.0
74	AT4G30820	A5SS			1.0	1.0		1.0	1.0	0.5	1.0	1.0	1.0	0.6	1.0	1.0
75	AT4G30820	A5SS	1.0	1.0	0.667	1.0	1.0	1.0	1.0	1.0	0.333	0.714	0.833	1.0	1.0	1.0
76	AT4G30820	A5SS	1.0	1.0	0.333	1.0	1.0	1.0	1.0	1.0	0.333	0.6	0.6	1.0	1.0	1.0
77	AT4G30820	A5SS	0.25	0.2	0.143	0.385	0.048		0.111	0.263	1.0	0.0	0.176	0.158	0.3	0.0
78	AT4G30820	A5SS	1.0		0.333	1.0	1.0	1.0	1.0	1.0	0.333	0.6	0.714	1.0	1.0	1.0
79	AT4G30820	A5SS	0.221	0.066	0.0	0.39	0.102		0.066	0.328	1.0	0.0	0.245	0.124	0.245	0.0
80	AT4G30820	A5SS	0.556	1.0	1.0	0.667	0.333		1.0	0.333	1.0	1.0	0.429	1.0	0.714	1.0
83	AT4G22120	A5SS	0.072	0.303	0.395	0.318	0.153		0.14	0.792		0.0	0.352	0.214	0.246	0.214
86	AT4G20440	A5SS	1.0	1.0	1.0	1.0	1.0	1.0	0.714	1.0	1.0	1.0	1.0	1.0	1.0	1.0
87	AT4G20260	A5SS	1.0	0.884	0.821	0.932	1.0	1.0	0.957	1.0	0.728	1.0	1.0	1.0	1.0	0.86
88	AT4G19960	A5SS	0.0	0.0		0.0	0.0	0.0	0.0	0.0		0.0	0.092	0.0	0.169	
89	AT4G19670	A5SS	0.091	0.091	0.273	0.0	0.0	0.333	0.548	0.4	0.6	0.0	0.312	0.238	0.412	0.4
92	AT4G19670	A5SS	0.091	0.231	0.294		0.0	0.0	0.459	0.222	0.429	0.0	0.615	0.294	0.444	0.5
94	AT4G19670	A5SS	0.091	0.091	0.2		0.0	0.0	0.459	0.222	0.429	0.0	0.5	0.294	0.412	0.5
95	AT4G19670	A5SS	0.091	0.091	0.2		0.0	0.0	0.459	0.222	0.429	0.0	0.5	0.294	0.412	0.5
96	AT4G19645	A5SS	1.0	1.0		0.778	1.0				1.0			1.0	1.0	
97	AT4G19640	A5SS	0.012	0.008	0.016	0.01	0.0	0.0	0.027	0.018	0.008	0.0	0.02	0.016	0.007	0.0
98	AT4G19530	A5SS	0.952	1.0	1.0	1.0	1.0	1.0	1.0	1.0	1.0	1.0	1.0	1.0	1.0	1.0
99	AT4G19420	A5SS	1.0	1.0	1.0	0.973	1.0	1.0	1.0	0.978	1.0	1.0	1.0	0.963	0.93	0.833
100	AT4G19420	A5SS	0.03	0.028	0.045	0.016	0.043	0.063	0.045	0.052	0.047	0.0	0.038	0.05	0.046	0.01
101	AT4G19230	A5SS	0.0	0.0	0.07	0.0	0.0	0.0	0.0	0.0	0.0	0.0	0.0	0.0	0.0	0.0
103	AT4G18890	A5SS	0.0	0.25	0.167	0.067	0.0	0.0	0.091	0.0	0.0	0.0	0.077	0.143	0.053	0.143
104	AT4G18020	A5SS	0.091	0.2	0.167	0.231	0.333	0.0	0.538	0.103	0.048	0.2	0.167	0.2	0.091	0.333
105	AT4G17486	A5SS	0.975	1.0	0.953	0.959	0.962	1.0	0.914	1.0	1.0	1.0	1.0	1.0	0.965	1.0
108	AT4G16695	A5SS	1.0	0.192	0.388	0.283	1.0	1.0	0.655	0.587	0.192	0.388	0.0	0.388	0.289	0.587
112	AT4G15210	A5SS		0.0			0.0						1.0			0.0
113	AT4G14965	A5SS	1.0	0.786	0.921	0.899	0.903	0.794	0.922	0.973	1.0	0.874	0.874	0.915	0.948	1.0
114	AT4G14880	A5SS	0.015	0.02	0.026	0.024	0.004	0.0	0.028	0.045	0.013	0.012	0.048	0.021	0.018	0.028
115	AT4G14385	A5SS	0.132	0.116	0.206	0.091	0.124	0.143	0.074	0.034	0.078	0.119	0.17	0.124	0.183	0.084
116	AT4G14385	A5SS	0.714	1.0	1.0	1.0	1.0	1.0	1.0	1.0	1.0	1.0	1.0	1.0	1.0	1.0
117	AT4G14385	A5SS	0.933	1.0	1.0	1.0	1.0	1.0	1.0	1.0	1.0	1.0	1.0	1.0	1.0	1.0
118	AT4G14385	A5SS	1.0	1.0	0.731	1.0	1.0	0.895	1.0	0.824	1.0	0.92	1.0	0.927	0.972	1.0
119	AT4G13330	A5SS	0.333	1.0	1.0	1.0	0.385	0.333	0.6	0.429	0.556	1.0	0.75	0.333	0.75	0.333
121	AT4G13100	A5SS	0.118	0.0	0.401	0.105	0.0	0.0	0.204	0.086	0.0	0.0	0.294	0.135	0.086	0.0
122	AT4G12990	A5SS	0.818	0.895	0.857	0.907	0.8	1.0	0.905	0.407	0.5	0.846	0.829	0.923	0.846	1.0
123	AT4G33240	A5SS	0.307	0.216	0.244	0.072	0.189	0.237	0.424	0.194	0.087	0.171	0.214	0.224	0.271	0.237
124	AT4G12440	A5SS				0.0				0.0					1.0	
125	AT4G11830	A5SS	0.7	0.927	0.934	0.838	0.845	0.863	0.878	0.947	0.936	0.898	0.883	0.88	0.912	0.875
127	AT4G10843	A5SS	1.0	0.6		1.0	1.0	1.0	1.0	1.0	1.0	1.0	1.0	1.0	0.333	1.0
128	AT4G10430	A5SS	1.0	0.818	0.909	0.872	1.0	1.0	1.0	1.0	1.0	1.0	0.926	0.75	0.739	1.0
129	AT4G10430	A5SS	1.0	1.0	0.2	0.143			0.714	0.778		0.333	0.333	0.333	0.0	1.0
130	AT4G09980	A5SS	0.0	0.0	0.0	0.0	0.0	0.179	0.0	0.0			0.068	0.0	0.0	0.466
131	AT4G09920	A5SS	0.615		1.0	0.0	1.0	0.0	1.0			1.0	0.0			
132	AT4G09680	A5SS	0.311	0.184	0.287	0.131	0.404	0.376	0.231	0.361	0.693	0.376	0.475	0.475	0.404	0.131
133	AT4G26510	A5SS	0.0	0.0	0.0	0.158	0.0	0.0	0.146	0.115	0.158	0.0	0.253	0.059	0.106	0.158
135	AT4G05040	A5SS	0.0	0.0	0.0	0.0	0.0	0.0	0.0	0.029		0.0	0.0	0.25	0.0	0.0
137	AT4G04620	A5SS	1.0	1.0	1.0	1.0	1.0	1.0	1.0	0.981	1.0	1.0	0.992	1.0	1.0	1.0
141	AT4G03230	A5SS	1.0	0.444	0.827	0.889	1.0		1.0	1.0	0.705		1.0	1.0	1.0	1.0
142	AT4G02570	A5SS	1.0	1.0	1.0	1.0	1.0	1.0	0.974	1.0	0.99	1.0	0.994	1.0	0.987	1.0
143	AT4G02430	A5SS	0.0	0.0	0.0	0.07	0.0	0.0	0.162	0.0	0.204	0.0	0.051	0.054	0.128	0.0
144	AT4G02430	A5SS	1.0	1.0	1.0	1.0	1.0	1.0	1.0	0.931	1.0	1.0	1.0	1.0	1.0	1.0
145	AT4G02260	A5SS	1.0	1.0	1.0	1.0	1.0	0.789	1.0	1.0	1.0	1.0	0.897	1.0	1.0	1.0
146	AT4G01960	A5SS	0.0	0.014	0.0	0.019	0.02	0.091	0.035	0.013	0.018	0.021	0.091	0.015	0.029	0.048
147	AT4G01800	A5SS	0.025	0.0	0.009	0.031	0.0	0.0	0.01	0.013	0.029	0.0	0.026	0.011	0.029	0.0
150	AT4G00960	A5SS	1.0	1.0			1.0		1.0			1.0	0.0			
151	AT4G00830	A5SS	0.098	0.2	0.032	0.136	0.073	0.111	0.134	0.023	0.2	0.115	0.103	0.136	0.052	0.061
153	AT4G00660	A5SS	0.952	1.0	1.0	1.0	1.0	1.0	1.0	0.906	0.95	1.0	0.956	0.935	0.92	1.0
154	AT2G47350	A5SS	0.0	0.0	0.0	0.0	0.0	0.0	0.0	0.06	0.0	0.0	0.0	0.0	0.0	0.0
155	AT2G46020	A5SS	0.388	0.4	0.417	0.32	0.3	0.364	0.378	0.593	0.267	0.667	0.477	0.388	0.457	0.333
156	AT2G45960	A5SS	0.0	0.004	0.001	0.002	0.001	0.0	0.002	0.002	0.001	0.001	0.001	0.004	0.001	0.001
157	AT2G45380	A5SS	1.0	1.0	1.0	0.992	1.0	1.0	1.0	1.0	1.0	1.0	1.0	1.0	1.0	1.0
158	AT2G45280	A5SS		0.0		0.113		0.0	0.0	0.0		0.0	0.113	0.0	0.0	0.0
160	AT2G43560	A5SS	0.043	0.053	0.0	0.019	0.0	0.0	0.0	0.0	0.037	0.0	0.015	0.0	0.0	0.0
161	AT2G43280	A5SS	0.067	0.0	0.333	0.2	0.0		0.048	0.043	0.0	0.333	0.0	0.0	0.5	0.111
163	AT4G35300	A5SS	0.333	0.333	0.0	0.25		0.0	0.067	0.2		0.6	0.0	0.231	0.25	0.333
164	AT4G35300	A5SS	1.0	1.0	1.0	0.5	0.333	0.0	0.143	1.0	0.0	0.5	0.333	0.5	0.455	1.0
165	AT4G35300	A5SS	1.0	1.0	1.0	0.623	0.414	0.414	0.485	1.0	0.0	0.414	0.68	0.809	0.586	1.0
166	AT2G42830	A5SS		0.0		0.236									0.0	
167	AT2G42810	A5SS	0.49	0.49	0.49	0.896	0.562	0.743	0.658	0.743			0.658	0.591	1.0	0.743
168	AT2G42810	A5SS	0.011	0.008	0.032	0.028	0.008	0.029	0.037	0.022	0.0	0.02	0.007	0.013	0.016	0.011
171	AT2G42190	A5SS	1.0	1.0	1.0	0.957	1.0	1.0	0.931	0.818	1.0	1.0	1.0	0.951	1.0	1.0
172	AT2G41880	A5SS	1.0	1.0	1.0	0.846	1.0	1.0	1.0	1.0	1.0	1.0	1.0	1.0	0.692	1.0
173	AT2G40830	A5SS	0.0	0.026	0.059	0.025	0.05	0.176	0.156	0.071	0.095	0.143	0.082	0.018	0.057	0.091
175	AT2G39830	A5SS		0.0		0.0	0.0	0.0		0.0	0.0		0.0	0.472	0.0	
176	AT2G39830	A5SS	1.0	1.0	1.0	1.0	1.0		1.0	1.0	1.0	1.0	1.0	1.0	0.786	1.0
178	AT2G39740	A5SS	0.091	0.333	0.0	0.04	0.0	0.0	0.0	0.048	0.111	0.2	0.0	0.067	0.0	0.0
179	AT2G39740	A5SS	0.0	0.333	0.0	0.04	0.0	0.0	0.0	0.048	0.111	0.2	0.0	0.067	0.0	0.0
180	AT2G39740	A5SS	0.0												1.0	
181	AT2G39730	A5SS	0.558	0.599	0.686	0.614	0.656	0.583	0.676	0.599	0.52	0.718	0.665	0.579	0.627	0.618
182	AT2G39470	A5SS	0.558	0.841	0.914	0.888	0.82	1.0	0.893	0.841	0.233	0.914	1.0	1.0	0.959	0.82
183	AT2G39435	A5SS	1.0	1.0	1.0	1.0	1.0	1.0	1.0	1.0	1.0	1.0	0.714	1.0	0.833	1.0
185	AT2G39110	A5SS	0.0		1.0	0.0	0.0	0.0	0.5	0.333	0.0	0.0	0.0	1.0	0.0	0.0
186	AT2G39010	A5SS	0.048	0.046	0.067	0.049	0.051	0.059	0.059	0.05	0.061	0.053	0.066	0.05	0.05	0.06
188	AT2G38810	A5SS		1.0	0.333	0.0			1.0				1.0	0.2		1.0
190	AT2G38710	A5SS	0.0	0.0	0.048	0.034	0.034	0.0	0.0	0.133	0.056	0.0	0.118	0.0	0.012	0.077
191	AT2G38710	A5SS	0.0	0.0	0.032	0.0	0.0	0.0	0.0	0.0	0.029	0.0	0.077	0.0	0.0	0.077
193	AT2G38280	A5SS	0.275	0.207	0.429	0.4	0.417	0.085	0.467	0.28	0.484	0.431	0.465	0.294	0.311	0.385
194	AT2G37760	A5SS	0.04	0.014	0.041	0.043	0.02	0.043	0.055	0.021	0.086	0.027	0.059	0.051	0.007	0.074
195	AT2G37760	A5SS	0.025	0.0	0.0	0.0	0.0	0.0	0.018	0.02	0.0	0.0	0.013	0.0	0.016	0.0
197	AT2G37150	A5SS	1.0	1.0	1.0	1.0	0.444			0.0			1.0	1.0	0.0	0.0
199	AT2G37150	A5SS	1.0	0.0	0.571	0.217	0.25	0.2	0.429	0.444	0.75	1.0	0.6	0.231	0.4	0.231
201	AT2G37080	A5SS	0.0	0.333	0.111	0.0	0.0		0.0	0.333	0.0	0.0	0.429	0.0	0.158	0.0
202	AT4G16310	A5SS		0.0		0.0	1.0	0.0	0.147	0.301	0.0		0.223	0.0	0.223	
204	AT2G36360	A5SS	0.0	0.059	0.176	0.053	0.111	0.333	0.118	0.034	0.143	0.0	0.077	0.034	0.03	0.0
205	AT2G36360	A5SS	0.0	0.0	0.0	0.045	0.0	0.0	0.0	0.0	0.076	0.0	0.101	0.065	0.043	0.0
206	AT4G26550	A5SS	0.0	0.167	0.143	0.088	0.0	0.158	0.2	0.244	0.143	0.0	0.143	0.026	0.2	0.0
207	AT2G36250	A5SS	1.0	0.765	1.0	1.0	1.0	1.0	1.0	1.0	1.0	1.0	1.0	1.0	1.0	1.0
208	AT2G36060	A5SS	1.0	1.0	0.993	0.976	1.0	1.0	1.0	0.989	0.968	0.987	0.975	0.992	0.987	0.988
209	AT2G36060	A5SS	0.363	0.389	0.486	0.355	0.467	0.335	0.325	0.378	0.412	0.385	0.405	0.35	0.437	0.449
210	AT2G41740	A5SS	0.0	0.004	0.007	0.015	0.0	0.0	0.011	0.011	0.006	0.008	0.008	0.011	0.013	0.022
211	AT2G35900	A5SS	0.0	0.0	0.067	0.029	0.0	0.04	0.021	0.024	0.08	0.051	0.075	0.038	0.02	0.07
212	AT2G35880	A5SS	0.0	0.01	0.027	0.017	0.034	0.036	0.008	0.035	0.0	0.007	0.03	0.02	0.0	0.006
213	AT4G38930	A5SS	0.125	0.158	0.25	0.2	0.091	0.059	0.163	0.208	0.176	0.294	0.405	0.222	0.111	0.125
214	AT4G38930	A5SS	0.683	0.43	0.463	0.348	0.277	0.535	0.447	0.651	0.633	0.508	0.381	0.547	0.357	0.496
215	AT2G35630	A5SS	0.037	0.0	0.037	0.05	0.0	0.111	0.067	0.062	0.0	0.0	0.054	0.099	0.03	0.018
216	AT2G35620	A5SS	0.2	0.4	0.067	0.0	0.0	0.333	0.111	0.444	0.111	0.143	0.0	0.059	0.091	0.333
217	AT2G35510	A5SS	0.0	0.0	0.0	0.029	0.043	0.2	0.077	0.029	0.0	0.0	0.059	0.029	0.1	0.0
218	AT2G35140	A5SS			0.5	0.5		1.0	1.0	0.0		1.0				0.0
221	AT2G41700	A5SS	0.1	0.03	0.0	0.061	0.048	0.048	0.11	0.19	0.217	0.156	0.056	0.114	0.018	0.156
222	AT4G08170	A5SS	0.333	0.0	0.152	0.333	0.0		0.391	0.6	1.0	0.0	0.167	0.4	0.217	0.556
224	AT2G34450	A5SS	0.0	0.0	0.0	0.0	0.0		0.0	0.224	0.0	0.0	0.0	0.0	0.0	0.0
225	AT2G34355	A5SS	0.0	0.0	0.0	0.2	0.0		0.25	0.0	0.333		0.333	0.0	0.0	0.0
226	AT2G34300	A5SS	0.123	0.051	0.095	0.021	0.0	0.0	0.035	0.045	0.025	0.0	0.087	0.01	0.007	0.021
228	AT2G33820	A5SS	0.0	0.0	0.112	0.178	0.0	0.0	1.0	0.0		0.0	0.132	0.0	0.202	1.0
229	AT2G33680	A5SS	0.436		1.0		0.537		1.0	0.0	0.0		0.607	1.0	0.0	1.0
230	AT2G32320	A5SS	0.145	0.078	0.088	0.088	0.145	0.0	0.049	0.092	0.0	0.145	0.053	0.0	0.024	0.101
231	AT4G14716	A5SS	0.014	0.036	0.034	0.013	0.067	0.0	0.038	0.029	0.0	0.167	0.0	0.013	0.031	0.0
232	AT2G32080	A5SS	0.37	0.271	0.194	0.239	0.194	0.292	0.248	0.267	0.265	0.259	0.249	0.262	0.296	0.382
233	AT2G31960	A5SS	0.211	0.108	0.159	0.223	0.245	0.2	0.165	0.266	0.174	0.086	0.149	0.345	0.176	0.127
234	AT2G31751	A5SS	1.0	1.0	1.0	1.0	1.0		0.588	1.0	1.0	1.0	1.0	1.0		
236	AT2G31130	A5SS	0.053	0.077	0.097	0.024	0.053	0.0	0.105	0.115	0.111	0.0	0.12	0.037	0.059	0.238
237	AT2G31110	A5SS		1.0	1.0	1.0	1.0	1.0	1.0	1.0	1.0	0.699	1.0	1.0	1.0	1.0
243	AT2G30740	A5SS	1.0		1.0	0.333	1.0		1.0	1.0	0.333	1.0	0.714	0.6	0.2	1.0
244	AT2G30740	A5SS	0.029	0.143	0.179	0.147	0.182	0.185	0.4	0.059	0.176	0.136	0.353	0.164	0.255	0.25
245	AT2G30740	A5SS	0.788	0.0	0.175	0.401	0.0	0.0	0.347	0.722	0.0	0.0	0.198	0.142	0.168	0.0
246	AT2G30740	A5SS	0.6	0.0	0.176	0.259	0.111	0.0	0.222	0.636	0.0	0.077	0.351	0.143	0.185	0.111
247	AT2G30740	A5SS	0.0		1.0	0.25	1.0		0.385			1.0	0.778	0.667	1.0	1.0
249	AT2G29890	A5SS	0.0		1.0	0.649		1.0	0.236	0.236	0.481	0.0	0.787	0.481	0.552	
250	AT2G29890	A5SS	0.21	0.0	0.0	0.0	0.0	0.0	0.056	0.0	0.0		0.0	0.042	0.0	0.0
252	AT2G29290	A5SS	1.0	1.0	0.723	1.0	1.0	1.0	1.0	1.0	1.0	1.0	1.0	1.0	1.0	1.0
253	AT2G28760	A5SS	0.0	0.833	0.0	0.364	0.0		1.0	0.682	0.417	0.0	0.349	0.106	0.3	0.0
254	AT4G39220	A5SS	0.0	0.0	0.047	0.036	0.03	0.111	0.043	0.024	0.062	0.0	0.029	0.0	0.045	0.02
256	AT2G27490	A5SS	0.529	0.846	0.717	0.906	0.823	0.791	0.687	0.558	0.717	0.737	0.678	1.0	0.655	0.903
258	AT2G26770	A5SS	1.0	0.775	0.775	0.553	1.0	1.0	0.602	0.469	1.0	0.733	0.33	0.775	0.828	0.707
259	AT2G26600	A5SS	1.0	0.75	0.941	0.875	1.0	0.667	0.905	0.708	0.895	1.0	0.951	0.609	0.704	0.867
261	AT2G26300	A5SS	0.0	0.014	0.015	0.0	0.023	0.0	0.023	0.018	0.0	0.0	0.026	0.0	0.034	0.0
262	AT2G25850	A5SS	0.093	0.093	0.333	0.543	0.488	0.641	0.646	0.417	0.373	0.192	0.284	0.417	0.211	0.373
263	AT2G25840	A5SS	0.0		0.633	0.177	0.0	0.0	0.0	1.0	0.0		0.0	0.097	0.301	0.0
264	AT2G25220	A5SS	0.0	0.0	0.0	0.0	0.0	0.207	0.043	0.0	0.0	0.0	0.08	0.05	0.0	0.0
265	AT2G23985	A5SS	0.571	0.714	0.231	0.481	0.5	1.0	0.8	0.714	0.6	1.0	0.429	0.0	1.0	0.2
266	AT2G23985	A5SS	0.089	0.054	0.208	0.133	0.128	0.269	0.225	0.078	0.05	0.118	0.116	0.171	0.167	0.197
267	AT2G23985	A5SS	0.793	0.939	0.63	0.803	0.857	1.0	0.952	0.9	0.895	1.0	0.805	0.862	1.0	0.333
268	AT2G23985	A5SS	0.851	0.521	0.818	0.667	0.521	0.62	0.71	0.4	1.0	0.765	0.53	0.765	0.541	1.0
269	AT2G23985	A5SS	1.0	1.0	0.671	0.83	1.0	0.0	1.0	1.0	0.62	1.0	1.0	0.9	1.0	1.0
270	AT2G23740	A5SS	1.0	1.0	0.75	1.0	1.0	1.0	1.0	1.0	1.0	1.0	0.846	1.0	1.0	1.0
271	AT2G45540	A5SS	0.0	0.203	1.0	0.203	0.0	1.0	0.718	0.241	0.389	0.175	0.656	0.56	0.0	1.0
272	AT4G17150	A5SS	0.095	0.087	0.202	0.247	0.487	0.0	0.115	0.106	0.0	0.137	0.209	0.275	0.0	0.137
274	AT2G22980	A5SS	0.045	0.045	0.029	0.025	0.034	0.029	0.085	0.056	0.015	0.068	0.039	0.0	0.051	0.078
275	AT2G22260	A5SS	0.0	0.0		0.2	0.0							0.0		0.0
276	AT2G22140	A5SS	1.0		0.0											0.0
279	AT2G21510	A5SS			0.0					1.0			1.0			
282	AT2G21270	A5SS	0.059	0.0	0.015	0.007	0.02	0.0	0.067	0.0	0.0	0.02	0.008	0.098	0.055	0.0
284	AT4G23130	A5SS							0.0					1.0		
287	AT2G19930	A5SS	0.0	0.0	0.0	0.092	0.0	0.0	0.0	0.0	0.0	0.0	0.0	0.0	0.0	0.0
288	AT2G19880	A5SS	1.0	1.0	1.0	1.0	1.0	1.0	1.0	1.0	1.0	1.0	0.917	1.0	1.0	1.0
289	AT2G19110	A5SS	0.04	0.059	0.059	0.02	0.043	0.25	0.04	0.027	0.0	0.056	0.0	0.067	0.029	0.048
290	AT2G18890	A5SS	1.0	1.0	1.0	1.0	1.0	1.0	0.942	1.0	0.85	1.0	0.855	1.0	1.0	0.776
292	AT2G18180	A5SS		1.0			0.0						1.0		1.0	
293	AT2G17780	A5SS	1.0			1.0			1.0	1.0	1.0	0.2	1.0	0.667	0.714	1.0
294	AT4G17000	A5SS	0.0	0.0	0.0	0.0	0.0	0.0	0.248			0.0	0.0		1.0	0.0
295	AT2G17510	A5SS	0.119	0.036	0.031	0.0	0.0	0.0	0.0	0.0	0.0	0.0	0.0	0.088	0.0	0.0
296	AT2G17510	A5SS	0.117	0.0	0.034	0.0	0.0	0.0	0.106	0.042	0.096	0.0	0.025	0.347	0.0	0.0
297	AT2G17290	A5SS	0.0	0.03	0.0	0.0	0.0	0.0	0.021	0.014	0.0	0.0	0.035	0.0	0.0	0.056
300	AT2G16940	A5SS	0.0	0.0	0.0	0.01	0.0	0.0	0.0	0.0	0.0	0.0	0.018	0.0	0.038	0.0
301	AT2G16900	A5SS	0.111	0.0	0.6	0.067	0.111	0.0	0.167	0.111	0.0	1.0	0.214	0.222	0.026	0.143
303	AT2G15860	A5SS	0.0	0.143	0.0	0.067	0.143	0.333	0.0	0.062	0.0	0.077	0.077	0.048	0.0	0.0
304	AT2G15530	A5SS	1.0	0.615	0.615	0.889	0.0	1.0	0.347	0.615	0.615	0.0	0.838	0.313	0.736	1.0
305	AT2G15530	A5SS		0.0	0.0	0.814	0.0		0.195	0.593	0.421	0.421	0.421	0.0	0.522	
306	AT2G15530	A5SS	0.0	0.0	0.0	0.229		0.0	0.0	0.472	0.309	1.0	0.0	0.0	0.0	0.0
307	AT2G15050	A5SS	0.796	0.926	0.758	0.715	0.862	0.758	0.916	0.796	0.772	0.824	0.899	0.796	0.818	0.758
308	AT2G15000	A5SS	0.0			1.0				1.0	1.0	0.0			0.0	
309	AT2G15000	A5SS	0.0	0.0		1.0		1.0		1.0	1.0	0.333	1.0	0.143	0.0	0.0
310	AT2G15000	A5SS	0.389	0.0				1.0		1.0		0.656	1.0	0.175	0.56	0.0
311	AT2G15000	A5SS	0.0				0.0	1.0		1.0		1.0	1.0	1.0		
313	AT2G14880	A5SS	0.0	0.0	0.02	0.02	0.0	0.0	0.014	0.0	0.02	0.0	0.013	0.0	0.01	0.0
314	AT2G14880	A5SS	0.0	0.0	0.02	0.01	0.0	0.0	0.014	0.0	0.02	0.0	0.013	0.0	0.01	0.0
315	AT2G14260	A5SS	0.03	0.05	0.128	0.115	0.071	0.0	0.055	0.061	0.0	0.0	0.048	0.034	0.072	0.067
316	AT4G17310	A5SS	1.0	0.0	1.0	1.0		1.0	1.0	0.25	0.0	1.0	0.556	1.0	0.5	1.0
317	AT4G17310	A5SS	0.225	0.279	0.162	0.404	0.279		0.225	1.0	1.0	0.466	0.279	0.225	0.368	0.304
319	AT2G13370	A5SS	0.167	0.152	0.143	0.101	0.222	0.2	0.081	0.167	0.167	0.5	0.273	0.2	0.138	0.0
321	AT2G26350	A5SS	0.0	0.125	0.048	0.083	0.067	0.091	0.152	0.031	0.0	0.167	0.13	0.071	0.062	0.125
322	AT2G11000	A5SS	0.556	0.621	0.766	0.484	1.0		0.652	1.0	1.0	1.0	0.824	0.484	0.701	1.0
323	AT2G11000	A5SS	1.0	1.0	0.821	0.863	0.534		0.767	0.863	1.0	0.741	0.945	1.0	0.863	0.8
325	AT4G24230	A5SS	0.074	0.077	0.062	0.089	0.069	0.055	0.109	0.114	0.076	0.089	0.103	0.079	0.086	0.056
326	AT4G24230	A5SS	0.079	0.254	0.116	0.194	0.051	0.062	0.299	0.282	0.221	0.204	0.405	0.221	0.411	0.561
327	AT2G07680	A5SS			0.0		0.0	0.0	0.708	0.0	0.0	1.0	0.0	0.0		1.0
329	AT2G43760	A5SS	0.1	0.2	0.259	0.192	0.28	0.333	0.29	0.222	0.125	0.222	0.282	0.154	0.143	0.0
330	AT2G43760	A5SS	0.1	0.111	0.259	0.16	0.053	0.0	0.353	0.222	0.222	0.176	0.263	0.137	0.067	0.111
331	AT2G43760	A5SS	0.5	0.263	0.571	0.286	0.222	0.0	0.615	0.733	0.556	0.4	0.6	0.5	0.3	1.0
332	AT2G07360	A5SS	0.0	0.0	0.0	0.0	0.0	0.0	0.017	0.0	0.0	0.0	0.0	0.0	0.026	0.032
333	AT2G05590	A5SS	0.0	0.094	0.385	0.067	0.0	0.0	0.05	0.22	0.0	0.273	0.086	0.126	0.172	0.19
334	AT4G17330	A5SS	0.355	0.36	0.476	0.362	0.246	0.507	0.483	0.215	0.24	0.382	0.463	0.342	0.326	0.216
335	AT2G04845	A5SS	1.0	0.194	0.325	0.116	0.591	1.0	0.351	0.0		0.126	0.325	0.0	0.243	0.265
336	AT2G04790	A5SS		0.0	0.0	0.434	0.605	0.0	0.277	0.0		0.0	0.0	0.0	0.0	
337	AT2G04690	A5SS	0.965	0.967	0.974	0.996	0.962	0.98	0.989	0.984	0.988	0.964	0.994	0.992	0.986	1.0
338	AT2G04690	A5SS	0.622	0.548	0.602	0.575	0.564	0.526	0.549	0.545	0.551	0.597	0.621	0.563	0.59	0.577
339	AT2G03810	A5SS	1.0	1.0	0.0	0.429	0.067	1.0	0.333	0.333	1.0	0.2	0.556	0.5	0.5	0.2
340	AT2G03810	A5SS		1.0		0.484	1.0	0.0	0.0	0.738	0.0	1.0	0.484	0.54	0.413	0.319
343	AT2G18760	A5SS	0.275	0.0	0.068	0.202	0.67	1.0	0.202	0.266	0.0	0.202	0.228	0.503	0.0	0.0
344	AT2G02410	A5SS	0.417	0.211	0.338	0.323	0.152	0.323	0.229	0.309	0.682	0.222	0.529	0.417	0.632	0.682
345	AT2G02148	A5SS		0.0	0.0	0.0	1.0		0.0		1.0	0.365	0.0	0.633	0.0	0.0
346	AT2G02148	A5SS		0.0	0.0	0.0	1.0		0.0	0.177	1.0	0.223	0.0	0.223	0.097	0.0
353	AT2G23140	A5SS	0.333	0.067	0.4	0.283	0.5	0.556	0.66	0.448	0.6	0.467	0.55	0.478	0.375	0.3
354	AT2G01180	A5SS	0.2	0.2	0.154	0.111	0.0	0.0	0.111	0.273	0.2	0.273	0.1	0.333	0.12	0.5
355	AT2G01070	A5SS	0.03	0.0	0.02	0.04	0.0	0.0	0.0	0.0	0.0	0.0	0.0	0.077	0.0	0.03
356	AT3G63480	A5SS			1.0		0.0		0.0	1.0	1.0		0.463	0.223		
357	AT3G63460	A5SS	0.884	0.946	0.797	0.942	0.925	0.832	0.894	0.906	0.914	1.0	0.922	0.942	0.822	0.877
358	AT2G43070	A5SS	0.128	0.244	0.268	0.176	0.082	0.139	0.323	0.082	0.0	0.058	0.168	0.152	0.023	0.195
360	AT2G02910	A5SS	1.0	1.0	1.0	1.0	1.0	1.0	1.0	1.0	1.0	1.0	1.0	1.0	0.778	1.0
361	AT3G61700	A5SS	0.0	0.0	0.016	0.043	0.13	0.111	0.061	0.015	0.0	0.034	0.032	0.024	0.029	0.0
362	AT3G61700	A5SS	0.043	0.0	0.083	0.024	0.043	0.059	0.041	0.028	0.0	0.0	0.071	0.043	0.029	0.067
363	AT3G61490	A5SS	0.0	0.251	0.0	0.067		1.0	0.121	0.0	0.0	0.112	0.0	0.0	0.048	0.0
364	AT3G61450	A5SS	0.0	0.0	0.0	0.0	0.0		0.0	0.0	1.0	0.24	0.24	0.655	0.0	0.0
365	AT4G27800	A5SS	0.0	0.027	0.0	0.023	0.0	0.0	0.0	0.0	0.0	0.0	0.057	0.036	0.011	0.0
366	AT3G61160	A5SS	0.569	0.68	0.599	0.483	0.53	0.758	0.538	0.487	0.623	0.602	0.574	0.494	0.617	0.626
367	AT2G43010	A5SS	0.098	0.018	0.064	0.081	0.091	0.077	0.111	0.11	0.02	0.046	0.044	0.075	0.068	0.077
369	AT3G60250	A5SS	0.543	0.545	0.413	0.457	0.431	0.533	0.436	0.496	0.475	0.6	0.521	0.434	0.444	0.51
370	AT3G60140	A5SS	1.0	1.0	1.0	1.0	1.0	1.0	1.0	1.0	0.994	1.0	1.0	1.0	1.0	1.0
372	AT4G01450	A5SS	0.818	1.0	1.0	1.0	1.0	1.0	0.913	1.0	1.0	0.926	0.931	1.0	0.931	1.0
373	AT3G59820	A5SS	0.0	0.333	0.0	0.0	0.0	0.0	0.077	0.029	0.0	0.0	0.067	0.0	0.0	0.0
374	AT3G59770	A5SS	0.24	0.224	0.21	0.104	0.0	0.0	0.169	0.107	0.224	0.185	0.062	0.122	0.098	0.185
375	AT3G59490	A5SS	1.0	1.0	0.931	1.0	1.0	1.0	1.0	1.0	1.0	1.0	1.0	1.0	1.0	1.0
376	AT4G15930	A5SS	0.04	0.059	0.043	0.0	0.027		0.029	0.031	0.091	0.048	0.0	0.0	0.048	0.037
378	AT3G58040	A5SS	0.0	0.069	0.022	0.017	0.0	0.037	0.014	0.019	0.0	0.0	0.011	0.013	0.0	0.0
380	AT3G57880	A5SS	0.083	0.053	0.026	0.057	0.0	0.0	0.043	0.067	0.081	0.0	0.032	0.059	0.0	0.0
381	AT3G57410	A5SS	0.014	0.056	0.069	0.044	0.027	0.04	0.085	0.055	0.033	0.062	0.037	0.045	0.038	0.067
382	AT3G57410	A5SS	1.0	0.992	0.984	1.0	1.0	1.0	1.0	0.994	1.0	1.0	1.0	1.0	1.0	1.0
383	AT3G56730	A5SS		1.0	1.0	1.0	1.0		1.0	1.0		1.0	0.767	1.0	1.0	1.0
385	AT3G56320	A5SS	0.0		0.167	0.0	0.0	1.0	0.053	0.0			0.167	0.0	1.0	0.333
386	AT3G56130	A5SS	0.021	0.0	0.0	0.006	0.0	0.0	0.0	0.0	0.0	0.0	0.0	0.0	0.0	0.0
387	AT3G55880	A5SS	1.0	0.5	1.0	1.0	1.0		1.0	1.0	1.0	1.0	1.0	1.0	1.0	1.0
388	AT3G55630	A5SS	1.0	0.761	0.854	0.939	0.571	1.0	0.854	0.761	1.0	1.0	0.788	1.0	1.0	0.788
390	AT3G55520	A5SS	0.0	0.13	0.0	0.015	0.069	0.0	0.029	0.0	0.0	0.0	0.0	0.0	0.013	0.0
391	AT3G55410	A5SS	0.0	0.0	0.0	0.026	0.0	0.091	0.0	0.028	0.0	0.043	0.059	0.0	0.0	0.0
392	AT3G54740	A5SS	0.2	1.0	1.0	1.0	1.0	1.0	1.0	0.5		1.0	1.0	1.0	0.636	1.0
393	AT3G54500	A5SS	0.949	1.0	1.0	1.0	1.0	1.0	1.0	1.0	1.0	1.0	1.0	1.0	1.0	1.0
394	AT3G54500	A5SS	0.713	0.723	0.639	0.704	0.7	0.673	0.778	0.769	0.756	0.76	0.76	0.713	0.649	0.768
395	AT3G54500	A5SS	1.0	1.0	1.0	1.0	1.0	1.0	1.0	1.0	1.0	1.0	1.0	1.0	0.989	1.0
396	AT3G54300	A5SS	0.013	0.009	0.02	0.033	0.029	0.0	0.005	0.007	0.04	0.0	0.02	0.026	0.028	0.02
397	AT4G19040	A5SS	0.0	0.143	0.0	0.294	0.0	0.106	0.0	0.089	0.0	0.0	0.122	0.166	0.132	0.25
399	AT4G18070	A5SS	0.239	0.184	0.194	0.239	0.19	0.111	0.177	0.098	0.123	0.158	0.25	0.168	0.144	0.2
400	AT3G53460	A5SS	0.009	0.039	0.003	0.012	0.01	0.009	0.004	0.015	0.015	0.005	0.003	0.017	0.002	0.0
401	AT3G52560	A5SS	0.333	0.258	0.216	0.305	0.21	0.297	0.282	0.294	0.199	0.198	0.274	0.278	0.307	0.222
402	AT3G52560	A5SS	0.033	0.004	0.0	0.0	0.013	0.008	0.019	0.012	0.006	0.0	0.015	0.014	0.012	0.013
405	AT3G52340	A5SS	0.171	0.111	0.254	0.212	0.394	0.3	0.308	0.2	0.381	0.333	0.2	0.132	0.227	0.209
406	AT3G52300	A5SS	0.0	0.0	0.0	0.0	0.0	0.0	0.0	0.003	0.0	0.0	0.0	0.0	0.0	0.0
407	AT3G52260	A5SS	0.388	0.655	0.275	0.388	0.74	1.0	0.681	0.905	0.487	1.0	0.487	0.613	0.769	
408	AT3G52260	A5SS	1.0	1.0	1.0	1.0	1.0		1.0	1.0	1.0	1.0	1.0	1.0	0.8	1.0
409	AT3G52050	A5SS	1.0	0.0	0.538	0.538	1.0		1.0	1.0		0.0	0.744	0.368	0.368	
410	AT2G44280	A5SS	1.0	0.359	0.737	1.0	1.0		1.0	1.0	1.0	1.0	1.0	1.0	0.528	1.0
412	AT3G51640	A5SS	1.0	1.0	1.0	1.0	1.0	1.0	1.0	1.0	1.0	1.0	0.758	0.75	1.0	1.0
414	AT3G51075	A5SS		1.0	1.0		1.0		0.4	1.0		1.0	1.0	0.0	1.0	1.0
415	AT2G41430	A5SS	0.889	0.883	0.923	0.918	0.927	0.444	1.0	0.962	1.0	0.583	0.727	0.791	0.865	0.889
416	AT5G14770	A5SS	1.0	1.0	1.0		1.0				1.0	1.0	0.49	1.0	1.0	1.0
417	AT5G14740	A5SS	0.0	0.0	0.002	0.0	0.003	0.0	0.007	0.003	0.0	0.0	0.0	0.006	0.001	0.0
418	AT5G14740	A5SS	0.003	0.0	0.004	0.001	0.003	0.0	0.005	0.001	0.0	0.004	0.001	0.001	0.001	0.001
419	AT5G14740	A5SS	0.003	0.0	0.004	0.001	0.003	0.0	0.006	0.001	0.0	0.004	0.001	0.001	0.001	0.001
420	AT5G14740	A5SS	0.004	0.0	0.004	0.001	0.003	0.0	0.005	0.001	0.0	0.004	0.001	0.001	0.001	0.001
421	AT5G14740	A5SS	1.0		1.0	1.0	0.5		0.385	0.25		1.0	1.0	0.143	0.5	1.0
422	AT5G14740	A5SS	1.0		1.0	1.0	0.5		0.429	0.25		1.0	1.0	0.143	0.5	1.0
423	AT5G14740	A5SS	1.0		1.0	1.0	0.5		0.385	0.25		1.0	1.0	0.143	0.5	1.0
426	AT5G14740	A5SS	1.0		1.0	1.0	1.0	1.0	0.667	1.0		1.0	1.0		1.0	1.0
427	AT5G14740	A5SS	0.0	0.001	0.0	0.002	0.0	0.0	0.005	0.001	0.0	0.0	0.0	0.0	0.002	0.003
428	AT5G14740	A5SS		1.0	0.0	1.0			1.0	1.0				0.0	0.74	1.0
432	AT5G13590	A5SS	0.12	0.081	0.135	0.031	0.12	0.167	0.0	0.118	0.04	0.067	0.15	0.043	0.138	0.053
433	AT5G11910	A5SS	1.0	1.0	0.93	1.0	1.0	1.0	1.0	1.0	1.0	1.0	1.0	1.0	1.0	1.0
434	AT3G63340	A5SS	1.0	1.0	1.0	0.97	1.0	1.0	0.87	1.0	1.0	1.0	0.881	1.0	1.0	1.0
435	AT4G37860	A5SS	0.385		1.0	0.0			1.0	0.0				1.0		
436	AT5G11630	A5SS	1.0	1.0	1.0	0.82	1.0	1.0	0.777	0.596	0.517	0.152	0.556	0.417	0.682	1.0
437	AT5G11530	A5SS	0.0	0.037	0.0	0.067	0.053	0.0	0.083	0.125	0.0	0.125	0.0	0.0	0.0	0.0
440	AT1G61010	A5SS	1.0	0.529	0.733	0.526	0.571	0.385	0.509	0.864	0.714	0.733	0.714	0.75	0.867	0.625
441	AT2G39580	A5SS	0.03	0.052	0.035	0.0	0.0	0.0	0.051	0.067	0.0	0.033	0.044	0.062	0.024	0.081
445	AT2G38880	A5SS	1.0	0.196	0.793	0.208	0.091	0.267	0.387	0.112	0.135	0.523	0.3	0.354	0.354	0.135
446	AT5G10745	A5SS	0.75	0.796	0.818	0.867	0.926	0.7	0.896	0.86	0.659	0.724	0.873	0.804	0.781	0.789
447	AT2G48060	A5SS	0.0	0.0	0.103	0.095	0.125	0.0	0.033	0.107	0.25	0.0	0.049	0.222	0.083	0.333
448	AT5G10510	A5SS							0.0	0.0	0.0			0.0	0.2	0.0
449	AT5G38470	A5SS	0.0	0.036	0.012	0.02	0.0	0.053	0.009	0.045	0.0	0.021	0.0	0.039	0.0	0.02
451	AT5G08570	A5SS	0.02	0.011	0.019	0.016	0.0	0.0	0.033	0.04	0.021	0.014	0.0	0.008	0.0	0.0
452	AT1G01800	A5SS	0.0	0.0	0.0	0.011	0.0	0.0	0.024	0.0	0.0	0.041	0.017	0.0	0.064	0.0
453	AT2G39950	A5SS	0.462	0.611	0.263	0.437	0.2	0.429	0.515	0.434	0.308	0.2	0.5	0.308	0.348	0.231
454	AT2G39950	A5SS	0.429	0.52	0.556	0.619	0.556	0.429	0.308	0.714	0.333	1.0	0.667	0.714	0.8	0.333
455	AT2G39950	A5SS	1.0	0.286	0.111	0.091	0.429	0.333	0.5	0.75	0.5	0.333	0.257	0.333	0.333	0.143
456	AT5G07890	A5SS	0.5	0.333	0.143	0.314	0.059	0.0	0.273	0.185	0.0	0.333	0.238	0.333	0.083	0.0
460	AT1G49340	A5SS	1.0	0.656	0.701	0.701	0.61	0.51	0.659	0.868	0.746	0.921	0.834	0.817	0.743	0.772
462	AT5G12920	A5SS		0.0		0.0		0.0		1.0					0.0	0.0
463	AT2G43410	A5SS	0.053	0.037	0.277	0.143	0.1	0.25	0.314	0.175	0.273	0.241	0.292	0.077	0.12	0.1
464	AT3G33530	A5SS	0.077	0.053	0.022	0.085	0.167	0.0	0.028	0.0	0.0	0.0	0.017	0.024	0.018	0.0
465	AT5G06670	A5SS			0.6	1.0			0.5	1.0	0.333		0.333	0.333	0.167	1.0
466	AT4G34140	A5SS	1.0	1.0	0.893	0.862	0.822	0.787	1.0	0.903	0.735	0.618	0.911	0.822	0.953	1.0
468	AT1G23080	A5SS	0.341	0.295	0.436	0.289	0.259	0.132	0.275	0.177	0.393	0.194	0.295	0.2	0.223	0.333
469	AT5G06120	A5SS	1.0	1.0	1.0	1.0	1.0	0.824	1.0	1.0	1.0	1.0	1.0	0.927	0.96	1.0
470	AT5G06120	A5SS	1.0	1.0	1.0	1.0	1.0	0.819	1.0	1.0	1.0	1.0	1.0	0.936	0.946	1.0
471	AT5G06120	A5SS	0.0	0.258	0.281	0.207	0.401	0.61	0.176	0.299	0.0	0.281	0.26	0.723	0.313	0.135
472	AT5G06100	A5SS	1.0	1.0	1.0	0.913	1.0	1.0	1.0	1.0	1.0	0.8	1.0	1.0	1.0	1.0
473	AT2G27950	A5SS	0.0	0.143	0.1	0.069	0.0	0.077	0.308	0.0	0.067	0.111	0.034	0.0	0.03	0.0
474	AT5G48340	A5SS	1.0	1.0	1.0	1.0	1.0	1.0	1.0	0.955	1.0	1.0	1.0	1.0	1.0	1.0
476	AT5G05670	A5SS	0.321	0.804	0.283	0.296	0.186	0.387	0.481	0.317	0.153	0.344	0.274	0.256	0.406	0.419
477	AT5G05550	A5SS	0.75	0.538	0.459	0.765	0.304	0.263	0.708	0.406	0.692	0.818	0.542	0.548	0.527	0.571
478	AT1G70620	A5SS	0.629	0.868	1.0	0.791	1.0	1.0	0.618	0.832	1.0	0.686	0.435	0.901	0.671	0.621
479	AT1G70620	A5SS	1.0	1.0	0.966	1.0	1.0	1.0	1.0	0.977	1.0	1.0	1.0	1.0	1.0	1.0
481	AT5G04980	A5SS	1.0	0.0	1.0	0.0	0.5	1.0	0.667	1.0	1.0	1.0	0.2	1.0	0.25	
483	AT5G04220	A5SS	0.87	0.748	0.922	0.667	0.598	0.722	0.709	0.757	0.788	0.598	0.759	0.779	0.788	0.87
484	AT5G57270	A5SS	0.323	0.222	0.106	0.442	0.588		0.349	0.125		0.0	0.169	0.417	0.163	
485	AT1G78970	A5SS	1.0	0.911	0.882	0.937	1.0	1.0	0.813	1.0	1.0	1.0	0.811	1.0	0.929	0.929
486	AT5G03180	A5SS	0.683	0.0	1.0	0.957	0.0	1.0	0.66	0.905	1.0	0.301	0.668	0.633	0.76	1.0
487	AT5G03180	A5SS	1.0	1.0	1.0	1.0	1.0	1.0	1.0	1.0	0.542	1.0	0.798	1.0	1.0	0.826
488	AT5G37690	A5SS	0.431			0.602		1.0		0.431		0.0	0.791		0.0	1.0
489	AT5G02840	A5SS	0.0	0.004	0.008	0.006	0.0	0.0	0.008	0.011	0.011	0.0	0.013	0.033	0.012	0.0
490	AT5G02810	A5SS	0.897	1.0	0.929	0.951	1.0	1.0	0.984	0.963	1.0	1.0	0.963	1.0	1.0	0.938
493	AT5G02080	A5SS		1.0	1.0		1.0		1.0	0.333	1.0	0.333	1.0	0.5	0.5	1.0
494	AT5G02080	A5SS		1.0	1.0		1.0		1.0	0.2	1.0	0.2	1.0	0.667	0.667	1.0
495	AT5G02080	A5SS		1.0	1.0				0.5	0.0	1.0	0.0		1.0	1.0	1.0
496	AT1G80270	A5SS	1.0	0.431	0.275	0.233	1.0		0.532	0.639		1.0	1.0		0.639	
497	AT5G01660	A5SS					1.0		0.0				1.0		0.0	
499	AT2G44480	A5SS	1.0	1.0	1.0	0.833	1.0		1.0	1.0		1.0	1.0	0.5	0.833	1.0
501	AT1G80040	A5SS	0.029	0.097	0.091	0.063	0.088	0.0	0.035	0.093	0.037	0.079	0.073	0.111	0.056	0.083
502	AT3G12200	A5SS	0.0	0.053	0.059	0.0	0.0	0.067	0.056	0.027	0.0	0.2	0.087	0.259	0.02	0.143
504	AT2G28800	A5SS	0.012	0.005	0.017	0.002	0.004	0.0	0.003	0.006	0.0	0.007	0.013	0.008	0.003	0.014
505	AT4G32010	A5SS	0.0	0.463	0.33	0.721	0.0	0.0	0.117	0.381		0.301	0.256	0.126	0.205	0.463
506	AT1G79700	A5SS	0.797	0.696	0.831	0.76	0.701	0.71	0.781	0.738	0.754	0.689	0.807	0.87	0.881	0.8
507	AT1G79700	A5SS	1.0	0.956	0.882	0.962	0.935	0.954	0.987	0.991	0.898	0.959	1.0	1.0	0.963	0.873
508	AT3G28956	A5SS	1.0	0.833	0.913	1.0	0.556	1.0	1.0	0.933	0.571	1.0	0.771	1.0	0.913	1.0
512	AT2G40935	A5SS	0.682	0.707	1.0	0.517	0.682	0.517	0.711	0.627	0.385	0.616	1.0	0.582	0.828	1.0
515	AT1G79000	A5SS	1.0	0.952	0.908	0.989	0.849	0.869	0.985	0.959	0.973	0.933	0.956	0.968	1.0	0.959
516	AT1G09530	A5SS	0.697	0.69	0.51	0.561	0.617	0.753	0.576	0.612	0.5	0.759	0.536	0.557	0.712	0.464
517	AT1G78690	A5SS	1.0	0.58	0.863	0.53	0.703	1.0	0.345	0.64	1.0	0.612	0.78	1.0	0.888	1.0
518	AT1G78690	A5SS	1.0	0.238	0.789	0.309	0.238		0.238	0.439	1.0	0.0	0.652	1.0	0.789	1.0
519	AT1G78690	A5SS	0.6	0.0	0.31	0.25	0.0	0.0	0.333	0.0	0.429	0.0	0.3	0.429	0.13	1.0
520	AT3G10300	A5SS	0.0	0.0	0.0	0.02	0.0	0.0	0.019	0.0	0.0	0.0	0.0	0.0	0.044	0.0
522	AT5G20720	A5SS		1.0	0.607			1.0		1.0	1.0		1.0	1.0	1.0	0.0
523	AT1G77080	A5SS	1.0	1.0	0.949	1.0	0.875	1.0	1.0	1.0	1.0	1.0	1.0	1.0	1.0	1.0
524	AT3G12040	A5SS	0.0	0.09	0.0	0.0		0.0	0.0	0.0	0.0	0.0	0.0		0.0	
525	AT1G79270	A5SS	0.333	0.0	0.111	0.106	0.2	0.0	0.125	0.083	0.0	0.0	0.222	0.111	0.174	0.333
526	AT1G79270	A5SS	0.333	0.0	0.059	0.087	0.111	0.0	0.263	0.043	0.143	0.0	0.176	0.111	0.136	0.667
527	AT1G79270	A5SS	0.484	1.0	0.319	0.413	0.0		1.0	0.319	1.0		0.385		0.0	1.0
528	AT1G76510	A5SS	0.0	0.0	0.0	0.0	0.0	0.0	0.0	0.0	0.0	0.0	0.0	0.027	0.0	0.094
529	AT1G76510	A5SS	0.728	0.434	1.0	0.801	0.338	0.203	0.671	0.737	0.434	0.793	0.902	0.697	0.434	0.434
530	AT1G80690	A5SS	0.365	0.0	0.0	0.0	0.0	0.463	0.0	0.0	0.463	0.0	0.256	0.721	0.126	0.0
532	AT2G43920	A5SS	0.043	0.273	0.0	0.048	0.0	0.0	0.0	0.0	0.0	0.0	0.037	0.053	0.0	0.0
533	AT5G64630	A5SS	0.0	0.0	0.0				0.37	0.0	0.0		0.0	0.0	0.0	
536	AT5G27970	A5SS	0.403	0.575	0.169	0.244	0.225	0.119	0.213	0.301	0.67	0.351	0.331	0.336	0.15	0.73
538	AT3G13800	A5SS	0.689	0.388	0.16	0.432	0.655	0.322	0.792	0.388	0.137	0.442	0.454	0.449	0.533	1.0
539	AT1G53800	A5SS	0.385	0.742	0.697	0.432	0.264	0.742	0.555	0.569	0.564	0.737	0.555	0.564	0.642	0.463
540	AT4G19160	A5SS	0.088	0.163	0.28	0.149	0.104	0.098	0.183	0.202	0.108	0.072	0.25	0.141	0.154	0.109
541	AT1G72740	A5SS	0.268	0.337	0.1	0.398	0.139	0.168	0.19	0.392	0.264	0.147	0.357	0.34	0.257	0.287
542	AT5G14610	A5SS	1.0	0.636	0.733	0.44	0.333		0.667	0.455	1.0	0.0	0.833	0.5	0.6	0.333
543	AT1G72560	A5SS	0.333	0.097	0.0	0.0	0.0	0.0	0.0	0.0	0.0	0.0	0.0	0.273	0.2	0.273
544	AT1G03310	A5SS	1.0	0.605	0.277	0.561	0.0	0.277	0.396	0.353	0.365	0.434	0.434	0.434	0.338	0.434
546	AT1G71900	A5SS	0.0	0.037	0.034	0.022	0.0	0.067	0.079	0.036	0.0	0.048	0.015	0.034	0.02	0.111
547	AT5G13050	A5SS	0.913	1.0	0.95	0.971	1.0	1.0	1.0	1.0	0.919	1.0	0.969	1.0	1.0	1.0
550	AT3G11220	A5SS	0.0		0.333	0.091	0.0	1.0	0.125	0.333	0.2	0.2	0.083	0.125	0.0	0.5
551	AT1G70830	A5SS	0.0	0.0	0.0	0.0	0.0	0.0	0.0	0.0	0.0	0.0	0.002	0.0	0.0	0.0
552	AT5G06265	A5SS	1.0		1.0	1.0	0.507	1.0	0.837	1.0	1.0	1.0	1.0	1.0	1.0	1.0
553	AT5G06265	A5SS	1.0	1.0	1.0	1.0	0.5	1.0	0.846	1.0	1.0	1.0	1.0	1.0	1.0	1.0
555	AT5G06265	A5SS	1.0	1.0	1.0	1.0	0.6	1.0	1.0	1.0	1.0	1.0	1.0	1.0	1.0	1.0
556	AT1G70580	A5SS	1.0	1.0	1.0	0.321	1.0	1.0	1.0	0.85		0.261	0.78	0.414	0.78	1.0
557	AT1G70510	A5SS		0.0	0.126	0.0	0.0	0.0	0.097	0.463	1.0		0.0	0.126	0.0	
558	AT1G70490	A5SS		1.0		1.0	1.0			1.0	0.0		0.723		1.0	
559	AT1G70490	A5SS	1.0	1.0	0.155	0.595	1.0		0.688	0.355		0.0	1.0	0.595	0.595	0.0
560	AT1G70490	A5SS	1.0	1.0	0.171	0.452	1.0		0.712	0.171	1.0	0.0	1.0	0.622	0.452	0.0
561	AT5G14780	A5SS	1.0	1.0	1.0	1.0	1.0	1.0	1.0	1.0	1.0	1.0	1.0	0.846	1.0	1.0
562	AT5G14780	A5SS	0.012	0.021	0.013	0.031	0.015	0.016	0.023	0.015	0.026	0.013	0.033	0.021	0.019	0.022
563	AT3G50500	A5SS	0.0	0.0	0.005	0.005	0.0	0.0	0.003	0.006	0.0	0.0	0.003	0.006	0.0	0.0
564	AT1G17520	A5SS	0.446	0.811	0.85	0.563	0.84	0.653	0.592	0.792	1.0	0.752	0.797	0.819	0.833	0.913
566	AT5G37850	A5SS	0.41	0.41	0.581	0.436	0.51	0.776	0.581	0.776	0.448	0.0	0.751	0.258	0.676	0.776
568	AT5G60120	A5SS	1.0	0.439		1.0	1.0	1.0	1.0	1.0	1.0	1.0	0.661	1.0	1.0	1.0
569	AT5G60120	A5SS		0.6	1.0	1.0	1.0	1.0	1.0	1.0	1.0		0.429	1.0	1.0	1.0
570	AT5G60120	A5SS	0.347	1.0	1.0	0.21	0.0	0.0	0.615	0.444	0.0	0.0	0.151	0.132	0.117	
571	AT2G42520	A5SS	0.0	0.111	0.0	0.077	0.0		0.111	0.2	0.0	0.2	0.048	0.111	0.0	0.091
572	AT1G68820	A5SS	0.244	0.161	0.031	0.109	0.063	0.268	0.043	0.155	0.0	0.092	0.039	0.268	0.0	0.0
573	AT1G68140	A5SS	1.0	1.0		0.5	1.0	1.0	1.0	1.0	0.5	1.0	1.0	0.429	0.714	1.0
574	AT1G67890	A5SS	0.857	0.929	0.824	0.96	1.0	1.0	0.941	1.0	1.0	0.667	0.951	0.952	0.918	0.917
577	AT3G01310	A5SS	0.086	0.147	0.168	0.246	0.165	0.244	0.174	0.097	0.096	0.088	0.158	0.158	0.136	0.047
579	AT4G39830	A5SS	1.0	1.0	1.0	0.895	1.0	1.0	1.0	1.0	1.0	1.0	1.0	1.0	1.0	1.0
581	AT1G67180	A5SS			1.0				0.0	0.0			0.0			0.0
582	AT4G17770	A5SS	0.0		0.2	0.0	0.0		0.2		0.2		0.333	0.0	0.0	0.0
584	AT1G06960	A5SS	0.176	0.0	0.024	0.0	0.0	0.0	0.02	0.081	0.0	0.0	0.043	0.143	0.077	0.0
585	AT5G55100	A5SS	0.778	0.667	0.714	1.0	0.867	0.75	0.75	0.714	0.846	0.75	0.933	0.8	0.85	0.733
586	AT2G36000	A5SS	0.6	0.647	0.879	0.681	0.677	0.524	0.676	0.64	0.75	0.667	0.696	0.643	0.472	0.778
587	AT1G67500	A5SS	0.333	1.0	1.0	1.0	1.0	0.6	0.667	0.111	0.333		0.625	1.0	0.429	1.0
588	AT1G65580	A5SS	0.29	0.246	0.1	0.025	0.0	0.0	0.156	0.046	0.0	0.0	0.092	0.0	0.033	0.0
590	AT1G65260	A5SS	0.0	0.019	0.012	0.0	0.0	0.0	0.019	0.005	0.0	0.023	0.021	0.009	0.018	0.011
592	AT2G17150	A5SS	0.0	0.0	0.111	0.0	0.25		0.176	0.091	0.0	0.0	0.059	0.158	0.0	0.167
593	AT5G55530	A5SS	0.583	0.917	0.867	0.96	0.778	0.6	0.852	0.902	0.867	0.923	0.698	0.692	0.783	0.7
594	AT1G53710	A5SS	0.0	0.0	0.391	0.129	0.0	0.0	0.0	0.0	0.49	0.0	0.0	0.0	0.0	0.0
595	AT3G26890	A5SS	0.291	0.362	0.396	0.374	0.26	0.235	0.394	0.307	0.12	0.291	0.4	0.17	0.272	0.255
597	AT1G60440	A5SS	1.0	1.0	0.905	1.0	1.0	1.0	0.875	1.0	0.833	1.0	1.0	1.0	0.818	0.875
598	AT2G25160	A5SS	0.0	1.0	0.0	0.0	0.0	0.0	0.0	0.0	0.0		0.176	0.0	0.333	
599	AT1G53200	A5SS	1.0	0.449	0.851	1.0	1.0	1.0	0.803	0.62	0.803	1.0	0.588	1.0	0.395	1.0
600	AT3G18140	A5SS	1.0	1.0	1.0	1.0	1.0	1.0	1.0	1.0	1.0	0.949	1.0	1.0	1.0	1.0
602	AT2G14520	A5SS			1.0	1.0		1.0	1.0	1.0		1.0	1.0		0.617	
603	AT1G66410	A5SS	0.012	0.014	0.007	0.008	0.0	0.0	0.004	0.003	0.008	0.0	0.007	0.002	0.005	0.003
604	AT5G20510	A5SS	0.167	0.0	0.111	0.048	0.067	0.0	0.391	0.077	0.111	0.2	0.25	0.2	0.125	0.0
605	AT5G51620	A5SS	0.45	0.633	0.5	0.595	0.636	0.895	0.571	0.626	0.407	0.68	0.535	0.514	0.606	0.619
607	AT3G26100	A5SS	0.133	0.016	0.043	0.126	0.069	0.171	0.103	0.071	0.067	0.055	0.061	0.06	0.02	0.071
609	AT3G26100	A5SS	1.0	0.947	1.0	1.0	1.0	1.0	1.0	1.0	1.0	1.0	1.0	1.0	1.0	1.0
610	AT3G29290	A5SS	1.0	1.0	0.0						1.0		1.0	1.0	0.472	
611	AT1G60670	A5SS	1.0	0.926	1.0	0.714	0.821	1.0	1.0	1.0	1.0	0.844	1.0	1.0	0.902	1.0
613	AT1G60650	A5SS	0.077	0.0	0.0	0.111	0.04	1.0	0.294	0.125	0.0	0.333	0.128	0.04	0.0	0.167
616	AT4G31570	A5SS	1.0	0.603	0.727	0.655	0.792	0.487	0.826	0.72	0.655	1.0	0.763	0.55	0.787	0.826
617	AT4G31570	A5SS	0.0	0.388	0.487	0.449	1.0	0.487	0.587	0.487	0.0	1.0	0.689	0.073	0.613	0.487
618	AT1G60505	A5SS				0.824			1.0	0.61	0.61		0.439	0.61	0.758	
619	AT1G60505	A5SS	1.0	1.0	1.0	0.818	1.0	1.0	1.0	0.923	1.0	1.0	1.0	1.0	1.0	1.0
620	AT1G60505	A5SS	1.0	1.0	1.0	0.81	1.0	1.0	1.0	0.926	1.0	1.0	1.0	1.0	1.0	1.0
621	AT1G78870	A5SS	0.039	0.026	0.0	0.0	0.0	0.0	0.032	0.0	0.0	0.0	0.0	0.0	0.014	0.0
622	AT5G11790	A5SS	0.2	0.071	0.212	0.075	0.059	0.333	0.176	0.192	0.167	0.143	0.185	0.059	0.062	0.067
623	AT3G27990	A5SS	0.5	0.231	0.167	0.2	1.0	0.5	1.0	0.333		0.0	0.4	0.6	0.286	0.333
624	AT3G01450	A5SS	0.0		0.0	0.0	0.0	0.0	0.333	0.0	0.0	0.0	0.0	0.0	0.0	0.0
625	AT3G52072	A5SS	0.399	1.0	1.0	0.181		0.399	0.525	0.399		0.0	0.399	0.57	0.0	0.0
626	AT1G22280	A5SS	0.139	0.0	0.0	0.033	0.092	0.0	0.057	0.028	0.152	0.0	0.027	0.0	0.095	0.048
627	AT1G59750	A5SS	0.515	0.889	1.0	0.838	0.833	0.6	0.756	0.585	0.75	0.615	0.923	0.692	0.833	0.739
628	AT1G59750	A5SS	1.0	1.0	1.0	1.0	1.0	0.917	0.96	0.982	0.949	1.0	1.0	1.0	0.936	1.0
629	AT1G59750	A5SS	0.581	0.684	0.292	0.804	0.481	0.772	0.718	0.684	0.481	0.812	0.755	0.581	0.623	0.601
630	AT1G52380	A5SS	0.0	0.077	0.059	0.048	0.091	0.0	0.074	0.0	0.0	0.0	0.03	0.143	0.0	0.0
631	AT5G35930	A5SS	0.2	0.143	0.2	0.263	0.333	1.0	0.077	0.111	0.0	0.333	0.091	0.0	0.333	0.0
633	AT3G10840	A5SS			0.0	0.0				0.0		1.0	1.0	0.0	0.0	
634	AT1G28660	A5SS	1.0	1.0	1.0	1.0	1.0	1.0	1.0	1.0	1.0	1.0	1.0	0.98	1.0	1.0
635	AT1G57540	A5SS	0.868	1.0	0.712	0.911	0.756	0.593	0.841	0.911	0.674	1.0	0.728	0.921	0.895	0.645
636	AT4G20870	A5SS	0.008	0.041	0.031	0.065	0.0	0.061	0.03	0.016	0.024	0.017	0.033	0.023	0.016	0.0
637	AT5G09890	A5SS	0.0	0.0	0.0	0.0	0.0	0.0	0.0	0.0	0.0	0.025	0.0	0.0	0.0	0.0
639	AT5G66005	A5SS	0.388	0.0	0.487	0.388			0.587	0.275	0.0	0.322	0.0	0.0	0.213	0.0
641	AT3G57470	A5SS	0.931	0.702	0.83	0.778	0.846	1.0	0.881	0.741	0.92	0.61	0.778	0.805	0.711	0.955
642	AT2G40340	A5SS	0.0			0.0				0.2		0.0	1.0	0.0		
643	AT4G11970	A5SS	1.0	1.0	0.0	0.305	0.322	0.0	0.74	0.322	0.655	0.487	0.275	0.587	0.16	0.587
644	AT5G18245	A5SS	0.0	0.429	0.6	0.44	0.143	0.0	0.429	0.419	0.714		0.312	0.3	0.571	0.273
646	AT1G55540	A5SS	0.0	0.0	0.182	0.0	0.0		0.0	0.0	0.229		0.229	0.0	0.0	0.0
647	AT1G60110	A5SS	1.0	1.0	1.0	1.0	1.0	1.0	1.0	1.0	1.0		0.855		1.0	
648	AT1G55500	A5SS	0.0	0.0	0.0	0.142	0.292	0.0	0.0	0.142	0.0	0.0	0.16	0.0	0.093	0.0
650	AT1G73390	A5SS	0.655	0.388	0.704	0.861	0.559		0.792	0.89	0.792	0.363	0.925	0.689	0.655	0.655
651	AT1G73390	A5SS	0.077	0.6	0.043	0.25	0.0	0.0	0.2	0.0	0.0	0.0	0.105	0.182	0.037	0.176
652	AT1G47550	A5SS	0.171	0.168	0.132	0.181	0.0	0.0	0.194	0.19	0.22	0.185	0.054	0.424	0.281	0.171
653	AT1G04985	A5SS	1.0	0.852	0.882	0.886	0.917	0.846	0.85	0.897	0.742	0.8	1.0	0.811	0.873	0.9
654	AT3G11150	A5SS	1.0	1.0	1.0		1.0	1.0	1.0	1.0	1.0	1.0	1.0	1.0	0.6	
655	AT1G54920	A5SS	0.025	0.0	0.039	0.012	0.0	0.0	0.034	0.043	0.0	0.0	0.023	0.0	0.062	0.023
657	AT1G54360	A5SS	0.904	0.811	0.921	0.775	0.637	1.0	0.949	0.926	1.0	1.0	0.75	0.816	1.0	1.0
658	AT1G54217	A5SS	0.0	0.0					1.0						0.0	
659	AT5G06690	A5SS	1.0	1.0	1.0	0.938	1.0	0.935	1.0	1.0	1.0	1.0	0.978	1.0	1.0	1.0
660	AT5G46290	A5SS	0.0	0.0	0.014	0.0	0.0	0.0	0.006	0.005	0.0	0.0	0.0	0.0	0.005	0.026
661	AT5G18630	A5SS	0.41	0.499	0.565	0.386	0.477	0.218	0.515	0.455	0.519	0.562	0.375	0.302	0.626	0.638
662	AT1G58410	A5SS	0.0		0.0			0.333	0.0	0.0		0.0	0.0		0.0	0.0
663	AT3G17300	A5SS	1.0	0.9	1.0	1.0	1.0	1.0	0.76	0.839	1.0	1.0	0.927	0.54	0.897	0.844
664	AT4G17830	A5SS	0.0	0.0	0.026	0.0	0.0	0.0	0.0	0.0	0.0	0.0	0.0	0.0	0.0	0.0
666	AT5G42870	A5SS	0.064	0.16	0.2	0.053	0.28	0.04	0.101	0.082	0.053	0.0	0.085	0.079	0.029	0.061
667	AT5G42870	A5SS	0.455	0.833	0.696	0.736	0.607	0.915	0.714	0.789	0.783	0.727	0.889	0.839	0.823	0.814
668	AT1G53090	A5SS	0.0	0.25	0.5	0.167	0.0		0.5	0.714	1.0		0.6	0.333	0.667	
669	AT1G74750	A5SS		1.0	0.0	0.0			0.333	0.0		1.0	0.059	0.0	0.0	0.143
671	AT1G27450	A5SS	0.0	0.0	0.006	0.004	0.0	0.0	0.0	0.019	0.0	0.008	0.0	0.0	0.004	0.0
673	AT2G47410	A5SS	0.49	0.885	0.743	0.766	0.0	1.0	0.896	0.49	0.658	1.0	0.812	0.391	0.92	0.794
674	AT5G15540	A5SS	1.0	1.0	1.0	1.0	1.0	1.0	0.968	1.0	1.0	1.0	1.0	1.0	1.0	0.747
675	AT5G15540	A5SS	1.0	1.0	1.0	1.0	1.0	1.0	1.0	0.903	1.0	1.0	1.0	1.0	0.855	1.0
678	AT5G04550	A5SS	0.0	0.043	0.038	0.082	0.042	0.045	0.061	0.018	0.065	0.022	0.05	0.162	0.068	0.023
679	AT1G62580	A5SS				1.0			0.0				0.0			
681	AT4G30480	A5SS	0.0	0.0	0.0	0.016	0.0	0.0	0.0	0.0	0.0	0.0	0.0	0.0	0.0	0.0
682	AT1G58025	A5SS	0.0	0.091	0.067	0.13	0.059	0.067	0.088	0.091	0.0	0.0	0.048	0.095	0.016	0.077
683	AT2G16930	A5SS	0.092	0.03	0.015	0.031	0.014	0.082	0.067	0.051	0.124	0.033	0.08	0.048	0.106	0.118
684	AT2G03140	A5SS	0.277	1.0	0.365	0.873	0.0		0.843	0.768		0.434	0.546	0.113	0.277	1.0
685	AT4G12020	A5SS	0.0	0.312	0.0	0.238	0.132	0.0	0.132	0.078	0.202	0.0	0.121	0.0	0.0	0.0
686	AT4G12020	A5SS	1.0	1.0	1.0	0.857	1.0	1.0	0.889	1.0	1.0	1.0	1.0	1.0	1.0	1.0
687	AT4G12020	A5SS	0.143	0.6	0.273	0.091	0.5	0.5	0.143	0.238	0.5	0.333	0.071	0.048	0.059	0.0
688	AT3G29160	A5SS	0.795	1.0	0.821	0.711	0.882	0.895	0.974	0.8	0.727	0.583	0.818	0.846	0.756	0.886
689	AT1G18690	A5SS	0.738	0.604	0.763	0.775	0.567	0.738	0.82	0.896	0.645	0.547	0.763	0.949	0.771	0.689
694	AT1G80500	A5SS	0.0	0.0	0.043	0.107	0.086	0.0	0.086	0.009	0.043	0.067	0.036	0.0	0.008	0.026
695	AT1G17960	A5SS	1.0	1.0	1.0	1.0	1.0	1.0	1.0	0.6	1.0	1.0	1.0		1.0	1.0
696	AT1G34350	A5SS	0.0	0.0	0.0	0.0	0.0	0.0	0.0	0.0	0.0	0.111	0.0	0.0	0.0	0.0
697	AT1G51420	A5SS	1.0		0.0	0.25			1.0			0.333	1.0	1.0	1.0	1.0
698	AT3G52800	A5SS	0.015	0.0	0.0	0.011	0.0	0.02	0.021	0.032	0.0	0.014	0.011	0.012	0.011	0.027
699	AT4G14342	A5SS	0.0	0.019	0.0	0.05	0.0	0.048	0.0	0.01	0.02	0.0	0.01	0.008	0.027	0.064
700	AT3G17800	A5SS	0.0	0.012	0.0	0.008	0.0	0.0	0.02	0.026	0.017	0.0	0.0	0.0	0.0	0.0
703	AT5G47830	A5SS	0.165	0.0	0.145	0.06	0.111	0.0	0.062	0.0	0.136	0.0	0.07	0.097	0.097	0.0
704	AT1G17110	A5SS	0.315	0.161	0.156	0.196	0.463	0.177	0.301	0.251	0.335	0.463	0.264	0.353	0.229	0.115
705	AT1G17110	A5SS	0.0	0.2	0.048	0.105	0.0	1.0	0.051	0.098	0.091	0.111	0.194	0.283	0.021	0.103
706	AT1G02990	A5SS	1.0		1.0	1.0		1.0	1.0			1.0	0.878	1.0	1.0	1.0
707	AT5G63960	A5SS	0.229	0.0	0.166	0.13			0.0	0.0	0.0	0.0	0.0	0.373	0.0	0.166
708	AT2G46830	A5SS	0.2	0.2	0.307	0.317	0.171	0.412	0.37	0.179	0.263	0.333	0.333	0.368	0.318	0.314
710	AT1G16780	A5SS	1.0	1.0	1.0	1.0	1.0	1.0	0.933	1.0	1.0	1.0	0.772	0.806	0.917	1.0
712	AT1G06710	A5SS	1.0			0.5	1.0		1.0	0.5	0.0	0.0	1.0	0.333		
713	AT1G06710	A5SS				0.333	1.0		1.0	0.5	0.0	0.0		0.0		
714	AT1G55110	A5SS	0.0	0.0	0.0	0.0	0.0	0.029	0.02	0.0	0.0	0.04	0.027	0.0	0.0	0.0
715	AT1G49832	A5SS	0.375	1.0	0.75	0.3	0.643	0.375	0.286	0.107	0.375	1.0	0.643	1.0	0.75	0.375
716	AT2G05520	A5SS	1.0	1.0	1.0	1.0	1.0	1.0	0.973	1.0	1.0	1.0	1.0	1.0	1.0	1.0
717	AT2G05520	A5SS	1.0	1.0	1.0	1.0	1.0	1.0	1.0	1.0	1.0	1.0	0.978	1.0	1.0	1.0
718	AT2G05520	A5SS	1.0	1.0	1.0	1.0	1.0	1.0	1.0	1.0	1.0	1.0	1.0	0.984	1.0	1.0
720	AT1G09710	A5SS	0.884	1.0	1.0	1.0	1.0	0.655	0.869	1.0	1.0	1.0	1.0	1.0	1.0	1.0
721	AT1G16340	A5SS	0.0	0.0	0.0	0.117	0.0	0.0	0.0	0.0	0.0	0.0	0.0	0.0	0.0	0.0
722	AT1G16260	A5SS	1.0	0.837	1.0	1.0	1.0		0.837	0.746	1.0	1.0	1.0	0.648	0.869	0.786
723	AT2G28060	A5SS	1.0	1.0	0.75	0.75	1.0	1.0	0.846	1.0	0.667	1.0	0.778	1.0	1.0	1.0
724	AT2G43490	A5SS	1.0		1.0	1.0	0.633		1.0	0.463		0.633	0.463	0.683	0.838	1.0
726	AT3G24495	A5SS		1.0	1.0	1.0	1.0		1.0	0.0		1.0	1.0		1.0	1.0
727	AT1G72650	A5SS	0.18	0.051	0.123	0.184	0.187	0.139	0.339	0.053	0.075	0.157	0.131	0.32	0.143	0.058
728	AT1G15490	A5SS	0.652	0.652		0.584	0.0		0.484	0.652	0.584	0.824	0.701	0.0	0.584	0.0
729	AT1G15410	A5SS	0.381	0.0	0.17	0.269	0.235	1.0	0.149	0.381	0.381		0.345	0.133	0.0	0.0
730	AT5G17560	A5SS	0.067	0.0	0.0	0.0	0.0	0.0	0.028	0.0	0.0	0.0	0.032	0.02	0.0	0.029
731	AT1G02880	A5SS	0.287	0.0	0.128	0.11	0.0	0.0	0.0	0.168	1.0	0.0	0.11	0.075	0.152	0.0
732	AT2G04800	A5SS	0.096	0.032	0.026	0.17	0.0	0.613	0.165	0.055	0.055	0.088	0.042	0.221	0.248	0.165
733	AT5G22640	A5SS	0.061	0.057	0.022	0.025	0.032	0.032	0.047	0.055	0.0	0.062	0.022	0.071	0.031	0.016
734	AT5G23830	A5SS	1.0	1.0	1.0	1.0	1.0	1.0	0.985	1.0	1.0	1.0	1.0	1.0	1.0	1.0
736	AT1G12770	A5SS	0.273	0.333	0.13	0.128	0.143		0.333	0.167	0.333	0.0	0.333	0.13	0.143	0.333
737	AT3G59640	A5SS	0.0	0.24	0.0	0.219	0.0	0.0	0.259	0.0		0.0	0.0	0.0	0.0	0.136
738	AT1G31300	A5SS	0.4	0.25	0.176	0.2	0.231	0.385	0.44	0.1	0.0	0.286	0.167	0.2	0.143	0.231
739	AT1G05950	A5SS	1.0	0.466	0.777	0.466	0.466		0.466	0.753		1.0	0.723	0.887	1.0	1.0
740	AT5G54430	A5SS	0.033	0.053	0.034	0.029	0.025	0.023	0.056	0.047	0.032	0.026	0.036	0.082	0.007	0.0
741	AT3G01150	A5SS	1.0	0.745	0.86	0.86	0.847	0.811	1.0	0.95	0.925	0.889	0.73	0.871	0.958	0.779
742	AT1G19835	A5SS	0.2	1.0	0.455	0.167	1.0	1.0	0.538	0.0	0.0	0.111	0.636	0.091	0.75	1.0
743	AT1G19835	A5SS	0.061	0.023	0.055	0.028	0.041	0.045	0.043	0.011	0.041	0.018	0.098	0.032	0.058	0.037
744	AT1G19835	A5SS	0.088	0.023	0.072	0.038	0.041	0.045	0.06	0.027	0.06	0.085	0.108	0.069	0.041	0.025
747	AT1G68800	A5SS		0.0		1.0	1.0	1.0	1.0	0.0			1.0	1.0	1.0	1.0
748	AT3G13920	A5SS	1.0	1.0	1.0	1.0	1.0	0.99	1.0	1.0	1.0	1.0	1.0	1.0	1.0	1.0
749	AT3G13920	A5SS	0.0	0.003	0.0	0.0	0.0	0.0	0.0	0.0	0.0	0.0	0.0	0.0	0.0	0.0
750	AT1G63420	A5SS	0.059	0.0	0.0	0.111	0.429	0.333	0.0	0.0	0.0	0.0	0.111	0.0	0.0	0.0
752	AT1G56520	A5SS	0.0	0.636	0.0	0.0	0.0	0.466	0.179	0.0	0.225		0.0	0.0	0.179	0.0
753	AT3G20440	A5SS				0.0			0.0	0.236			0.0		0.0	0.0
755	AT5G24310	A5SS	1.0	1.0	1.0	1.0	1.0	1.0	1.0	1.0	1.0	0.818	0.911	0.749	1.0	1.0
756	AT2G36460	A5SS	0.035	0.031	0.019	0.03	0.028	0.096	0.03	0.024	0.039	0.013	0.07	0.04	0.026	0.051
757	AT1G79230	A5SS	0.0	0.0	0.0	0.023	0.0	0.0	0.0	0.015	0.0	0.0	0.0	0.0	0.0	0.0
758	AT5G27540	A5SS	0.633	0.079	0.244	0.327	0.35	0.139	0.37	0.139	0.492	0.177	0.27	0.264	0.244	0.361
759	AT2G28910	A5SS	0.0	0.0	0.027	0.031	0.014	0.0	0.014	0.021	0.0	0.029	0.02	0.028	0.0	0.017
761	AT1G13350	A5SS	0.0	0.0	0.091	0.118	0.143	0.125	0.158	0.073	0.0	0.2	0.015	0.059	0.053	0.0
762	AT3G27610	A5SS		1.0	1.0	1.0	0.6	1.0	1.0	1.0	1.0	1.0	0.688	0.733	1.0	1.0
763	AT3G27610	A5SS	1.0	0.556	0.385	0.929	1.0	1.0	0.868	1.0	1.0	1.0	0.959	1.0	1.0	1.0
764	AT1G80380	A5SS	0.417	0.459	0.307	0.312	0.277	0.435	0.377	0.326	0.376	0.357	0.402	0.283	0.331	0.286
766	AT1G23820	A5SS	0.0	0.0	0.0	0.008	0.0	0.0	0.0	0.0	0.0	0.0	0.0	0.0	0.0	0.0
767	AT1G42540	A5SS		0.0	0.0	0.369	0.0	0.163	0.0	0.227	0.0	0.0	0.163	1.0	0.0	0.0
768	AT5G51200	A5SS	1.0	1.0	1.0	1.0	1.0	1.0	1.0	1.0	0.906	1.0	1.0	1.0	1.0	1.0
769	AT5G51200	A5SS	0.0	0.0	0.01	0.0	0.0	0.0	0.0	0.0	0.0	0.0	0.0	0.0	0.0	0.0
770	AT5G10940	A5SS	0.095	0.175	0.082	0.13	0.309	0.309	0.136	0.218	0.152	0.106	0.0	0.09	0.085	0.0
774	AT1G50410	A5SS		0.286	0.0	0.03	0.0	0.0	0.037	0.111	0.0	0.0	0.2	0.143	0.143	0.0
775	AT4G03115	A5SS	1.0	0.352	1.0	1.0	0.62	1.0	1.0	0.83	0.29	1.0	0.595	1.0	0.924	1.0
776	AT2G40820	A5SS	0.341	0.0	0.147	0.103	0.0	0.0	0.054	0.167	0.205	0.103	0.315	0.061	0.054	0.256
777	AT3G01850	A5SS	0.281	0.527	0.578	0.65	0.38	0.439	0.619	0.501	0.646	0.589	0.643	0.42	0.491	0.465
778	AT1G65620	A5SS	1.0	1.0		0.143	1.0	1.0			1.0		1.0	1.0	1.0	
779	AT4G38270	A5SS	1.0	0.844	0.644	0.916	0.678	1.0	0.765	0.754	0.878	0.731	0.844	0.819	1.0	1.0
780	AT4G38270	A5SS	0.0	1.0	0.475	0.475	0.311		0.783	0.42	0.311	0.311	0.0	0.475	0.0	0.376
781	AT1G21400	A5SS	0.047	0.039	0.059	0.061	0.025	0.07	0.065	0.057	0.023	0.031	0.059	0.037	0.017	0.064
782	AT1G21400	A5SS	0.043	0.031	0.054	0.055	0.018	0.068	0.062	0.049	0.019	0.034	0.047	0.034	0.017	0.055
783	AT1G21400	A5SS	0.889	0.849	0.88	0.813	0.8	0.88	0.913	0.756	0.846	1.0	0.772	0.95	0.962	0.786
784	AT1G70630	A5SS	0.333		1.0				0.6	0.0	1.0		1.0	1.0	1.0	1.0
785	AT1G52360	A5SS	1.0	0.941	0.966	0.852	0.906	0.9	0.882	0.867	0.859	0.875	0.863	0.811	0.927	1.0
786	AT1G77890	A5SS		1.0	1.0	0.893	1.0	1.0	1.0	1.0	1.0	1.0	1.0	1.0	1.0	1.0
788	AT1G29850	A5SS	0.029	0.054	0.0	0.013	0.031	0.0	0.038	0.01	0.0	0.014	0.005	0.024	0.0	0.029
789	AT1G29850	A5SS	0.0	0.0	0.035	0.0	0.0	0.0	0.017	0.0	0.0	0.0	0.008	0.0	0.0	0.019
791	AT3G42670	A5SS					0.0		0.0					0.333	0.429	0.0
792	AT2G33240	A5SS		0.0						1.0		0.0				
793	AT1G19700	A5SS	0.324	0.26	0.165	0.162	0.0	0.345	0.345	0.248	0.262	0.354	0.3	0.456	0.338	0.152
794	AT1G11280	A5SS	1.0	1.0	1.0	1.0	1.0	1.0	1.0	0.913	1.0	1.0	1.0	1.0	1.0	1.0
795	AT1G11180	A5SS	1.0	1.0	0.959	1.0	1.0	1.0	1.0	0.969	0.862	0.862	0.953	1.0	0.93	0.862
797	AT1G10670	A5SS	0.0	0.035	0.006	0.018	0.012	0.0	0.032	0.021	0.047	0.038	0.021	0.019	0.013	0.042
798	AT1G64690	A5SS			0.5	1.0			1.0					1.0	1.0	1.0
800	AT2G04360	A5SS	1.0	1.0	1.0	0.91	0.811	1.0	1.0	1.0	0.881	1.0	1.0	1.0	0.908	1.0
801	AT3G17120	A5SS	0.2	0.111	0.263	0.2	0.25		0.167	0.6	0.4	0.143	0.027	0.0	0.086	0.0
802	AT5G04680	A5SS	0.0		1.0								1.0	1.0		
804	AT2G34315	A5SS		1.0			1.0			1.0			1.0		0.347	1.0
805	AT1G49720	A5SS	0.0	0.106	0.051	0.018	0.038	0.0	0.077	0.027	0.0	0.0	0.073	0.0	0.086	0.077
806	AT1G79810	A5SS	0.0	0.322	0.0	0.0	0.0	0.0	0.087	0.0	0.0	0.0	0.0	0.24	0.0	0.388
807	AT5G03520	A5SS	0.0	0.0	0.0	0.0	0.0	0.0	0.009	0.0	0.0	0.0	0.0	0.0	0.0	0.0
812	AT1G10095	A5SS	0.2		1.0	0.143	0.0		0.0	0.333	0.0	0.0	0.091	0.0	0.0	0.0
813	AT2G41150	A5SS	1.0		0.414	0.105	0.0	0.0	0.0	0.0	0.0	0.0	0.414	0.15	0.191	0.0
814	AT1G50300	A5SS	0.579	0.0	0.49	0.452	0.452		0.419	0.34	0.0	1.0	0.452	0.292	0.382	1.0
815	AT1G10610	A5SS	0.805	0.712	1.0	0.843	0.579	0.452	0.843	0.805	0.712	0.805	0.712	0.687	1.0	0.868
816	AT3G07780	A5SS	0.02	0.016	0.007	0.029	0.026	0.044	0.022	0.02	0.0	0.01	0.011	0.038	0.053	0.016
817	AT3G07780	A5SS	0.02	0.016	0.007	0.026	0.026	0.044	0.022	0.015	0.0	0.039	0.011	0.043	0.053	0.016
818	AT3G07780	A5SS	1.0	1.0	1.0	0.867		1.0	1.0	0.75		1.0	1.0	1.0	1.0	
819	AT5G45830	A5SS	0.53	0.559	0.835	0.653	1.0	1.0	0.474	0.819	0.297	1.0	0.728	1.0	1.0	1.0
820	AT1G16270	A5SS	0.6	0.333	0.63	0.407	1.0	0.333	0.867	0.0	0.6	0.429	0.333	0.684	0.385	1.0
821	AT1G76320	A5SS	0.866	1.0	1.0	1.0	1.0	1.0	0.949	0.858	1.0	1.0	0.917	1.0	1.0	1.0
822	AT1G55310	A5SS	0.0	0.0	0.03	0.016	0.036	0.062	0.019	0.052	0.0	0.022	0.032	0.024	0.006	0.026
823	AT1G67140	A5SS	0.161	0.161	0.149	0.179	0.0	0.0	0.036	0.149	0.243	0.0	0.054	0.054	0.126	0.0
824	AT1G12400	A5SS	0.75	1.0	1.0	1.0	0.778	1.0	0.889	1.0	0.6	1.0	0.917	1.0	1.0	0.733
826	AT1G14380	A5SS					0.5		0.2	0.2	0.333		1.0	1.0	0.0	1.0
827	AT1G14380	A5SS	0.135	0.071	0.04	0.041	0.053	0.0	0.039	0.057	0.0	0.0	0.0	0.053	0.064	0.0
828	AT1G14380	A5SS	0.714	0.5	0.2	0.13	1.0	0.0	0.2	0.556	0.5	0.0	0.0	0.273	0.1	0.0
829	AT1G14380	A5SS	0.135	0.071	0.04	0.041	0.1	0.0	0.063	0.091	0.083	0.0	0.0	0.053	0.083	0.0
831	AT5G19430	A5SS	0.593	0.421	1.0	0.476		1.0	0.476	0.267			0.0	0.593	0.0	0.0
832	AT5G19430	A5SS	0.027	0.116	0.081	0.089	0.0	0.111	0.106	0.065	0.0	0.048	0.143	0.185	0.086	0.048
833	AT1G16460	A5SS	1.0	0.95	1.0	1.0	1.0	1.0	1.0	1.0	1.0	1.0	1.0	1.0	1.0	1.0
834	AT1G07700	A5SS	0.281	0.61	0.458	0.574	0.484	0.566	0.666	0.661	0.385	0.61	0.575	0.455	0.462	0.887
835	AT3G24760	A5SS	0.466		0.636	1.0	0.0	0.466	0.466	1.0	0.304	1.0	0.777		0.344	0.0
836	AT3G19460	A5SS	0.396	0.279	0.294	0.4	0.451	0.484	0.429	0.326	0.584	0.099	0.385	0.375	0.6	0.238
837	AT4G00420	A5SS	0.455	0.143	0.235	0.171	0.286	0.0	0.25	0.28	0.125	1.0	0.268	0.263	0.143	0.111
841	AT4G38970	A5SS	0.0	0.0	0.007	0.006	0.0	0.0	0.017	0.0	0.0	0.0	0.0	0.0	0.008	0.0
844	AT5G07970	A5SS	0.0	0.077	0.059	0.053	0.048	0.067	0.083	0.108	0.077	0.067	0.189	0.048	0.128	0.0
845	AT4G17440	A5SS	1.0	0.111	0.0	1.0			0.0	0.0		0.0	0.143	0.0	0.0	0.333
846	AT1G13880	A5SS	0.034	0.12	0.111	0.054	0.0	0.333	0.071	0.056	0.029	0.067	0.091	0.2	0.167	0.04
847	AT2G18750	A5SS	0.2	0.286	0.268	0.241	0.2	0.231	0.263	0.333	0.2	0.083	0.268	0.364	0.167	0.412
848	AT1G65040	A5SS	0.0	0.048	0.0	0.026	0.0	0.0	0.042	0.0	0.0	0.0	0.0	0.0	0.0	0.073
849	AT1G65040	A5SS	0.083	0.0	0.154	0.108	0.0	0.143	0.023	0.158	0.0	0.158	0.084	0.0	0.027	0.103
850	AT5G19000	A5SS	0.0	0.0	0.0	0.113	0.161	0.0	0.113	0.078		0.203	0.043	0.434	0.0	0.0
851	AT5G26680	A5SS	0.281	0.439	0.281	0.824	1.0		0.61	1.0		1.0	1.0	1.0	1.0	0.0
852	AT1G53160	A5SS	1.0	1.0	1.0	1.0	1.0	1.0	0.418	1.0	1.0	1.0	1.0	1.0	0.866	1.0
855	AT1G79950	A5SS	1.0	1.0	0.882	1.0	0.636	1.0	0.75	0.333	0.75	0.333	1.0	1.0	1.0	0.818
856	AT1G79950	A5SS	1.0	1.0	0.0	1.0	0.2	1.0	0.333	0.111	0.0	0.333	1.0	1.0		0.667
857	AT1G79950	A5SS	0.414	0.191	0.086	0.045	0.092	0.0	0.114	0.485	0.0		0.228	0.052	0.073	0.288
859	AT5G46250	A5SS				0.0							1.0			
860	AT5G10030	A5SS	1.0	1.0	1.0	1.0		1.0	1.0	1.0	1.0	1.0	1.0	1.0	0.686	1.0
861	AT3G28130	A5SS	0.176	0.0	0.176	0.208	0.155	0.0	0.209	0.208	0.278	0.104	0.224	0.314	0.03	0.198
862	AT1G23970	A5SS	0.625	0.294	0.909	0.455	1.0		1.0	0.769		0.143	0.484	0.745	1.0	1.0
863	AT3G08720	A5SS	0.222	0.143	0.333	0.444	0.5	0.385	0.2	0.474	0.5	0.2	0.429	0.143	0.143	0.167
864	AT1G70570	A5SS	0.111	0.029	0.0	0.04	0.059	0.0	0.0	0.0	0.0	0.077	0.111	0.053	0.04	0.0
865	AT1G58350	A5SS	1.0	0.714	1.0	0.5	0.714	1.0	0.895	0.667	1.0	1.0	1.0	1.0	0.714	0.5
866	AT1G14700	A5SS	0.081	0.038	0.045	0.028	0.0	0.043	0.022	0.046	0.0	0.07	0.038	0.03	0.018	0.074
868	AT1G47570	A5SS	0.0	0.208	0.0	0.029	0.116	0.0	0.057	0.0	0.0	0.0	0.062	0.0	0.0	0.0
869	AT1G04300	A5SS	0.949	0.922	1.0	0.902	0.765	1.0	1.0	0.83	0.889	0.769	0.962	0.824	0.913	1.0
871	AT1G03160	A5SS	1.0	0.887	0.961	0.947	0.911	1.0	0.971	1.0	1.0	0.891	1.0	0.907	0.905	0.935
872	AT1G03160	A5SS	1.0	0.714	0.846	0.818	0.5	1.0	0.895	1.0	1.0	0.6	1.0	0.727	0.647	0.714
873	AT1G03160	A5SS	0.0	0.0	0.021	0.029	0.0	0.0	0.069	0.014	0.0	0.106	0.0	0.056	0.0	0.031
875	AT1G16710	A5SS	0.692	0.882	0.909	0.75	0.923	0.667	0.857	0.925	0.909	0.857	0.909	0.944	0.943	0.6
876	AT1G16710	A5SS	0.0	0.457	0.219	0.078	0.0	0.0	0.071	0.0	0.0	0.0	0.0	0.057	0.133	0.086
877	AT5G47455	A5SS			0.224	0.0			0.126	0.103	0.0		1.0	0.0	0.126	
879	AT1G22200	A5SS	0.0	0.0	0.0	0.0	0.0	0.0	0.0	0.0	0.0	0.0	0.0	0.0	0.0	0.056
880	AT5G07090	A5SS	0.008	0.0	0.026	0.01	0.0	0.0	0.016	0.0	0.0	0.008	0.004	0.017	0.007	0.02
882	AT1G03070	A5SS		0.0	0.0				0.0				1.0	1.0	0.41	
883	AT1G79570	A5SS	0.905	0.761	0.941	0.886	0.96	0.81	0.923	0.974	0.898	0.857	0.8	0.898	0.962	1.0
884	AT4G20350	A5SS	1.0	1.0	0.75	1.0	1.0		1.0	1.0	1.0	1.0	0.333	1.0	0.846	1.0
885	AT4G20350	A5SS	0.0	0.0	0.0	0.119			0.322	0.388	0.0	0.0	0.0	0.0	0.487	0.0
886	AT1G15860	A5SS	0.026	0.0	0.0	0.029	0.063	0.0	0.0	0.0	0.022	0.0	0.013	0.05	0.013	0.0
887	AT5G20040	A5SS	0.0	0.0	0.0	0.058	0.0	0.0	0.0	0.0	0.0	0.0	0.0	0.0	0.0	0.0
888	AT1G28100	A5SS	0.0	0.0	0.055	0.153	0.159	0.0	0.252	0.112	0.221	0.098	0.175	0.064	0.04	0.245
890	AT5G05800	A5SS	0.158	0.344	0.253	0.274	0.294	0.273	0.233	0.525	0.19	0.15	0.224	0.246	0.278	0.25
893	AT1G61430	A5SS	0.0	0.229	0.0	0.229	0.0	0.0	0.0			0.0	0.0	0.0	0.0	0.0
894	AT1G61430	A5SS	0.0	0.2	0.0	0.0	0.0	0.0	0.273	0.0			0.0	1.0	0.0	0.0
895	AT2G27730	A5SS	1.0	0.385	0.484	0.51	1.0	0.0	0.833	0.714	1.0	1.0	0.833	0.439	0.556	1.0
896	AT3G62190	A5SS	0.217	0.0	0.176	0.041	0.375	0.111	0.184	0.091	0.0	0.0	0.148	0.043	0.04	0.0
897	AT3G62190	A5SS	0.222	0.0	0.375	0.061	0.6	0.2	0.391	0.083	0.0	0.0	0.148	0.024	0.036	0.0
899	AT5G09600	A5SS	0.0	0.0	0.0	0.0	0.0	0.24	0.0	0.0	0.0	0.0	0.0	0.0	0.0	
900	AT1G27370	A5SS	1.0	1.0	0.714	0.385	0.6	1.0	0.308	0.75	1.0	0.2	0.619	0.75	0.222	1.0
901	AT1G09420	A5SS	0.07	0.063	0.053	0.11	0.0	0.063	0.105	0.048	0.084	0.027	0.075	0.0	0.063	0.078
902	AT1G06630	A5SS	1.0	0.762	0.892	0.883	0.766	0.777	0.768	0.875	0.875	0.797	0.819	0.913	0.834	0.887
903	AT1G06630	A5SS	1.0	0.0	0.0	0.143	0.0	0.0	0.091	0.143	0.0	0.2	0.167	0.0	0.333	0.5
904	AT1G06630	A5SS	0.13	0.0	0.0	0.019	0.0	0.0	0.026	0.04	0.0	0.053	0.02	0.0	0.045	0.0
905	AT1G01490	A5SS	0.03	0.051	0.016	0.013	0.008	0.014	0.08	0.004	0.029	0.031	0.039	0.022	0.036	0.085
906	AT1G05610	A5SS							1.0	1.0			0.0			
907	AT1G11400	A5SS	0.04	0.014	0.038	0.01	0.0	0.022	0.0	0.025	0.018	0.016	0.037	0.01	0.016	0.043
911	AT5G37475	A5SS	0.077	0.026	0.0	0.017	0.021	0.034	0.075	0.044	0.0	0.057	0.038	0.051	0.03	0.03
913	AT1G29040	A5SS	1.0	1.0	1.0	0.961	1.0	0.882	0.967	0.906	1.0	0.89	0.789	0.83	0.96	0.882
914	AT2G16640	A5SS	0.0	0.0	0.133	0.286	0.0	0.333	0.0	0.0	0.0	0.077	0.273	0.053	0.111	0.0
916	AT1G50200	A5SS	0.0	0.0	0.0	0.008	0.0	0.031	0.0	0.0	0.0	0.0	0.0	0.012	0.011	0.0
917	AT1G06470	A5SS	0.694	1.0	1.0	1.0	1.0		1.0	0.791	1.0	1.0	1.0	1.0	0.914	1.0
918	AT1G01650	A5SS	0.067	0.108	0.1	0.068	0.077	0.0	0.147	0.103	0.118	0.0	0.056	0.172	0.114	0.077
919	AT1G12250	A5SS	1.0	1.0	1.0	1.0	1.0	1.0	1.0	1.0	1.0	1.0	1.0	1.0	1.0	0.778
920	AT5G18550	A5SS	0.397	1.0	1.0	1.0	1.0	1.0	0.862	1.0	0.84	1.0	1.0	1.0	1.0	1.0
921	AT5G63760	A5SS	0.732	0.845	0.754	0.761	0.773	0.827	1.0	0.887	1.0	0.577	1.0	1.0	0.551	1.0
922	AT4G38560	A5SS		1.0						0.0			1.0			
923	AT4G37070	A5SS	1.0	1.0	1.0	1.0	1.0	1.0	1.0	1.0	1.0	1.0	0.845	1.0	1.0	1.0
924	AT4G24440	A5SS	0.852	0.81	0.865	0.852	1.0	1.0	0.948	0.94	0.648	0.714	0.883	0.962	0.838	0.922
925	AT4G03000	A5SS	0.0	0.091	0.091	0.053	0.0	0.0	0.067	0.07	0.0	0.0	0.0	0.0	0.0	0.0
926	AT1G49510	A5SS	0.0	0.0	0.077	0.123	0.067	1.0	0.128	0.143	0.0	0.083	0.104	0.024	0.0	0.1
927	AT1G73310	A5SS	1.0	0.636	1.0	1.0	1.0	1.0	1.0	1.0	1.0	1.0	1.0	1.0	0.786	1.0
928	AT2G21940	A5SS	0.0	0.0	0.0	0.0	0.0	0.0	0.0	0.0	0.0	0.0	0.0	0.0	0.051	0.0
931	AT4G39170	A5SS	1.0	1.0	0.968	1.0	1.0	1.0	1.0	1.0	1.0	1.0	0.962	1.0	0.948	1.0
932	AT1G48520	A5SS	0.0	0.0	0.0	0.0	0.0	0.0	0.043	0.0	0.0	0.0	0.0	0.0	0.0	0.0
933	AT3G18380	A5SS	1.0	0.472	1.0	0.921	1.0	1.0	0.831	1.0	1.0	0.691	1.0	1.0	1.0	0.728
934	AT1G49480	A5SS	0.0	0.046	0.034	0.03	0.0	0.111	0.129	0.026	0.0	0.0	0.042	0.032	0.046	0.0
936	AT1G13940	A5SS	1.0	0.926	0.92	1.0	1.0	1.0	1.0	1.0	0.857	1.0	0.915	1.0	1.0	1.0
938	AT1G80790	A5SS	1.0	1.0	0.881	1.0	1.0	1.0	1.0	1.0	1.0	1.0	1.0	1.0	1.0	1.0
939	AT1G02100	A5SS	0.0	0.03	0.0	0.045	0.041	0.0	0.0	0.0	0.0	0.0	0.0	0.079	0.032	0.0
941	AT1G68862	A5SS	0.0	0.0	0.04	0.024	0.04	0.2	0.056	0.167	0.0	0.0	0.1	0.0	0.029	0.0
942	AT1G01220	A5SS	0.444	0.0	0.0	0.615	0.0		0.615	0.186			0.444	0.0	0.0	0.166
943	AT5G18830	A5SS	0.667	1.0	0.917	1.0	0.905	1.0	1.0	0.957	1.0	1.0	1.0	0.892	0.929	1.0
944	AT1G32230	A5SS	0.034	0.027	0.015	0.017	0.024	0.013	0.038	0.008	0.006	0.024	0.035	0.0	0.008	0.029
945	AT1G32230	A5SS	0.034	0.027	0.015	0.017	0.024	0.013	0.04	0.008	0.006	0.024	0.035	0.0	0.008	0.029
947	AT3G15970	A5SS	0.053	0.143	0.125	0.083	0.25	0.0	0.2	0.077	0.0	0.333	0.176	0.263	0.04	0.0
950	AT3G01130	A5SS	0.0	0.027	0.0	0.005	0.036	0.0	0.005	0.0	0.0	0.0	0.0	0.0	0.0	0.0
951	AT3G01130	A5SS	0.0	0.027	0.0	0.005	0.036	0.0	0.005	0.0	0.0	0.0	0.0	0.0	0.0	0.0
952	AT1G01060	A5SS	1.0	1.0	1.0	1.0	0.846	1.0	1.0	0.818	1.0	1.0	1.0	1.0	0.959	1.0
953	AT5G07400	A5SS					1.0				1.0			1.0	0.575	
955	AT1G05870	A5SS	1.0	0.683	0.806	0.94	1.0	1.0	0.849	1.0	0.902	0.908	0.835	0.864	0.97	1.0
956	AT1G67480	A5SS	0.286	0.271	0.289	0.188	0.26	0.268	0.455	0.298	0.244	0.263	0.328	0.377	0.19	0.41
960	AT1G16560	A5SS	1.0	1.0	1.0	1.0			1.0	1.0	1.0	1.0	0.682	1.0	1.0	1.0
961	AT1G16560	A5SS	0.053	0.125	0.087	0.132	0.0	0.0	0.0	0.061	0.333	0.13	0.125	0.059	0.04	0.0
963	AT5G60600	A5SS	0.0	0.0	0.029	0.008	0.043	0.032	0.077	0.018	0.032	0.059	0.0	0.03	0.081	0.0
964	AT5G60600	A5SS	1.0	1.0	0.963	1.0	1.0	1.0	1.0	1.0	1.0	1.0	1.0	1.0	1.0	1.0
965	AT5G15070	A5SS				0.0					0.0		1.0	0.0	0.0	0.0
966	AT1G10060	A5SS	0.917	1.0	1.0	0.962	1.0	1.0	1.0	0.937	1.0	1.0	1.0	1.0	0.912	1.0
967	AT1G06700	A5SS	0.009	0.01	0.088	0.027	0.018	0.034	0.029	0.078	0.048	0.048	0.048	0.071	0.031	0.094
968	AT2G16365	A5SS	0.0	0.0	0.0	0.0	0.0	0.333	0.125	0.0	0.0	0.0	0.143	0.0	0.0	0.333
970	AT4G34960	A5SS	0.0	0.053	0.048	0.016	0.111	0.333	0.07	0.089	0.0	0.0	0.018	0.029	0.059	0.0
971	AT4G15090	A5SS	0.606	1.0	0.507	0.412	0.339	0.755	0.3	0.536	0.606	0.204	0.643	0.673	0.423	0.507
972	AT4G15090	A5SS		1.0	0.211	0.401	1.0		0.143	0.401	0.401	1.0	0.182	0.0	0.668	
973	AT2G35155	A5SS	0.0	0.429	0.176	0.077	0.0	0.0	0.0	0.034	0.0	0.0	0.0	0.0	0.067	0.0
975	AT5G19590	A5SS	0.0	0.042	0.018	0.013	0.02	0.0	0.021	0.009	0.0	0.0	0.03	0.021	0.016	0.0
976	AT1G22430	A5SS	0.778	1.0	1.0	1.0	1.0	1.0	1.0	0.875	1.0	1.0	1.0	1.0	1.0	1.0
979	AT3G28100	A5SS	1.0	1.0	1.0	0.902	1.0	1.0	0.966	1.0	1.0	1.0	0.958	1.0	1.0	1.0
980	AT1G06190	A5SS	0.048	0.059	0.048	0.017	0.0	0.0	0.016	0.073	0.429	0.0	0.135	0.053	0.097	0.185
982	AT1G34780	A5SS	1.0	1.0	1.0	1.0	1.0	1.0	1.0	0.905	1.0	1.0	1.0	1.0	1.0	1.0
983	AT1G80245	A5SS	1.0	1.0	0.625	0.597	0.625	0.526	0.707	0.769	1.0	0.581	0.714	1.0	0.66	0.625
984	AT1G09570	A5SS	0.704	0.909	0.909	0.718	0.917	0.778	1.0	1.0	0.84	0.724	0.935	0.917	1.0	0.889
985	AT1G09570	A5SS	0.091	0.063	0.063	0.071	0.054	0.045	0.077	0.077	0.069	0.052	0.042	0.076	0.06	0.064
990	AT5G18820	A5SS		1.0	0.292	0.0	0.171		0.0	1.0	0.0	1.0	0.171	0.452	0.452	0.0
991	AT5G18820	A5SS	0.5		0.2	0.0	0.0		1.0	0.143			0.111	0.0	1.0	0.0
992	AT2G02765	A5SS	1.0	0.449	0.94	0.907	0.749	1.0	0.962	0.905	1.0	1.0	1.0	1.0	1.0	1.0
993	AT1G76050	A5SS	0.0	0.166	0.347	0.347	0.0		0.285	0.285	0.21	0.0	0.151	0.285	0.0	0.0
994	AT1G35516	A5SS	0.78	0.603	0.707	0.645	0.782	0.797	0.663	0.745	0.906	0.747	0.609	0.744	0.72	0.762
995	AT2G46040	A5SS	1.0	0.0					1.0	1.0	1.0		0.714		1.0	1.0
997	AT3G14415	A5SS	0.016	0.0	0.01	0.027	0.0	0.0	0.01	0.005	0.0	0.068	0.0	0.034	0.0	0.0
998	AT3G14415	A5SS	0.034	0.036	0.0	0.011	0.0	0.028	0.006	0.011	0.0	0.0	0.01	0.0	0.007	0.012
999	AT1G08390	A5SS	1.0	0.628	1.0	1.0	1.0	1.0	1.0	1.0	1.0	1.0	1.0	1.0	1.0	
1000	AT1G01740	A5SS	0.322	0.0		1.0	1.0	1.0	1.0	1.0	0.0	1.0	0.655		1.0	1.0
1003	AT4G10360	A5SS	0.0	0.343	0.098	0.642	0.281	0.246	0.169	0.064	0.157	0.207	0.246	0.064	0.201	0.456
1004	AT1G09195	A5SS	1.0	1.0	1.0	1.0	1.0	1.0	0.636	1.0	1.0	1.0	1.0	1.0	1.0	1.0
1005	AT1G09195	A5SS	0.789	0.385	1.0	1.0	0.701	1.0	0.789	1.0	1.0	0.738	1.0	0.789	1.0	0.652
1006	AT5G28080	A5SS			1.0	1.0	1.0	1.0	1.0	1.0	0.5	1.0	1.0	1.0	1.0	1.0
1007	AT1G03905	A5SS	1.0	1.0	1.0	0.231	1.0		1.0	0.25	1.0	0.111	0.667	0.429	0.667	0.0
1009	AT5G47490	A5SS	1.0	1.0	1.0	1.0	1.0	1.0	1.0	0.907	0.851	1.0	1.0	0.919	1.0	1.0
1011	AT1G08230	A5SS	0.478	0.565	0.476	0.29	0.2	0.6	0.508	0.704	0.667	0.333	0.479	0.556	0.614	0.579
1012	AT1G24260	A5SS	0.49	0.794	0.407	0.351	0.243	0.49	0.591	0.529	0.616	0.49	0.743	0.49	0.407	0.684
1013	AT1G79870	A5SS	0.929	0.897	0.814	1.0	0.924	1.0	1.0	0.964	0.95	0.952	1.0	0.952	1.0	0.897
1014	AT1G79870	A5SS	1.0	1.0	1.0	1.0	1.0	1.0	1.0	0.873	1.0	1.0	1.0	1.0	1.0	1.0
1015	AT4G19070	A5SS	1.0	1.0	0.45	1.0	1.0	1.0	1.0	1.0	1.0	1.0	0.847	1.0	0.908	1.0
1016	AT1G45249	A5SS	0.0	0.0	0.22	0.333	0.2	0.176	0.306	0.279	0.5	0.111	0.143	0.243	0.195	0.5
1017	AT1G18335	A5SS	0.123	0.0	0.456	0.123	0.183		0.123	0.0	0.157	0.627	0.065	0.0	0.251	0.085
1018	AT1G11100	A5SS	0.0			0.686	0.0		0.238		0.421	1.0	0.154	0.0	1.0	
1020	AT3G60740	A5SS	1.0	0.923	1.0	1.0	1.0	1.0	1.0	0.917	1.0	1.0	0.943	0.9	1.0	0.882
1021	AT1G09330	A5SS	0.036	0.0	0.032	0.058	0.016	0.04	0.057	0.06	0.04	0.018	0.029	0.039	0.041	0.028
1023	AT1G65440	A5SS	0.253	1.0	0.145	0.262	0.0		0.266	0.336	0.0	0.202	0.542	0.202	0.0	0.112
1026	AT2G38780	A5SS	0.0	0.5	0.455	0.0	0.0	0.667	0.333	0.273	0.0	0.0	0.235	0.273	0.0	0.0
1028	AT5G11210	A5SS			1.0				1.0				0.368		1.0	
1030	AT5G64400	A5SS	0.021	0.042	0.032	0.02	0.025	0.048	0.054	0.03	0.017	0.039	0.022	0.03	0.012	0.0
1031	AT1G10890	A5SS	0.388	0.719	0.903	0.66	0.474	0.667	0.788	0.695	0.714	0.762	0.643	0.75	0.744	0.842
1032	AT5G06530	A5SS	0.038	0.027	0.057	0.087	0.037	0.023	0.064	0.036	0.047	0.018	0.018	0.045	0.058	0.048
1033	AT1G05400	A5SS	0.478	0.0		0.314			1.0	1.0		1.0	1.0	0.0	1.0	1.0
1035	AT1G03770	A5SS	0.0	0.0	0.0	0.168	0.0	0.0	0.063	0.0	0.0	0.0	0.0	0.0	0.0	0.0
1038	AT1G63260	A5SS	1.0	0.391	0.641	0.397	0.676	0.5	0.683	0.652	0.481	0.5	0.6	0.643	0.529	0.6
1039	AT3G06050	A5SS	0.0	0.027	0.021	0.0	0.0	0.0	0.007	0.007	0.0	0.0	0.007	0.055	0.0	0.0
1040	AT1G44125	A5SS	0.0	1.0		0.3	1.0		0.6	0.5	1.0	1.0	1.0	0.714	1.0	1.0
1041	AT1G44125	A5SS	1.0	1.0	0.857	1.0	1.0	1.0	0.8	1.0	1.0	1.0	1.0	0.5	1.0	1.0
1042	AT2G45500	A5SS	0.0	0.126	0.849	0.365	0.244	1.0	0.347	0.633	0.341	0.508	0.277	0.463	0.633	0.721
1043	AT3G56830	A5SS	1.0		1.0	0.0	0.0	0.0	1.0	1.0	0.0	1.0	0.636	1.0	0.2	0.0
1045	AT1G10900	A5SS	0.273	0.429	0.097	0.36	0.158		0.0	0.0		1.0	0.07	0.0	0.2	0.273
1046	AT3G15980	A5SS	0.527	0.748	0.69	0.836	0.656	0.741	0.776	0.617	0.718	0.514	0.808	0.844	0.56	0.527
1047	AT3G15980	A5SS	1.0	1.0	1.0	0.865	1.0	1.0	0.9	1.0	1.0	1.0	1.0	0.907	0.875	1.0
1049	AT3G15980	A5SS	1.0	1.0	1.0	0.734	1.0	1.0	0.806	1.0	1.0	1.0	1.0	0.798	0.874	1.0
1052	AT1G20640	A5SS	0.0	0.0	0.0	0.0	0.0		0.0	0.143	1.0	0.0	0.091	0.0	0.167	0.0
1053	AT4G31200	A5SS		1.0	1.0		1.0		1.0		0.0		0.449		1.0	
1055	AT1G21560	A5SS	0.0	1.0	0.26	0.318		1.0	0.849	0.0	0.0	0.0	0.637	0.483	0.412	0.0
1056	AT3G06630	A5SS		1.0					0.333				0.0		0.0	
1057	AT1G16890	A5SS	0.009	0.0	0.0	0.009	0.0	0.0	0.007	0.014	0.0	0.0	0.009	0.009	0.002	0.005
1059	AT2G43500	A5SS							0.487				0.0		1.0	
1060	AT2G43500	A5SS				1.0		0.0	0.0				0.487		0.0	1.0
1061	AT2G43500	A5SS	0.0	0.0	0.248			0.0	0.0	0.0	0.0	1.0	0.0	0.0	0.0	0.0
1062	AT1G05850	A5SS	0.001	0.002	0.004	0.005	0.001	0.0	0.004	0.005	0.005	0.004	0.002	0.002	0.003	0.0
1063	AT5G07590	A5SS	1.0	1.0	1.0	1.0	1.0	1.0	1.0	1.0	1.0	1.0	1.0	0.714	1.0	0.818
1066	AT5G46110	A5SS	0.042	0.011	0.03	0.033	0.01	0.0	0.027	0.023	0.042	0.029	0.004	0.04	0.03	0.021
1068	AT5G46110	A5SS	0.013	0.011	0.006	0.003	0.014	0.008	0.011	0.003	0.0	0.011	0.015	0.006	0.008	0.024
1069	AT1G69020	A5SS	1.0	1.0	0.818	1.0	1.0	1.0	1.0	0.333	1.0	1.0	1.0	1.0	1.0	1.0
1070	AT1G21610	A5SS	0.044	0.0	0.0	0.0	0.0	0.0	0.0	0.0	0.0	0.0	0.0	0.0	0.029	0.0
1072	AT1G18270	A5SS	0.021	0.005	0.03	0.008	0.012	0.0	0.028	0.033	0.029	0.0	0.03	0.018	0.012	0.015
1073	AT2G35650	A5SS	0.25	0.091	0.067	0.029	0.0	0.0	0.231	0.25	0.0	0.111	0.0	0.04	0.067	0.333
1074	AT2G35650	A5SS	1.0	0.584	1.0	0.944	1.0	1.0	0.789	0.868	1.0	1.0	1.0	1.0	1.0	1.0
1075	AT1G51745	A5SS	0.0	0.0	0.0	0.0	0.0	0.0	0.0	0.0	0.119	0.0	0.0	0.0	0.0	0.0
1076	AT1G61140	A5SS	0.109	0.145	0.068	0.138	0.269	0.128	0.174	0.147	0.38	0.0	0.206	0.128	0.084	0.269
1078	AT3G20970	A5SS		0.0											0.487	
1079	AT1G18730	A5SS	0.032	0.029	0.018	0.064	0.0	0.0	0.021	0.0	0.0	0.056	0.033	0.0	0.0	0.0
1082	AT1G73960	A5SS	0.059	0.0	0.021	0.048	0.1	0.077	0.0	0.085	0.0	0.0	0.049	0.021	0.034	0.053
1083	AT1G09840	A5SS	1.0	1.0	1.0	1.0	1.0	1.0	1.0	0.931	1.0	1.0	1.0	1.0	1.0	1.0
1084	AT1G22870	A5SS	0.119	0.0	0.0	0.06	0.174	0.0	0.0	0.112	0.0		0.112	0.0	0.257	0.0
1085	AT1G03920	A5SS	1.0	1.0	1.0	1.0			1.0	1.0	1.0	0.667	1.0			
1086	AT1G11950	A5SS	1.0	1.0	1.0	0.878	1.0	1.0	1.0	0.878	0.52	1.0	1.0	1.0	1.0	
1087	AT1G05230	A5SS	0.0	1.0	1.0	0.764	0.0		1.0	0.481	1.0	1.0	1.0	1.0	1.0	
1088	AT1G05230	A5SS	1.0	1.0	1.0	0.648	0.746	1.0	1.0	0.837	1.0	1.0	0.869		1.0	
1089	AT1G05230	A5SS	0.333		1.0	1.0	1.0	1.0	1.0	0.538	1.0	1.0	1.0	1.0	1.0	0.333
1090	AT1G05230	A5SS	1.0	0.0	0.412	0.294	0.667	0.167	0.5	0.636	0.333	1.0	0.273	0.333	0.625	0.2
1091	AT1G05230	A5SS	0.0		1.0	1.0	1.0			0.143			1.0	1.0		0.333
1092	AT1G05230	A5SS	1.0	0.0	0.167	0.143	0.333	0.0	0.0	0.2	0.0	1.0	0.111	0.333	0.0	0.2
1093	AT1G05230	A5SS	1.0	0.0	0.119	0.0	0.0	0.0	0.0	0.503	0.0	1.0	0.0	0.311	0.0	0.253
1094	AT1G24706	A5SS	1.0	1.0	0.75	1.0	1.0	1.0	1.0	1.0	1.0	1.0	1.0	1.0	1.0	1.0
1095	AT5G46800	A5SS	0.037	0.022	0.093	0.008	0.0	0.0	0.0	0.018	0.032	0.0	0.011	0.014	0.0	0.071
1097	AT1G33615	A5SS	1.0	0.593	0.645	0.421	0.421	1.0	0.744	1.0	0.0	1.0	1.0	1.0	1.0	1.0
1099	AT2G47470	A5SS	0.0	0.0	0.0	0.0	0.0	0.0	0.0	0.0	0.052	0.024	0.009	0.0	0.0	0.0
1100	AT5G61330	A5SS	0.429	0.0	0.0	0.111	0.0	0.0	0.231	0.222	0.2	0.2	0.333	0.111	0.185	0.0
1101	AT4G00060	A5SS	0.0	0.362	0.124	0.19	0.532	0.221	0.328	1.0	0.0	0.275	0.205	0.185	0.532	0.221
1102	AT5G01470	A5SS	0.463			0.32	1.0			0.301		1.0	0.0		0.0	0.0
1103	AT1G04730	A5SS				1.0	1.0		0.733	1.0	1.0		1.0		1.0	1.0
1104	AT1G58180	A5SS	1.0	0.989	1.0	1.0	1.0	1.0	1.0	1.0	1.0	1.0	1.0	1.0	1.0	1.0
1105	AT1G73170	A5SS	0.388	0.704	0.283	0.55	0.442	0.613	0.74	0.388	0.655	0.655	0.467	0.67	0.635	0.613
1107	AT2G16920	A5SS	0.344	0.179	0.466	0.648	0.677	1.0	0.499	0.706	0.304	0.368	0.466	0.304	0.753	0.567
1108	AT2G35738	A5SS	0.143		0.5	0.333	0.143		0.667	0.5		1.0	0.5	0.0	0.0	
1112	AT1G63010	A5SS		1.0	1.0		1.0	0.0	1.0	1.0		1.0			0.0	
1113	AT3G07760	A5SS	0.0	0.045	0.028	0.027	0.049	0.0	0.028	0.014	0.011	0.01	0.01	0.046	0.055	0.038
1114	AT3G07760	A5SS	0.0	0.045	0.021	0.027	0.049	0.0	0.033	0.014	0.011	0.01	0.01	0.046	0.055	0.038
1115	AT3G07760	A5SS	1.0		0.0	1.0	1.0	1.0	1.0	1.0		1.0	1.0			1.0
1116	AT5G40540	A5SS	1.0	1.0	0.833	1.0	1.0	1.0	0.875	1.0	1.0		1.0	1.0	1.0	1.0
1117	AT3G07300	A5SS	0.316	0.363	0.41	0.12	0.536	0.27	0.176	0.162	0.442	0.649	0.134	0.546	0.236	0.0
1118	AT1G26260	A5SS		0.0	0.333	0.125		1.0	0.0	1.0	1.0	1.0	1.0	0.5	1.0	
1119	AT1G26300	A5SS	0.0	0.097	0.0	0.0	0.0	0.2	0.0	0.02	0.0	0.029	0.037	0.0	0.02	0.0
1120	AT1G80060	A5SS			0.75	0.333	1.0	1.0	1.0	1.0	1.0	1.0	0.5	1.0	0.667	1.0
1121	AT1G26440	A5SS	1.0	1.0	1.0	1.0	1.0		0.714	1.0	1.0	1.0	1.0	1.0	1.0	0.5
1122	AT2G46790	A5SS	0.0	0.475	1.0	0.0	0.0	1.0	0.352	0.475	0.783	0.475	1.0	0.42	0.0	0.311
1123	AT3G22290	A5SS	0.0	0.0	0.018	0.014	0.0	0.0	0.103	0.105	0.059	0.067	0.025	0.012	0.013	0.067
1124	AT3G20000	A5SS	0.0	0.036	0.0	0.022	0.0	0.0	0.02	0.049	0.0	0.059	0.035	0.0	0.018	0.0
1125	AT3G14110	A5SS	0.0	0.018	0.0	0.0	0.0	0.0	0.0	0.0	0.0	0.0	0.0	0.0	0.0	0.0
1128	AT1G29400	A5SS	0.019	0.076	0.028	0.058	0.047	0.022	0.078	0.048	0.068	0.041	0.072	0.049	0.023	0.065
1129	AT4G37440	A5SS	0.0	0.0	0.048	0.011	0.038	0.0	0.019	0.0	0.0	0.0	0.0	0.0	0.012	0.0
1130	AT2G37340	A5SS	0.006	0.015	0.004	0.02	0.026	0.0	0.03	0.003	0.021	0.006	0.003	0.014	0.011	0.0
1131	AT5G13640	A5SS	0.043	0.0	0.033	0.0	0.0	0.0	0.1	0.106	0.0	0.0	0.03	0.12	0.049	0.0
1133	AT1G55490	A5SS	0.0	0.0	0.022	0.0	0.0	0.091	0.031	0.007	0.0	0.042	0.008	0.017	0.007	0.0
1134	AT1G55490	A5SS	0.0	0.0	0.022	0.0	0.0	0.091	0.031	0.007	0.0	0.042	0.008	0.017	0.007	0.0
1135	AT3G11010	A5SS			1.0	1.0	0.0		1.0			1.0			1.0	
1136	AT5G05080	A5SS	1.0	1.0	1.0	1.0	1.0	1.0	1.0	1.0	1.0	1.0	0.6	1.0	1.0	1.0
1137	AT5G05080	A5SS	0.0	0.0	0.005	0.002	0.018	0.008	0.007	0.003	0.0	0.016	0.004	0.004	0.008	0.025
1138	AT5G05080	A5SS	0.0	0.0	0.005	0.002	0.018	0.0	0.007	0.003	0.0	0.011	0.014	0.004	0.008	0.025
1140	AT5G04560	A5SS	0.841	0.815	0.688	0.638	0.907	1.0	0.841	0.694	0.93	0.469	0.866	0.688	0.548	0.638
1141	AT3G07740	A5SS	0.089	0.0	0.0	0.0	0.0	0.0	0.207	0.124	0.0	0.0	0.0	0.0	0.251	0.0
1142	AT3G57050	A5SS	0.905	0.949	0.955	0.903	0.91	1.0	0.854	0.919	0.971	0.975	0.875	0.932	0.921	0.869
1143	AT1G27630	A5SS	0.778	0.714	0.613	0.478	0.333	0.429	0.76	0.583	0.571	0.2	0.592	0.538	0.625	0.6
1146	AT5G65770	A5SS	0.0	0.043	0.111	0.0	0.0	0.0	0.118	0.037	0.0	0.0	0.0	0.0	0.027	0.0
1147	AT1G28520	A5SS	0.0	0.143	0.073	0.056	0.28	0.2	0.182	0.111	0.143	0.0	0.176	0.294	0.077	0.143
1148	AT2G38995	A5SS							0.667				1.0	1.0		
1150	AT3G02520	A5SS	0.0	0.0	0.0	0.004	0.015	0.023	0.0	0.009	0.0	0.033	0.0	0.025	0.019	0.0
1151	AT5G63120	A5SS	0.5	0.5	0.5	0.222	0.5		1.0	0.4	0.077	0.0	0.263	0.462	0.538	0.429
1152	AT3G55890	A5SS	0.0	0.0	0.0	0.131	0.0	0.0	0.0	0.091	0.0	0.0	0.028	0.085	0.0	0.123
1153	AT1G72330	A5SS	0.0	0.0	0.0	0.0	0.497	0.0	0.0	0.0	0.0	0.0	0.0	0.0	0.0	0.0
1154	AT1G79640	A5SS	0.0		0.0	1.0	1.0	0.0	1.0	0.0	0.333		0.6	1.0	1.0	1.0
1156	AT1G70610	A5SS	0.0	0.636	0.368	0.0	0.466		0.098	0.0	0.0	0.0	0.466	0.466	0.111	0.225
1157	AT1G34065	A5SS		1.0	1.0	1.0	1.0		0.758	1.0	0.439	1.0	1.0		1.0	1.0
1158	AT3G14225	A5SS		0.0												1.0
1159	AT4G11900	A5SS				0.167				0.2			1.0	0.0	0.0	
1160	AT1G18950	A5SS	0.683	0.301	0.365	0.32	0.301	0.0	0.43	0.205	0.721	0.301	0.33	0.301	0.347	0.393
1161	AT3G32920	A5SS							1.0	0.0			1.0		0.0	0.0
1162	AT1G54310	A5SS	1.0	1.0	0.748	0.382	0.788	1.0	0.69	0.389	0.426	0.788	0.498	0.69	0.839	0.0
1163	AT3G20870	A5SS	0.0	0.4	0.037	0.083	0.2		0.29	0.067	0.2	0.0	0.0	0.067	0.102	0.333
1165	AT2G06005	A5SS	0.0	1.0	0.101	0.0	0.0	0.0	0.0	0.165	0.0	0.0	0.0	0.0	0.149	0.24
1166	AT5G66050	A5SS	1.0	1.0	0.976	0.989	1.0	0.791	0.981	0.982	1.0	1.0	0.899	0.897	0.95	1.0
1168	AT5G59480	A5SS	0.0	0.0	0.017	0.0	0.0	0.0	0.04	0.0	0.0	0.091	0.055	0.034	0.012	0.0
1169	AT2G37975	A5SS	0.0	0.032	0.019	0.037	0.0	0.0	0.037	0.016	0.053	0.0	0.057	0.016	0.0	0.04
1170	AT1G01040	A5SS	0.0	0.0	0.051	0.234	0.194	0.0	0.0	0.0	0.0	0.0	0.0	0.057	0.0	0.0
1171	AT1G08820	A5SS		1.0	1.0	0.5			1.0	0.333	1.0	1.0	1.0	1.0	1.0	1.0
1172	AT1G08820	A5SS	0.0	0.0	0.05	0.051	0.0	0.067	0.045	0.0	0.0	0.0	0.075	0.0	0.037	0.03
1173	AT1G08820	A5SS	0.0	0.0	0.05	0.063	0.0	0.067	0.045	0.045	0.0	0.0	0.075	0.0	0.037	0.03
1174	AT1G13170	A5SS	0.0	0.179	0.083	0.0	0.134	0.0	0.0	0.0	0.0	0.0	0.29	0.0	0.0	0.352
1175	AT3G10250	A5SS	0.375	0.449	0.65	0.556	0.286	0.643	0.517	0.429	0.429	0.565	0.57	0.56	0.351	0.722
1176	AT3G10250	A5SS			1.0	1.0	0.0	1.0	1.0	1.0		1.0	1.0	1.0	0.375	
1177	AT5G48640	A5SS	1.0	1.0	0.778	1.0	1.0	1.0	1.0	1.0	1.0	1.0	1.0	1.0	1.0	1.0
1178	AT5G48640	A5SS	0.6	1.0	1.0	1.0	1.0	1.0	1.0	1.0	1.0	1.0	1.0	1.0	1.0	1.0
1179	AT1G68910	A5SS	0.723	0.905	0.919	0.943	0.404	0.905	0.913	0.673	0.905	0.587	0.801	0.913	0.846	0.884
1180	AT1G48260	A5SS	1.0	1.0	1.0	1.0	1.0	1.0	0.889	1.0	1.0	1.0	0.769	1.0	1.0	1.0
1182	AT1G48260	A5SS	0.0	0.167	0.0	0.0	0.0	0.0	0.333	0.0	0.143	0.0	0.059	0.0	0.167	0.0
1183	AT1G48260	A5SS	0.0	0.167	0.0	0.0	0.0	0.0	0.333	0.0	0.143	0.0	0.059	0.0	0.167	0.0
1184	AT5G41140	A5SS	1.0	1.0	1.0	1.0	1.0	1.0	0.934	0.949	0.896	0.875	0.944	0.947	1.0	0.904
1186	AT3G58120	A5SS	0.022	0.027	0.0	0.003	0.0	0.0	0.033	0.011	0.037	0.0	0.0	0.01	0.005	0.0
1188	AT1G28960	A5SS	1.0	1.0	1.0	1.0	1.0	1.0	1.0	1.0	1.0	1.0	0.976	1.0	1.0	1.0
1189	AT1G67060	A5SS	0.101	0.115	0.076	0.157	0.13	0.167	0.141	0.13	0.146	0.052	0.162	0.167	0.091	0.146
1190	AT1G67060	A5SS	1.0	1.0	0.926	1.0	0.889	1.0	1.0	1.0	1.0	1.0	1.0	1.0	1.0	1.0
1191	AT3G10770	A5SS	0.978	0.978	0.978	0.955	0.955	0.99	0.953	0.96	0.963	0.985	0.959	0.972	0.949	0.957
1193	AT1G12900	A5SS	0.0	0.0	0.0	0.0	0.0	0.0	0.009	0.0	0.016	0.0	0.0	0.0	0.0	0.0
1198	AT1G03290	A5SS	0.231	0.613	0.476	0.435	0.45	0.2	0.415	0.697	0.417	0.238	0.435	0.294	0.294	0.636
1199	AT1G33290	A5SS	1.0	1.0	1.0	1.0	1.0	1.0	1.0	0.965	1.0	1.0	1.0	1.0	1.0	1.0
1200	AT4G17610	A5SS	0.0	0.0	0.0				0.0	0.431	0.0	0.0	0.0	0.0	0.0	
1201	AT1G52370	A5SS	0.0	0.377	0.168	0.287	0.547	0.232	0.341	0.254	1.0	0.131	0.052	0.195	0.142	0.0
1202	AT1G52370	A5SS		1.0	1.0	0.547	1.0	1.0	1.0	1.0	1.0	1.0	1.0	1.0	1.0	
1203	AT1G52370	A5SS	1.0	1.0	1.0	0.929	1.0	1.0	1.0	1.0	1.0	1.0	1.0	1.0	1.0	1.0
1204	AT1G52370	A5SS	1.0	1.0	0.846	1.0	1.0	1.0	1.0	1.0	1.0	1.0	1.0	1.0	1.0	1.0
1205	AT5G54440	A5SS	1.0	0.869	0.97	0.877	1.0	1.0	1.0	1.0	1.0	1.0	1.0	1.0	0.876	0.932
1206	AT1G34010	A5SS	0.861	0.0	0.436	1.0	0.607	1.0	0.306	0.673	1.0	0.205	0.673	0.279	0.508	0.436
1207	AT3G13870	A5SS	0.016	0.0	0.009	0.0	0.0	0.0	0.021	0.006	0.0	0.0	0.0	0.008	0.0	0.0
1208	AT1G03620	A5SS	0.0	0.412	0.189	0.0	0.0		0.0	0.0	0.0	0.0	0.412	0.0	0.0	
1209	AT1G03620	A5SS	1.0	0.333	0.5	1.0	0.5	1.0	0.455	0.8	0.714	0.429	0.5	1.0	1.0	1.0
1211	AT1G34355	A5SS		1.0	1.0	1.0			0.625			1.0	1.0	1.0	1.0	1.0
1212	AT1G57680	A5SS	0.056	0.159	0.038	0.034	0.167	0.0	0.254	0.015	0.091	0.12	0.133	0.0	0.083	0.273
1213	AT1G13000	A5SS	0.0	0.2	0.016	0.051	0.048	0.0	0.121	0.091	0.032	0.1	0.192	0.077	0.037	0.091
1214	AT3G51850	A5SS	0.081	0.13	0.04	0.047	0.021	0.052	0.098	0.044	0.106	0.042	0.072	0.039	0.058	0.028
1215	AT3G51850	A5SS	0.015	0.027	0.031	0.028	0.011	0.0	0.05	0.035	0.0	0.0	0.006	0.007	0.012	0.0
1217	AT1G63770	A5SS	0.0	0.0	0.0	0.009	0.025	0.0	0.0	0.0	0.0	0.0	0.012	0.0	0.0	0.0
1218	AT1G63770	A5SS	0.0	0.027	0.027	0.006	0.0	0.0	0.055	0.0	0.013	0.024	0.009	0.0	0.04	0.016
1220	AT1G26130	A5SS	1.0	1.0	1.0	0.5	0.333	1.0	1.0	1.0	1.0	1.0	0.556		0.867	1.0
1222	AT2G31510	A5SS	0.029	0.082	0.028	0.041	0.024	0.0	0.023	0.067	0.0	0.185	0.034	0.038	0.012	0.061
1223	AT5G24810	A5SS	0.0	0.0	0.097	0.017	0.0	0.0	0.061	0.0	0.0	0.0	0.0	0.0	0.0	0.0
1224	AT2G01420	A5SS	0.528	0.655	0.503	0.522	0.544	0.463	0.488	0.658	0.564	0.59	0.382	0.547	0.405	0.481
1225	AT3G47420	A5SS	0.0	0.0	0.0	0.0	0.2	0.0	0.045	0.0	0.0	0.0	0.083	0.0	0.0	0.0
1226	AT1G43850	A5SS	0.273	0.357	0.209	0.265	0.407	0.273	0.565	0.407	0.222	0.478	0.449	0.273	0.451	0.417
1227	AT5G13220	A5SS	0.822	0.698	1.0	0.802	1.0	0.669	1.0	0.874	0.789	1.0	1.0	1.0	1.0	1.0
1228	AT5G13220	A5SS	0.068	0.637	0.468	0.176	0.281	0.0	0.423	0.068	0.0	0.0	0.089	0.369	0.128	0.089
1229	AT1G73840	A5SS	0.0	0.143	0.0	0.069	0.2	0.0	0.0	0.071	0.0	0.0	0.111	0.0	0.0	0.0
1231	AT1G46768	A5SS	0.75	1.0	0.714	0.786	0.5	0.714	0.576	1.0	1.0	0.667	0.909	0.846	1.0	0.733
1232	AT3G06340	A5SS	0.333	0.2	0.2	0.04	0.111	0.333	0.143	0.0	0.0	0.091	0.0	0.048	0.0	0.111
1233	AT1G55810	A5SS	0.571	0.483	0.582	0.548	0.623	0.667	0.554	0.564	0.651	0.627	0.645	0.714	0.68	0.731
1236	AT5G65685	A5SS	0.778	1.0	0.882	0.949	0.7	0.778	0.684	0.867	1.0	1.0	0.8	0.714	0.944	1.0
1237	AT5G65685	A5SS	1.0	1.0	1.0	0.882	1.0	1.0	1.0	1.0	1.0	1.0	1.0	1.0	0.833	1.0
1238	AT5G65685	A5SS	0.246	0.521	0.743	0.352	0.471	0.62	0.595	0.502	0.521	0.246	0.461	0.405	0.42	0.521
1239	AT5G43270	A5SS	0.429	0.071	0.083	0.02	0.273	0.556	0.2	0.182	0.778	0.25	0.565	0.097	0.097	0.333
1240	AT2G45950	A5SS	0.212	0.245	0.097	0.114	0.0	0.0	0.043	0.0	0.0		0.178	0.245	0.0	0.265
1241	AT5G01950	A5SS	1.0	1.0	1.0	1.0	1.0	1.0	1.0	1.0	1.0	1.0	0.6	1.0	1.0	1.0
1242	AT2G26280	A5SS	0.6	0.361	0.481	0.403	0.471	0.75	0.462	0.449	0.538	0.667	0.508	0.406	0.44	0.484
1243	AT1G48550	A5SS	0.0	0.0	0.0	0.123	0.0	0.0	0.0	0.077	0.0	0.0	0.0	0.0	0.0	0.0
1245	AT3G02950	A5SS	0.043	0.0	0.0	0.0	0.0	0.143	0.0	0.0	0.0	0.0	0.027	0.032	0.0	0.0
1246	AT4G17570	A5SS	0.27	0.571	0.324	0.522	0.519	0.301	0.485	0.558	0.564	0.408	0.202	0.492	0.291	0.535
1247	AT1G49600	A5SS	0.019	0.023	0.013	0.007	0.006	0.011	0.019	0.018	0.008	0.017	0.006	0.009	0.024	0.018
1248	AT5G06950	A5SS	0.0	0.0	0.0	0.0	0.0	0.095	0.0	0.0	0.0	0.0	0.0	0.0	0.0	0.0
1249	AT1G13700	A5SS	0.333	0.3	0.094	0.111	0.2	0.429	0.268	0.172	0.314	0.04	0.207	0.164	0.108	0.25
1250	AT5G53180	A5SS	0.057	0.195	0.0	0.099	0.0	0.127	0.062	0.028	0.0	0.083	0.032	0.062	0.098	0.154
1251	AT5G53180	A5SS	0.333	0.161	0.429	0.538	0.2	0.5	0.438	0.405	0.13	0.2	0.267	0.176	0.333	0.125
1252	AT1G61970	A5SS	0.333	0.286	0.583	0.455	0.4	0.25	0.4	0.529	1.0	0.667	0.44	0.286	1.0	0.6
1254	AT3G14420	A5SS	0.0	0.0	0.008	0.004	0.0	0.0	0.007	0.0	0.0	0.0	0.008	0.013	0.003	0.0
1255	AT1G29120	A5SS	0.0	0.089	0.0	0.0	0.122	0.0	0.0	0.0	0.0	0.0	0.0	0.0	0.0	0.0
1256	AT5G15020	A5SS	0.0	0.0	0.031	0.017	0.0	0.0	0.0	0.0	0.0	0.0	0.0	0.036	0.0	0.0
1257	AT3G03970	A5SS	0.667	0.5	1.0	0.6		0.333	1.0	0.556	0.5		0.467	0.6	0.556	1.0
1258	AT3G03970	A5SS	0.716	0.558	1.0	0.654	1.0	0.0	1.0	0.486	0.24		0.24	0.654	0.0	
1260	AT3G56510	A5SS	0.0	0.0	0.0	0.067	0.0	0.0	0.048	0.071	0.0	0.143	0.0	0.081	0.048	0.0
1261	AT3G56510	A5SS			1.0	1.0			0.0	1.0				1.0		
1263	AT2G32700	A5SS	0.015	0.031	0.043	0.03	0.016	0.0	0.045	0.036	0.0	0.023	0.056	0.044	0.026	0.021
1264	AT5G15510	A5SS	0.0		0.0	0.777	0.0		0.0	0.466	0.0		0.0	0.0	0.0	0.0
1265	AT5G15640	A5SS	0.0	0.143	0.125	0.222	0.143		0.087	0.235	0.0	0.0	0.091	0.217	0.064	0.2
1266	AT1G74530	A5SS	0.0	0.192	0.0	0.073	0.0	0.0	0.106	0.0	0.0	0.0	0.0	0.0	0.0	0.0
1267	AT3G25013	A5SS	0.0	0.143	0.429	0.071	0.0		0.333	0.273	0.0	1.0	0.429	0.0	0.143	0.25
1268	AT3G49870	A5SS	0.017	0.016	0.0	0.005	0.0	0.0	0.012	0.0	0.0	0.031	0.013	0.013	0.0	0.0
1269	AT5G16660	A5SS	1.0	0.991	1.0	1.0	1.0	1.0	0.993	0.993	1.0	1.0	1.0	1.0	1.0	1.0
1270	AT2G31840	A5SS	1.0	1.0	1.0	1.0	0.46	1.0	1.0	1.0		1.0	1.0	1.0		1.0
1271	AT5G17300	A5SS	1.0	1.0	1.0	0.755	1.0	0.778	0.913	0.812	1.0	1.0	0.907	1.0	1.0	0.786
1272	AT4G24550	A5SS	0.0	0.0	0.0	0.018	0.0	0.0	0.0	0.0	0.04	0.0	0.0	0.0	0.0	0.0
1273	AT5G50870	A5SS	0.027	0.0	0.0	0.016	0.0	0.0	0.0	0.0	0.0	0.017	0.02	0.0	0.02	0.022
1274	AT5G53550	A5SS	0.161	0.086	0.111	0.143	0.263	0.158	0.094	0.018	0.034	0.097	0.171	0.0	0.042	0.143
1275	AT5G18120	A5SS	0.1	0.071	0.04	0.045	0.0	0.0	0.0	0.027	0.1	0.0	0.0	0.022	0.067	0.0
1276	AT5G18255	A5SS	0.971	0.98	0.982	0.979	0.958	0.953	0.981	0.985	1.0	1.0	0.977	0.952	1.0	1.0
1278	AT3G02555	A5SS	0.111	0.0	0.0	0.0	0.0	0.0	0.0	0.0	0.6		0.067	0.2	0.0	0.0
1279	AT3G14120	A5SS	0.0	0.0	0.0	0.0	0.0	0.093	0.145	0.044	0.338	0.113	0.105	0.0	0.0	0.0
1280	AT5G19140	A5SS	0.996	1.0	1.0	0.999	1.0	1.0	1.0	1.0	1.0	1.0	0.998	1.0	1.0	0.988
1281	AT1G59890	A5SS	0.893	0.51	0.625	0.612	0.745	0.357	0.684	0.243	1.0	1.0	0.25	0.854	0.73	0.455
1282	AT5G52220	A5SS				0.0			0.0	1.0			0.0	0.0		
1283	AT4G35790	A5SS	0.0	0.021	0.026	0.0	0.0	0.0	0.009	0.05	0.034	0.016	0.006	0.007	0.0	0.0
1286	AT5G11010	A5SS	0.0	1.0	0.619	0.0	0.333	1.0	0.6	0.25	0.0	0.25	0.333	0.273	0.259	0.333
1288	AT3G13580	A5SS	1.0	1.0	1.0	1.0		1.0	1.0		1.0	0.6	1.0	1.0	1.0	1.0
1289	AT5G20570	A5SS	0.008	0.005	0.005	0.024	0.0	0.0	0.004	0.009	0.014	0.008	0.0	0.0	0.008	0.011
1290	AT5G20300	A5SS	0.086	0.0	0.0	0.025	0.0	0.0	0.039	0.028	0.059	0.0	0.0	0.082	0.031	0.059
1291	AT5G63680	A5SS	0.091	0.029	0.03	0.022	0.0	0.0	0.067	0.062	0.091	0.0	0.107	0.0	0.0	0.048
1292	AT2G28550	A5SS	0.0	0.25	0.071	0.2	0.167	0.0	0.097	0.2	0.143	0.0	0.333	0.2	0.212	0.176
1293	AT5G20730	A5SS	0.0	0.0	0.0	0.032	0.0	0.0	0.0	0.0	0.0	0.0	0.0	0.0	0.0	0.138
1294	AT2G30990	A5SS	0.111	0.1	0.12	0.0	0.091	0.0	0.0	0.0	0.0	0.059	0.103	0.0	0.077	0.2
1295	AT4G25720	A5SS	1.0	1.0	1.0	0.967	1.0	1.0	1.0	1.0	1.0	1.0	1.0	1.0	1.0	1.0
1296	AT5G22000	A5SS	1.0	1.0	1.0	0.991	1.0	1.0	0.994	1.0	1.0	0.976	0.986	1.0	0.994	0.985
1298	AT5G22300	A5SS		1.0	1.0	0.333	0.0		1.0	0.0	0.0	1.0	0.333		0.2	0.0
1300	AT5G22450	A5SS	0.643	0.833	0.971	0.979	0.862	1.0	0.837	0.947	0.846	0.879	0.929	1.0	0.949	1.0
1301	AT5G22620	A5SS	1.0		1.0	1.0	1.0	1.0	1.0	1.0	1.0	1.0	1.0	0.786	1.0	1.0
1302	AT5G22700	A5SS	1.0	0.789	0.882	0.93	0.913	1.0	1.0	1.0	1.0	1.0	0.87	0.911	0.887	0.9
1304	AT1G01240	A5SS	0.25	0.12	0.212	0.26	0.2	0.091	0.222	0.043	0.214	0.167	0.216	0.158	0.154	0.455
1305	AT3G19860	A5SS	0.685	0.851	0.871	0.826	0.972	0.725	0.907	0.858	0.778	0.759	0.829	0.848	0.839	0.85
1308	AT2G47760	A5SS	0.0	0.0	0.0	0.0	0.0	0.0	0.0	0.0	0.0	0.0	0.0	0.0	0.0	0.119
1310	AT5G32440	A5SS	0.012	0.009	0.0	0.003	0.0	0.0	0.0	0.016	0.032	0.0	0.011	0.0	0.0	0.0
1312	AT5G01260	A5SS	1.0	0.697	1.0	1.0	0.434	1.0	1.0	1.0	1.0	1.0	1.0	0.873	1.0	0.605
1313	AT1G15350	A5SS	0.0	0.01	0.018	0.014	0.014	0.0	0.003	0.017	0.0	0.007	0.021	0.009	0.006	0.0
1314	AT5G25440	A5SS	0.362	0.075	0.0	0.159	0.46	0.0	0.362	0.245	0.159	0.0	0.124	0.63	0.14	0.221
1315	AT5G25520	A5SS	1.0	1.0	1.0	1.0	1.0	1.0	0.941	1.0	1.0	1.0	1.0	1.0	1.0	1.0
1316	AT5G25755	A5SS	0.129	0.0	0.0	0.0	0.0	0.0	0.0	0.076	0.0	0.0	0.0	0.0	0.0	0.0
1317	AT5G25800	A5SS	0.0	0.0	0.0	0.0	0.0	0.0	0.134	0.209	0.0	0.0	0.236	0.0	0.0	0.27
1318	AT4G40050	A5SS	0.543	0.399	0.454	0.261	0.416	0.792	0.37	0.37	0.543	0.388	0.533	0.408	0.355	0.41
1320	AT5G26146	A5SS		1.0	1.0	1.0	1.0	1.0	1.0	0.667	1.0	1.0	1.0		1.0	1.0
1321	AT2G36330	A5SS	0.0	0.0	0.077	0.667	0.077	0.0	0.037	0.091	0.0	0.0	0.143	0.0	0.0	0.0
1322	AT3G19950	A5SS	0.086	0.067	0.04	0.043	0.0	0.0	0.132	0.062	0.053	0.0	0.043	0.0	0.097	0.067
1323	AT5G26749	A5SS	0.0	0.362	0.221	0.254	0.362	0.0	0.185	0.415	1.0	0.159	0.46	0.694	0.087	0.0
1325	AT3G56860	A5SS	0.789	0.957	1.0	0.87	1.0	1.0	0.832	0.764	0.627	0.817	0.829	1.0	0.703	0.76
1326	AT5G47690	A5SS	0.015	0.016	0.015	0.021	0.011	0.0	0.011	0.0	0.01	0.024	0.03	0.018	0.006	0.03
1328	AT5G58140	A5SS	0.0	0.0	0.0	0.352	0.0	0.0	0.174	0.0	0.0	0.0	0.174	0.06	0.056	0.487
1329	AT5G58140	A5SS	1.0	1.0	1.0	1.0	1.0	1.0	0.967	0.971	0.894	0.918	1.0	1.0	1.0	1.0
1330	AT5G27630	A5SS					0.0				0.0			0.0	0.617	
1331	AT5G27630	A5SS			1.0	1.0	0.0		1.0	1.0	0.0	1.0	1.0	0.357	0.795	
1334	AT4G33790	A5SS	0.0	0.0	0.143	0.0		0.0	0.0	0.0		0.0	0.0	0.0	0.0	0.0
1339	AT5G49500	A5SS		1.0	0.0				0.652	0.0			0.0	0.0		0.0
1340	AT5G35210	A5SS	1.0	1.0	0.98	0.985	1.0	1.0	1.0	0.958	0.737	0.923	1.0	0.975	0.98	1.0
1341	AT5G35330	A5SS	0.439	0.673	0.439	0.364	0.592	0.61	0.515	0.421	0.6	0.477	0.489	0.506	0.568	0.221
1342	AT2G02080	A5SS	0.15	0.017	0.1	0.099	0.0	0.0	0.092	0.033	0.0	0.028	0.073	0.098	0.118	0.089
1343	AT2G02080	A5SS	0.185	0.333	0.182	0.194	0.212	0.2	0.45	0.333	0.111	0.444	0.241	0.208	0.158	0.172
1344	AT2G02080	A5SS	0.341	0.341	0.147	0.228	0.0	0.341	0.121	0.205	0.0	0.0	0.393	0.134	0.0	0.205
1346	AT3G22190	A5SS	0.154	0.111	0.17	0.05	0.099	0.135	0.183	0.422	0.154	0.04	0.116	0.13	0.047	0.091
1347	AT1G76970	A5SS	0.0	0.0	0.231	0.04	0.0	0.0	0.13	0.0	0.143	0.0	0.111	0.0	0.048	0.0
1348	AT5G55910	A5SS	0.024	0.034	0.061	0.016	0.027	0.03	0.061	0.011	0.0	0.0	0.013	0.0	0.042	0.0
1349	AT5G37340	A5SS		1.0	1.0			1.0		1.0	0.0	0.0	1.0	1.0		
1350	AT5G37380	A5SS	0.108	0.0	0.094	0.154	0.0	0.0	0.249	0.117	0.0	0.195	0.062	0.0	0.238	0.0
1351	AT5G37380	A5SS	0.75	0.667	0.636	0.333	1.0	0.111	0.6	1.0	0.2	0.6	0.619	0.571	0.692	0.667
1352	AT5G37380	A5SS	1.0	0.0	0.127	0.195	0.0	0.0	0.686	0.267		0.0	1.0	0.0	1.0	0.0
1353	AT5G27840	A5SS	0.2	0.073	0.158	0.089	0.0	0.0	0.273	0.118	0.125	0.13	0.103	0.0	0.125	0.15
1355	AT3G50190	A5SS	1.0		0.0				1.0			0.0	1.0		1.0	0.0
1356	AT5G57870	A5SS	0.984	0.949	1.0	0.976	0.964	0.972	0.992	1.0	1.0	1.0	0.972	1.0	1.0	1.0
1357	AT5G38590	A5SS	0.636	1.0	0.833	0.583	0.6	1.0	0.684	0.7	1.0	1.0	0.333	0.75	1.0	0.778
1358	AT5G38600	A5SS	0.0	0.15	0.162	0.088	0.0	0.321	0.261	0.224	0.0	0.124	0.15	0.132	0.038	0.0
1359	AT2G42300	A5SS	0.0	0.0	0.0	0.0	0.0	0.0	0.0	0.0	0.0	0.0	0.0	0.034	0.0	0.0
1360	AT2G26510	A5SS	1.0	1.0	0.934	1.0	0.88	0.801	1.0	1.0	1.0	0.801	0.907	0.885	0.9	1.0
1361	AT1G13460	A5SS	0.273	0.312	0.389	0.065	0.222	0.6	0.517	0.231	0.353	0.143	0.353	0.143	0.136	0.412
1363	AT5G40500	A5SS	0.0		0.424	0.595	0.0		1.0	1.0	1.0	1.0			1.0	
1365	AT2G06025	A5SS	0.965	0.951	0.956	1.0	1.0	0.933	0.912	0.926	0.873	0.931	0.945	0.879	0.871	0.96
1366	AT5G40910	A5SS				1.0			1.0	1.0		1.0	1.0	1.0	1.0	0.333
1367	AT5G40910	A5SS	1.0	1.0	1.0	1.0	1.0	1.0	1.0	1.0		1.0	1.0	1.0	1.0	0.5
1371	AT4G26640	A5SS	0.143	0.5	0.12	0.03	0.0	0.333	0.07	0.087	0.043	0.091	0.026	0.018	0.143	0.0
1372	AT4G13040	A5SS	0.849	0.75	0.941	0.929	0.902	0.815	0.819	0.91	0.934	0.841	0.806	0.771	0.845	0.918
1376	AT5G44110	A5SS	0.0		0.0	0.0		0.0	0.2	0.0		0.0	0.143	0.0	1.0	0.0
1377	AT4G01600	A5SS	1.0	0.455	1.0	1.0	1.0	1.0	1.0	1.0	1.0	1.0	1.0	1.0	1.0	1.0
1378	AT5G10200	A5SS	0.0	0.25	0.333	0.143	0.25	0.0	0.143	0.0	0.0	0.0	0.0	0.111	0.04	0.0
1380	AT3G20080	A5SS	1.0	0.0	1.0	0.51	0.0	0.0		0.0	0.0	1.0	0.115		0.207	0.51
1381	AT5G42940	A5SS	0.858	1.0	0.904	0.893	0.694	1.0	0.684	0.85	0.726	1.0	0.872	1.0	0.878	1.0
1382	AT3G08710	A5SS	0.182	0.176	0.234	0.159	0.2	0.5	0.179	0.081	0.222	0.111	0.133	0.042	0.123	0.214
1384	AT1G56070	A5SS	0.01	0.011	0.003	0.01	0.0	0.0	0.021	0.016	0.022	0.0	0.01	0.006	0.0	0.007
1385	AT1G31170	A5SS	1.0	1.0	0.957	0.914	1.0	1.0	1.0	1.0	1.0	1.0	1.0	0.943	0.975	1.0
1387	AT5G43880	A5SS	0.0	0.182	0.161	0.103	0.2	0.0	0.176	0.037	0.158	0.286	0.2	0.048	0.154	0.172
1389	AT5G43930	A5SS	0.416	0.769	0.729	0.347	0.631	0.432	0.792	0.416	0.559	0.322	0.399	0.697	0.432	0.449
1390	AT5G43930	A5SS	0.184	0.194	0.153	0.261	0.214	0.138	0.508	0.179	0.333	0.325	0.194	0.193	0.171	0.2
1391	AT5G43990	A5SS	1.0	1.0	0.557	1.0	0.335		1.0	1.0	0.335	1.0	1.0	0.602	1.0	1.0
1392	AT5G43990	A5SS	1.0	1.0	0.27	1.0			0.625	0.526			1.0	0.217		0.526
1393	AT5G44250	A5SS	0.0	0.0	0.0	0.0	0.05	0.0	0.0	0.015	0.0	0.0	0.0	0.0	0.022	0.0
1394	AT5G44290	A5SS	0.075	0.365	0.26	0.172	0.309	0.35	0.186	0.192	0.139	0.252	0.191	0.172	0.195	0.212
1395	AT1G61040	A5SS	0.222	0.105	0.268	0.175	0.231	0.077	0.158	0.083	0.2	0.0	0.061	0.1	0.106	0.2
1396	AT1G61040	A5SS	0.222	0.105	0.268	0.154	0.167	0.077	0.158	0.083	0.2	0.0	0.042	0.077	0.073	0.2
1397	AT1G61040	A5SS		1.0		0.246	0.0	1.0	1.0	1.0		1.0	0.0	0.395	0.179	
1398	AT5G44578	A5SS	0.111	0.2	0.0	0.0	0.0	0.0	0.0	0.043	0.0	0.0	0.0	0.5	0.0	0.0
1399	AT5G44750	A5SS	1.0	0.0	1.0	1.0		0.0	1.0	0.519			0.463	1.0	1.0	
1401	AT5G44870	A5SS	0.75	0.733	0.556	0.667	1.0	1.0	0.875	1.0	0.778	1.0	1.0	1.0	0.765	1.0
1403	AT5G45140	A5SS	0.0	0.0	0.167	0.043	0.429		0.152	0.36	0.0		0.103	0.111	1.0	0.0
1404	AT3G49645	A5SS	1.0	1.0	1.0	1.0	1.0	1.0	0.862	1.0	1.0	1.0	0.95	0.84	1.0	0.8
1405	AT1G67700	A5SS	1.0	1.0	1.0	1.0	1.0	1.0	0.979	1.0	1.0	1.0	1.0	1.0	1.0	1.0
1406	AT1G67700	A5SS	0.447	0.48	0.425	0.412	0.515	0.513	0.391	0.515	0.469	0.44	0.525	0.484	0.381	0.611
1407	AT5G45500	A5SS	0.067	0.0	0.0	0.016	0.083	0.2	0.042	0.048	0.091	0.0	0.029	0.062	0.048	0.5
1409	AT2G27810	A5SS	0.0	0.0	0.048	0.0	0.0	0.0	0.0	0.0	0.0	0.0	0.053	0.0	0.0	0.0
1410	AT5G07790	A5SS	0.0		1.0	0.723	1.0		1.0	1.0			1.0	1.0		1.0
1411	AT5G07790	A5SS	0.556	1.0	1.0	0.692	1.0	1.0	1.0	1.0		1.0	1.0	1.0	1.0	1.0
1412	AT5G07790	A5SS	1.0	1.0	1.0	0.538	1.0	1.0	0.75	1.0		1.0	1.0	1.0	1.0	0.333
1414	AT1G26208	A5SS	0.538	0.81	0.641	0.687	0.793	0.429	0.556	0.524	0.615	0.818	0.463	0.615	0.75	0.76
1415	AT5G57410	A5SS	0.0	0.0	0.24	0.0	0.192	0.0	0.0	0.0	0.487	0.0	0.0	0.106	0.0	0.0
1416	AT5G26667	A5SS	0.022	0.07	0.02	0.012	0.0	0.0	0.0	0.042	0.0	0.027	0.0	0.031	0.026	0.077
1418	AT5G47430	A5SS	1.0	0.965	1.0	0.977	1.0	0.944	1.0	1.0	1.0	1.0	1.0	1.0	1.0	1.0
1420	AT5G47620	A5SS	0.041	0.0	0.0	0.0	0.098	0.0	0.0	0.0	0.0	0.0	0.0	0.038	0.02	0.07
1421	AT5G48220	A5SS	0.529	0.697	0.429	0.674	1.0	0.5	0.697	0.438	0.667	1.0	0.767	0.846	0.538	0.5
1422	AT1G49980	A5SS	0.261	0.321	0.0	0.124	1.0	0.347	0.386	0.526	0.0	0.414	0.261	0.124	0.081	0.0
1423	AT1G49980	A5SS	0.145	0.403	0.0	0.119	1.0	0.145	0.311	0.491	0.0	0.0	0.253	0.0	0.0	0.0
1424	AT1G49980	A5SS	0.0	1.0			0.0	0.0	0.0	0.0		0.0		0.0	0.0	
1425	AT5G48545	A5SS	0.931	1.0	0.884	1.0	0.913	1.0	1.0	0.971	1.0	1.0	1.0	1.0	1.0	0.9
1426	AT5G48610	A5SS	0.0	0.0	0.333	0.273	0.0	0.0	0.2	0.111	1.0	0.0	0.455	0.111	0.2	0.5
1427	AT2G26430	A5SS	0.027	0.01	0.011	0.035	0.032	0.023	0.008	0.006	0.016	0.012	0.041	0.0	0.006	0.049
1428	AT5G64460	A5SS	0.125	0.286	0.176	0.351	0.273	0.0	0.067	0.091	0.111	0.143	0.034	0.1	0.176	0.0
1429	AT5G64460	A5SS	0.0	0.0		0.333	1.0	0.0					0.0	1.0	0.0	
1431	AT1G19400	A5SS	0.084	0.047	0.029	0.054	0.174	0.051	0.103	0.062	0.068	0.018	0.11	0.028	0.089	0.103
1432	AT5G13480	A5SS	0.0	0.143	0.0	0.023	0.333	0.0	0.034	0.067	0.0	0.0	0.0	0.043	0.0	0.0
1433	AT4G03090	A5SS	0.0	0.0	0.143	0.143	0.0	0.0	0.111	0.429		0.0	0.6	0.2	0.0	0.0
1434	AT5G49970	A5SS	0.0	0.0	0.0	0.0	0.03	0.0	0.0	0.026	0.0	0.0	0.066	0.0	0.0	0.083
1435	AT5G49990	A5SS	0.165	0.0	0.073	0.116	0.0	0.0	0.149	0.038	0.208	0.116	0.0	0.0	0.208	0.126
1437	AT1G04430	A5SS	1.0	1.0	0.387	1.0	1.0		1.0	1.0	1.0	0.0	0.815	1.0	1.0	1.0
1438	AT1G05710	A5SS				1.0			1.0		1.0	1.0	1.0	1.0	0.436	
1439	AT1G05710	A5SS	0.0	1.0	0.5	0.0	0.2	1.0	0.2	0.333	0.0		0.172	0.0	0.0	
1440	AT2G46270	A5SS	0.821	0.691	0.659	0.667	0.676	0.676	0.763	0.709	0.693	0.819	0.811	0.745	0.694	0.665
1442	AT5G51100	A5SS	1.0	1.0	1.0	0.826	1.0		0.68	0.846	0.778	1.0	1.0	0.684	0.938	1.0
1444	AT3G49500	A5SS	0.434	0.203	0.315	0.203	1.0	0.0	0.203	0.38	0.605	0.0	1.0	0.161	0.605	1.0
1445	AT1G11360	A5SS	0.234	0.158	0.14	0.16	0.206	0.14	0.218	0.157	0.033	0.075	0.073	0.197	0.12	0.111
1446	AT1G11360	A5SS	1.0	0.62	0.0	0.449	0.62		1.0	0.29			0.55	0.62		0.0
1448	AT1G18030	A5SS	0.0	0.0	0.0	0.0	0.0	0.0	0.0	0.04	0.0	0.0	0.06	0.0	0.0	0.0
1451	AT3G45050	A5SS	0.0	0.573	0.118	0.309	0.077	0.0	0.401	0.0	0.0	0.401	0.223	0.077	0.251	0.0
1452	AT5G52040	A5SS	0.127	0.089	0.116	0.144	0.121	0.061	0.151	0.108	0.179	0.136	0.102	0.098	0.18	0.176
1455	AT3G15352	A5SS	1.0	1.0	1.0	0.667	1.0	1.0	1.0	1.0			1.0	1.0	1.0	
1456	AT5G52530	A5SS	0.077	0.312	0.176	0.168	0.111	0.13	0.178	0.167	0.158	0.13	0.149	0.134	0.14	0.046
1457	AT5G52547	A5SS			1.0		0.0		0.0			1.0			0.0	
1458	AT5G61960	A5SS	0.5	1.0	0.667	0.5	1.0	1.0	0.667	0.75	0.75	1.0	0.647	0.692	0.556	0.667
1459	AT5G61960	A5SS	0.429	1.0	1.0	0.875	1.0	1.0	0.625	0.789	0.4	1.0	0.714	0.455	0.636	0.429
1461	AT5G61960	A5SS	0.405	1.0	1.0	0.827	1.0	1.0	0.672	0.816	0.476	1.0	0.614	0.476	0.577	0.254
1462	AT5G52790	A5SS	1.0	1.0	1.0	1.0			1.0	1.0		0.0	1.0	1.0		1.0
1463	AT5G53020	A5SS	1.0				1.0	1.0	1.0	0.0				1.0	1.0	1.0
1464	AT5G53050	A5SS	0.0	0.0	0.0	0.0	0.184	0.0	0.098	0.032	0.0	0.0	0.0	0.0	0.0	0.0
1465	AT5G53120	A5SS	0.043	0.077	0.07	0.026	0.0	0.043	0.045	0.073	0.098	0.176	0.038	0.014	0.03	0.1
1466	AT5G53850	A5SS	0.333	0.517	0.556	0.417	0.583	0.524	0.581	0.518	0.333	0.571	0.522	0.5	0.527	0.448
1467	AT5G53850	A5SS	0.5	0.52	0.486	0.403	0.469	0.6	0.717	0.58	0.647	0.667	0.692	0.673	0.493	0.395
1468	AT3G16800	A5SS	0.954	0.925	0.935	0.962	0.901	1.0	0.964	0.871	1.0	0.954	0.966	0.978	0.962	0.958
1469	AT5G49460	A5SS	0.024	0.022	0.016	0.023	0.0	0.0	0.014	0.0	0.016	0.0	0.008	0.027	0.005	0.016
1470	AT5G54130	A5SS	1.0	1.0	0.764	1.0	1.0	1.0	1.0	1.0	1.0	1.0	1.0	1.0	1.0	1.0
1471	AT1G79190	A5SS	0.287	0.287	0.168	0.139	0.0	0.547	0.326	0.139		0.446	0.377	0.287	0.617	0.0
1472	AT5G41690	A5SS				0.0	1.0	0.0	1.0	1.0	1.0	0.0	0.333	1.0	0.143	0.0
1473	AT5G53860	A5SS	0.028	0.0	0.0	0.0	0.0	0.0	0.028	0.0	0.042	0.0	0.023	0.02	0.012	0.0
1475	AT5G54670	A5SS	1.0		1.0	1.0	1.0	1.0	1.0	1.0	1.0	1.0	1.0	0.5	0.857	0.714
1476	AT5G54750	A5SS	0.062	0.0	0.021	0.023	0.0	0.086	0.023	0.095	0.0	0.0	0.0	0.099	0.046	0.0
1477	AT5G54920	A5SS	0.0	0.0	0.455	0.229	1.0	0.0	0.0	0.085		0.0	0.077	0.0	0.25	0.217
1479	AT5G55520	A5SS		0.0	0.0	0.198	0.0		0.0	0.147	0.0	0.0	0.0	0.0	0.0	0.0
1481	AT1G79830	A5SS	0.0	0.014	0.056	0.067	0.0	0.044	0.063	0.03	0.0	0.028	0.045	0.068	0.051	0.061
1482	AT2G40316	A5SS	0.449	0.29	0.161	0.259	0.197	0.29	0.256	0.359	0.0	0.246	0.29	0.158	0.325	0.14
1483	AT5G56240	A5SS	0.074	0.015	0.019	0.0	0.0	0.2	0.034	0.054	0.0	0.0	0.0	0.018	0.0	0.0
1484	AT5G57060	A5SS	0.0	0.032	0.0	0.061	0.0	0.0	0.043	0.094	0.048	0.111	0.02	0.049	0.067	0.0
1485	AT5G57060	A5SS	0.076	0.099	0.039	0.095	0.0	0.248	0.105	0.146	0.0	0.099	0.094	0.204	0.0	0.0
1486	AT5G65740	A5SS	1.0	1.0	0.5	1.0	1.0	1.0	0.6	1.0	1.0		0.867	0.684	0.733	1.0
1487	AT3G21430	A5SS	0.0	0.0	0.0	0.0	0.0	0.126	0.076	0.043	0.0	0.0	0.0	0.079	0.051	0.147
1488	AT5G57565	A5SS	0.883	0.938	0.618	0.768	1.0	0.698	0.964	0.822	0.863	1.0	0.778	0.577	0.898	1.0
1489	AT4G12560	A5SS	0.152	0.195	0.245	0.202	0.13	0.071	0.258	0.159	0.169	0.118	0.158	0.204	0.149	0.194
1492	AT2G39440	A5SS	0.0	0.0	0.091	0.158	0.125	0.0	0.1	0.143	0.0	0.0	0.0	0.0	0.111	1.0
1493	AT5G59050	A5SS	0.0	0.0		0.143	0.0	0.0		0.0	0.0		0.0	0.043	0.0	0.0
1495	AT1G02960	A5SS	1.0	1.0	1.0	0.926	1.0	0.818	1.0	1.0	1.0	1.0	1.0	0.895	1.0	1.0
1496	AT2G35840	A5SS	0.145	0.0	0.405	0.049	0.169	0.0	0.29	0.041	0.105	0.0	0.078	0.06	0.203	0.203
1497	AT2G35840	A5SS	1.0	1.0	1.0	1.0	1.0	0.714	1.0	1.0	1.0	1.0	1.0	0.793	0.964	1.0
1498	AT5G59610	A5SS	1.0	1.0	1.0	1.0		1.0	0.655	1.0				1.0	0.851	1.0
1499	AT5G59710	A5SS	1.0	1.0	1.0	0.946	1.0	1.0	0.917	1.0	1.0	1.0	1.0	0.882	0.833	1.0
1500	AT5G59790	A5SS	0.0	0.143	0.048	0.0	0.0	0.111	0.0	0.143	0.2	0.0	0.059	0.0	0.0	0.0
1504	AT3G22980	A5SS	0.0	0.0	0.059	0.059	0.0		0.0	0.081		0.0	0.0	0.2	0.12	0.0
1505	AT5G60022	A5SS	1.0	1.0	1.0	1.0	0.6	1.0	0.692	1.0	1.0	1.0	1.0	1.0	1.0	
1507	AT2G22920	A5SS	0.0	0.0	0.0	0.181	0.0	0.0	0.0	0.0	0.0	0.0	0.0	0.0	0.162	0.0
1508	AT5G61060	A5SS	0.0	0.0	0.043	0.0	0.0	0.0	0.0	0.0	0.0	0.0	0.0	0.0	0.0	0.0
1510	AT5G61190	A5SS	1.0	1.0	1.0	0.61	1.0		1.0	1.0	1.0	1.0	1.0		1.0	1.0
1511	AT5G61190	A5SS	1.0	1.0	1.0	0.852	1.0	1.0	1.0	1.0	1.0	1.0	1.0	1.0	1.0	1.0
1512	AT5G61190	A5SS	1.0	1.0	0.8	1.0	1.0	1.0	0.9	1.0	1.0	1.0	1.0	1.0	1.0	1.0
1513	AT5G61530	A5SS	0.954	0.874	0.926	0.967	0.901	0.911	0.93	0.92	0.96	0.905	0.945	0.936	1.0	0.963
1515	AT5G35360	A5SS	0.0	0.0	0.0	0.0	0.016	0.0	0.0	0.0	0.0	0.0	0.0	0.0	0.004	0.0
1516	AT5G62090	A5SS	0.333	1.0	0.538	0.9	0.556	1.0	0.684	0.429	0.6	1.0	0.739	0.667	0.294	0.6
1517	AT5G62165	A5SS	1.0	1.0	0.667	1.0	1.0	1.0	1.0	0.667		1.0	0.75	0.333	1.0	1.0
1518	AT5G62260	A5SS		0.0	1.0	0.294	1.0	0.0	1.0	1.0		1.0	0.0	0.714	0.0	0.0
1519	AT5G62480	A5SS	1.0	1.0	1.0	1.0		1.0	0.947	1.0	1.0	1.0	1.0	1.0	1.0	1.0
1520	AT5G62570	A5SS	0.286	0.31	0.333	0.437	0.412	0.333	0.387	0.355	0.333	0.368	0.333	0.314	0.294	0.172
1523	AT5G62950	A5SS	0.231	0.222	0.135	0.255	0.182	0.286	0.333	0.217	0.059	0.273	0.163	0.174	0.143	0.294
1526	AT2G40540	A5SS	1.0	1.0	1.0	1.0	0.714	1.0	1.0	1.0	0.077	1.0	1.0	1.0	0.556	1.0
1527	AT4G31490	A5SS	0.054	0.019	0.024	0.048	0.04	0.048	0.109	0.041	0.04	0.091	0.053	0.068	0.044	0.041
1530	AT4G31650	A5SS	1.0	1.0	1.0	0.979	1.0	0.692	1.0	1.0	1.0	1.0	1.0	1.0	1.0	1.0
1531	AT1G17720	A5SS	0.097	0.459	0.44	0.288	0.325	0.375	0.334	0.285	0.256	0.355	0.437	0.333	0.265	0.435
1533	AT5G65050	A5SS	1.0	1.0	0.964	0.925	1.0	0.789	0.967	1.0	1.0	1.0	0.947	0.947	0.905	0.971
1534	AT1G16610	A5SS	0.022	0.125	0.0	0.096	0.048	0.043	0.085	0.079	0.0	0.042	0.045	0.043	0.053	0.059
1535	AT1G16610	A5SS	0.0	0.029	0.0	0.029	0.0	0.072	0.0	0.0	0.072	0.0	0.0	0.209	0.031	0.0
1536	AT5G65440	A5SS		0.219	0.737	0.566	1.0	0.691	1.0	0.528		0.359	0.282	0.691	1.0	0.627
1537	AT2G35550	A5SS	0.551	1.0		0.0	0.0		1.0		0.381	1.0	0.381		0.551	
1538	AT2G35550	A5SS	0.333	1.0		0.0	0.0		1.0	1.0	0.556	1.0	0.143		0.6	
1539	AT2G35550	A5SS	0.0						0.265	1.0	1.0		0.0		0.783	
1540	AT5G65890	A5SS	0.333		0.0	0.0			0.143	0.0			0.0		0.143	0.0
1545	AT4G34310	A5SS	0.0	0.593	0.127	0.195	0.0	0.267	0.214	0.195	0.686	0.421	0.195	0.108	0.267	0.0
1546	AT1G07890	A5SS	1.0	1.0	1.0	1.0	1.0	1.0	1.0	1.0	1.0	1.0	0.952	1.0	1.0	1.0
1547	AT1G01020	A5SS	0.775	0.929	0.605	0.833	0.605	0.843	0.909	0.754	0.605	1.0	0.775	0.605	0.605	0.86
1550	AT1G67300	A5SS	1.0	1.0	1.0	1.0	1.0	1.0	0.942	1.0	1.0	1.0	0.836	1.0	1.0	1.0
1551	AT1G67300	A5SS							0.0						1.0	
1553	AT1G21760	A5SS	0.0	0.0	0.0	0.0	0.0	0.0	0.015	0.021	0.0	0.071	0.0	0.0	0.037	0.0
1554	AT5G61820	A5SS	0.068	0.028	0.028	0.028	0.081	0.03	0.057	0.044	0.042	0.044	0.035	0.064	0.035	0.021
1555	AT2G26210	A5SS	0.03	0.011	0.0	0.021	0.013	0.0	0.023	0.009	0.0	0.036	0.051	0.014	0.013	0.029
1557	AT3G02090	A5SS	0.0	0.0	0.0	0.0	0.0	0.0	0.0	0.0	0.01	0.0	0.0	0.0	0.0	0.0
1558	AT3G46220	A5SS	0.202	0.0	0.0	0.094	0.0	0.0	0.098	0.0	0.0	0.098	0.0	0.132	0.0	0.233
1559	AT3G02290	A5SS	0.067	0.077	0.25	0.014	0.077	0.0	0.064	0.161	0.023	0.091	0.037	0.045	0.15	0.111
1560	AT1G07570	A5SS	0.0	0.0	0.038	0.03	0.0	0.037	0.055	0.0	0.04	0.022	0.049	0.036	0.012	0.083
1561	AT2G46610	A5SS	0.333	0.455	0.5	0.405	1.0	0.429	0.2	0.417	0.636	0.692	0.733	0.9	0.091	0.8
1562	AT3G04020	A5SS	0.0	0.395	0.0	0.395	0.0		0.0	0.0	1.0	0.0	0.115	0.0	0.246	0.0
1563	AT3G03100	A5SS				0.0			1.0			1.0			1.0	
1564	AT3G03180	A5SS	1.0	1.0	0.778	0.787	1.0	0.75	0.917	0.762	0.81	0.8	0.838	0.75	1.0	1.0
1566	AT1G63150	A5SS	0.452	1.0		1.0	0.0			0.832	0.452	1.0	1.0	0.622	1.0	
1567	AT3G03900	A5SS	0.0	0.0	0.125	0.0	0.0		0.0	0.053	0.0	0.333	0.059		0.0	0.0
1568	AT4G01100	A5SS	0.022	0.008	0.0	0.031	0.065	0.0	0.064	0.042	0.013	0.0	0.027	0.011	0.034	0.0
1569	AT3G49430	A5SS	0.364	0.2	0.241	0.24	0.067	0.667	0.137	0.175	0.167	0.273	0.191	0.273	0.244	0.286
1570	AT3G49430	A5SS	0.319	0.494	0.682	0.385	0.758	0.701	0.887	0.661	0.0	0.661	0.682	0.701	0.309	0.566
1572	AT3G04910	A5SS	0.98	0.978	0.988	0.974	0.99	0.898	0.989	0.982	0.974	0.963	0.982	0.988	0.98	0.974
1573	AT3G05160	A5SS	0.333	0.143	0.133	0.024	0.231	0.25	0.333	0.13	0.0	0.0	0.2	0.185	0.28	0.143
1574	AT3G05380	A5SS	0.46	1.0	0.672	0.544	0.506	0.214	0.672	0.237	0.732	0.577	0.652	0.845	0.46	1.0
1575	AT3G05680	A5SS	0.231	0.13	0.13	0.226	0.36	0.25	0.227	0.192	0.167	0.25	0.278	0.357	0.195	0.412
1576	AT3G07565	A5SS	0.0	0.121	0.109	0.0	0.0	0.0	0.047	0.063	0.0	0.174	0.167	0.167	0.0	0.058
1578	AT5G08750	A5SS	0.0	0.0	0.333	0.0	0.0		0.294	0.067		0.333	0.111	0.0	0.143	0.091
1579	AT3G19670	A5SS	1.0	0.455	0.308	0.308	0.182	1.0	0.571	0.667	0.385	0.5	0.625	0.7	0.75	0.667
1582	AT2G27450	A5SS	1.0	1.0	0.949	1.0	1.0	1.0	1.0	1.0	1.0	1.0	1.0	1.0	1.0	1.0
1583	AT3G06400	A5SS	0.021	0.0	0.0	0.0	0.0	0.0	0.012	0.065	0.0	0.0	0.0	0.0	0.027	0.0
1584	AT3G60820	A5SS	0.0	0.01	0.0	0.0	0.0	0.0	0.005	0.0	0.0	0.0	0.0	0.0	0.0	0.0
1585	AT1G78910	A5SS	1.0	0.46	0.599	0.587	1.0	1.0	0.681	0.146	1.0	0.221	0.516	0.0	0.39	
1586	AT3G66654	A5SS	0.048	0.0	0.023	0.052	0.05	0.043	0.165	0.09	0.037	0.154	0.056	0.111	0.102	0.051
1587	AT3G07310	A5SS	0.156	0.156	0.024	0.075	0.0	0.032	0.041	0.03	0.0	0.029	0.031	0.048	0.051	0.022
1588	AT3G07360	A5SS	0.25	1.0	0.429	0.273	0.429	1.0	0.4	0.167	0.0	0.429	0.355	0.2	0.333	0.2
1589	AT4G28790	A5SS			1.0	0.751				0.0			0.401	1.0	0.0	1.0
1590	AT5G13800	A5SS	0.031	0.054	0.028	0.045	0.101	0.354	0.123	0.063	0.039	0.06	0.112	0.063	0.031	0.0
1591	AT3G13560	A5SS	0.0	1.0	0.833	0.66	0.676	0.0	0.342	0.87		0.556	0.333	0.455	0.593	0.714
1593	AT5G56250	A5SS	0.429	0.333	0.429	0.391	0.167	0.429	1.0	1.0	0.667	0.333	1.0	1.0	1.0	
1594	AT3G08840	A5SS	1.0	1.0	1.0	1.0	1.0	1.0	0.75	0.895	1.0	1.0	0.905	1.0	1.0	1.0
1595	AT3G11890	A5SS		1.0	0.0	0.0	0.0	1.0	0.249	0.399			0.624	1.0	1.0	
1596	AT1G23950	A5SS	0.0	0.0	0.0	0.037	0.0	0.0	0.021	0.025	0.0	0.0	0.026	0.0	0.0	0.09
1597	AT1G23950	A5SS	0.625	0.556	1.0	0.693	1.0	0.806	0.769	0.639	0.854	0.581	0.625	0.66	0.806	1.0
1600	AT3G09800	A5SS	0.067	0.364	0.111	0.231	0.083	0.0	0.391	0.1	0.0	0.158	0.235	0.04	0.391	0.0
1601	AT5G18500	A5SS		0.2	1.0	1.0	1.0	0.0	1.0				1.0	1.0	1.0	1.0
1602	AT5G18500	A5SS	1.0	0.429	1.0	1.0	1.0	0.556	1.0	1.0	1.0	1.0	1.0	1.0	1.0	1.0
1603	AT5G18500	A5SS	1.0	0.75	1.0	0.6	0.636	1.0	1.0	1.0	1.0	1.0	1.0	1.0	0.882	1.0
1604	AT1G45248	A5SS	0.088	0.06	0.103	0.064	0.088	0.0	0.076	0.071	0.366	0.366	0.023	0.161	0.178	0.126
1605	AT3G10970	A5SS	1.0	1.0	1.0	1.0	0.969	1.0	1.0	1.0	0.973	1.0	0.989	1.0	1.0	1.0
1606	AT2G26590	A5SS	0.544	0.347	0.465	0.243	0.285	0.254	0.201	0.17	0.645	0.204	0.405	0.614	0.463	0.705
1607	AT3G11470	A5SS			1.0	0.319	0.0	1.0		0.0		0.319	1.0	0.0		1.0
1608	AT3G11470	A5SS			0.319	0.0	0.0		0.0	0.0	0.0	0.0	0.652	0.0	0.0	0.0
1610	AT4G14160	A5SS	0.02	0.02	0.017	0.0	0.0	0.039	0.033	0.01	0.0	0.0	0.0	0.076	0.011	0.0
1611	AT3G11880	A5SS	1.0	1.0	1.0	1.0	0.833	1.0	0.959	1.0	1.0	1.0	1.0	0.8	1.0	1.0
1613	AT1G30270	A5SS	0.077	0.067	0.111	0.071	0.063	0.062	0.088	0.134	0.054	0.1	0.086	0.074	0.052	0.212
1614	AT3G12250	A5SS	0.143	0.0	0.067	0.053	0.032	0.0	0.106	0.0	0.0	0.158	0.091	0.091	0.143	0.091
1615	AT1G30640	A5SS	0.143	0.0	0.0	0.061	0.0	0.0	0.0	0.091	0.0	0.0	0.067	0.0	0.143	0.0
1616	AT3G12550	A5SS	1.0		1.0	1.0	1.0	0.0	0.896	1.0	1.0	1.0	0.658	1.0	1.0	1.0
1620	AT3G02260	A5SS	0.0	0.0	0.0	0.0	0.0	0.0	0.012	0.025	0.0	0.0	0.0	0.0	0.015	0.0
1621	AT3G13062	A5SS	0.0	0.01	0.049	0.035	0.024	0.0	0.047	0.021	0.029	0.035	0.008	0.0	0.025	0.03
1623	AT3G13460	A5SS	0.0	0.0	0.0	0.003	0.0	0.0	0.0	0.0	0.0	0.0	0.0	0.0	0.0	0.0
1624	AT3G13700	A5SS	0.0	0.0	0.0	0.205	0.0	0.0	0.0	0.0	0.0	0.088	0.0	0.0	0.068	0.0
1628	AT3G14010	A5SS	0.745	0.884	0.887	0.824	0.774	0.735	0.805	0.761	0.881	0.841	0.836	0.764	0.875	0.698
1629	AT3G14230	A5SS	0.079	0.0	0.054	0.095	0.463	0.0	0.158	0.106	0.19	0.0	0.026	0.062	0.035	0.0
1632	AT4G25600	A5SS		0.789	0.0	0.36		0.0	0.319	0.0	0.238	0.0	0.105	0.0	0.0	
1634	AT5G40380	A5SS	0.0	0.189	0.189	0.034	0.0	0.0	0.081	0.2	0.0	0.0	0.149	0.0	0.226	0.26
1636	AT3G15430	A5SS	0.258	0.342	0.188	0.057	0.094	0.0	0.342	0.197	0.0	0.061	0.163	0.188	0.271	0.0
1637	AT3G54000	A5SS	1.0	1.0	1.0	1.0	1.0	1.0	0.846	0.875	1.0	1.0	1.0	1.0	1.0	1.0
1638	AT3G16570	A5SS	0.981	0.967	1.0	0.948	0.929	1.0	0.981	0.962	0.988	0.987	0.95	0.986	0.973	0.989
1639	AT1G11170	A5SS				0.0			0.0	0.0		0.0	0.187	0.0	0.0	0.408
1640	AT2G30480	A5SS	1.0	0.322	0.487	0.24	0.0	0.0	0.16	0.0	1.0	0.0	0.0	1.0	0.095	0.655
1641	AT3G17070	A5SS	0.333	0.0	0.143	0.0	0.0	0.231	0.0	0.158	0.091	0.0	0.0	0.0	0.0	0.077
1642	AT3G17360	A5SS			1.0	0.0	1.0		1.0	0.0	1.0	1.0		0.431		
1644	AT3G17860	A5SS	0.086	0.143	0.0	0.061	0.0	0.0	0.032	0.0	0.037	0.0	0.011	0.073	0.127	0.037
1645	AT3G18035	A5SS	0.032	0.063	0.029	0.029	0.011	0.017	0.033	0.069	0.023	0.018	0.043	0.052	0.037	0.044
1646	AT1G07745	A5SS	0.223	0.463	0.393	0.707	1.0	0.633	0.385	0.43	0.0	0.775	0.751	0.564	0.463	0.463
1647	AT5G48690	A5SS			0.0	1.0	0.0			1.0		0.487			0.0	
1648	AT1G32370	A5SS	0.0	0.0	0.0	0.328	0.0	0.0	0.358	0.0	0.0	0.0	0.14	0.394	0.493	0.0
1651	AT3G19190	A5SS	0.063	0.07	0.118	0.091	0.0	0.567	0.118	0.055	0.0	0.0	0.139	0.0	0.123	0.0
1652	AT3G19720	A5SS	0.0	0.0	0.0	0.0	0.2	0.091	0.048	0.0	0.167	0.0	0.0	0.059	0.0	0.0
1654	AT1G20920	A5SS	1.0	1.0	0.951	0.93	1.0	1.0	0.794	0.952	1.0	0.733	1.0	0.796	0.958	0.778
1656	AT4G13020	A5SS			1.0	1.0	1.0		1.0	1.0		1.0	1.0	1.0	0.0	1.0
1657	AT4G13020	A5SS			1.0	1.0	0.352		1.0	1.0		1.0	1.0	1.0	1.0	1.0
1658	AT3G20250	A5SS	0.973	1.0	1.0	1.0	1.0	1.0	1.0	1.0	1.0	1.0	1.0	1.0	1.0	1.0
1659	AT3G20330	A5SS	1.0		1.0				1.0				0.0	0.0		0.0
1661	AT3G20480	A5SS	1.0	0.0	0.0	0.0		0.0		0.0		0.436	0.0	1.0	0.607	1.0
1662	AT3G02600	A5SS	0.333	0.222	0.062	0.021	0.294	0.111	0.216	0.127	0.0	0.091	0.085	0.143	0.057	0.167
1663	AT3G02600	A5SS	1.0	1.0	0.714	0.931	0.8	1.0	0.793	0.913	1.0	1.0	0.8	0.714	1.0	0.333
1667	AT3G21250	A5SS	0.806	0.926	0.851	0.949	0.829	0.735	0.978	1.0	1.0	1.0	1.0	0.89	0.924	1.0
1668	AT3G21250	A5SS	0.333	1.0	0.6	0.556	1.0	1.0	0.846	0.385	0.5	1.0	0.548	0.379	0.462	0.765
1670	AT3G26700	A5SS	0.091	0.0	0.5	0.353	0.231		0.143	0.1	0.143	0.286	0.226	0.25	0.037	0.333
1671	AT5G58410	A5SS	0.0	0.0	0.0	0.0	0.0	0.248	0.0	0.037	0.0	0.0	0.0	0.18	0.0	0.0
1672	AT3G45750	A5SS		0.5	0.0	0.0		0.0		0.091	0.0	0.333	0.0	0.067	0.0	
1673	AT3G45750	A5SS			1.0	0.429	1.0		1.0	1.0		1.0	1.0	0.333	1.0	1.0
1676	AT3G23090	A5SS	0.508	0.354	0.126	0.249	0.0	0.0	0.161	0.132	0.812	0.126	0.208	0.161	0.177	0.463
1677	AT4G01510	A5SS	0.723	0.777	1.0	1.0	0.777		1.0	0.723	1.0	1.0	1.0	1.0	1.0	0.538
1678	AT1G30000	A5SS	0.0	0.0	0.021	0.016	0.0	0.0	0.016	0.0	0.111	0.0	0.009	0.07	0.016	0.0
1680	AT3G44740	A5SS	1.0	0.0	0.333	1.0	1.0		0.579	0.75	0.0	1.0	0.636	0.818	1.0	0.0
1682	AT1G52100	A5SS	0.0	0.0	0.0	0.0	0.286	0.0	0.091	0.25	0.091	0.0	0.333	0.091	0.1	0.0
1684	AT2G21590	A5SS	1.0			1.0	1.0		0.667	0.111	1.0			1.0		
1685	AT5G03455	A5SS	0.0	0.005	0.004	0.014	0.014	0.0	0.0	0.01	0.005	0.009	0.0	0.003	0.0	0.031
1686	AT3G24890	A5SS	0.0	0.0	0.0	0.0		0.0	0.0	0.083	1.0	0.0	0.0	0.0	0.0	0.0
1687	AT3G24929	A5SS	1.0	0.5	0.92	0.92	1.0	1.0	1.0	1.0	1.0	1.0	0.75	1.0	0.84	1.0
1688	AT3G25585	A5SS							0.24		1.0					
1689	AT3G25585	A5SS	1.0	1.0	1.0	1.0	1.0	1.0	0.949	1.0	1.0	1.0	1.0	1.0	1.0	1.0
1694	AT3G26020	A5SS	0.556	1.0	1.0	0.814	1.0	1.0	1.0	1.0	1.0	1.0	1.0	0.778	1.0	1.0
1695	AT5G13950	A5SS	0.0	0.148	0.0	0.05	0.038	0.0	0.054	0.04	0.0	0.0	0.111	0.038	0.034	0.082
1697	AT3G26720	A5SS	0.0	0.08	0.018	0.044	0.02	0.0	0.049	0.043	0.0	0.0	0.037	0.011	0.067	0.0
1698	AT3G55850	A5SS	0.75	1.0	0.667	0.636	1.0	1.0	0.826	0.778	0.6	1.0	0.818	0.625	1.0	0.333
1699	AT3G26820	A5SS				0.0			1.0			0.0	0.0			
1700	AT5G45410	A5SS	1.0	1.0	1.0	0.671		1.0	1.0	1.0	0.0	1.0	1.0			
1701	AT5G45410	A5SS	0.0	0.016	0.013	0.02	0.025	0.0	0.045	0.032	0.0	0.0	0.012	0.023	0.008	0.0
1702	AT5G45410	A5SS	0.0	0.016	0.013	0.029	0.025	0.0	0.045	0.032	0.04	0.0	0.012	0.023	0.008	0.0
1704	AT3G27470	A5SS	0.077	0.077	0.368	0.167	0.143	0.333	0.25	0.538	0.143	0.0	0.143	0.0	0.222	0.0
1705	AT3G28080	A5SS	1.0		0.143	0.4	1.0		0.714	1.0	0.333	0.333	1.0	0.6	0.455	1.0
1706	AT3G29010	A5SS	0.333	1.0	0.5	1.0	0.714	1.0	1.0	1.0	0.143	1.0	1.0	1.0	1.0	1.0
1708	AT3G20070	A5SS	0.267	0.267	1.0	0.476	0.421		1.0	0.593	0.686	0.421	0.814	0.686	0.814	1.0
1709	AT3G29644	A5SS	0.333	0.429	0.25	0.4	0.0	0.5	0.333	0.429	0.5	0.429	0.6	0.714	0.385	0.714
1710	AT3G30350	A5SS			1.0							0.373				1.0
1711	AT3G30390	A5SS	0.268	0.268	0.25	0.124	0.235	0.364	0.224	0.246	0.238	0.244	0.301	0.234	0.226	0.283
1713	AT2G31370	A5SS	0.149	0.111	0.0	0.032	0.0	0.0	0.44	0.0	0.466	0.333	0.249	0.098	0.189	0.304
1714	AT5G43320	A5SS	0.05	0.16	0.057	0.138	0.026	0.037	0.069	0.104	0.078	0.045	0.083	0.072	0.115	0.116
1715	AT3G43210	A5SS	0.0		0.5	0.333	1.0		0.158	0.286	0.0	1.0	0.111	0.0		
1716	AT1G20060	A5SS				1.0			1.0	1.0			0.658	1.0	1.0	
1718	AT3G26085	A5SS	0.603	0.559	0.458	0.851	0.533	0.416	0.631	0.587	0.322	0.704	0.322	0.322	0.578	0.487
1719	AT3G43790	A5SS	0.0	0.0	0.0	0.0			0.0	0.0	0.0	0.0	0.0	0.0	0.063	0.0
1720	AT1G01140	A5SS	0.0	0.051	0.0	0.0	0.0	0.0	0.048	0.0	0.0	0.0	0.0	0.0	0.0	0.0
1721	AT1G01140	A5SS	0.0	0.064	0.023	0.0	0.039	0.085	0.014	0.016	0.0	0.058	0.0	0.0	0.013	0.055
1723	AT5G09230	A5SS	1.0	0.304	0.0	0.723	0.149	0.723	0.55	0.49	0.723	0.304	0.466	0.353	0.567	0.179
1724	AT5G19130	A5SS		0.0	0.487	0.0	0.0		0.0	0.0	0.0	0.24	0.0	0.587	1.0	1.0
1725	AT5G19130	A5SS	0.24	0.792	0.704	0.74	1.0	1.0	0.192	0.704	0.487	0.792	0.74	1.0	0.322	1.0
1726	AT5G55700	A5SS	0.14	0.0	0.074	0.054	0.103	0.162	0.179	0.04	0.044	0.147	0.137	0.059	0.083	0.106
1727	AT3G46210	A5SS	0.2	1.0	0.6	1.0			1.0	0.0	1.0		0.714	0.333	0.333	1.0
1728	AT3G46210	A5SS	1.0	1.0	1.0	0.692	1.0	1.0	1.0	1.0	1.0	1.0	1.0	1.0	1.0	1.0
1729	AT3G46210	A5SS	1.0	1.0	1.0	0.699	1.0	1.0	1.0	1.0	1.0	1.0	1.0	1.0	1.0	1.0
1733	AT3G07010	A5SS	0.017	0.054	0.024	0.026	0.047	0.0	0.026	0.021	0.046	0.0	0.041	0.024	0.005	0.045
1734	AT3G14080	A5SS	1.0	1.0	1.0	1.0	1.0	0.844	1.0	1.0	1.0	1.0	1.0	1.0	1.0	0.878
1735	AT4G21105	A5SS	0.0	0.0	0.017	0.011	0.0	0.013	0.006	0.009	0.02	0.009	0.005	0.004	0.005	0.009
1736	AT1G80970	A5SS		1.0	0.333	1.0		0.0	0.0			0.0	1.0		1.0	
1738	AT3G21175	A5SS	0.188	0.236	0.351	0.16	0.391	0.481	0.263	0.244	0.481	0.156	0.217	0.265	0.426	0.27
1739	AT3G49010	A5SS	1.0	1.0	1.0	0.998	1.0	1.0	0.997	1.0	1.0	0.993	1.0	1.0	1.0	1.0
1740	AT3G49010	A5SS	0.014	0.015	0.014	0.006	0.026	0.012	0.029	0.015	0.007	0.022	0.029	0.01	0.018	0.01
1743	AT4G39710	A5SS	1.0	1.0	1.0	1.0	1.0	0.655	1.0	1.0	1.0		1.0	1.0	0.826	1.0
1	AT4G39850	A3SS	0.0	0.0	0.0	0.0	0.0	0.0	0.0	0.0	0.0	0.0	0.042	0.0	0.0	0.0
2	AT4G39460	A3SS	0.0	0.0	0.0	0.048	0.0	0.24	0.0	0.043	0.0	0.0	0.0	0.0	0.0	0.0
3	AT4G39420	A3SS	1.0	1.0	1.0	0.96	1.0	1.0	1.0	1.0	1.0	1.0	1.0	1.0	1.0	1.0
4	AT4G39140	A3SS	1.0	1.0	1.0	1.0	1.0	1.0	1.0	1.0	1.0	1.0	0.966	1.0	1.0	1.0
5	AT4G39140	A3SS	1.0	1.0	1.0	1.0	1.0	1.0	1.0	1.0	1.0	1.0	0.966	1.0	1.0	1.0
6	AT4G39140	A3SS	1.0	1.0	1.0	1.0	0.0		1.0	1.0		1.0	0.851		1.0	1.0
7	AT4G39140	A3SS	1.0	1.0	0.91	0.952	0.933	1.0	0.949	0.839	1.0	1.0	0.978	0.844	0.879	0.966
8	AT4G39100	A3SS	0.55	0.556	0.747	0.65	0.627	0.648	0.683	0.67	0.667	0.612	0.722	0.803	0.743	0.717
10	AT4G38220	A3SS	0.053	0.106	0.0	0.108	0.0	0.0	0.064	0.029	0.0	0.0	0.0	0.0	0.0	0.09
11	AT4G38200	A3SS	0.469	0.306	0.201	0.227	0.227	0.398	0.469	0.469	0.37	0.181	0.452	0.306	0.201	0.638
12	AT4G38120	A3SS	0.753	1.0	0.47	0.523	0.559	1.0	0.503	0.628	0.202	0.503	0.67	0.89	0.542	0.297
13	AT4G37940	A3SS		0.429	1.0	0.556	0.0	0.0	0.0	0.158	1.0	1.0	0.0	0.0	0.273	
15	AT4G37680	A3SS	1.0	1.0	1.0	1.0	1.0	1.0	1.0	1.0	1.0	1.0	1.0	1.0	1.0	0.926
16	AT4G37680	A3SS	1.0	0.733	0.641	0.8	1.0	1.0	1.0	0.875	1.0	0.905	1.0	0.902	0.951	0.9
17	AT4G37680	A3SS	1.0	0.2	0.263	0.111			1.0	0.333		0.6	1.0	0.333	0.5	0.6
18	AT4G37445	A3SS						0.0	1.0	0.0			1.0		0.0	
19	AT4G36980	A3SS	0.956	0.982	0.971	0.978	1.0	0.906	0.97	0.958	1.0	1.0	0.969	0.96	0.955	0.934
20	AT4G36730	A3SS	0.924	0.888	0.882	0.799	0.795	0.723	0.84	0.898	0.857	0.842	0.828	0.849	0.811	0.837
21	AT4G36690	A3SS	0.767	0.851	0.735	0.752	0.759	0.893	0.897	0.711	0.692	0.78	0.85	0.834	0.695	0.889
22	AT4G36050	A3SS	0.529	0.319	0.385	0.468	0.54	0.0	0.616	0.319	0.319	0.238	0.294	0.319	0.652	0.0
24	AT4G35920	A3SS	1.0	1.0	0.958	1.0	1.0	1.0	1.0	1.0	1.0	1.0	1.0	0.929	0.975	1.0
25	AT4G35785	A3SS	0.61	0.519	0.753	0.733	0.731	0.793	0.716	0.618	0.636	0.644	0.676	0.742	0.57	0.437
26	AT4G35785	A3SS	0.034	0.018	0.014	0.016	0.029	0.0	0.082	0.062	0.0	0.029	0.053	0.065	0.057	0.0
27	AT4G35560	A3SS	0.138	0.0	0.138	0.49	0.0	1.0	0.129	0.208	0.0	0.243	0.243	0.0	0.161	0.278
28	AT4G35450	A3SS	0.0	0.0	0.0	0.01	0.0	0.0	0.0	0.009	0.0	0.0	0.013	0.0	0.003	0.007
29	AT4G35380	A3SS	0.469	0.0	0.0	0.469	0.227			0.469	0.0	0.0	0.181	1.0	0.15	0.0
30	AT4G35360	A3SS	0.906	0.875	1.0	0.988	1.0	0.753	0.889	0.98	0.961	1.0	0.881	0.879	0.978	1.0
32	AT4G34720	A3SS	0.0	0.053	0.024	0.013	0.038	0.019	0.01	0.038	0.012	0.0	0.004	0.038	0.003	0.009
33	AT4G34460	A3SS	0.0	0.012	0.011	0.0	0.0	0.0	0.0	0.007	0.0	0.0	0.0	0.0	0.0	0.018
34	AT4G34460	A3SS	1.0	1.0	1.0	1.0	1.0	1.0	0.982	1.0	0.971	0.899	1.0	1.0	1.0	1.0
35	AT4G34100	A3SS	0.712	0.837	0.692	0.724	0.743	0.717	0.754	0.746	0.855	0.773	0.753	0.74	0.782	0.743
36	AT4G34090	A3SS		1.0								1.0			0.0	0.457
38	AT4G33520	A3SS	0.2	0.0	0.4	0.122	0.429	0.2	0.286	0.037	0.0	0.0	0.5	0.077	0.143	0.0
39	AT4G33380	A3SS	1.0	1.0	0.922	1.0	0.928	0.946	0.989	0.975	1.0	1.0	0.972	0.958	0.928	0.964
40	AT4G33130	A3SS	0.0	0.299	0.0	0.0	0.0		0.0	0.0	0.0		0.0	0.0	0.0	0.0
41	AT4G33130	A3SS	0.391	0.0	0.49	0.562	0.0	0.0	0.49	0.0		0.0	0.0	0.194	0.0	0.0
43	AT4G32850	A3SS	0.091	0.127	0.106	0.11	0.082	0.077	0.115	0.149	0.13	0.083	0.143	0.098	0.147	0.111
44	AT4G32850	A3SS	0.73	0.679	0.674	0.608	0.612	0.539	0.766	0.657	0.759	0.715	0.646	0.899	0.812	0.69
45	AT4G32850	A3SS	1.0	1.0	1.0	1.0	1.0	1.0	1.0	1.0	1.0	1.0	1.0	1.0	0.941	1.0
47	AT4G32330	A3SS	0.885	0.766	0.828	0.839	0.696	0.914	0.861	0.856	0.848	0.852	0.726	0.776	0.857	0.779
48	AT4G32280	A3SS	0.957	0.959	0.907	0.907	1.0	0.818	0.952	0.928	0.938	0.955	0.965	0.938	0.922	0.795
51	AT4G31880	A3SS	1.0	1.0	0.933	0.946	1.0	1.0	0.971	0.943	0.896	1.0	1.0	1.0	0.89	0.935
52	AT4G31780	A3SS	0.268	0.0	0.045	0.102	0.116	0.0	0.045	0.036	0.0	0.0	0.152	0.221	0.096	0.0
53	AT4G31720	A3SS	0.516	0.567	0.591	0.492	0.547	0.521	0.712	0.698	0.579	0.521	0.654	0.613	0.572	0.635
55	AT4G31480	A3SS	1.0	1.0	1.0	0.867	1.0	1.0	1.0	1.0	1.0	1.0	0.75	1.0	1.0	1.0
56	AT4G31480	A3SS	0.0	0.023	0.028	0.047	0.098	0.0	0.088	0.012	0.0	0.0	0.087	0.011	0.035	0.045
58	AT4G33650	A3SS	0.097	0.145	0.044	0.183	0.129	0.194	0.194	0.313	0.114	0.0	0.176	0.114	0.126	0.0
59	AT4G31170	A3SS	0.558	0.798	0.866	0.777	0.861	0.703	0.791	0.823	0.942	0.691	0.718	0.801	0.818	0.745
60	AT4G31080	A3SS	0.0	0.008	0.012	0.019	0.0	0.0	0.0	0.027	0.0	0.0	0.004	0.012	0.023	0.008
61	AT4G31070	A3SS		0.309	1.0				0.0	0.0			0.0		0.0	
62	AT4G31010	A3SS	0.0	0.0	0.0	0.053	0.0	0.439	0.385	0.148	0.0	0.08	0.0	0.061	0.0	0.0
63	AT4G30200	A3SS	0.564	0.503	0.532	0.517	0.554	0.432	0.603	0.516	0.518	0.462	0.46	0.449	0.468	0.723
64	AT4G29950	A3SS	1.0	1.0	0.991	1.0	1.0	1.0	1.0	1.0	1.0	1.0	1.0	1.0	1.0	1.0
65	AT4G29930	A3SS		1.0		0.0			1.0	1.0	0.641	1.0	1.0	1.0		
66	AT4G28830	A3SS	0.881	0.962	1.0	1.0	1.0	1.0	1.0	0.959	1.0	0.929	0.964	1.0	0.966	1.0
67	AT4G28706	A3SS	0.546	0.243	0.606	0.762	0.743	0.243	0.896	0.92	0.591	1.0	0.536	0.49	0.52	0.097
69	AT4G28370	A3SS	1.0	1.0	1.0	0.941	1.0	1.0	1.0	1.0	1.0	1.0	1.0	1.0	0.908	1.0
72	AT4G28040	A3SS	0.537	0.752	0.641	0.424	0.434	0.472	0.613	0.498	0.472	0.229	0.406	0.505	0.676	0.277
73	AT4G27860	A3SS	0.588	0.304	0.515	0.426	0.433	0.294	0.361	0.401	0.211	0.238	0.369	0.484	0.455	0.632
74	AT4G27630	A3SS	1.0	1.0	1.0	0.793	1.0		0.46	1.0	1.0		1.0	1.0	1.0	
76	AT4G27490	A3SS	0.0	0.0	0.133	0.434		0.0	0.203	0.161		0.0	0.434	0.277	0.434	
77	AT4G26940	A3SS	1.0	1.0	1.0	1.0	1.0	1.0	0.968	1.0	1.0	1.0	1.0	0.98	0.988	0.955
78	AT4G26910	A3SS	0.129	0.182	0.077	0.208	0.325	0.391	0.257	0.208	0.069	0.153	0.028	0.256	0.18	0.0
79	AT4G26795	A3SS	0.0	1.0	0.6	0.846	0.143	1.0	1.0	1.0	1.0	0.667	0.778	1.0	0.357	1.0
81	AT4G26300	A3SS	0.356	0.379	0.67	0.462	0.506	0.613	0.603	0.613	0.257	0.192	0.487	0.562	0.674	0.681
82	AT4G26300	A3SS		1.0	0.0	0.655			0.851	0.0	0.0		0.655	0.0		0.0
83	AT4G26190	A3SS		1.0	1.0	0.556		1.0	0.667	1.0	1.0		1.0	1.0	1.0	0.0
84	AT4G26070	A3SS	0.91	1.0	0.478	1.0	1.0	1.0	1.0	1.0	1.0	1.0	1.0	1.0	0.94	1.0
86	AT4G07405	A3SS	0.667	1.0	0.6	0.826		1.0	1.0	1.0	0.0	1.0	1.0	1.0	0.4	1.0
87	AT4G25500	A3SS	0.245	0.351	0.333	0.253	0.224	0.204	0.282	0.318	0.255	0.276	0.309	0.255	0.359	0.319
89	AT4G25080	A3SS	0.445	0.714	0.488	0.635	0.577	0.827	0.626	0.688	0.521	0.527	0.633	0.528	0.54	0.591
90	AT4G24900	A3SS		1.0	0.0		0.641	1.0	0.472	0.401			0.472	1.0	1.0	
91	AT4G24810	A3SS	0.0	0.0	0.0	0.0	0.0	0.0	0.0	0.0	0.0	0.0	0.163	0.08	0.08	0.0
92	AT4G24610	A3SS	0.0	0.0	0.0	0.0	0.0	0.0	0.0	0.243	0.0	0.0	0.49	0.278	0.0	
93	AT4G24610	A3SS	0.0	0.223	0.0	0.365	0.0	0.463	0.087	0.067	0.0	0.0	0.0	0.083	0.0	0.0
96	AT4G24220	A3SS	1.0	0.99	0.983	0.996	1.0	0.974	0.989	1.0	0.986	1.0	0.992	0.995	1.0	1.0
97	AT4G24180	A3SS	0.0	1.0	0.0	0.455		1.0	1.0	0.294	1.0	1.0	0.0	0.0	0.172	
100	AT4G23730	A3SS	0.0	0.065	0.0	0.025	0.0	0.0	0.057	0.0	0.0	0.066	0.0	0.0	0.014	0.033
101	AT4G30820	A3SS	0.0	0.0	0.0	0.089	0.408		0.147	0.103	0.0	0.0	0.0	0.292	0.292	0.187
102	AT4G30820	A3SS	1.0	1.0	0.8	1.0	1.0		1.0	1.0	0.778	0.6	0.778	1.0	1.0	1.0
103	AT4G30820	A3SS	0.333		1.0	0.857	0.2		1.0	0.667	1.0	1.0	0.5	1.0	0.6	1.0
104	AT4G23430	A3SS	0.417	0.634	0.647	0.76	0.811	0.811	0.746	0.741	0.763	0.797	0.816	0.57	0.616	0.704
105	AT4G23430	A3SS	1.0	1.0	0.937	1.0	1.0	1.0	1.0	1.0	1.0	1.0	1.0	1.0	1.0	1.0
106	AT4G23330	A3SS	1.0	1.0	1.0	0.786	1.0	0.0	0.734	0.58		1.0	1.0	1.0	1.0	1.0
107	AT4G23210	A3SS	1.0	1.0		1.0	1.0			0.0	1.0	1.0	1.0		1.0	
109	AT4G31210	A3SS	0.0	0.0	0.463	0.147	0.0	0.0	0.0	0.0		0.0	0.0	0.087	0.147	0.0
110	AT4G23050	A3SS	0.0	0.161	0.0	0.219	0.391	0.325	0.226	0.325	0.0	0.292	0.278	0.121	0.102	0.107
111	AT4G22990	A3SS	1.0	0.885	1.0	0.845	0.658	1.0	0.914	1.0	1.0	0.591	0.591	0.743	0.0	0.706
112	AT4G22990	A3SS	0.0	0.0	0.0	0.056	0.176	0.143	0.02	0.0	0.067	0.25	0.037	0.037	0.067	0.0
113	AT4G22970	A3SS	0.0	0.0									1.0			
117	AT4G22540	A3SS	1.0	0.964	1.0	0.94	0.825	1.0	0.916	0.962	1.0	1.0	0.977	0.938	0.942	1.0
118	AT4G22540	A3SS	0.0	0.243	0.243	0.216	0.0	0.0	0.208	0.0	0.107	0.194	0.286	0.0	0.228	0.0
119	AT4G22540	A3SS	0.0	0.0	0.194	0.161	0.0		0.093	0.243	0.161	0.0	0.111	0.074	0.145	0.088
122	AT4G21660	A3SS	0.235	0.2	0.309	0.268	0.231	0.164	0.272	0.191	0.146	0.125	0.207	0.3	0.215	0.271
123	AT4G21580	A3SS	1.0	0.973	1.0	0.965	1.0	1.0	1.0	1.0	1.0	1.0	0.983	1.0	1.0	1.0
125	AT4G21400	A3SS	1.0	0.88	0.939	0.878	1.0	0.919	0.98	0.944	0.822	1.0	0.83	0.922	0.905	0.933
126	AT4G21400	A3SS	0.802	1.0	0.92	0.895	0.643	1.0	0.807	0.852	0.687	1.0	0.759	0.678	0.766	1.0
127	AT4G21400	A3SS	0.911	1.0	0.954	0.943	0.804	1.0	0.913	0.932	0.798	1.0	0.86	0.782	0.856	1.0
128	AT4G20380	A3SS	1.0	1.0	1.0	1.0	1.0	1.0	1.0	1.0	1.0	1.0	0.902	0.864	1.0	1.0
129	AT4G20380	A3SS	0.184	0.091	0.082	0.113	0.118	0.062	0.075	0.084	0.047	0.07	0.145	0.154	0.122	0.027
130	AT4G20380	A3SS	0.524	0.286	0.24	0.366	0.155	0.216	0.262	0.136	0.073	0.091	0.424	0.274	0.276	0.109
131	AT4G20380	A3SS	0.0	0.0	0.0	0.0	0.0	0.0	0.0	0.038	0.0	0.0	0.018	0.028	0.0	0.0
132	AT4G20380	A3SS	0.0	0.144	0.062	0.209	0.0	0.0	0.0	0.062	0.0	0.0	0.072	0.128	0.151	0.093
133	AT4G20380	A3SS	0.828	0.759	0.756	0.779	0.574	0.803	0.812	0.627	0.612	0.567	0.809	0.646	0.682	0.692
134	AT4G20310	A3SS							1.0					1.0	0.0	
135	AT4G20310	A3SS	0.0	1.0		0.0			0.57			0.0		1.0	0.0	
138	AT4G20310	A3SS	0.0	1.0		0.0			0.0			0.0			0.279	
144	AT4G20310	A3SS	1.0	1.0	0.848	0.8		1.0	1.0		1.0	1.0	0.848	1.0	1.0	1.0
145	AT4G20260	A3SS	0.997	0.992	0.991	0.991	0.991	1.0	0.995	0.991	0.993	0.996	0.991	0.989	0.996	0.989
146	AT4G20260	A3SS	0.993	0.994	0.994	0.988	0.985	0.992	0.996	0.996	0.991	0.985	0.994	0.977	0.991	0.994
147	AT4G20260	A3SS	0.943	0.951	0.959	0.909	0.903	0.927	0.974	0.972	0.94	0.884	0.956	0.861	0.919	0.963
148	AT4G20260	A3SS	0.005	0.002	0.003	0.005	0.008	0.0	0.004	0.002	0.006	0.004	0.004	0.003	0.005	0.008
149	AT4G20070	A3SS	1.0	1.0	1.0	0.951	1.0	1.0	0.957	0.97	0.925	1.0	1.0	0.968	0.982	0.873
150	AT4G19990	A3SS	0.099	0.088	0.066	0.0	0.0		0.092	0.052	0.0		0.0	0.236	0.0	0.134
151	AT4G19985	A3SS		0.0		0.201	0.306		0.0	0.0		0.0	0.0	0.0	0.253	
152	AT4G19670	A3SS	1.0	1.0	1.0	1.0	1.0	0.627	1.0	1.0	1.0	1.0	1.0	1.0	1.0	1.0
153	AT4G19670	A3SS	1.0	0.849	0.484	0.652	0.484	1.0	0.714	0.413	0.19	0.789	0.918	0.789	0.54	0.584
154	AT4G19670	A3SS	1.0	0.875	0.807	0.819	0.883	1.0	0.898	0.812	0.618	0.89	0.957	0.898	0.833	0.837
155	AT4G19670	A3SS	0.593	0.573	0.813	0.737	0.887	0.691	0.793	0.857	0.87	0.677	0.671	0.759	0.806	0.78
156	AT4G19640	A3SS	0.03	0.015	0.026	0.03	0.0	0.011	0.021	0.024	0.008	0.02	0.01	0.019	0.014	0.014
157	AT4G19520	A3SS	0.0	0.0	0.169	0.023	0.0	0.0	0.059	0.0	0.0	0.0	0.0	0.0	0.111	0.0
158	AT4G19510	A3SS	0.107	0.043	0.037	0.066	0.0	0.0	0.044	0.026	0.045	0.0	0.048	0.056	0.038	0.107
159	AT4G19440	A3SS	0.0	0.161	0.49	0.0	0.0	0.0	0.0	0.121	0.0	0.0	0.706	0.0	0.0	0.0
160	AT4G19440	A3SS	0.61	0.61	1.0	1.0	1.0	1.0	0.796	0.824	1.0	0.701	0.0	1.0	1.0	
161	AT4G19110	A3SS	0.168	0.273	0.339	0.332	0.236	0.199	0.27	0.203	0.318	0.157	0.248	0.259	0.229	0.156
162	AT4G18975	A3SS	1.0	1.0	1.0	0.887	0.928	1.0	1.0	0.619	1.0	1.0	0.936	1.0	0.892	0.88
163	AT4G18975	A3SS	0.794	0.436	0.673	0.607	0.607	1.0	0.829	0.844	0.34	0.436	0.823	0.537	0.626	0.699
165	AT4G18140	A3SS	0.346	0.535	0.372	0.16	0.35	0.463	0.46	0.097	0.316	0.292	0.239	0.11	0.331	0.301
166	AT4G18020	A3SS	0.847	0.441	0.568	1.0	0.703	1.0	1.0	1.0	1.0	0.0	1.0	0.734	1.0	1.0
167	AT4G17740	A3SS	1.0	1.0	1.0	1.0	1.0	1.0	1.0	0.851	1.0	1.0	1.0	1.0	1.0	1.0
168	AT4G17640	A3SS	0.907	0.958	0.902	0.898	0.936	0.893	0.949	1.0	1.0	0.942	0.935	0.964	0.986	0.866
169	AT4G17615	A3SS	1.0	1.0	1.0	0.75	1.0	1.0	1.0	1.0	1.0	1.0	1.0	1.0	1.0	1.0
170	AT4G17483	A3SS	1.0		1.0					1.0	0.0	1.0	0.333	1.0		1.0
173	AT4G17410	A3SS		0.243	0.0	0.49	0.292	0.0	0.194	0.616	0.0	0.391	0.419	0.794	0.325	0.49
176	AT4G16990	A3SS	1.0	1.0	1.0	0.8	1.0	0.8	1.0	1.0	1.0	1.0	0.692	0.75	0.857	1.0
177	AT4G16990	A3SS	0.567	0.179	0.777	0.739	0.304	0.225	0.859	0.511	1.0	1.0	0.583	0.0	0.395	0.304
178	AT4G16990	A3SS	0.51	0.585	0.481	0.425	0.518	0.682	0.441	0.592	0.602	0.546	0.487	0.581	0.502	0.536
179	AT4G16990	A3SS	0.206	0.254	0.215	0.182	0.079	0.125	0.223	0.196	0.128	0.099	0.168	0.215	0.206	0.067
180	AT4G16710	A3SS	0.657	0.338	0.33	0.368	0.282	0.39	0.299	0.264	0.26	0.427	0.356	0.096	0.486	0.299
181	AT4G16540	A3SS	1.0	0.0		0.0	1.0				0.0		0.0		0.0	0.0
184	AT4G15880	A3SS	0.0	0.0	0.084	0.076	0.0	0.0	0.029	0.026	0.081	0.077	0.03	0.032	0.0	0.058
188	AT4G15233	A3SS	1.0	0.758	1.0	1.0	1.0	1.0	1.0	1.0	0.905	1.0	0.758	1.0	0.837	1.0
192	AT4G15010	A3SS	0.699	0.508	0.756	0.925	0.279	1.0	0.895	0.557	0.915	0.508	0.75	0.777	0.929	0.659
194	AT4G14880	A3SS	0.658	0.49	0.49	0.743	0.0	0.49	1.0	0.49	0.49	0.0	0.49	1.0	0.0	1.0
196	AT4G14385	A3SS	1.0	1.0	0.741	1.0	1.0	0.9	1.0	0.81	1.0	0.92	1.0	0.927	0.974	1.0
197	AT4G13830	A3SS	0.13	0.063	0.111	0.055	0.121	0.077	0.137	0.034	0.079	0.046	0.129	0.108	0.096	0.091
199	AT4G13670	A3SS	0.037	0.0	0.067	0.034	0.0	0.077	0.013	0.04	0.0	0.043	0.054	0.0	0.035	0.0
200	AT4G13330	A3SS	0.0	1.0	1.0	1.0	0.0	0.6	0.4	0.2	0.2		0.846	0.2	0.714	0.0
202	AT4G13100	A3SS	1.0	0.699	1.0	0.791	1.0		0.938	1.0		1.0	0.899	1.0	0.915	0.817
203	AT4G13100	A3SS	1.0	1.0	1.0	1.0	1.0	0.778	1.0	1.0	1.0	1.0	1.0	1.0	0.862	1.0
204	AT4G12990	A3SS	0.333	0.667	0.714	0.833	0.5	1.0	0.778	0.568	0.0	0.714	0.625	0.778	0.714	1.0
205	AT4G12990	A3SS	1.0	1.0	1.0	0.857	0.875	1.0	0.833	0.938	0.429	0.8	0.941	1.0	0.822	0.833
207	AT4G12790	A3SS	0.394	0.543	0.55	0.398	0.407	0.5	0.568	0.613	0.63	0.333	0.662	0.467	0.42	0.684
208	AT4G12770	A3SS	1.0	1.0	1.0	1.0	0.581	0.0	0.917	0.903	0.649	1.0	0.887	0.874	0.847	0.735
210	AT4G33240	A3SS	1.0	1.0	0.772	0.769	1.0	1.0	0.822	0.748	0.928	0.735	0.877	0.858	0.903	0.764
211	AT4G33240	A3SS	1.0	1.0	0.905	0.887	1.0	1.0	0.859	0.804	0.935	0.843	0.886	0.904	0.94	0.728
212	AT4G33240	A3SS	0.862	0.812	0.777	0.733	0.54	1.0	0.575	0.591	0.536	0.679	0.522	0.616	0.632	0.445
215	AT4G34600	A3SS	1.0	0.953	1.0	1.0	1.0	1.0	1.0	1.0	1.0	1.0	1.0	1.0	0.964	1.0
216	AT4G11610	A3SS			0.721	1.0			0.535	0.721		0.0	0.873		0.0	0.463
218	AT4G11410	A3SS	1.0	1.0	1.0	1.0	1.0	1.0	1.0	1.0	1.0	0.818	0.935	1.0	0.769	1.0
219	AT4G10930	A3SS	1.0	0.745	1.0	1.0	1.0	1.0	1.0	1.0	1.0	0.625	1.0	1.0	1.0	1.0
220	AT4G10843	A3SS	0.176	0.074	0.0	0.299	0.0	0.0	0.0	0.0	0.0		0.044	0.0	0.0	0.0
221	AT4G10430	A3SS	1.0	0.5	0.714	0.7	1.0	1.0	1.0	1.0	1.0	1.0	0.846	0.455	0.667	1.0
223	AT4G09720	A3SS	1.0	1.0	1.0	0.966	1.0	1.0	1.0	1.0	1.0	1.0	1.0	1.0	1.0	1.0
224	AT4G09680	A3SS	0.731	1.0	1.0	0.958	1.0	1.0	1.0	1.0	1.0	0.83	1.0	1.0	1.0	1.0
225	AT4G09680	A3SS	0.0	0.0	0.0	0.046	0.085	0.0	0.0	0.046	0.0	0.0	0.0	0.0	0.0	0.0
226	AT4G08460	A3SS	0.0	0.344	0.686	0.466	0.272	0.466	0.192	0.379	0.304	0.592	0.287	0.272	0.212	0.225
227	AT4G08320	A3SS	0.562	0.435	0.598	0.407	0.325	0.265	0.168	0.243	0.49	0.107	0.325	0.414	0.048	0.407
228	AT4G08180	A3SS	1.0	0.706	0.914	0.915	0.658	1.0	0.871	0.839	0.878	0.852	0.783	0.958	0.816	1.0
230	AT4G05590	A3SS	0.0	0.296	0.0	0.047	0.174	0.0	0.0	0.0	0.252	0.0	0.144	0.095	0.0	0.123
231	AT4G05520	A3SS	1.0	1.0	1.0	0.794			0.852	0.0	1.0		1.0	0.743	0.325	1.0
233	AT4G05330	A3SS	0.179	0.0	0.046	0.044	0.0	0.0	0.0	0.049	0.0	0.0	0.0	0.0	0.0	0.0
236	AT4G05040	A3SS	1.0	1.0	0.833	0.833	0.5	0.5	0.765	0.818		1.0	0.727	0.5	0.571	0.667
237	AT4G04460	A3SS			1.0	1.0			1.0	1.0	1.0	1.0	0.838	1.0	1.0	0.0
239	AT4G03230	A3SS	0.0	0.0	0.0	0.147	0.0	0.0	0.27	0.067	0.11	0.0	0.0	0.0	0.0	0.11
240	AT4G02900	A3SS	0.713	0.0	0.0	0.171		0.383	0.0	0.237	0.383	0.0	0.65	1.0	0.171	0.292
241	AT4G02880	A3SS	0.32	0.0	0.205	0.277	0.324	0.103	0.301	0.215	0.19	0.113	0.093	0.143	0.198	0.11
242	AT4G02550	A3SS	0.169	0.0	0.189	0.14		0.0	0.0	0.0	0.449	0.449	0.449	0.169	0.14	0.0
245	AT4G02430	A3SS	1.0	0.823	0.578	0.865	0.777	1.0	0.67	0.692	0.636	0.875	0.733	0.557	0.511	0.592
246	AT4G02390	A3SS	1.0	1.0	0.836	0.887	0.649	0.787	1.0	0.955		1.0	1.0	1.0	0.316	1.0
247	AT4G02260	A3SS	0.194	0.278	0.304	0.234	0.121	0.325	0.243	0.325	0.121	0.325	0.412	0.325	0.435	0.0
250	AT4G01290	A3SS	0.828	0.901	0.945	0.966	0.794	1.0	0.92	0.976	1.0	0.852	1.0	0.955	0.939	0.885
251	AT4G00990	A3SS	0.0	0.098	0.0	0.0	0.0	0.0	0.0	0.068	0.0	0.0	0.0	0.0	0.098	0.0
252	AT4G00630	A3SS	0.0	0.0	0.0	0.126	0.0	0.41	0.0	0.044	0.0	0.0	0.122	0.057	0.047	0.0
253	AT4G00560	A3SS	0.75	0.6	0.625	0.724	0.143	0.455	0.267	0.282	0.5	0.5	0.625	0.714	0.667	0.4
254	AT4G00520	A3SS	0.043	0.13	0.154	0.169	0.027	0.556	0.137	0.163	0.125	0.158	0.224	0.111	0.286	0.059
255	AT4G00440	A3SS	1.0		0.319	0.0	0.882	0.0	1.0	0.0		0.0	0.824	1.0	0.584	0.0
256	AT4G00355	A3SS	0.963	0.89	0.835	0.942	0.899	0.95	0.911	0.971	0.953	0.959	0.952	1.0	0.895	0.96
257	AT2G47900	A3SS	0.22	0.216	0.274	0.109	0.168	0.0	0.232	0.314	0.069	0.194	0.288	0.325	0.158	0.256
258	AT2G47640	A3SS	0.288	0.394	0.231	0.341	0.265	0.161	0.179	0.343	0.216	0.228	0.298	0.182	0.364	0.234
260	AT2G46640	A3SS			0.735	1.0			1.0	0.735		0.0	1.0	1.0	0.649	
262	AT2G46320	A3SS	1.0	0.579	0.452	0.397	1.0	1.0	1.0	1.0	0.452	0.832	0.622	0.452	0.767	0.216
263	AT2G46250	A3SS	0.0	0.0	0.0	0.0	0.0		0.273	0.0	0.0	0.0	0.0	0.0	0.0	0.0
264	AT2G46225	A3SS	0.783	0.942	0.906	0.929	0.937	1.0	0.898	0.933	0.709	0.91	0.953	1.0	0.924	1.0
265	AT2G45870	A3SS	1.0	1.0	1.0	1.0				1.0	0.0		1.0	1.0	1.0	
266	AT2G45830	A3SS	1.0	0.636	1.0	0.862	1.0	1.0	0.833	0.474	1.0	1.0	0.818	1.0	0.571	0.667
267	AT2G45460	A3SS	0.243	0.138	0.546	0.0	0.49	0.0	0.391	0.49	0.325	0.49	0.0	0.0	0.0	0.743
268	AT2G45460	A3SS	0.0	0.0	0.176	0.0	0.0	0.0	0.0	0.0	0.0	0.0	0.0	0.0	0.0	0.0
272	AT2G43930	A3SS	1.0	0.333		0.0		0.0	0.0	0.0		0.0	0.333	0.333	0.333	0.333
275	AT2G43680	A3SS	0.601	0.469	0.4	0.665	0.525	0.71	0.571	0.532	0.482	0.468	0.49	0.447	0.529	0.537
276	AT4G30560	A3SS	1.0		0.444	0.444	0.0	0.0	1.0	0.827	1.0	1.0	0.347	1.0	0.666	
277	AT2G43465	A3SS		1.0	0.0	0.478	1.0	0.0	0.647	0.0	1.0		1.0	0.0		0.478
278	AT2G43465	A3SS	1.0	1.0	0.292	0.0			0.767		0.292		1.0	0.452		
280	AT2G43190	A3SS	0.49	0.292	0.243	0.562	0.794		0.452	0.49	1.0	0.0	0.138	0.743	0.419	0.0
281	AT2G43180	A3SS	0.0	0.236	0.0	0.053	0.0		0.265	0.067	0.0	0.0	0.035	0.0	0.0	0.0
282	AT2G43180	A3SS	1.0	0.812	1.0	0.627	1.0	1.0	1.0	0.852	0.743	0.852	0.828	1.0	0.852	0.794
283	AT2G43160	A3SS	0.567	0.495	0.597	0.494	0.534	0.684	0.643	0.591	0.584	0.636	0.628	0.546	0.563	0.564
284	AT2G43110	A3SS	0.0	0.04	0.091	0.027	0.0	0.091	0.097	0.103	0.0	0.091	0.0	0.03	0.0	0.111
285	AT2G42670	A3SS	0.634	0.574	0.906	0.806	1.0	0.743	0.906	0.524	0.828	0.871	0.719	0.698	0.645	0.719
286	AT2G42590	A3SS	1.0	1.0	1.0	1.0	1.0	0.976	0.994	1.0	1.0	1.0	1.0	1.0	1.0	1.0
288	AT4G06634	A3SS	0.0	0.0	0.0	0.205	0.0	0.0	0.048	0.177	0.0	0.0	0.0	0.073	0.0	0.0
289	AT2G42210	A3SS	1.0	0.74	1.0	1.0	1.0	1.0	1.0	1.0	1.0	1.0	1.0	1.0	1.0	1.0
291	AT2G41880	A3SS	1.0	1.0	1.0	0.75	1.0	1.0	1.0	1.0	1.0	1.0	1.0	1.0	0.6	1.0
292	AT2G41540	A3SS	0.794	0.658	0.616	0.63	0.658	0.794	0.529	0.602	0.49	0.914	0.658	0.794	0.412	1.0
293	AT2G41500	A3SS	1.0	0.0	0.102	0.356	0.615	0.285	0.374	0.39	0.242	0.0	0.21	0.285	0.271	0.138
294	AT2G41460	A3SS	1.0	0.758	1.0	1.0	0.0		0.796	1.0	1.0	0.796	0.723	1.0	0.845	1.0
295	AT2G41340	A3SS	0.287	0.212	0.287		0.0	0.0	0.0	0.0		0.0	0.0	0.0	0.35	0.0
297	AT2G40830	A3SS	0.0	0.05	0.0	0.049	0.05	0.0	0.036	0.103	0.05	0.077	0.082	0.036	0.096	0.048
298	AT2G40770	A3SS	0.692	0.652	0.2	0.818	1.0	1.0	1.0	0.273	1.0	1.0	0.75	0.529		1.0
299	AT2G40670	A3SS	0.49	0.0	0.391	0.0	0.325	0.0	0.161	0.391	0.0	0.0	0.161	0.097	0.0	0.0
300	AT2G45250	A3SS	0.053	0.0	0.0	0.129	0.1	0.0	0.021	0.02	0.091	0.0	0.189	0.0	0.071	0.059
301	AT2G39920	A3SS	0.49	0.194	0.243	0.391	0.278	0.243	0.194	0.524	0.49	0.325	0.069	0.419	0.49	0.0
302	AT2G39920	A3SS	1.0	1.0	0.253	1.0	1.0		1.0	1.0	1.0	1.0	1.0	1.0	1.0	1.0
303	AT2G39630	A3SS	0.0	0.0	0.0	0.0	0.0	0.0	0.05	0.0	0.265	0.0	0.074	0.0	0.129	0.0
306	AT2G39190	A3SS	1.0	1.0	0.9	0.934	1.0	1.0	1.0	1.0	1.0	1.0	1.0	1.0	1.0	1.0
307	AT2G39190	A3SS	0.792	0.934	0.792	0.936	1.0	1.0	0.905	0.831	0.826	0.826	0.892	0.804	0.769	0.913
310	AT2G38160	A3SS				1.0	0.0		0.763	1.0	0.0	0.0	0.0	0.708	0.547	
311	AT2G38120	A3SS	0.03	0.044	0.041	0.038	0.018	0.111	0.069	0.013	0.038	0.032	0.031	0.018	0.024	0.167
313	AT2G37500	A3SS	1.0	1.0	1.0	0.895	1.0	1.0	1.0	1.0	1.0	1.0	0.925	1.0	1.0	0.869
314	AT2G37480	A3SS	0.736	0.798	0.711	0.701	0.801	0.714	0.71	0.663	0.536	0.708	0.684	0.808	0.767	0.734
315	AT2G37260	A3SS				0.316						1.0	1.0	1.0	1.0	1.0
316	AT2G37150	A3SS	1.0	0.333	0.455	0.455	0.455	0.2	0.455	0.524	0.333	1.0	0.579	0.231	0.5	0.167
317	AT2G37150	A3SS	1.0	1.0	1.0	0.144	0.0	0.431	0.602	0.602	0.0	0.275	0.312	0.202	0.63	0.0
318	AT2G37080	A3SS	0.0	0.649	0.903	0.316	1.0	0.0	0.316	0.847	0.649	0.236	0.481	0.481	0.481	0.787
319	AT2G37060	A3SS	0.431	1.0	0.866	0.769	0.694	0.486	1.0	0.914	1.0	1.0	0.68	0.577	0.767	0.82
320	AT2G37050	A3SS	0.958	0.963	0.906	0.925	0.951	1.0	0.975	0.852	0.896	0.885	0.898	0.937	0.873	0.951
321	AT2G36680	A3SS	0.824	0.971	0.89	0.858	0.875	0.6	0.812	1.0	0.802	0.929	0.965	0.802	0.864	0.938
322	AT2G36360	A3SS	0.0	0.094	0.128	0.029	0.281	0.0	0.018	0.064	0.042	0.0	0.092	0.061	0.094	0.135
323	AT2G36360	A3SS		1.0		0.285			1.0	1.0			0.444	0.0	0.0	
324	AT2G36250	A3SS	1.0	1.0	1.0	0.975	1.0	1.0	1.0	1.0	1.0	0.933	1.0	1.0	1.0	1.0
325	AT2G35920	A3SS	0.127	0.0	0.057	0.219	0.0	1.0	0.083	0.0	0.294		0.083	0.0	0.144	0.0
326	AT2G35600	A3SS				1.0			1.0	1.0			0.441	1.0	0.542	
328	AT2G35510	A3SS	1.0	1.0	1.0	1.0	0.75	0.75	0.862	0.857	1.0	1.0	1.0	1.0	1.0	0.75
329	AT4G21090	A3SS	0.434	0.338	0.657	0.808	0.434	0.434	0.657	1.0	0.605	0.821	0.836	1.0	0.873	1.0
330	AT4G03415	A3SS	1.0	1.0	1.0	1.0	1.0	1.0	1.0	1.0	1.0	0.947	1.0	1.0	1.0	1.0
331	AT4G03415	A3SS	1.0	1.0	1.0	0.935	1.0	1.0	0.95	1.0	0.964	1.0	0.985	1.0	0.988	1.0
333	AT2G35140	A3SS			0.0	0.0				0.0					1.0	0.0
334	AT2G34470	A3SS	0.0	0.044	0.084	0.0	0.138	0.0	0.034	0.0	0.0	0.265	0.071	0.0	0.0	0.0
336	AT2G34150	A3SS		0.0	0.0	0.0	0.0	0.0	1.0	0.166	0.0	0.444	0.0	0.0	0.444	
338	AT4G03110	A3SS	0.734	0.726	0.579	0.605	0.577	0.49	0.54	0.591	0.743	0.604	0.653	0.685	0.579	0.521
339	AT2G33980	A3SS	1.0	0.781	0.641	0.691	1.0	0.877	0.641	0.51	0.573	1.0	0.641	0.691	0.417	0.527
340	AT2G33680	A3SS	1.0			1.0	0.628	1.0	1.0	0.0			1.0	1.0	1.0	1.0
341	AT2G33560	A3SS	0.0		0.0	0.49	0.0	0.0	1.0	0.445			0.743	0.194	0.265	0.0
342	AT2G33500	A3SS	0.562	0.38	0.341	0.37	0.407	0.243	0.0	0.31	0.591	0.228	0.149	0.182	0.461	0.325
343	AT2G33470	A3SS	0.166	0.439	0.421	0.311	0.332	0.111	0.388	0.366	0.327	0.279	0.424	0.409	0.356	0.277
345	AT2G33350	A3SS	0.0										0.49			0.0
346	AT4G18600	A3SS	1.0	1.0	0.909	1.0	1.0	1.0	1.0	0.865	0.741	1.0	0.754	1.0	0.938	0.741
347	AT4G18600	A3SS	1.0	0.321	0.116	0.0	0.283	0.136	0.081	0.0	0.0	0.136	0.208	0.0	0.05	0.101
348	AT2G33290	A3SS	0.0	1.0	0.0	0.0	0.0	0.0	0.0	0.0	0.0	0.0	0.0	0.0	0.0	
351	AT2G33051	A3SS	0.327	0.907	0.751	0.672	0.703	0.819	0.812	0.744	0.795	0.838	0.804	0.508	0.917	0.437
352	AT2G32970	A3SS	0.766	0.721	0.678	0.8	0.678	0.556	0.711	0.844	0.838	0.701	0.829	0.789	0.805	1.0
353	AT2G32710	A3SS	0.489	0.484	0.472	0.369	0.446	0.682	0.562	0.551	0.368	0.335	0.404	0.445	0.486	0.379
354	AT2G32640	A3SS			1.0	0.447			1.0	1.0	0.0	1.0	1.0	1.0	0.618	1.0
355	AT2G32487	A3SS	0.0	0.0	0.0	0.091	0.0	0.0	0.0	0.0	0.0	0.0	0.0	0.0	0.0	0.0
356	AT2G32410	A3SS	0.503	0.253	0.202	0.202	0.67	0.0	0.0	0.202	0.0	0.092	0.0	0.0	0.202	0.0
358	AT2G32250	A3SS	0.667	0.583	0.744	0.905	0.571	1.0	0.895	0.938	0.833	0.882	0.875	0.882	0.75	0.818
359	AT2G32250	A3SS	1.0	0.806	0.698	0.59	0.382	0.481	0.457	0.316	0.787	0.382	0.426	0.676	0.581	0.649
360	AT2G32170	A3SS	0.0	0.0	0.0	0.0	0.0	0.0	0.033	0.0	0.0	0.0	0.0	0.0	0.0	0.0
362	AT2G32160	A3SS	0.0	1.0	1.0		1.0		1.0	1.0					1.0	0.455
364	AT2G32120	A3SS	0.0	0.0	0.221	0.096	0.0		0.0	0.0	0.0	0.0	0.096	0.299	0.0	0.0
366	AT2G31900	A3SS	0.591	1.0	0.658	0.743	0.658		0.896	0.391	1.0	0.0	1.0	0.771	0.428	1.0
367	AT2G31350	A3SS	1.0	1.0	1.0	1.0	1.0	1.0	1.0	1.0	1.0	1.0	1.0	1.0	0.981	1.0
368	AT2G31130	A3SS	1.0	0.5	0.333	0.5	1.0	1.0	0.333	0.0	1.0		1.0	1.0	1.0	0.143
370	AT2G30840	A3SS	1.0		1.0	0.866			1.0	1.0	1.0		1.0	1.0	1.0	
371	AT2G30740	A3SS	0.0	0.656	0.56	0.443	0.0	1.0	0.241	0.679	1.0	0.0	0.656	0.459	0.69	1.0
372	AT2G30740	A3SS	0.63	1.0	1.0	1.0	1.0	1.0	1.0	1.0	1.0		1.0	1.0	1.0	1.0
373	AT2G30740	A3SS	0.808	1.0	1.0	1.0	1.0		1.0	1.0		1.0	1.0	1.0	1.0	
374	AT2G30424	A3SS	1.0	1.0	0.771	1.0	0.628	1.0	1.0	0.717		1.0	1.0	1.0	0.628	1.0
375	AT2G30390	A3SS	0.0	0.0	0.0	0.3	0.0	0.152	0.067	0.0	0.0	0.0	0.0	0.0	0.0	0.0
376	AT4G16420	A3SS	0.742	0.414	0.668	0.538	0.437	0.564	0.633	0.674	0.58	0.812	0.558	0.697	0.553	0.721
377	AT4G16420	A3SS	0.366	0.54	0.396	0.483	0.503	0.265	0.378	0.375	0.351	0.325	0.548	0.474	0.46	0.526
378	AT2G30170	A3SS	0.452	0.452	0.397	0.452	1.0	0.292	0.371	0.553	1.0	0.0	0.382	0.171	0.105	0.452
379	AT2G30120	A3SS	0.0	0.0	0.585	0.147	0.0	0.287	0.0	0.0	0.0	0.212	0.187	0.11	0.092	0.103
381	AT2G29650	A3SS	0.0	0.0	0.0	0.0	0.0	0.0	0.096	0.0	0.0	0.0	0.13	0.0	0.077	0.21
382	AT2G29620	A3SS		0.0			0.0		0.0			0.0	0.405	0.0	1.0	
383	AT2G29390	A3SS	0.0	0.063	0.0	0.019	0.0	0.0	0.0	0.024	0.063	0.0	0.027	0.0	0.0	0.0
384	AT4G24190	A3SS	1.0	1.0	1.0	1.0	1.0	1.0	0.987	1.0	1.0	1.0	1.0	1.0	1.0	1.0
386	AT4G30990	A3SS	0.49	0.445	0.243	0.396	0.743	1.0	0.292	0.129	1.0	0.243	0.581	0.577	0.292	0.391
387	AT4G06701	A3SS	1.0			0.706		1.0	1.0	1.0	1.0	0.325	1.0	1.0	1.0	1.0
388	AT2G27720	A3SS	0.004	0.014	0.004	0.02	0.008	0.0	0.016	0.007	0.005	0.02	0.011	0.014	0.003	0.013
390	AT2G27150	A3SS	0.571	0.727	0.826	0.608	0.692	1.0	0.789	0.659	0.429	0.6	0.754	0.778	0.714	0.765
392	AT2G26780	A3SS	0.0	0.0	0.0	0.0	0.0	0.0	0.06	0.041	0.0	0.0	0.0	0.0	0.0	0.0
394	AT2G26340	A3SS	1.0	0.978	0.959	0.969	0.957	0.772	0.968	1.0	0.955	0.959	0.966	1.0	0.959	1.0
396	AT2G25910	A3SS	0.121	0.119	0.098	0.153	0.02	0.0	0.028	0.063	0.144	0.071	0.036	0.136	0.061	0.074
398	AT2G25730	A3SS	0.085	0.0	0.0	0.017	0.0	0.0	0.0	0.0	0.0	0.0	0.023	0.025	0.037	0.0
400	AT2G25570	A3SS	1.0	1.0	0.834	1.0	1.0		0.627	1.0	1.0	1.0	0.716	1.0	1.0	1.0
401	AT2G25480	A3SS	0.121	0.391	0.278	0.224	0.325	0.0	0.435	0.692	0.794	0.49	0.783	0.49	0.435	0.325
402	AT2G25420	A3SS	0.61	0.566	0.0	0.439	0.61	0.0	0.61	1.0	0.0	0.796	0.578	0.358	0.0	0.342
403	AT2G25300	A3SS	0.0	0.0	0.0	0.0	0.0	0.0	0.0	0.314	0.0	0.234	0.0	0.0	0.0	0.0
404	AT2G25100	A3SS	1.0	1.0	1.0	0.711	1.0	1.0	1.0	1.0	1.0	1.0	1.0	1.0	1.0	1.0
405	AT2G24755	A3SS	0.759	0.235	0.412	0.568	0.849	0.584	0.402	0.476	0.149	0.231	0.706	0.26	0.763	0.627
406	AT2G36895	A3SS	0.771	0.779	0.49	0.896	0.692	0.49	0.878	0.546	0.885	1.0	0.776	1.0	0.926	1.0
407	AT2G24270	A3SS	0.915	0.916	0.917	0.917	0.875	0.919	0.953	0.948	0.933	0.975	0.968	0.861	0.879	0.975
409	AT2G24140	A3SS	1.0	0.0		1.0				1.0				1.0		
410	AT2G24140	A3SS	1.0	0.6	1.0	1.0	1.0		1.0	1.0			1.0		1.0	1.0
411	AT2G24140	A3SS	1.0	1.0	1.0	0.5	1.0		1.0	0.2			1.0	0.0	1.0	1.0
412	AT2G24040	A3SS	1.0	1.0	1.0	1.0	1.0	1.0	0.941	1.0	1.0	1.0	1.0	1.0	1.0	1.0
413	AT2G23985	A3SS	0.668	0.418	0.376	0.316	0.315	0.668	0.23	0.318	0.103	0.301	0.341	0.253	0.217	0.256
414	AT2G23985	A3SS	0.7	0.875	0.412	0.696	0.714	1.0	0.857	0.778	0.6	1.0	0.692	0.667	1.0	0.111
415	AT2G23910	A3SS	0.0			1.0	0.0	0.0	0.0			0.446			0.0	0.0
420	AT2G22990	A3SS	0.994	1.0	1.0	0.993	1.0	1.0	1.0	1.0	1.0	1.0	1.0	1.0	1.0	1.0
421	AT2G22990	A3SS	0.712	0.88	0.792	0.757	0.895	0.769	0.861	0.907	0.851	0.895	0.928	0.95	0.869	0.74
422	AT2G22980	A3SS	1.0	1.0	1.0	0.9	0.964	1.0	1.0	1.0	1.0	1.0	1.0	1.0	1.0	0.9
424	AT2G22730	A3SS		0.0		1.0	0.0	0.0	0.383	0.0		0.0	0.285	0.0	0.0	0.0
427	AT2G22310	A3SS		0.0		0.0	0.0		0.176	0.714	0.0	0.0	0.0	0.0	0.0	1.0
428	AT2G22260	A3SS	1.0	1.0		1.0	1.0			0.0				1.0		1.0
430	AT2G21880	A3SS	1.0	0.932	1.0	1.0	1.0	1.0	1.0	1.0	0.883	1.0	1.0	1.0	1.0	1.0
432	AT2G21580	A3SS	1.0	0.992	0.991	1.0	1.0	1.0	1.0	1.0	1.0	1.0	0.996	1.0	0.994	1.0
433	AT2G21370	A3SS	1.0	1.0	1.0	0.275	1.0	1.0	0.587	0.322	0.74	0.487	0.322		0.613	0.0
435	AT2G21270	A3SS	0.015	0.019	0.029	0.021	0.059	0.0	0.097	0.022	0.0	0.0	0.023	0.021	0.019	0.04
436	AT2G20950	A3SS	0.188	0.481	0.217	0.649	0.316	0.0	0.0	0.382	0.209	0.236	0.078	0.382	0.665	0.27
437	AT2G20815	A3SS	0.325	1.0	1.0	0.906		1.0	0.591	0.0	1.0	1.0	1.0	1.0	0.49	0.0
439	AT2G20495	A3SS	0.149	0.0	0.127	0.149	0.0	0.0	0.0	0.246	0.304	0.0	0.0	0.08	0.063	0.0
440	AT2G20490	A3SS	1.0	0.979	0.972	0.995	0.95	1.0	1.0	0.994	0.984	0.987	1.0	0.93	0.994	1.0
441	AT2G20400	A3SS	0.0	0.0	0.0	0.0	0.0		0.0	0.194	0.0	0.0	0.0	0.0	0.0	0.49
443	AT2G20290	A3SS	0.0	0.0	0.269	0.0	0.0		0.0			0.0	0.595	0.0	0.0	0.0
444	AT2G20270	A3SS	0.0	0.0	0.015	0.018	0.036	0.0	0.021	0.056	0.037	0.018	0.083	0.021	0.081	0.0
445	AT2G20210	A3SS	1.0	1.0	1.0	1.0	1.0	1.0	0.859	0.723	1.0	0.466	1.0	1.0	1.0	1.0
446	AT2G20180	A3SS	0.655	0.904	0.912	0.822	0.923	0.446	0.961	0.954	1.0	0.927	0.838	0.833	0.893	0.809
447	AT2G20050	A3SS	0.817	0.856	0.837	0.884	0.877	0.862	0.781	1.0	1.0	0.835	0.886	0.823	0.85	0.941
450	AT2G18960	A3SS	0.022	0.032	0.036	0.031	0.022	0.024	0.046	0.032	0.029	0.021	0.035	0.045	0.029	0.024
451	AT2G18740	A3SS	1.0	0.978	1.0	1.0	1.0	0.964	1.0	1.0	1.0	1.0	1.0	1.0	1.0	1.0
452	AT2G22010	A3SS	0.113	0.0	0.106	0.203	0.0	0.0	0.166	0.323	0.0	0.229	0.169	0.216	0.058	0.0
453	AT2G18300	A3SS	0.918	0.878	0.941	0.899	0.91	0.911	0.908	0.898	0.876	0.863	0.886	0.86	0.932	0.897
455	AT2G17540	A3SS	0.273	0.064	0.0	0.091	0.231	0.0	0.148	0.214	0.0	0.0	0.0	0.353	0.025	0.273
456	AT2G17442	A3SS	1.0		1.0	1.0	0.49			1.0	1.0				0.828	1.0
457	AT2G17442	A3SS			1.0	1.0	1.0			0.0					0.0	0.0
458	AT2G17130	A3SS	0.932	0.945	0.791	0.558	0.886	0.564	0.858	0.674	1.0	0.633	0.77	0.583	0.915	0.858
460	AT2G16940	A3SS	0.622	0.5	0.645	0.493	0.493	0.462	0.488	0.5	0.364	0.382	0.56	0.613	0.534	0.455
461	AT2G16900	A3SS	0.429	0.231	0.091	0.211	0.286	0.0	0.2	0.097	0.333	0.294	0.366	0.154	0.095	1.0
462	AT2G16860	A3SS	0.04	0.0	0.051	0.0	0.0	0.043	0.036	0.0	0.2	0.083	0.016	0.0	0.0	0.071
463	AT2G47510	A3SS	0.954	0.766	0.934	0.819	0.88	0.886	0.873	0.822	0.691	0.734	0.754	0.697	0.788	0.932
464	AT2G15430	A3SS	0.143	0.032	0.0	0.062	0.0	0.0	0.158	0.0	0.0	0.0	0.0	0.0	0.0	0.048
468	AT2G14260	A3SS	0.069	0.0	0.0	0.043	0.029	0.116	0.075	0.038	0.021	0.0	0.01	0.038	0.049	0.0
469	AT2G14210	A3SS	0.0	0.0	0.0	0.0	0.275		0.0	0.089	0.0	0.0	0.061	0.0	0.023	0.0
470	AT4G08390	A3SS	1.0	1.0	1.0	0.955	1.0	0.658	1.0	1.0	0.658	1.0	0.958	1.0	1.0	1.0
471	AT4G17310	A3SS		0.0	1.0		1.0		1.0	0.143	0.0	1.0	0.5	1.0	0.467	1.0
472	AT4G17310	A3SS	0.0		0.75	1.0			0.143	1.0	1.0	1.0	0.5	1.0	1.0	1.0
474	AT2G12480	A3SS							0.0	1.0						1.0
475	AT2G12480	A3SS							0.0							1.0
476	AT2G12480	A3SS								0.0						1.0
477	AT2G26030	A3SS	0.357	0.127	0.208	0.225	0.143	0.143	0.236	0.205	0.106	0.0	0.189	0.11	0.134	0.143
478	AT2G26350	A3SS	1.0	1.0	0.9	1.0	1.0	1.0	1.0	1.0	1.0	1.0	1.0	1.0	1.0	1.0
480	AT4G24230	A3SS	0.117	0.481	0.543	0.287	0.419	0.236	0.11	0.036	0.156	0.27	0.316	0.357	0.222	0.481
482	AT2G07680	A3SS		0.0	0.0	0.13	0.0		0.0	0.0		0.0	0.0	0.0	0.0	0.0
483	AT4G38600	A3SS	1.0	1.0	1.0	1.0	1.0	1.0	1.0	1.0	1.0	1.0	1.0	1.0	0.991	1.0
484	AT2G05830	A3SS	1.0	1.0	0.939	1.0	1.0	1.0	1.0	1.0	1.0	1.0	1.0	1.0	1.0	1.0
487	AT2G04700	A3SS	0.904	0.909	0.96	0.974	1.0	1.0	0.98	1.0	1.0	1.0	0.942	1.0	0.932	0.942
489	AT2G04270	A3SS	1.0	0.738	1.0	0.859	1.0	0.652	0.859	1.0	1.0	1.0	0.738	0.701	0.859	1.0
490	AT2G04270	A3SS	1.0	1.0	0.867	1.0	0.775	1.0	1.0	0.697	0.657	0.605	0.873	0.843	0.898	1.0
491	AT2G04270	A3SS	0.149	0.179	0.157	0.279	0.304	0.149	0.317	0.196	0.088	0.0	0.269	0.333	0.139	0.0
492	AT2G04235	A3SS			0.0	0.181	0.0		0.0	0.0				0.0	0.0	0.0
493	AT2G37160	A3SS	0.333	0.111	0.4	0.12	0.0	0.0	0.231	0.333	0.091	0.2	0.231	0.125	0.2	0.25
495	AT2G03390	A3SS	1.0	0.892	1.0	1.0	0.923	0.9	1.0	0.871	0.889	0.889	1.0	0.96	0.84	1.0
496	AT2G03360	A3SS				0.633	1.0			0.0			0.0			
497	AT2G18760	A3SS	0.0	0.111	0.0	0.04	0.0	0.0	0.0	0.385	0.0	0.333	0.0	0.0	0.0	0.0
498	AT2G03060	A3SS		1.0	1.0	0.41		1.0	0.08	0.0	1.0	1.0	0.723	0.51	0.258	
499	AT2G03060	A3SS	0.2	0.286	0.25	0.222	0.2	0.333	0.171	0.167	0.429	0.111	0.25	0.238	0.034	
500	AT2G03060	A3SS	0.296	0.144	0.0	0.265	0.296	0.0	0.373	0.457	0.0	0.0	0.123	0.24	0.153	
501	AT2G02860	A3SS	0.765	0.584	0.862	0.6	0.805	0.805	0.759	0.887	0.75	0.692	0.822	0.877	0.855	1.0
502	AT2G02780	A3SS	1.0	1.0	1.0	1.0	1.0	1.0	1.0	1.0	1.0	1.0	1.0	0.75	1.0	1.0
503	AT2G02710	A3SS	0.627	0.785	0.693	0.699	0.682	0.735	0.705	0.726	0.753	0.762	0.815	0.694	0.684	0.694
504	AT2G02710	A3SS	1.0	1.0	1.0	1.0	1.0	1.0	1.0	1.0	0.977	1.0	1.0	1.0	1.0	1.0
505	AT2G02470	A3SS	0.507	0.524	0.697	0.58	0.424	0.612	0.565	0.495	0.445	0.62	0.575	0.603	0.377	0.424
506	AT2G02410	A3SS	1.0	1.0	1.0	1.0	1.0	1.0	1.0	1.0	1.0	1.0	1.0	1.0	1.0	0.8
507	AT2G02148	A3SS			1.0	1.0				1.0	0.0			0.0	1.0	1.0
508	AT2G02148	A3SS		0.388	0.826	0.792			0.792	1.0		0.655	0.416	0.74	0.895	0.74
510	AT2G01460	A3SS	0.0	0.0	0.066	0.051	0.0	0.0	0.107	0.0	0.0	0.0	0.036	0.09	0.039	0.0
511	AT2G01460	A3SS	0.645	0.805	0.814	1.0	1.0	1.0	1.0	1.0	1.0	1.0	0.904	0.368	0.805	1.0
512	AT2G01220	A3SS	0.942	0.931	1.0	0.926	1.0	1.0	0.961	0.954	1.0	1.0	0.977	1.0	0.98	0.865
514	AT3G63510	A3SS	0.426	1.0	1.0	1.0	1.0	1.0	1.0	1.0	1.0	1.0	1.0	1.0	1.0	1.0
515	AT3G63490	A3SS	1.0	1.0	1.0	1.0	1.0	1.0	1.0	1.0	1.0	0.989	1.0	1.0	0.995	1.0
517	AT4G37630	A3SS	0.0	0.0	1.0	0.712		1.0	0.866	0.0	0.481		0.649	0.735	0.481	0.0
518	AT3G63280	A3SS	1.0	1.0	1.0	0.768	0.57		1.0	0.399	1.0	1.0	1.0	1.0	1.0	1.0
519	AT3G63180	A3SS	0.336	0.202	0.296	0.661	0.726	0.431	0.581	0.318	0.791	0.841	0.773	0.806	0.312	0.532
520	AT3G62970	A3SS	0.176	0.242	0.079	0.189	0.079	0.0	0.146	0.193	0.46	0.0	0.043	0.0	0.034	0.109
521	AT3G62940	A3SS	0.216	0.198	0.391	0.184	0.261	0.105	0.312	0.476	0.507	0.331	0.397	0.236	0.414	0.292
522	AT3G62800	A3SS	0.849	0.824	1.0	0.678	1.0	0.0	0.738	0.789	1.0	1.0	0.405	0.686	0.374	1.0
523	AT3G62620	A3SS	1.0	1.0	1.0	0.812	1.0	1.0	1.0	1.0	1.0	1.0	0.858	0.812	1.0	
524	AT3G62300	A3SS	0.0	0.243	0.658	0.366	0.658	0.0	0.06	0.265	1.0	0.391	0.355		0.325	0.0
525	AT3G62030	A3SS	1.0	1.0	1.0	1.0	1.0	1.0	1.0	1.0	1.0	1.0	1.0	1.0	1.0	0.981
526	AT3G61700	A3SS	0.085	0.0	0.027	0.112	0.04	0.143	0.115	0.111	0.0	0.25	0.053	0.135	0.253	0.081
529	AT3G60286	A3SS	1.0	0.658	1.0	1.0	0.658	0.743	1.0	1.0	1.0	1.0	1.0	0.794	1.0	
530	AT3G60240	A3SS	0.066	0.052	0.075	0.013	0.085	0.209	0.0	0.099	0.0	0.098	0.144	0.065	0.066	0.181
531	AT3G60240	A3SS	1.0	0.966	0.951	0.9	0.806	0.787	0.972	0.905	0.893	1.0	0.863	1.0	0.937	0.903
532	AT2G02960	A3SS	0.556	0.83	0.709	0.837	0.75	0.273	0.656	0.717	0.9	0.714	0.547	0.652	0.517	0.771
533	AT3G60040	A3SS	1.0	0.698	0.0	0.0	0.581	0.481	1.0	0.735	1.0		0.787	1.0	0.357	1.0
534	AT3G60040	A3SS	1.0	0.0	0.0	0.0	0.309	0.472		0.229	1.0		0.817	1.0	0.0	1.0
535	AT3G60040	A3SS		0.0			0.0	0.49	0.0	0.0	0.0		0.591	0.658	0.0	0.658
536	AT2G44140	A3SS	0.933	1.0	1.0	1.0	1.0	1.0	0.92	0.843	1.0	1.0	1.0	0.94	0.954	1.0
538	AT3G59770	A3SS	0.113	0.032	0.101	0.047	0.0	0.042	0.0	0.057	0.025	0.045	0.051	0.04	0.018	0.033
539	AT3G59680	A3SS	1.0	0.3	0.596	0.446	0.616	0.0	0.211	0.243	0.616	0.082	0.707	0.541	0.446	0.763
540	AT3G59490	A3SS	0.909	1.0	0.731	0.909	0.891	0.863	0.376	0.855	0.575	0.613	0.885	0.803	0.665	0.76
541	AT3G59470	A3SS		1.0	1.0	1.0	1.0	1.0	1.0	0.726	1.0	1.0	0.93	1.0	0.638	1.0
542	AT3G59410	A3SS	0.138	0.0	0.088	0.051	0.0	0.0	0.231	0.0	0.391	1.0	0.296	0.194	0.231	0.292
543	AT3G59090	A3SS	1.0	0.882	0.947	0.909	1.0	0.818	0.88	0.929	0.87	0.941	0.906	0.86	0.857	0.938
544	AT3G58930	A3SS	0.5		1.0				0.556	0.231	1.0		0.6	1.0	0.778	0.0
545	AT3G58760	A3SS	0.08	0.342	0.13	0.0	0.09	0.104	0.077	0.112	0.104	0.0	0.148	0.14	0.104	0.229
546	AT3G58670	A3SS	0.971	1.0	1.0	1.0	0.966	0.95	0.902	1.0	1.0	1.0	1.0	1.0	1.0	1.0
547	AT3G57630	A3SS	1.0	1.0	1.0	0.893	1.0		1.0	1.0	1.0		1.0	0.718	1.0	1.0
548	AT3G57410	A3SS	0.005	0.024	0.053	0.02	0.009	0.022	0.022	0.026	0.03	0.013	0.033	0.014	0.025	0.035
549	AT3G57410	A3SS	0.049	0.038	0.05	0.042	0.053	0.051	0.054	0.045	0.042	0.02	0.036	0.06	0.04	0.031
550	AT3G57380	A3SS	1.0		1.0	0.736	1.0		1.0	1.0		1.0	0.912		0.761	1.0
552	AT3G56720	A3SS	0.046	0.38	0.134	0.284	0.366	0.194	0.259	0.092	0.224	0.069	0.315	0.233	0.306	0.208
553	AT3G56720	A3SS	0.136	0.144	0.16	0.158	0.04	0.21	0.156	0.086	0.054	0.31	0.127	0.162	0.177	0.221
555	AT3G56160	A3SS	0.2	0.143	0.143	0.0	0.333	0.2	0.034	0.333	0.143	0.0	0.172	0.238	0.304	0.167
556	AT3G55880	A3SS	1.0	0.75	1.0	1.0	1.0	1.0	1.0	1.0	1.0	1.0	1.0	1.0	1.0	1.0
558	AT3G55520	A3SS	0.045	0.048	0.048	0.008	0.0	0.0	0.12	0.04	0.0	0.073	0.053	0.111	0.05	0.029
559	AT3G55160	A3SS	0.0	0.0	0.847	0.0	0.0	0.136	0.0	0.0	0.0	0.0	0.0	0.116	0.0	
560	AT3G55020	A3SS	0.04	0.057	0.016	0.019	0.0	0.0	0.083	0.039	0.0	0.0	0.053	0.079	0.048	0.043
561	AT3G54970	A3SS	1.0	1.0	1.0	1.0		1.0	1.0	1.0	1.0	1.0	1.0	1.0	0.877	1.0
563	AT2G27340	A3SS	1.0	0.909	0.875	0.871	1.0	1.0	1.0	0.933	0.833	1.0	0.933	1.0	1.0	1.0
564	AT3G54750	A3SS	0.0	0.658	0.0	0.243	0.325	0.0	0.243	0.064	0.0	0.0	0.097	0.0	0.208	0.0
565	AT3G54750	A3SS	0.0	0.419	0.299	0.194	0.0	0.0	0.562	0.259		0.0	0.445	0.461	0.161	0.0
566	AT3G54750	A3SS	1.0	1.0	1.0	0.538	0.801		1.0	0.89	1.0	0.801	0.35	0.683	0.617	0.617
567	AT3G54740	A3SS	0.333	1.0	1.0	1.0	1.0	1.0	1.0	0.5	1.0	1.0	1.0	1.0	0.826	1.0
568	AT3G54510	A3SS	1.0	0.0	0.208	0.101	0.441	0.283	0.0	0.0	0.0		0.136	0.208	0.826	0.283
569	AT3G54500	A3SS	0.965	0.935	0.963	0.943	0.918	0.949	0.949	0.981	0.983	0.975	0.916	0.977	0.898	0.862
570	AT2G16990	A3SS		0.818	0.765	0.619	1.0	0.5	0.818	1.0	0.75	1.0	0.636	0.643	0.641	1.0
571	AT3G54350	A3SS	0.917	0.929	0.95	0.897	1.0	1.0	0.806	0.844	1.0	0.882	0.889	0.917	1.0	0.913
572	AT3G54350	A3SS	0.498	0.738	0.62	0.598	0.56	0.347	0.55	0.574	0.598	0.808	0.8	0.513	0.748	0.922
573	AT3G54230	A3SS	0.0	0.0	0.0	0.036	0.0	0.0	0.0	0.029	0.0	0.0	0.0	0.0	0.0	0.0
574	AT4G33625	A3SS	0.905	0.829	0.782	0.964	0.857	0.8	1.0	0.881	0.8	1.0	0.875	0.698	0.792	0.929
576	AT3G53570	A3SS	0.783	0.767	1.0	0.862	1.0	1.0	1.0	1.0	0.664	0.895	0.953	0.913	1.0	1.0
578	AT4G18070	A3SS	1.0	0.706	0.194	0.0	0.0		0.325	0.591	0.49	0.0		1.0	0.49	
579	AT3G53500	A3SS	0.25	0.276	0.396	0.299	0.377	0.106	0.375	0.348	0.27	0.234	0.298	0.325	0.336	0.171
581	AT3G52660	A3SS	0.2	0.333	0.474	0.268	0.091	0.556	0.5	0.4	1.0	0.25	0.692	0.385	0.429	0.75
582	AT3G52560	A3SS	0.016	0.011	0.017	0.016	0.005	0.01	0.009	0.022	0.005	0.0	0.009	0.029	0.009	0.0
583	AT3G52340	A3SS	0.15	0.213	0.228	0.23	0.286	0.364	0.316	0.167	0.161	0.2	0.288	0.224	0.247	0.19
584	AT3G52260	A3SS	0.229	0.229	0.472	0.229	0.284	0.373	0.117	0.152	0.373	0.229	0.373	0.0	0.145	1.0
585	AT3G52200	A3SS	0.07	0.0	0.015	0.032	0.05	0.0	0.011	0.037	0.032	0.0	0.034	0.077	0.022	0.069
587	AT3G52030	A3SS	0.0	0.077	0.266	0.198	0.12	0.12	0.214	0.072	0.0	0.0	0.276	0.179	0.0	0.246
588	AT3G51800	A3SS	0.03	0.0	0.012	0.012	0.0	0.0	0.027	0.015	0.0	0.0	0.0	0.029	0.0	0.0
590	AT3G51540	A3SS		0.29	1.0	1.0			1.0	0.71	1.0	1.0	1.0		1.0	
591	AT3G51390	A3SS	0.625	0.769	0.915	0.739	1.0	1.0	0.844	0.769	1.0	1.0	0.87	0.909	0.696	1.0
592	AT3G51075	A3SS		0.0	0.2	0.273			0.0	0.2	1.0		1.0	1.0	1.0	0.0
593	AT3G51075	A3SS				1.0		1.0	0.333	1.0	1.0		1.0	0.333	1.0	1.0
594	AT3G50240	A3SS	0.385	0.806	0.414	0.526	0.854	0.676	0.607	0.649	0.217	0.316	0.649	0.506	0.217	0.25
595	AT3G50210	A3SS	0.9	1.0	1.0	1.0	1.0	1.0	1.0	1.0	1.0	1.0	1.0	0.981	1.0	1.0
596	AT5G14770	A3SS	0.49			1.0			0.0	0.0	0.658	0.0				0.0
597	AT5G14740	A3SS	1.0	0.999	0.998	0.999	1.0	1.0	1.0	1.0	1.0	1.0	1.0	0.996	1.0	1.0
598	AT5G14740	A3SS	1.0	1.0	0.998	1.0	1.0	1.0	1.0	1.0	1.0	1.0	1.0	0.998	0.999	1.0
599	AT5G14740	A3SS	1.0	1.0	0.925	1.0	1.0	1.0	1.0	1.0	1.0	1.0	1.0	0.967	0.989	1.0
601	AT5G19030	A3SS	0.558	0.24	1.0	0.296	0.771	0.457	0.296	0.376	0.457	0.628	0.65	0.296	0.808	0.457
602	AT5G19030	A3SS	0.0	0.117	0.0	0.23	0.0	0.324	0.127	0.068	0.0	0.21	0.0	0.138	0.086	0.166
603	AT5G14430	A3SS	0.0	0.0	0.0	0.011	0.032	0.0	0.0	0.014	0.0	0.0	0.0	0.0	0.0	0.0
604	AT3G05480	A3SS	0.0	0.0	0.49	0.0			0.0			0.658	1.0		0.0	0.0
605	AT5G14270	A3SS	0.0	0.0	0.044	0.041	0.0	0.0	0.0	0.0	0.0	0.0	0.045	0.057	0.048	0.0
607	AT5G13980	A3SS	0.0	0.05	0.0	0.031	0.0	0.0	0.059	0.0	0.04	0.0	0.0	0.016	0.022	0.0
609	AT5G13660	A3SS			0.325	0.0	0.0		0.161	0.0	1.0	0.0	0.0		0.194	0.0
610	AT5G13590	A3SS	0.162	0.225	0.279	0.214	0.304	0.127	0.334	0.619	0.127	0.279	0.168	0.127	0.154	0.304
611	AT5G13590	A3SS	0.217	0.238	0.438	0.273	0.304	0.158	0.353	0.643	0.226	0.308	0.258	0.143	0.179	0.273
612	AT5G13590	A3SS	1.0	1.0	1.0	1.0	1.0	0.61	1.0	0.796	1.0	1.0	1.0	1.0	1.0	
613	AT5G13530	A3SS	0.871	0.616	0.658	0.794	1.0	1.0	0.579	1.0	1.0	1.0	0.785	0.885	0.634	1.0
614	AT1G60545	A3SS	1.0	0.455	0.714	0.455	1.0		0.806	1.0	0.0	1.0	0.676	1.0	1.0	1.0
615	AT2G02560	A3SS	0.481	0.431	0.526	0.473	0.459	0.41	0.469	0.507	0.316	0.481	0.494	0.284	0.481	0.455
616	AT1G55350	A3SS	0.732	0.881	0.632	0.686	0.741	0.439	0.752	0.658	0.632	0.51	0.806	0.871	0.783	0.758
617	AT1G34220	A3SS	0.0	0.032	0.083	0.018	0.0	0.0	0.061	0.016	0.0	0.103	0.0	0.071	0.015	0.067
618	AT3G57980	A3SS	0.481	0.0	0.581	0.569	0.156	0.0	0.316	0.104	0.156	0.316	0.526	0.618	0.299	0.426
619	AT5G14020	A3SS			1.0							0.0				
620	AT4G21720	A3SS	1.0	0.307	0.0	0.144			0.129	0.164	0.0	0.0	0.0	0.0	0.164	1.0
622	AT2G01690	A3SS	0.0	0.069	0.138	0.243	0.121	0.391	0.114	0.278	0.088	0.0	0.0	0.0	0.039	0.0
623	AT1G09060	A3SS	0.0	0.0	1.0	0.397	0.171	0.0	0.355	0.0		1.0	0.452		0.622	
624	AT5G11910	A3SS		1.0	0.611	1.0	1.0		1.0	1.0	1.0		1.0	1.0	1.0	1.0
625	AT2G02760	A3SS	0.004	0.016	0.018	0.011	0.0	0.006	0.014	0.012	0.007	0.022	0.019	0.008	0.013	0.049
626	AT3G63340	A3SS	0.852	0.92	0.956	0.853	0.734	0.923	0.873	0.799	0.901	0.948	0.835	0.93	0.91	1.0
627	AT3G63340	A3SS	0.151	0.464	0.256	0.226	0.339	0.299	0.252	0.146	0.231	0.161	0.183	0.123	0.2	0.046
628	AT5G11490	A3SS	0.02	0.0	0.014	0.0	0.0	0.0	0.02	0.0	0.0	0.0	0.027	0.0	0.0	0.043
630	AT1G78150	A3SS	0.007	0.013	0.014	0.004	0.013	0.0	0.006	0.005	0.014	0.011	0.017	0.008	0.007	0.012
631	AT5G11170	A3SS	0.32	0.277	0.363	0.251	0.232	0.368	0.407	0.402	0.146	0.185	0.28	0.355	0.31	0.387
633	AT1G10390	A3SS	1.0	0.764	0.847	0.94	1.0	1.0	0.887	1.0	1.0	0.787	0.96	0.755	0.887	0.618
634	AT4G34570	A3SS	1.0	1.0	0.667	1.0	1.0		1.0	1.0			1.0	1.0	1.0	1.0
635	AT4G33700	A3SS	1.0	1.0	1.0	1.0	1.0	1.0	1.0	1.0	0.736	1.0	1.0	1.0	1.0	1.0
638	AT5G10330	A3SS	1.0	1.0	1.0	0.939	1.0	1.0	0.618	0.884	1.0	0.581	1.0	0.922	1.0	1.0
639	AT5G10070	A3SS	0.875	1.0	1.0	1.0	1.0	1.0	1.0	1.0	1.0	1.0	1.0	1.0	1.0	1.0
640	AT5G09790	A3SS	0.0	0.0	1.0	0.49	1.0	0.0	0.794	0.49	0.0	0.0	0.658	0.325	0.138	
641	AT5G09690	A3SS		1.0		1.0			1.0						1.0	0.0
642	AT5G09690	A3SS	1.0	1.0	1.0	1.0	1.0		1.0	1.0	1.0	1.0	1.0	1.0	1.0	0.854
648	AT1G27720	A3SS			1.0				1.0						0.0	
649	AT1G27720	A3SS			1.0				1.0						0.556	
651	AT2G45670	A3SS	0.317	0.217	0.296	0.271	0.258	0.315	0.221	0.295	0.293	0.264	0.154	0.299	0.258	0.435
652	AT5G09250	A3SS	0.533	0.089	0.042	0.085	0.0	0.303	0.152	0.167	0.0	0.115	0.258	0.115	0.042	0.207
653	AT5G09240	A3SS	0.169	0.266	0.169	0.152	0.112	0.0	0.288	0.072	0.044	0.169	0.126	0.202	0.118	0.202
655	AT2G05210	A3SS	0.444	1.0	1.0	0.788	0.117	0.347	0.432	1.0	1.0	0.615	0.882	0.882	0.751	1.0
656	AT2G05210	A3SS	0.75	0.556	0.692	0.619	0.5	1.0	0.583	0.533	0.4	0.667	0.586	0.778	0.636	0.556
657	AT2G05210	A3SS	0.793	0.277	0.277	0.434	0.793	1.0	0.647	0.247	0.203	0.697	0.338	0.434	0.472	0.434
659	AT5G08470	A3SS	1.0	0.837	0.905	1.0	1.0	1.0	1.0	1.0	1.0	1.0	1.0	1.0	1.0	1.0
660	AT2G39950	A3SS	0.263	0.44	0.263	0.231	0.111	0.385	0.5	0.25	0.217	0.111	0.391	0.053	0.211	0.231
661	AT2G39950	A3SS	0.3	0.391	0.222	0.286	0.111	0.273	0.333	0.286	0.053	0.273	0.44	0.25	0.302	0.167
662	AT2G39950	A3SS	0.6	0.556	0.733	0.692	0.6	0.429	0.538	0.778	0.333	1.0	0.81	0.9	0.867	0.75
663	AT5G08190	A3SS	0.845	1.0	0.809	0.958	0.917	1.0	0.948	0.952	0.889	0.951	0.889	1.0	0.962	0.828
664	AT5G07890	A3SS	0.0			1.0			1.0					1.0		
665	AT1G52560	A3SS			1.0			0.281			1.0				1.0	1.0
667	AT5G64080	A3SS	1.0		1.0	0.564	1.0		1.0	1.0	1.0	1.0		1.0	0.301	1.0
668	AT5G10450	A3SS	0.992	0.993	0.992	0.993	0.989	0.99	0.99	0.993	0.996	0.996	0.99	0.989	0.996	0.993
669	AT5G10450	A3SS	0.667	0.711	0.52	0.669	0.509	0.556	0.634	0.694	0.667	0.778	0.636	0.556	0.75	0.714
670	AT5G10450	A3SS	0.003	0.005	0.004	0.005	0.002	0.001	0.004	0.006	0.003	0.003	0.008	0.004	0.003	0.006
672	AT5G06960	A3SS	0.452	0.937	0.819	0.811	0.622	1.0	0.712	0.912	0.536	0.507	0.702	0.933	0.832	1.0
673	AT5G06960	A3SS	0.0	0.0	0.035	0.064	0.111	0.127	0.05	0.049	0.0	0.0	0.098	0.0	0.029	0.0
674	AT5G06839	A3SS				0.097			0.0	1.0			0.0	0.391	0.0	1.0
675	AT3G33530	A3SS	1.0	0.0	1.0	0.586			1.0	1.0			1.0	1.0	1.0	0.0
677	AT2G21385	A3SS	1.0	1.0	1.0	1.0	1.0	1.0	1.0	0.931	1.0	1.0	1.0	1.0	1.0	1.0
678	AT2G21385	A3SS	1.0	0.931	0.897	1.0	1.0	1.0	0.922	1.0	0.877	1.0	0.804	1.0	0.87	1.0
679	AT5G06670	A3SS	0.0	0.0	0.0	0.0	0.0	0.0	0.174	0.0	0.0		1.0	0.0	0.0	0.0
680	AT4G34140	A3SS	0.0	0.092	0.094	0.051	0.0	1.0	0.156	0.057	0.129	0.149	0.097	0.132	0.097	0.161
681	AT4G34140	A3SS	0.658	0.712	0.616	0.648	0.658	0.591	0.567	0.794	0.627	0.706	0.636	0.419	0.602	0.546
683	AT4G14710	A3SS	0.0	0.0	0.0	0.013	0.0	0.0	0.007	0.0	0.017	0.0	0.008	0.0	0.0	0.0
684	AT2G31955	A3SS	0.817	0.598	1.0	0.471	0.331	0.0	0.366	0.157	0.426	0.331	0.626	0.69	0.634	0.331
685	AT1G50000	A3SS	1.0	0.524	1.0	0.768	1.0		1.0	0.524	1.0	0.623	1.0	1.0	0.524	0.0
687	AT5G06220	A3SS	0.734	0.623	0.706	0.563	0.703	0.822	0.658	0.61	0.771	0.583	0.57	0.546	0.833	0.712
688	AT5G06120	A3SS	0.75	0.862	0.773	0.875	0.684	1.0	0.806	0.605	0.4	0.7	0.605	0.887	0.624	0.714
689	AT5G06120	A3SS	0.553	0.228	0.466	0.402	0.292	0.08	0.235	0.325	0.794	0.616	0.296	0.206	0.458	0.325
690	AT5G06100	A3SS	1.0	1.0	1.0	0.938	1.0	1.0	1.0	1.0	1.0	0.714	1.0	1.0	1.0	1.0
691	AT5G05970	A3SS	0.194	0.0	0.194	0.102	0.243	0.49	0.204	0.204	0.0	0.194	0.325	0.121	0.107	0.591
693	AT1G70620	A3SS	0.711	0.932	1.0	0.853	1.0	1.0	0.79	0.853	1.0	0.774	0.635	0.909	0.76	0.48
694	AT1G70620	A3SS	0.284	0.446	0.279	0.509	0.276	0.178	0.442	0.365	0.401	0.762	0.453	0.498	0.45	0.507
695	AT1G70620	A3SS	0.458	0.548	0.519	0.566	0.5	0.565	0.544	0.612	0.375	0.302	0.617	0.446	0.486	0.397
696	AT1G70620	A3SS	1.0	1.0	0.974	1.0	1.0	1.0	1.0	0.978	1.0	1.0	1.0	1.0	1.0	1.0
699	AT5G12440	A3SS	0.333	1.0	1.0	0.538	1.0	1.0	0.778	0.714	1.0	1.0	0.75	1.0	0.667	
700	AT5G12440	A3SS	1.0	1.0	1.0	0.836	0.267	1.0	0.593	1.0	0.421	1.0	0.785	0.267	1.0	
701	AT5G12440	A3SS	1.0	1.0	1.0	0.847	0.355	1.0	0.355	1.0	0.524	1.0	0.794	0.355	1.0	1.0
702	AT5G12440	A3SS	1.0	1.0	1.0	1.0	1.0	1.0	0.217	1.0	1.0	1.0	0.676	0.581	0.776	1.0
704	AT1G55010	A3SS	1.0	1.0	1.0	1.0	1.0	1.0	1.0	1.0	1.0	1.0	1.0	1.0	0.752	1.0
705	AT5G04280	A3SS	0.299	1.0	1.0	1.0	0.63	0.719	1.0	0.719	1.0	1.0	1.0	1.0	1.0	0.63
706	AT5G04280	A3SS	0.444	0.083	0.297	0.394	0.333	0.5	0.538	0.228	0.333	0.333	0.263	0.405	0.44	0.455
707	AT5G04280	A3SS	0.524	0.083	0.235	0.286	0.333	0.333	0.471	0.214	0.2	0.25	0.2	0.371	0.333	0.4
708	AT5G04220	A3SS	0.0	0.0	0.0	0.0	0.0	0.0	0.0	0.0	0.029	0.0	0.026	0.0	0.0	0.067
709	AT4G16566	A3SS	1.0	0.0	0.615			1.0			1.0		0.0			
710	AT5G07920	A3SS	1.0	0.889	0.86	0.943	1.0	0.913	0.846	0.974	1.0	1.0	1.0	0.826	1.0	1.0
711	AT5G57270	A3SS	0.294	0.106	0.455	0.0	0.0			0.172		0.0	0.156	0.0	0.085	
712	AT4G15760	A3SS	0.0	0.037	0.011	0.021	0.017	0.125	0.025	0.008	0.046	0.023	0.051	0.04	0.008	0.0
713	AT5G04430	A3SS	0.454	0.496	0.436	0.499	0.625	0.365	0.548	0.482	0.572	0.403	0.523	0.466	0.492	0.428
714	AT5G18680	A3SS	0.0	0.077	0.0	0.043	0.167	0.0	0.082	0.302	0.125	0.176	0.176	0.102	0.015	0.0
716	AT5G02840	A3SS	0.693	0.678	0.75	0.783	0.774	0.814	0.67	0.781	0.625	0.778	0.752	0.759	0.674	0.767
719	AT2G27790	A3SS	0.441	1.0	1.0	0.441	0.441	0.0	1.0	1.0	1.0	1.0	0.734	0.798	1.0	1.0
720	AT5G45510	A3SS	0.121	0.051	0.119	0.095	0.034	0.097	0.186	0.107	0.077	0.156	0.164	0.231	0.131	0.088
722	AT3G60150	A3SS	1.0	0.886	1.0	1.0	1.0	1.0	1.0	1.0	1.0	1.0	1.0	1.0	1.0	1.0
723	AT5G01780	A3SS	0.167	0.25	0.167	0.221	0.222	0.0	0.333	0.161	0.091	0.333	0.125	0.15	0.158	0.053
724	AT1G54080	A3SS	0.0	0.039	0.011	0.013	0.017	0.0	0.016	0.007	0.119	0.0	0.008	0.017	0.025	0.053
725	AT5G46500	A3SS				0.455		0.41	0.41				1.0	0.0	0.676	
727	AT5G01030	A3SS	1.0	1.0	0.848	1.0	0.832	1.0	0.897	0.932	1.0	0.903	1.0	0.848	1.0	0.848
728	AT4G32560	A3SS	1.0	0.866	1.0	1.0	1.0	1.0	1.0	1.0	1.0	0.866	1.0	1.0	1.0	1.0
729	AT5G01230	A3SS	0.0	0.2	0.2	0.2	0.0		0.158	0.333	0.0	0.0	0.273	0.0	0.0	0.0
730	AT5G01520	A3SS	0.0	0.0	0.094	0.011	0.0	0.0	0.0	0.0	0.03	0.0	0.013	0.0	0.037	0.122
732	AT5G01180	A3SS	1.0	0.0	0.248	0.0	0.725	0.0	0.305	1.0	0.248		0.0		0.0	
733	AT1G04970	A3SS	0.095	0.093	0.113	0.097	0.113	0.322	0.208	0.137	0.117	0.142	0.192	0.117	0.165	0.072
734	AT1G17940	A3SS	1.0	1.0	0.765	1.0	1.0	1.0	1.0	0.929	1.0	1.0	0.942	1.0	0.922	1.0
736	AT2G47850	A3SS	0.846	0.613	1.0	1.0	0.895	0.625	0.895	0.778	0.667	1.0	0.744	0.846	0.857	0.875
737	AT1G80490	A3SS	0.49	0.435	0.273	0.431	0.63	0.228	0.391	0.483	0.439	0.351	0.562	0.368	0.448	0.351
738	AT1G80190	A3SS	0.213	0.064	0.192	0.043	0.137	0.24	0.106	0.0	0.119	0.275	0.24	0.263	0.127	0.0
739	AT1G80040	A3SS	0.031	0.032	0.008	0.031	0.036	0.0	0.059	0.032	0.059	0.105	0.065	0.034	0.043	0.136
740	AT4G04920	A3SS	0.0	0.0	0.0	0.049	0.263		0.0	0.0	0.0	0.125	0.0	0.0	0.082	0.0
741	AT4G04920	A3SS	0.0			0.41	1.0			1.0		1.0	0.0		1.0	
742	AT4G04920	A3SS	0.896	1.0	1.0	0.931	1.0		1.0	1.0	1.0	1.0	0.812	1.0	1.0	1.0
743	AT1G80000	A3SS	0.064	0.072	0.205	0.07	0.11	0.11	0.049	0.0	0.0	0.0	0.0	0.035	0.094	0.134
744	AT1G79985	A3SS	0.643	0.669	0.687	0.569	0.638	0.536	0.586	0.726	0.684	0.67	0.764	0.668	0.591	0.802
745	AT1G79920	A3SS	0.0	0.056	0.068	0.009	0.024	0.048	0.039	0.021	0.016	0.036	0.041	0.029	0.005	0.037
747	AT2G43080	A3SS	0.075	0.183	0.02	0.04	0.045	0.0	0.086	0.022	0.055	0.0	0.051	0.03	0.081	0.172
749	AT4G26140	A3SS	0.0	0.625	0.51	0.549	0.426	0.481	0.593	0.769	0.426	0.847	0.481	0.569	0.536	0.316
750	AT3G28956	A3SS		0.0	1.0	0.8	1.0	1.0	1.0	1.0	1.0	1.0	0.75	1.0	1.0	
751	AT2G40935	A3SS	0.0	0.358	0.0	0.218	0.271	0.0	0.317	0.0	0.0	0.788	0.157	0.271	0.426	0.0
752	AT2G45990	A3SS	1.0	1.0	1.0	1.0	1.0	1.0	0.945	0.975	1.0	1.0	1.0	0.969	1.0	1.0
753	AT1G08060	A3SS	0.0	0.0	0.0	0.0	0.0	0.0	0.325	0.0	0.0	1.0	0.0	0.0	0.0	0.0
754	AT1G78690	A3SS	0.0	0.124	0.233	0.321	0.0		0.298	0.469		0.347	0.191	0.321	0.243	0.261
755	AT1G53790	A3SS	1.0	0.71	1.0	1.0	1.0	1.0	1.0	1.0	1.0	1.0	1.0	1.0	0.891	0.74
756	AT4G01280	A3SS	0.0	0.706	0.344	0.366	0.161	0.49	0.49	0.342	0.325	0.292	0.445	0.252	0.398	0.161
758	AT5G65060	A3SS	1.0	0.581	1.0	1.0	1.0		0.581	1.0	1.0	1.0	0.874	0.51	1.0	1.0
759	AT4G28600	A3SS	0.0	0.263	0.07	0.284	0.106	0.0	0.126	0.256	0.152	0.135	0.135	0.132	0.211	0.122
760	AT1G35320	A3SS	0.325	0.49	0.375	0.391	0.828	0.325	0.4	0.182	0.49	0.194	0.292	0.182	0.49	0.391
761	AT1G77410	A3SS	0.455			0.0	0.0	0.0	0.0	0.0	0.0		0.0	0.0	0.0	0.0
762	AT3G16630	A3SS	0.961	0.863	0.919	0.983	0.935	1.0	0.728	0.911	0.808	0.898	0.884	0.788	0.962	0.884
763	AT1G77080	A3SS	0.029	0.035	0.052	0.022	0.014	0.091	0.033	0.034	0.055	0.098	0.052	0.078	0.053	0.051
764	AT5G04110	A3SS	0.0	0.051	0.0	0.726	0.0	0.591	0.445	0.176	1.0	0.278	0.0	0.325	0.243	0.243
765	AT1G33030	A3SS	0.0	1.0	0.0	0.0	0.0	0.0		0.0	0.189	0.0	0.0		1.0	
766	AT5G08560	A3SS	0.111	0.333	0.429	0.143	0.0		1.0	0.455	0.333	1.0	0.556	0.333	0.333	
768	AT1G76580	A3SS	1.0	0.953	1.0	1.0	1.0	1.0	1.0	1.0	1.0	1.0	1.0	0.924	0.902	1.0
769	AT1G76405	A3SS	1.0	1.0	1.0	0.898	1.0	1.0	1.0	1.0	1.0	0.726	0.882	1.0	0.955	0.907
770	AT2G39690	A3SS				0.0			1.0	0.49						0.0
772	AT4G37970	A3SS		0.0	0.0		0.352	0.0	0.0	0.0		0.0		0.0	0.0	
774	AT1G76040	A3SS	1.0	0.0	0.333	0.059	0.2	0.0	0.273	0.5		0.0	0.286	0.0	0.0	0.2
775	AT1G79500	A3SS	0.273	0.417	0.625	0.65	1.0	1.0	0.905	0.75	0.556	0.667	1.0	0.7	0.75	1.0
777	AT2G33585	A3SS	0.0	0.0	0.0	0.07	0.0	0.208	0.0	0.22	0.0	0.0	0.0	0.0	0.208	0.0
780	AT1G74420	A3SS	1.0	1.0	1.0		0.0		0.0						0.564	1.0
781	AT5G27970	A3SS	0.0	0.039	0.0	0.0	0.0	0.0	0.029	0.0	0.0	0.0	0.0	0.0	0.018	0.032
782	AT5G27970	A3SS	0.812	0.658	0.771	0.743	0.706	1.0	0.931	0.616	0.325	1.0	0.706	1.0	0.743	1.0
783	AT5G27970	A3SS	1.0	0.714	0.7	1.0	1.0	1.0	0.714	0.946	1.0	1.0	1.0	1.0	0.827	1.0
784	AT5G27970	A3SS	1.0	0.764	0.618	0.8	0.735	1.0	0.911	0.759	0.764	1.0	0.847	0.712	0.577	1.0
787	AT3G23255	A3SS		0.812	0.49	0.616	0.49	0.49	0.706	0.0	0.0	0.794	0.243	1.0	0.435	1.0
788	AT1G73350	A3SS	0.581	0.911	1.0	0.812	1.0	1.0	0.552	0.481	0.847	1.0	0.822	1.0	0.893	1.0
789	AT1G73350	A3SS	0.753	0.733	0.907	0.791	0.787	0.395	0.61	0.723	0.735	0.796	0.631	0.71	0.642	0.449
791	AT5G09860	A3SS	0.243	0.49	0.452	0.372	0.743		0.771	0.536	0.562	1.0	0.812	0.325	0.779	0.0
792	AT1G73090	A3SS	0.5	0.333	0.091	0.143	0.2	0.0	0.103	0.185	0.0	0.0	0.067	0.0	0.086	0.067
793	AT1G72990	A3SS	0.0	0.46	0.0	0.39	0.299	1.0	0.587	0.146	0.0	0.516	0.268	0.0	0.254	0.221
794	AT4G24590	A3SS	0.063	0.075	0.085	0.019	0.098	0.156	0.065	0.077	0.021	0.036	0.026	0.022	0.019	0.032
795	AT5G14610	A3SS	0.0	0.0	0.0	0.348		0.0	0.0	0.325	0.0	0.243	0.176	0.278	0.428	0.194
796	AT1G72640	A3SS	0.208	0.404	0.441	0.64	0.513	0.283	0.678	0.612	0.404	0.345	0.525	0.664	0.584	0.345
797	AT1G72640	A3SS	0.391	0.243	0.378	0.314	0.546	0.0	0.461	0.306	0.325	0.616	0.461	0.259	0.149	0.069
798	AT5G24740	A3SS	0.0	0.0	0.156	0.0	0.0	0.0	0.114	0.0	0.0	0.0	0.0	0.058	0.11	0.0
799	AT1G73650	A3SS	0.487	0.487	0.322	0.174	0.487		0.559	0.487	0.0		0.404	0.24	0.0	0.0
800	AT2G39280	A3SS	0.455	0.625	0.455	0.571	0.455	1.0	0.526	0.902	0.455	1.0	0.833	0.385	0.385	0.217
801	AT1G80640	A3SS	0.416	0.487	1.0	1.0	1.0		1.0	0.655	1.0	1.0	1.0	1.0	0.826	1.0
805	AT1G80260	A3SS	1.0	1.0	1.0	0.882	0.778	1.0	1.0	0.909	1.0	1.0	1.0	1.0	1.0	1.0
806	AT1G19650	A3SS	1.0	1.0	1.0	1.0		1.0	0.836	0.389	1.0	1.0	1.0	1.0	0.792	0.718
808	AT5G60570	A3SS	0.0		0.385	0.667			0.778	1.0			0.333	0.714	0.231	0.0
809	AT5G60570	A3SS	0.0	0.0	0.143	0.067	0.0	0.0	0.114	0.064	0.0	0.0	0.057	0.106	0.036	0.0
810	AT5G60570	A3SS	0.079	0.0	0.193	0.03	0.0	0.0	0.053	0.038	0.0	0.0	0.095	0.039	0.097	0.126
811	AT1G11870	A3SS	0.881	0.649	1.0	0.935	1.0	1.0	0.822	0.949	0.581	0.866	0.858	0.847	0.481	1.0
812	AT1G11870	A3SS	1.0	1.0	0.917	1.0	1.0	1.0	1.0	1.0	1.0	1.0	0.927	1.0	0.943	0.826
813	AT1G77810	A3SS	0.843	0.921	0.472	0.766	0.573	0.472	0.472	0.728	1.0	1.0	0.831	0.766	0.877	1.0
815	AT5G06265	A3SS		0.714	1.0	0.765	0.333	1.0	1.0	0.583	1.0	0.5	0.867	1.0	0.556	1.0
816	AT5G06265	A3SS					0.49		1.0				1.0		1.0	
817	AT5G06265	A3SS		0.658	0.49	0.0	0.0		0.0				0.49	0.0	0.391	
818	AT3G20650	A3SS	0.906	1.0	1.0	0.972	0.852	1.0	1.0	1.0	1.0	0.914	1.0	1.0	1.0	1.0
821	AT5G14780	A3SS	1.0	1.0	1.0	1.0	1.0	1.0	1.0	1.0	1.0	1.0	1.0	0.8	1.0	1.0
822	AT5G14780	A3SS	0.017	0.005	0.017	0.016	0.01	0.011	0.013	0.008	0.015	0.008	0.014	0.012	0.014	0.015
823	AT5G14780	A3SS	0.008	0.004	0.011	0.008	0.004	0.003	0.003	0.003	0.016	0.005	0.013	0.009	0.011	0.009
824	AT5G14780	A3SS	1.0	1.0	1.0	0.571	0.429	0.429	1.0	0.6	1.0	0.529	0.494	0.491	0.614	1.0
827	AT3G57550	A3SS	0.015	0.018	0.043	0.009	0.015	0.0	0.016	0.0	0.0	0.0	0.027	0.017	0.026	0.029
828	AT1G17520	A3SS	0.402	0.341	0.49	0.346	0.684	0.419	0.27	0.398	0.259	0.445	0.391	0.425	0.419	0.591
829	AT1G68890	A3SS			0.0	0.0	0.0	0.0	0.0	0.0	0.463	0.0	0.0	0.0	0.0	0.0
830	AT1G68872	A3SS	1.0	1.0	1.0	1.0	1.0	1.0	0.455	1.0	0.333		1.0	1.0	1.0	1.0
831	AT5G60120	A3SS	0.0		0.0	0.0	0.0	0.0	0.125	0.0	0.0	0.2	0.111	0.0	0.455	0.0
833	AT4G13150	A3SS	1.0	0.0	1.0	0.836	1.0	1.0	0.856	1.0	1.0	1.0	1.0	1.0	1.0	1.0
834	AT5G24060	A3SS	1.0	0.905	0.929	0.962	0.926	1.0	0.84	0.956	0.725	1.0	0.879	1.0	1.0	1.0
835	AT5G13870	A3SS	0.333	0.222	0.294	0.44	0.0		0.375	0.2	0.0	0.0	0.0	0.0	0.167	0.333
836	AT3G07470	A3SS	0.0	0.03	0.024	0.021	0.02	0.033	0.027	0.015	0.033	0.019	0.028	0.031	0.026	0.026
838	AT1G08310	A3SS	0.182	0.152	0.0	0.309	0.472	0.0	0.472	0.598	0.0	0.0	0.0	0.0	0.0	
839	AT1G26890	A3SS	1.0	1.0	1.0	1.0	1.0		1.0	1.0	1.0	1.0	1.0	0.667	1.0	1.0
840	AT1G50500	A3SS	0.891	1.0	0.941	1.0	0.886	1.0	1.0	0.918	1.0	1.0	1.0	1.0	1.0	1.0
841	AT1G50500	A3SS	0.945	0.826	0.965	0.98	1.0	1.0	0.971	0.958	1.0	0.918	0.979	0.787	1.0	1.0
842	AT1G50500	A3SS	0.0	0.0	0.0	0.021	0.0	0.0	0.0	0.019	0.0	0.0	0.0	0.059	0.0	0.0
844	AT5G49290	A3SS	0.354			1.0	1.0		1.0	1.0	0.0	1.0	0.686	1.0	1.0	0.523
845	AT1G25220	A3SS	0.0	0.0	0.0	0.03	0.0	0.0	0.035	0.0	0.0	0.0	0.068	0.076	0.054	0.086
846	AT1G67325	A3SS	0.366	1.0	0.776	0.658	0.812	0.658	0.743	0.706	0.719	1.0	0.698	0.833	0.616	0.896
848	AT1G67320	A3SS	0.0	0.0	0.0	0.0	0.0	0.0	0.048	0.0	0.0		0.0	0.0	0.0	0.0
849	AT1G67120	A3SS	0.0	0.0	0.0	0.0	0.0	0.0	0.0	0.0	0.281	0.0	0.281	0.135	0.0	0.0
850	AT1G29060	A3SS	0.866	1.0	0.925	0.807	1.0	0.52	1.0	1.0	1.0	1.0	1.0	1.0	0.945	0.852
851	AT4G15510	A3SS	0.737	0.158	0.699	0.663	1.0	0.771	0.737	0.574		1.0	0.574	0.628	0.741	0.871
852	AT4G15510	A3SS	1.0	0.638	0.755	0.514	0.227	1.0	0.469	0.431	0.726	0.57	0.57	0.815	0.702	0.469
853	AT1G66980	A3SS	1.0	1.0	1.0	1.0	1.0	1.0	1.0	1.0	1.0	1.0	1.0	1.0	0.941	1.0
854	AT3G58160	A3SS	1.0	0.0	0.0	0.306			0.638	0.57	0.306	0.0	0.469	0.469	1.0	0.0
856	AT2G44350	A3SS	0.084	0.036	0.019	0.012	0.057	0.0	0.028	0.0	0.04	0.092	0.038	0.039	0.013	0.031
857	AT1G06960	A3SS	1.0	1.0	0.918	0.946	0.921	0.754	0.945	0.948	1.0	1.0	0.921	0.948	0.935	1.0
859	AT5G55100	A3SS	0.778	0.742	0.7	1.0	0.8	0.667	0.789	0.667	0.875	0.636	0.933	0.765	0.571	0.6
860	AT5G55100	A3SS	0.5	0.467	0.6	1.0	0.5	0.5	0.652	0.579	0.778	0.429	0.889	0.429	0.25	0.556
861	AT5G55100	A3SS	0.0	0.139	0.28	0.393	0.177	0.0	0.147	0.357	0.0	0.0	0.177	0.162	0.35	0.393
862	AT1G67040	A3SS	0.156	0.188	0.866	0.202	0.0	0.0	0.481	0.531	1.0	0.735	0.481	0.209	0.514	0.481
863	AT3G02500	A3SS	0.0	0.194	0.0	1.0		0.0	0.0	0.0		0.0	0.0	0.0	0.0	0.0
864	AT5G22690	A3SS	1.0	0.607	1.0	1.0	1.0		1.0	1.0	1.0	1.0	1.0	1.0	1.0	0.756
865	AT1G67500	A3SS	0.0	0.0	0.0	0.0		0.0	0.0	0.161	0.0	0.0	0.0	0.0	0.243	0.0
866	AT1G67500	A3SS	0.0	0.0	0.0	0.194	0.0	0.0	0.0	0.0	0.0	0.0	0.0	0.243	0.743	0.0
867	AT3G22950	A3SS	1.0	0.907	0.88	0.917	0.867	1.0	0.858	1.0	0.914	0.83	0.917	0.939	0.939	1.0
868	AT1G65540	A3SS	0.0	0.178	0.296	0.101	0.087	0.132	0.171	0.377	0.431	0.0	0.285	0.275	0.351	0.431
869	AT1G52870	A3SS	1.0	1.0	1.0	1.0	1.0	1.0	1.0	1.0	1.0	1.0	1.0	1.0	1.0	0.655
870	AT5G63870	A3SS	0.088	0.068	0.287	0.189	0.192	0.259	0.139	0.063	0.088	0.304	0.065	0.046	0.137	0.104
871	AT3G62840	A3SS	0.562	0.631	0.647	0.732	0.627	0.729	0.623	0.709	0.65	0.616	0.572	0.56	0.611	0.658
874	AT5G11510	A3SS		0.0	0.603	0.67		0.0	0.0	0.503		1.0	0.336	1.0	0.0	
875	AT1G64110	A3SS		1.0	0.649	1.0	0.0	1.0	0.764	1.0		0.0	0.481	0.536	1.0	0.822
877	AT3G26890	A3SS	0.781	0.71	0.693	0.704	0.731	0.698	0.607	0.676	0.616	0.473	0.603	0.643	0.685	0.734
879	AT1G63860	A3SS	0.2	0.091	0.273	0.032	0.333	0.0	0.256	0.0	0.0	0.0	0.185	0.053	0.304	0.0
881	AT1G63830	A3SS	0.054	0.061	0.019	0.032	0.0	0.0	0.0	0.04	0.034	0.034	0.01	0.037	0.039	0.0
882	AT1G63610	A3SS	0.137	0.0	0.095	0.053	0.0	0.0	0.095	0.0	0.0	0.0	0.041	0.073	0.0	0.0
883	AT1G63490	A3SS	0.194	0.243	0.138	0.097	0.194		0.339	0.243	0.0	0.0	0.145	0.161	0.171	0.0
884	AT1G65270	A3SS	0.333	0.4	0.333	0.588	0.333	0.6	0.351	0.286	0.0	0.5	0.29	0.333	0.231	0.294
888	AT1G62790	A3SS	0.794	0.939	0.878	0.8	0.812	0.606	0.836	0.856	1.0	0.935	0.883	0.94	0.932	0.847
889	AT3G44960	A3SS	1.0			0.0			1.0	0.455	1.0		1.0	1.0	1.0	
891	AT2G32760	A3SS	0.436	0.823	0.537	0.925	0.563	1.0	0.52	0.903	1.0	0.205	0.834	0.874	0.607	0.205
892	AT2G36010	A3SS	1.0		0.0	1.0				1.0		0.0	0.481			
895	AT2G44750	A3SS	0.552	0.481	0.505	0.797	0.581	1.0	0.618	0.581	0.874	0.581	0.636	0.526	0.536	0.481
896	AT5G10630	A3SS	1.0	1.0	1.0	1.0	1.0	1.0	1.0	1.0	0.871	1.0	1.0	1.0	1.0	1.0
897	AT5G10630	A3SS		0.0	0.0	0.0	0.0	0.0	0.0	0.0	0.455	0.0	0.0		0.0	
899	AT3G51770	A3SS	1.0	1.0	1.0	0.889	0.84	0.822	0.951	0.946	1.0	0.787	0.861	0.776	0.965	0.8
901	AT1G61660	A3SS	1.0	1.0	0.968	0.972	1.0	1.0	0.955	1.0	1.0	1.0	1.0	1.0	1.0	1.0
902	AT1G66410	A3SS	0.0	0.011	0.033	0.012	0.025	0.0	0.024	0.01	0.008	0.008	0.009	0.01	0.01	0.012
906	AT1G61240	A3SS	1.0	1.0	1.0	0.92	0.733	1.0	1.0	1.0	1.0	1.0	1.0	1.0	1.0	1.0
907	AT4G35140	A3SS	0.333	0.273	0.444	0.481	0.667	0.2	0.448	0.5	0.143	0.2	0.636	0.429	0.548	1.0
908	AT5G51620	A3SS	0.423	0.262	0.459	0.36	0.444	0.111	0.467	0.291	0.568	0.243	0.354	0.484	0.286	0.357
909	AT1G61150	A3SS	0.6	0.762	0.81	0.68	0.617	0.667	0.808	0.565	0.714	0.636	0.532	0.606	0.782	0.826
913	AT1G74150	A3SS			1.0			1.0		1.0				0.0	1.0	
914	AT4G31570	A3SS	0.466	0.538	0.657	0.757	1.0	0.777	0.604	0.744	0.723	1.0	0.636	0.486	0.832	0.567
915	AT4G31570	A3SS	1.0	0.706	0.777	0.895	0.797	0.777	0.821	0.946	1.0	0.813	0.736	0.929	1.0	0.897
916	AT1G60600	A3SS	0.475	1.0	1.0	0.508	0.731	0.0	1.0	0.939	1.0	1.0	0.797	1.0	0.927	0.644
918	AT1G60505	A3SS	0.63	0.561	0.46	0.254	1.0		0.81	0.719	1.0	1.0	0.499	0.63	0.773	0.0
919	AT3G27990	A3SS	0.0	0.0	0.0	0.059	1.0	0.0	1.0	0.0	1.0	0.0	0.0	0.0	0.091	0.0
920	AT1G60200	A3SS	0.885	0.841	0.865	0.906	0.872	0.917	0.874	0.88	0.812	0.674	0.874	0.849	0.879	0.617
922	AT1G60140	A3SS	0.061	0.087	0.036	0.041	0.079	0.026	0.11	0.043	0.143	0.105	0.083	0.025	0.06	0.042
923	AT4G02120	A3SS	1.0	1.0	1.0	1.0	1.0		1.0	1.0	1.0		0.167	1.0	1.0	1.0
924	AT4G02120	A3SS	1.0	1.0	1.0	0.943	1.0	1.0	0.929	1.0	1.0	1.0	1.0	1.0	1.0	1.0
927	AT3G46500	A3SS	1.0	0.0	0.612	0.612		0.0	0.612	0.283		0.283	0.612	0.703		1.0
930	AT1G79630	A3SS		1.0	1.0	0.336	0.336	0.202	0.458	0.336		1.0	0.458	1.0	0.0	1.0
932	AT1G76870	A3SS	0.436	0.0		0.279			0.162	0.607	1.0	0.0	0.436	0.205	0.0	0.0
934	AT1G59750	A3SS	0.182	0.309	0.332	0.277	0.0	0.229	0.309	0.229	0.166	0.229	0.229	0.309	0.309	0.1
935	AT1G59750	A3SS	0.772	0.774	0.908	0.781	0.746	0.498	0.627	0.778	0.708	0.612	0.67	0.778	0.719	0.653
936	AT5G21970	A3SS	0.0	0.357	1.0	0.769	0.0		0.69	0.0	0.357	0.0	0.182	0.0	0.217	0.0
937	AT1G59660	A3SS	0.0	0.0		0.0	0.0		0.0	0.0	0.0	0.439	0.0	0.0	0.0	
938	AT5G43910	A3SS	0.0	1.0	0.0	0.0	1.0		0.0	1.0	0.301	0.0	1.0	1.0	0.223	0.0
939	AT5G43910	A3SS	0.515	1.0	0.639	0.739	1.0	1.0	0.864	1.0	0.639	0.895	1.0	1.0	0.68	0.821
941	AT1G25290	A3SS	0.0	0.0	0.1	0.0	0.0		0.0	0.0	0.0	0.0	0.163	0.0	0.148	0.0
943	AT5G06980	A3SS	0.98	0.923	0.945	0.907	0.939	0.859	0.935	0.95	0.912	0.875	0.964	0.838	0.976	1.0
944	AT5G06980	A3SS	0.624	0.554	0.589	0.539	0.513	0.597	0.592	0.57	0.679	0.585	0.601	0.628	0.561	0.54
945	AT5G13790	A3SS	0.0	0.641	0.0	0.781	0.182	0.0	0.182	1.0	0.0	1.0	1.0	1.0	1.0	1.0
946	AT2G27920	A3SS	1.0	1.0	1.0	1.0	1.0	1.0	0.907	1.0	1.0	1.0	1.0	1.0	1.0	1.0
947	AT3G10840	A3SS			0.0	0.5			1.0	0.0				0.333	0.0	
948	AT1G57870	A3SS	0.16	0.695	0.467	0.669	0.613	0.322	0.467	0.297	0.275	0.704	0.717	0.571	0.697	0.851
949	AT1G56720	A3SS	0.126	0.342	0.202	0.152	0.385	0.484	0.294	0.319	0.0	0.349	0.394	0.208	0.251	0.15
950	AT1G22750	A3SS	0.159	0.362	1.0	0.74	1.0	0.694	0.63	0.362	1.0	1.0	0.362	0.63	0.532	0.532
952	AT1G29960	A3SS	0.0	0.0	0.124	0.134	0.0	0.63	0.254	0.146	0.0	0.0	0.176	0.221	0.0	0.0
953	AT5G45472	A3SS	1.0	0.881	0.577	0.594	0.797	0.713	0.658	0.538	1.0	0.813	0.807	0.929	0.57	0.788
955	AT5G66005	A3SS	1.0		1.0				1.0	1.0		1.0		0.0	1.0	
957	AT1G56180	A3SS	0.099	0.128	0.0	0.084	0.169	0.227	0.161	0.0	0.0	0.164	0.172	0.181	0.122	0.068
958	AT3G01780	A3SS	0.891	1.0	1.0	0.974	1.0	1.0	1.0	0.953	0.83	0.803	1.0	1.0	1.0	0.88
961	AT3G57470	A3SS	0.921	0.954	0.763	0.869	0.68	1.0	0.914	1.0	0.915	0.823	0.929	0.814	0.975	0.802
963	AT1G55750	A3SS	1.0	1.0	1.0	0.923	1.0	1.0	1.0	1.0	1.0	0.5	0.889	1.0	1.0	1.0
964	AT1G02690	A3SS	0.0	0.0	0.0	0.0	0.0	0.0	0.08	0.0	0.0	0.0	0.0	0.0	0.0	0.0
966	AT1G25280	A3SS	1.0	1.0	1.0	0.966	1.0	1.0	1.0	0.978	1.0	1.0	1.0	0.96	1.0	1.0
967	AT1G55530	A3SS	0.033	0.0	0.0	0.016	0.0	0.02	0.042	0.015	0.01	0.0	0.017	0.005	0.022	0.0
968	AT1G55500	A3SS	1.0	0.397	0.568	0.513	0.568	0.568	0.631	0.651	0.697	0.305	0.862	0.767	0.467	1.0
970	AT1G55325	A3SS	0.0	0.0	0.0	0.111	0.028	0.0	0.035	0.014	0.0	0.0	0.017	0.026	0.0	0.0
971	AT4G38900	A3SS	0.0	0.092	0.0	0.0	0.0	0.0	0.0	0.0	0.0	0.0	0.0	0.0	0.0	0.0
972	AT5G25770	A3SS	0.877	0.641	0.843	0.801	0.817	1.0	0.766	1.0	0.641	0.309	0.944	1.0	0.843	1.0
973	AT1G31830	A3SS	0.514	0.485	0.514	0.346	0.613	0.0	0.552	0.514	0.421	0.402	0.425	0.451	0.454	0.367
974	AT5G05310	A3SS	0.0	0.0	0.0	0.0	0.0	0.0	0.0	0.19	0.0	0.0	0.338	0.105	0.094	0.0
975	AT5G05310	A3SS	0.21	0.827	1.0	0.854	1.0	1.0	1.0	1.0	1.0	1.0	0.745	1.0	0.948	1.0
976	AT3G26510	A3SS	1.0	1.0	1.0	0.988	1.0	1.0	1.0	1.0	1.0	1.0	1.0	1.0	0.982	1.0
977	AT1G54920	A3SS	1.0	0.976	1.0	0.986	1.0	1.0	1.0	0.988	1.0	1.0	1.0	1.0	1.0	1.0
978	AT1G54680	A3SS	0.913	0.879	1.0	0.807	1.0	0.899	0.945	0.927	1.0	0.906	0.943	0.913	0.801	1.0
979	AT1G17450	A3SS	1.0	1.0	1.0	0.938	1.0	1.0	1.0	1.0	1.0	1.0	1.0	1.0	1.0	1.0
980	AT4G10480	A3SS	1.0	1.0	0.987	1.0	1.0	1.0	1.0	0.987	1.0	1.0	0.991	1.0	1.0	1.0
982	AT1G54217	A3SS	0.243	0.194	0.0	0.243	0.243		0.292	0.0		0.0	0.0	0.0	0.0	0.0
983	AT1G54020	A3SS	1.0	1.0		1.0					0.0					
986	AT2G18100	A3SS	1.0		1.0	0.0			1.0	0.0				1.0	1.0	1.0
988	AT3G18500	A3SS	0.301	0.0	0.812	0.0	1.0	0.0	0.0	0.633	0.0	0.0	0.301	0.463	0.0	0.126
989	AT3G18500	A3SS	0.0	0.0	0.0	0.0	1.0	0.0	0.0	0.0	0.0	0.0	0.0	0.0	0.0	0.0
990	AT1G53090	A3SS	0.0	0.0	0.0	0.04	0.0	0.0	0.0	0.098	0.0	0.0	0.0	0.0	0.038	0.0
991	AT3G61710	A3SS	1.0	1.0	1.0	1.0	1.0	0.693	0.972	1.0	1.0	1.0	1.0	1.0	1.0	1.0
992	AT5G59090	A3SS	0.93	1.0	0.909	1.0	1.0	1.0	0.968	1.0	1.0	1.0	1.0	1.0	1.0	1.0
993	AT5G59090	A3SS	0.975	1.0	0.951	0.982	0.949	1.0	0.987	0.962	1.0	0.943	0.989	0.983	0.96	1.0
994	AT5G59980	A3SS	0.0		0.46	0.0	0.0	0.0		0.0						1.0
997	AT1G09980	A3SS	0.771	0.49	0.812	0.698	0.278	1.0	0.684	0.643	0.49	0.906	0.837	0.658	0.627	1.0
998	AT2G20790	A3SS	1.0	0.912	0.775	0.932	1.0	1.0	1.0	0.766	0.789	1.0	0.78	0.862	0.928	1.0
1000	AT2G33815	A3SS	1.0	1.0	0.913	1.0	1.0	1.0	1.0	1.0	1.0	0.928	1.0	0.956	1.0	1.0
1001	AT1G22700	A3SS	0.0	0.04	0.03	0.0	0.0	0.0	0.0	0.019	0.0	0.0	0.0	0.0	0.0	0.0
1002	AT1G52630	A3SS	1.0	0.508	0.408	0.707	0.103		0.791	0.44	0.256	0.674	0.408	0.478	0.623	0.579
1004	AT1G56440	A3SS	0.682	0.192	0.682	0.851	0.417	1.0	0.543	0.865	0.588	0.811	0.682	0.811	0.909	1.0
1005	AT3G44530	A3SS	0.243	0.743	0.574	0.339	0.743		0.057	0.49	1.0	0.0	0.161	0.49	0.0	0.562
1009	AT5G24670	A3SS	0.0	0.0	0.0	0.034	0.0	0.0	0.017	0.021	0.0	0.0	0.038	0.0	0.024	0.0
1011	AT2G47410	A3SS	0.781	0.819	0.65	0.765	0.811	0.3	0.817	0.833	0.865	1.0	0.565	0.797	0.846	0.769
1012	AT5G07360	A3SS	1.0	1.0	1.0	1.0	1.0	1.0	1.0	0.955	0.701	1.0	0.916	1.0	0.947	1.0
1013	AT1G69580	A3SS	0.0	0.278	0.0	0.0	0.0	0.0	0.0	0.0	0.138	0.0	0.0	0.0	0.069	0.107
1014	AT2G01900	A3SS	1.0	1.0	1.0	0.802			1.0	1.0	1.0	1.0	1.0	0.746	1.0	1.0
1015	AT5G15540	A3SS	0.065	0.0	0.0	0.0	0.101	0.0	0.0	0.079	0.0	0.0	0.035	0.0	0.0	0.0
1016	AT5G15540	A3SS					1.0		0.0	1.0					1.0	0.0
1020	AT1G51590	A3SS	0.952	0.96	1.0	0.923	0.895	1.0	1.0	0.699	1.0	0.919	0.886	0.886	0.927	1.0
1021	AT3G27730	A3SS		0.0	0.0									1.0		
1022	AT3G27730	A3SS		0.0	0.0								1.0	1.0		
1025	AT1G79520	A3SS	0.368	0.407	0.472	0.463	0.2	0.429	0.522	0.677	0.478	0.778	0.65	0.529	0.519	0.29
1026	AT1G03250	A3SS	0.037	0.082	0.152	0.082	0.0	0.0	0.092	0.0	0.0	0.0	0.0	0.0	0.041	0.0
1027	AT1G19350	A3SS	1.0	1.0	0.915	0.93	0.914	1.0	0.978	0.939	0.866	0.942	0.979	0.947	0.947	1.0
1028	AT1G19330	A3SS	0.0	0.0	0.069	0.023	0.0	0.0	0.0	0.0	0.0	0.0	0.039	0.0	0.0	0.0
1029	AT1G19330	A3SS	0.217	0.0	0.065	0.189	0.0	0.217	0.233	0.0	0.0	0.0	0.138	0.323	0.085	0.294
1030	AT2G20585	A3SS	1.0	0.0	0.571	0.857	1.0	0.333	0.5	0.333	0.0	0.333	0.231	0.25	0.529	0.5
1031	AT2G20585	A3SS	0.25	0.0	0.286	0.125	0.25	0.143	0.12	0.308	0.0	0.6	0.091	0.043	0.28	0.0
1032	AT2G20585	A3SS	0.2	0.1	0.375	0.125	0.143	0.333	0.185	0.333	0.091	0.6	0.375	0.154	0.25	0.067
1033	AT4G30480	A3SS	0.05	0.029	0.048	0.053	0.106	0.0	0.02	0.079	0.0	0.0	0.074	0.019	0.043	0.0
1034	AT1G53760	A3SS	1.0	1.0	1.0	1.0	1.0	0.753	0.961	1.0	1.0	1.0	1.0	0.936	1.0	1.0
1035	AT1G08630	A3SS	1.0	1.0	1.0	0.996	1.0	1.0	1.0	1.0	0.997	1.0	1.0	1.0	1.0	1.0
1036	AT1G08630	A3SS	1.0	0.993	1.0	1.0	1.0	1.0	1.0	0.977	1.0	1.0	1.0	1.0	1.0	1.0
1037	AT1G08630	A3SS	1.0	0.997	1.0	1.0	1.0	1.0	1.0	0.99	1.0	1.0	1.0	1.0	1.0	1.0
1038	AT1G08630	A3SS	0.979	0.993	1.0	1.0	1.0	0.985	0.973	0.995	0.995	1.0	0.991	1.0	1.0	1.0
1040	AT1G58025	A3SS	0.419	0.391	0.524	0.404	0.658	0.658	0.442	0.466	0.616	0.278	0.49	0.452	0.529	0.325
1041	AT1G58025	A3SS	0.214	0.0	0.0	0.0	0.0	0.0	0.059	0.032	0.0	0.0	0.0	0.0	0.0	0.0
1042	AT4G39200	A3SS	1.0	0.997	1.0	0.998	0.997	1.0	0.997	1.0	1.0	0.997	0.997	1.0	0.999	1.0
1043	AT4G03270	A3SS	1.0		1.0	1.0			0.49	0.194		1.0			1.0	0.0
1044	AT4G12020	A3SS	1.0	1.0	1.0	0.75	1.0	1.0	0.867	1.0	1.0	1.0	1.0	1.0	1.0	1.0
1045	AT1G15280	A3SS	0.366	0.536	0.224	0.645	0.536	0.885	0.419	0.49	0.762	0.828	0.556	0.292	0.771	0.149
1046	AT1G66465	A3SS	1.0	1.0	0.667	1.0	1.0	1.0	1.0	1.0	1.0		1.0	1.0	1.0	1.0
1047	AT3G29160	A3SS	0.824	0.948	0.879	1.0	0.929	0.824	1.0	0.859	0.758	1.0	0.974	1.0	0.861	1.0
1050	AT5G11380	A3SS	0.238	0.484	0.652	0.211	0.0		0.273	0.135	0.0	0.0	0.0	0.0	0.319	0.385
1051	AT1G14570	A3SS	1.0	0.97	1.0	0.962	0.898	1.0	1.0	0.962	0.963	1.0	0.982	0.921	0.953	1.0
1052	AT1G14570	A3SS	0.964	1.0	1.0	1.0	0.859	0.845	1.0	1.0	1.0	1.0	0.982	0.979	0.966	0.957
1053	AT1G21640	A3SS	0.0	0.051	0.031	0.0	0.0	0.0	0.0	0.0	0.0	0.0	0.022	0.0	0.0	0.0
1054	AT4G14520	A3SS	0.333	0.5	1.0	0.111	0.143	0.5	0.571	0.556	0.333	0.111	0.579	0.25	0.6	1.0
1055	AT4G14520	A3SS	0.333	0.5	0.238	0.043	0.111	1.0	0.111	0.222	1.0	0.333	0.478	0.125	0.316	0.333
1058	AT1G07780	A3SS	0.0	1.0	0.0	0.0		0.0	0.0				0.0			1.0
1059	AT3G52170	A3SS	0.0	0.457	0.219	0.424	0.0	0.219	0.558	0.252	0.219	0.0	0.219	0.252	0.413	0.0
1060	AT1G34120	A3SS	0.743	1.0	1.0	0.937	1.0	1.0	1.0	1.0	1.0	1.0	1.0	1.0	1.0	1.0
1061	AT1G17350	A3SS	0.465	0.51	0.442	0.549	0.294	1.0	0.758	0.735	0.0	0.41	0.847	0.549	0.38	0.581
1062	AT1G17350	A3SS	1.0	1.0	1.0	1.0	1.0	1.0	0.735	1.0		1.0	1.0	1.0	1.0	
1064	AT1G02990	A3SS	1.0	0.644	1.0	1.0	1.0	1.0	1.0	1.0	1.0	1.0	1.0	1.0	0.927	1.0
1066	AT3G55470	A3SS	0.828	0.945	0.634	0.721	0.194	1.0	0.539	0.837	0.762	0.49	0.676	0.52	0.762	0.706
1067	AT1G06710	A3SS	0.333		1.0	0.765	0.5		0.733	1.0	0.25	0.5	1.0	0.429	0.333	
1068	AT1G06710	A3SS	1.0		1.0	0.0			1.0	0.0	0.0	0.0	1.0	0.0	1.0	
1069	AT1G06710	A3SS	1.0	1.0	1.0	0.5	1.0		1.0	0.0	0.0	0.0	1.0	0.2	1.0	
1070	AT1G06710	A3SS	1.0	1.0	0.371	1.0	1.0	1.0	1.0	1.0		1.0	1.0	1.0	1.0	
1072	AT2G05520	A3SS	1.0	1.0	1.0	1.0	1.0	1.0	1.0	1.0	1.0		0.779	1.0	1.0	1.0
1073	AT2G05520	A3SS	1.0	1.0	1.0	1.0	1.0	1.0	1.0	1.0	1.0		1.0	0.83	1.0	1.0
1074	AT2G05520	A3SS	1.0	1.0	1.0	1.0			1.0	1.0			1.0	0.0		
1076	AT1G72840	A3SS	0.0		0.294	0.046	0.0	0.0	0.211	0.263	0.0	0.0	0.172	0.135	0.238	0.172
1077	AT1G16040	A3SS		1.0	1.0	1.0	1.0	1.0	1.0	1.0	1.0	1.0	1.0	1.0	1.0	0.57
1079	AT2G43490	A3SS	1.0	0.578	1.0	0.696	1.0		0.407	1.0			0.733	0.846	1.0	1.0
1080	AT2G43490	A3SS	1.0	0.581	0.822	0.806			0.649	0.316	1.0		1.0	1.0	0.847	1.0
1081	AT1G01690	A3SS				0.0	1.0		0.391	0.49	0.0		0.49	1.0	0.658	
1082	AT1G59840	A3SS	1.0	1.0	1.0	1.0	1.0	1.0	1.0	1.0	1.0	1.0	0.931	1.0	1.0	1.0
1083	AT3G47550	A3SS	1.0	1.0	1.0	1.0	1.0	1.0	1.0	1.0	1.0	1.0	1.0	0.946	0.964	0.892
1084	AT5G41520	A3SS	1.0	1.0	1.0	0.995	0.979	1.0	1.0	1.0	1.0	1.0	1.0	1.0	1.0	1.0
1085	AT1G15790	A3SS	0.204	0.455	0.172	0.118	0.571	0.0	0.342	0.28	0.323	0.455	0.294	0.053	0.526	0.217
1086	AT1G13320	A3SS	0.022	0.0	0.0	0.011	0.023	0.0	0.025	0.039	0.0	0.0	0.031	0.059	0.02	0.0
1087	AT5G17560	A3SS	0.0	0.0	0.0	0.015	0.0	0.0	0.028	0.0	0.0	0.111	0.024	0.074	0.0	0.029
1089	AT1G30500	A3SS	1.0	1.0	1.0	1.0	1.0	1.0	0.939	1.0	1.0	1.0	1.0	1.0	1.0	1.0
1090	AT1G77800	A3SS	0.0	0.536	0.278	0.299	0.49	0.49	0.259	0.194	0.278	0.49	0.097	0.591	0.591	0.49
1091	AT3G07890	A3SS	0.325	0.44	0.265	0.64	0.138	0.243	0.286	0.49	0.49	0.445	0.658	0.375	0.553	0.391
1095	AT5G54430	A3SS	0.025	0.045	0.023	0.035	0.017	0.023	0.039	0.047	0.022	0.02	0.028	0.012	0.039	0.059
1097	AT2G32950	A3SS	0.1	0.0	0.079	0.206	0.106	0.322	0.044	0.079	0.0	0.119	0.154	0.181	0.079	0.151
1098	AT1G14170	A3SS	0.752	0.841	1.0	1.0	1.0	1.0	1.0	1.0	1.0	1.0	1.0	1.0	1.0	1.0
1101	AT1G63110	A3SS	1.0	0.948	0.959	1.0	0.943	0.863	0.954	0.954	0.703	1.0	1.0	0.952	0.908	0.892
1102	AT5G21222	A3SS	0.091	0.25	0.36	0.286	0.385	0.0	0.52	0.314	0.2	0.4	0.312	0.294	0.333	0.273
1103	AT3G47630	A3SS	1.0	0.615	0.889	1.0	1.0	1.0	1.0	1.0	0.444	1.0	1.0	1.0	1.0	1.0
1104	AT5G10470	A3SS	0.435	0.658	0.428	0.424	0.278	0.49	0.27	0.228	0.49	0.391	0.638	0.579	0.161	0.606
1105	AT5G11350	A3SS	0.0	0.0	0.243	0.0	0.0		0.0	0.121	0.0	0.0	0.0	0.0	0.0	0.0
1106	AT1G13770	A3SS	1.0	1.0	0.867	0.9	0.851		0.813	0.74	0.62	0.62	0.379	0.449	0.914	0.71
1107	AT4G16620	A3SS			1.0						0.0		0.349			
1108	AT5G10480	A3SS	1.0	1.0	1.0	0.981	1.0	1.0	1.0	1.0	1.0	1.0	0.969	1.0	1.0	1.0
1109	AT3G28070	A3SS		1.0	1.0	1.0	0.507	0.0	1.0	1.0			0.606	1.0	1.0	1.0
1111	AT5G06800	A3SS	0.0	0.357	0.0	0.0	0.0	0.0	0.172	0.0	0.0	0.0	0.294	0.294	0.094	0.0
1112	AT5G24310	A3SS	1.0	1.0	1.0	1.0	1.0	1.0	1.0	0.885	1.0	1.0	1.0	0.794	1.0	1.0
1113	AT2G28910	A3SS	0.086	0.028	0.018	0.031	0.0	0.023	0.019	0.016	0.032	0.0	0.027	0.021	0.007	0.0
1115	AT1G80650	A3SS	1.0	0.886	0.881	0.788	1.0	0.721	1.0	0.775	0.912	0.66	0.808	0.894	0.751	1.0
1116	AT5G61410	A3SS	0.934	0.905	0.879	0.891	0.869	0.901	0.889	0.893	0.897	0.868	0.869	0.9	0.854	0.862
1117	AT1G13060	A3SS	0.0	0.0	0.01	0.011	0.007	0.0	0.01	0.0	0.011	0.009	0.005	0.0	0.017	0.0
1118	AT1G67840	A3SS	0.388	0.0	0.087	0.206	0.0	0.192	0.0	0.24	0.24	0.24	0.0	0.137	0.0	0.0
1120	AT1G42540	A3SS	1.0	1.0	1.0	1.0	1.0	1.0	1.0	1.0	1.0	1.0	0.765	1.0	1.0	0.556
1122	AT5G51200	A3SS	0.848	0.778	0.845	0.851	0.898	0.857	0.903	0.792	0.855	0.832	0.902	0.943	0.867	0.894
1124	AT1G12730	A3SS	1.0	1.0	1.0	0.847			1.0	1.0	1.0	1.0	0.0	0.703	1.0	1.0
1125	AT1G22960	A3SS	0.0		0.449	1.0	1.0	1.0	0.449	0.62		0.0	0.0	0.765	0.55	1.0
1127	AT5G36930	A3SS		0.0	0.0	0.336	0.0		0.0	0.602		1.0	0.0	0.0	0.0	1.0
1128	AT1G03457	A3SS	0.155	0.348	0.72	0.206	0.37	0.0	0.243	0.507	0.208	0.57	0.17	0.155	0.19	0.424
1129	AT2G15910	A3SS	0.0	0.022	0.008	0.019	0.029	0.019	0.042	0.035	0.045	0.02	0.053	0.0	0.039	0.053
1130	AT5G46410	A3SS	0.113	0.19	0.104	0.012	0.05	0.0	0.038	0.058	0.045	0.0	0.061	0.152	0.066	0.24
1131	AT5G09410	A3SS	0.225	0.0	0.0	0.12	0.0	0.0	0.093	0.0	0.162	0.0	0.031	0.225	0.0	0.192
1132	AT1G12430	A3SS	0.0	0.325	0.0	0.046	0.0	0.107	0.0	0.0	0.0	0.08	0.0	0.0	0.0	0.0
1133	AT1G05000	A3SS	0.091	0.0	0.103	0.071	0.0	0.0	0.086	0.022	0.0	0.0	0.111	0.152	0.034	0.077
1136	AT1G63480	A3SS	0.0			1.0		1.0	1.0	1.0						0.0
1137	AT3G11720	A3SS	0.0	0.104	0.0	0.043	0.0	0.0	0.129	0.0	0.0	0.0	0.046	0.266	0.0	0.0
1138	AT4G03115	A3SS	0.292	0.0	0.121	0.171	0.0		0.278	0.452	1.0		0.171	0.0	0.0	
1141	AT5G26910	A3SS	1.0	0.871	0.591	1.0	0.794	1.0	1.0	1.0	1.0	0.794	0.914	1.0	1.0	
1142	AT2G40820	A3SS	1.0	1.0	1.0	1.0	0.798		1.0	1.0	1.0	1.0	1.0	1.0	1.0	1.0
1143	AT1G11880	A3SS	0.0		1.0	1.0	1.0		1.0	0.279		0.0	0.205	0.0	1.0	1.0
1144	AT4G38270	A3SS	0.0	1.0	0.826	0.372	0.587		0.895	0.487	0.322	0.322	0.289	0.587	0.24	0.0
1145	AT4G38270	A3SS	1.0	0.655	1.0	0.874	1.0	1.0	0.905	0.835	1.0	0.74	1.0	1.0	1.0	0.689
1146	AT1G21400	A3SS	0.037	0.031	0.039	0.059	0.03	0.032	0.061	0.036	0.046	0.029	0.059	0.034	0.038	0.058
1147	AT1G09995	A3SS	0.0	0.0	0.273	0.08	0.1	0.143	0.125	0.0	0.111	0.067	0.111	0.059	0.13	0.0
1148	AT1G77890	A3SS	1.0	1.0	0.829	0.829	1.0	1.0	1.0	0.839	0.776	1.0	1.0	1.0	1.0	1.0
1150	AT1G29850	A3SS	0.142	0.114	0.16	0.175	0.224	0.129	0.096	0.138	0.128	0.194	0.195	0.15	0.106	0.136
1151	AT3G42670	A3SS		0.0			0.0	0.0	0.0				0.0	0.0	1.0	0.0
1152	AT1G05830	A3SS	1.0	1.0	1.0	1.0	1.0	1.0	1.0	1.0	1.0	1.0	1.0	1.0	1.0	0.891
1155	AT1G11180	A3SS	0.0	0.033	0.0	0.018	0.0	0.248	0.149	0.095	0.0	0.0	0.0	0.03	0.0	0.0
1156	AT1G11840	A3SS	0.185	0.245	0.061	0.175	0.168	0.172	0.245	0.275	0.122	0.209	0.197	0.203	0.22	0.146
1157	AT1G11840	A3SS	1.0	1.0	1.0	1.0	1.0	1.0	1.0	1.0	1.0	1.0	0.995	1.0	1.0	1.0
1158	AT5G02860	A3SS	0.0	1.0	0.537	0.659	0.607	0.0	0.436	0.756	1.0	1.0	0.0	1.0	0.756	0.436
1159	AT3G11930	A3SS	0.812	0.907	0.936	0.872	0.864	0.852	0.874	0.857	0.882	0.917	0.831	0.899	0.857	0.832
1160	AT1G14910	A3SS	0.965	0.915	1.0	0.973	0.963	0.833	0.857	0.915	0.951	0.957	0.97	0.929	0.971	0.97
1161	AT2G03640	A3SS	0.0	0.03	0.054	0.003	0.019	0.016	0.014	0.016	0.013	0.032	0.02	0.029	0.019	0.032
1162	AT2G03640	A3SS	0.869	0.779	0.83	0.798	0.84	0.881	0.818	0.785	0.723	0.768	0.819	0.702	0.888	0.823
1163	AT1G10870	A3SS	0.294	0.038	0.0	0.152	0.0	0.0	0.0	0.106	0.0	0.0	0.0	0.0	0.0	0.094
1164	AT5G49305	A3SS			1.0									0.0		
1165	AT1G33060	A3SS	0.683	0.764	0.601	0.516	0.775	1.0	0.866	0.784	0.463	0.496	0.95	0.672	0.956	0.751
1167	AT1G10590	A3SS	0.319	0.172	0.122	0.281	0.172	0.0	0.556	0.263	0.385	0.455	0.385	0.534	0.349	0.0
1168	AT1G08840	A3SS	0.309		1.0					0.472	0.0		0.0			
1169	AT3G09090	A3SS	0.0	0.0	0.0	0.0	0.0	0.0	0.024	0.029	0.0	0.0	0.0	0.0	0.0	0.0
1170	AT1G22910	A3SS	0.412	0.295	0.441	0.384	0.678	0.664	0.362	0.558	0.301	0.18	0.411	0.441	0.484	0.47
1171	AT1G31600	A3SS	0.822	0.676	0.866	0.84	0.712	1.0	0.852	0.822	1.0	0.764	0.769	0.832	1.0	0.649
1172	AT1G71860	A3SS	1.0	0.981	1.0	1.0	1.0	1.0	0.968	0.916	1.0	0.918	0.968	1.0	0.972	1.0
1173	AT1G71860	A3SS	1.0	0.969	0.978	0.989	0.972	1.0	0.919	1.0	0.939	0.966	0.986	1.0	0.962	1.0
1174	AT3G17120	A3SS	0.0	0.0	0.0	0.0	0.0		0.375	0.333	0.143	0.143	0.143	0.143	0.0	0.0
1177	AT5G24080	A3SS	1.0		0.0	1.0							1.0			
1178	AT4G23980	A3SS	1.0	1.0		1.0	0.649		1.0	0.881	1.0	1.0	0.917	1.0	0.836	
1179	AT4G23860	A3SS	0.49	0.445	0.208	0.267	0.256	0.391	0.259	0.351	0.348	0.243	0.428	0.171	0.4	0.828
1181	AT1G07119	A3SS	1.0	1.0		1.0			0.0	1.0			0.125	1.0		
1182	AT1G10095	A3SS	0.0			0.077	0.0	1.0	0.333	0.0	0.0	0.0	0.167	0.0	0.077	0.2
1184	AT2G44530	A3SS	1.0	1.0	0.859	0.914	0.841	1.0	1.0	1.0	1.0	1.0	0.935	1.0	1.0	1.0
1185	AT1G47230	A3SS	0.391	0.0	0.06	0.49	0.216	0.161	0.121	0.325	0.194	0.0	0.208	0.171	0.256	0.0
1187	AT4G02760	A3SS	0.4	0.333	0.176	0.214	0.333	0.2	0.25	0.133	0.0	0.333	0.238	0.2	0.13	0.0
1189	AT1G53780	A3SS	0.794	0.616	0.194	0.126	0.097	0.278	0.372	0.272	0.49	0.097	0.057	0.591	0.088	0.243
1190	AT1G53780	A3SS	1.0	1.0	1.0	1.0	1.0	1.0	1.0	0.987	1.0	1.0	1.0	1.0	1.0	1.0
1191	AT5G13390	A3SS	0.472	0.309	0.166	0.095	0.203	0.472	0.472	0.284	0.0	0.472	0.472	0.517	0.269	0.338
1192	AT2G31865	A3SS	0.417	0.0	0.0	0.0	0.0		0.417	0.0	1.0	1.0	0.517		0.488	0.682
1193	AT3G60510	A3SS	0.0	0.099	0.133	0.161	0.338	1.0	0.0	0.0	0.087	0.0	0.0	0.434	0.0	0.0
1194	AT1G55310	A3SS	0.202	0.401	0.423	0.334	0.413	0.415	0.331	0.277	0.409	0.458	0.364	0.306	0.295	0.278
1195	AT1G23230	A3SS	1.0	0.812	0.912	1.0	1.0	0.0	0.425	0.858	0.463	1.0	0.775	0.668	0.789	0.633
1196	AT1G67140	A3SS	0.138	0.0	0.048	0.111	0.216	0.0	0.149	0.057	0.121	0.194	0.0	0.161	0.06	0.0
1197	AT1G08220	A3SS	0.652	0.484	0.211	0.556	0.0		0.19	0.584		0.0	0.385	0.0	0.211	0.0
1198	AT1G01640	A3SS	1.0	1.0	0.863	1.0	0.664	1.0	1.0	1.0	1.0	1.0	0.954	0.946	1.0	0.863
1200	AT3G13225	A3SS	0.333	1.0	1.0	0.75	1.0	1.0	0.647	1.0	0.5	1.0	0.8	1.0	0.714	0.5
1201	AT5G12840	A3SS	0.658	0.706	0.794	0.598	0.562	0.391	0.43	0.524	0.658	0.529	0.735	0.719	0.676	0.49
1204	AT5G51410	A3SS	0.733	1.0	0.578	0.748	1.0	1.0	1.0	1.0	0.0	1.0	0.533	0.478	0.785	0.0
1205	AT3G10480	A3SS	0.862	0.794	0.878	0.692	0.914	0.743	0.779	0.641	0.896	0.914	0.529	0.569	0.812	0.692
1208	AT3G15690	A3SS	0.0	0.018	0.012	0.005	0.0	0.062	0.015	0.009	0.067	0.0	0.009	0.024	0.018	0.0
1211	AT4G00420	A3SS	1.0	1.0	1.0	1.0	0.931	1.0	0.958	0.935	1.0	1.0	1.0	0.812	0.966	1.0
1214	AT3G18530	A3SS	0.079	0.223	0.22	0.293	0.094	0.0	0.28	0.065	0.0	1.0	0.147	0.0	0.166	0.205
1216	AT5G17690	A3SS	0.0	0.0	0.089	0.0	0.0	0.439	0.207	0.0	0.0	0.0	0.0	0.089	0.0	0.0
1217	AT4G13030	A3SS	0.427	0.271	0.284	0.442	0.641	1.0	0.678	0.641	1.0	0.373	0.728	0.394	0.663	0.113
1218	AT4G13030	A3SS	0.097	0.0	0.591	0.384	0.107	0.161	0.38	0.336	0.161	0.176	0.299	0.355	0.182	0.0
1219	AT5G16520	A3SS	1.0	1.0	0.845	0.875	1.0	1.0	0.895	0.743	0.905	0.899	0.877	1.0	0.891	0.773
1220	AT5G07970	A3SS	0.0	0.0	0.104	0.0	0.0	0.0	0.0	0.0	0.0	0.0	0.078	0.0	0.0	0.0
1221	AT1G07650	A3SS	0.0	0.03	0.043	0.0	0.0	0.0	0.015	0.085	0.0	0.022	0.079	0.049	0.038	0.04
1222	AT1G13880	A3SS	0.348	0.176	0.151	0.136	0.194	0.176	0.032	0.183	0.265	0.107	0.144	0.077	0.046	0.325
1223	AT1G17460	A3SS	0.731	0.731	0.521	1.0	1.0	1.0	1.0	0.685	1.0	1.0	1.0	1.0	0.685	1.0
1224	AT5G26680	A3SS	0.333	0.0	0.333	0.091	0.5	1.0	0.455	0.5	0.333	0.25	0.231	0.25	0.286	0.143
1225	AT1G53120	A3SS	1.0	0.828	0.942	0.871	1.0	1.0	1.0	1.0	1.0	1.0	1.0	1.0	0.871	1.0
1226	AT3G04630	A3SS	0.325	0.194	0.49	0.517	0.706	0.0	0.325	0.49	0.265	0.097	0.591	0.871	0.464	0.49
1227	AT5G14440	A3SS	0.325	0.616	0.828	0.383	0.428	0.348	0.636	0.49	0.684	0.243	0.476	0.546	0.566	0.591
1228	AT3G19290	A3SS	0.228	0.092	0.046	0.133	0.088	0.0	0.083	0.202	0.077	0.0	0.071	0.121	0.057	0.0
1229	AT5G40550	A3SS	0.641	0.309	0.728	0.758	0.843	0.0	0.211	0.472	0.0	1.0	0.229	0.641	0.1	0.13
1231	AT1G68080	A3SS	0.625	0.0	0.0	0.69	0.625	1.0	0.66	1.0		0.526	1.0	0.769	0.69	
1233	AT1G12740	A3SS		0.0		0.446	0.0		0.0	0.0		0.0	0.0	0.0		
1234	AT1G79950	A3SS	1.0	1.0	0.8	1.0	0.5	1.0	0.714	0.333	0.5	0.667	1.0	1.0	1.0	0.5
1235	AT5G47380	A3SS	0.338	0.338	0.754	0.203	0.277	1.0	0.338	0.605	1.0	0.0	0.605	0.277	0.254	1.0
1238	AT5G46250	A3SS	1.0	1.0	1.0	0.995	1.0	1.0	1.0	1.0	1.0	1.0	1.0	1.0	1.0	1.0
1239	AT3G28130	A3SS	0.0	0.372	0.145	0.042	0.0	0.0	0.057	0.208	0.165	0.0	0.188	0.0	0.036	0.0
1240	AT3G28130	A3SS	1.0	1.0	0.75	0.871	1.0	1.0	1.0	1.0	1.0	1.0	1.0	1.0	1.0	1.0
1241	AT3G07690	A3SS	0.0	0.0	0.0	0.058	0.125	0.0	0.061	0.0		0.0	0.125	0.0	0.0	0.152
1244	AT5G49710	A3SS	0.658	0.684	0.591	0.681	0.726	0.658	0.743	0.584	0.706	0.719	0.75	0.76	0.646	0.76
1245	AT1G14700	A3SS	1.0	1.0	0.963	0.986	1.0	1.0	0.967	0.98	1.0	1.0	0.978	1.0	1.0	1.0
1246	AT1G30160	A3SS			0.0	0.0						1.0	1.0	1.0	1.0	
1248	AT5G52660	A3SS	0.325	0.49	0.562	0.325	0.828	0.743	0.452	0.794	0.706	0.852	0.885	0.391	0.658	0.743
1249	AT1G04300	A3SS	0.025	0.023	0.0	0.0	0.0	0.0	0.034	0.045	0.0	0.0	0.059	0.062	0.0	0.064
1250	AT1G04300	A3SS	1.0	1.0	1.0	1.0	1.0	1.0	1.0	1.0	1.0	1.0	1.0	1.0	0.986	1.0
1251	AT5G03960	A3SS	0.931	0.684	0.816	0.852	1.0	1.0	0.689	0.948	0.885	1.0	0.634	0.794	0.935	0.92
1253	AT1G27045	A3SS		0.143		0.0	0.0	0.0	0.0		0.0		0.333		0.0	
1254	AT4G21540	A3SS	0.069	0.243	0.138	0.031	0.0	0.088	0.351	0.121	0.391	0.182	0.104	0.0	0.121	0.138
1255	AT4G21540	A3SS	1.0	1.0	1.0	0.96	0.939	1.0	0.963	0.965	1.0	1.0	0.963	0.968	0.954	0.915
1256	AT1G74040	A3SS	0.0	0.219	0.0	0.0	0.0	0.0	0.123	0.0	0.0	0.0	0.296	0.0	0.0	0.0
1257	AT5G19390	A3SS	1.0	1.0	1.0	1.0	0.91	1.0	1.0	1.0	1.0	1.0	1.0	1.0	1.0	1.0
1259	AT1G31050	A3SS	0.0	0.0	0.0	0.0	0.0	0.0	0.301	0.0	0.463	0.0	0.0	0.0	0.097	0.0
1261	AT1G78040	A3SS	1.0	1.0	1.0	1.0	1.0	1.0	1.0	1.0	1.0	1.0	0.998	1.0	1.0	1.0
1262	AT1G03180	A3SS	0.0	0.0	0.0	0.0	0.0		0.0	0.0	0.478	0.0	0.0	0.0	0.0	0.0
1263	AT1G03180	A3SS				1.0			0.0	1.0	1.0	1.0				
1264	AT1G03180	A3SS	1.0	1.0	1.0	1.0	1.0		0.622	1.0	1.0	1.0	1.0	1.0	1.0	1.0
1265	AT1G30070	A3SS	0.039	0.0	0.0	0.0	0.0	0.0	0.0	0.0	0.0	0.0	0.042	0.0	0.0	0.0
1266	AT1G02850	A3SS	0.59	0.692	0.795	0.398	0.514	0.643	0.568	0.323	0.388	0.556	0.392	0.579	0.568	0.84
1267	AT1G01920	A3SS	0.0	0.06	0.0	0.0	0.084	0.0	0.0	0.044	0.121	0.0	0.042	0.0	0.0	0.0
1268	AT1G01920	A3SS	0.0	0.086	0.029	0.081	0.032	0.0	0.021	0.073	0.0	0.071	0.032	0.027	0.015	0.0
1269	AT1G28100	A3SS	1.0	0.864	0.939	1.0	1.0	1.0	1.0	1.0	1.0	1.0	1.0	1.0	1.0	1.0
1270	AT5G05800	A3SS	0.238	0.07	0.097	0.072	0.1	0.04	0.097	0.097	0.081	0.0	0.046	0.103	0.041	0.172
1271	AT1G75310	A3SS	1.0	0.926	0.435	0.812	0.852	0.445	0.794	0.891	0.812	0.591	0.828	0.638	0.658	0.658
1273	AT1G07170	A3SS	1.0		0.0	0.6	1.0		1.0	1.0			1.0	0.5		1.0
1274	AT1G02840	A3SS	1.0	0.9	0.831	0.928	1.0	0.909	0.981	0.886	1.0	0.938	0.898	1.0	0.967	0.857
1275	AT1G02840	A3SS	0.294	0.326	0.398	0.412	0.33	0.333	0.495	0.385	0.337	0.389	0.43	0.363	0.305	0.508
1276	AT1G02840	A3SS	0.217	0.181	0.286	0.254	0.249	0.2	0.349	0.295	0.238	0.306	0.296	0.263	0.223	0.42
1277	AT1G02840	A3SS	1.0	1.0	1.0	1.0	1.0	1.0	1.0	1.0	1.0	1.0	1.0	1.0	0.989	1.0
1278	AT1G17280	A3SS	0.0	0.0	0.061	0.066	0.0	0.087	0.053	0.077	0.029	0.0	0.0	0.025	0.05	0.058
1280	AT2G27730	A3SS	0.013	0.012	0.022	0.008	0.007	0.0	0.04	0.017	0.037	0.024	0.024	0.012	0.0	0.0
1281	AT3G62190	A3SS	0.622	0.538	0.808	0.662	0.81	0.778	0.791	0.436	0.5	0.25	0.57	0.412	0.471	0.625
1282	AT3G62190	A3SS	1.0	1.0	1.0	1.0	1.0	1.0	1.0	0.905	1.0	1.0	1.0	1.0	1.0	1.0
1283	AT1G10750	A3SS	1.0		0.0				1.0		1.0	1.0			1.0	1.0
1284	AT1G04230	A3SS	1.0	0.906	1.0	0.951	1.0	1.0	1.0	1.0	1.0	0.828	0.885	1.0	0.871	0.914
1285	AT1G14980	A3SS	0.0	0.0	0.03	0.003	0.0	0.0	0.004	0.018	0.014	0.0	0.016	0.017	0.005	0.02
1286	AT3G46960	A3SS	0.81	0.885	0.773	1.0	1.0	1.0	1.0	1.0		1.0	0.749	1.0	1.0	1.0
1287	AT1G61210	A3SS	0.236	0.357	0.209	0.128	0.117	0.0	0.284	0.367	0.41	0.156	0.34	0.893	0.336	0.316
1288	AT2G19920	A3SS				1.0		1.0						0.0	1.0	
1289	AT1G12710	A3SS	0.077	0.143	0.176	0.017	0.111	0.077	0.105	0.176	0.0	0.286	0.167	0.059	0.067	0.0
1290	AT1G53670	A3SS	1.0	1.0	1.0	1.0	1.0	1.0	1.0	1.0	0.96	1.0	1.0	1.0	1.0	1.0
1291	AT5G07940	A3SS	0.743	0.771	0.828	0.597	0.878	1.0	0.865	0.818	0.679	0.325	0.935	0.743	0.771	1.0
1292	AT5G07940	A3SS	0.847	0.923	0.822	0.815	0.911	1.0	0.748	0.854	1.0	0.917	0.84	0.866	0.759	0.858
1294	AT5G15800	A3SS				0.0			1.0		0.0		1.0			
1295	AT1G80770	A3SS	0.843	0.813	0.851	0.796	0.751	0.824	1.0	0.953	0.813	0.851	0.909	0.786	0.87	0.858
1296	AT1G80770	A3SS	0.667	1.0	1.0	0.75	1.0	1.0	0.905	1.0	1.0	1.0	0.913	1.0	0.714	0.778
1297	AT5G16030	A3SS	0.081	0.082	0.106	0.102	0.109	0.151	0.085	0.101	0.089	0.098	0.111	0.103	0.063	0.09
1298	AT5G16030	A3SS	0.005	0.0	0.014	0.006	0.003	0.002	0.006	0.006	0.0	0.005	0.007	0.003	0.005	0.002
1299	AT1G72420	A3SS	0.0	0.0	0.0	0.0	0.0		0.395	0.0	0.0	0.0	0.0		0.179	0.0
1300	AT1G11400	A3SS	1.0	1.0	1.0	0.892	1.0		1.0	1.0	1.0	1.0	1.0	1.0	1.0	1.0
1301	AT1G05790	A3SS	0.142	0.524	0.171	0.113	0.121	0.452	0.088	0.346	0.236	0.248	0.207	0.216	0.148	0.06
1302	AT1G05790	A3SS	1.0	1.0	1.0	1.0	1.0	1.0	0.944	1.0	1.0	1.0	1.0	1.0	1.0	1.0
1303	AT5G65640	A3SS	0.946	1.0	1.0	1.0	1.0	1.0	1.0	1.0	1.0	1.0	0.971	1.0	0.955	1.0
1305	AT5G05690	A3SS	1.0	1.0	1.0	1.0	1.0	1.0	1.0	1.0	1.0	1.0	1.0	1.0	0.997	1.0
1306	AT3G29760	A3SS	1.0	1.0	0.861	0.893	1.0	1.0	1.0	1.0	1.0	1.0	1.0	1.0	0.882	1.0
1307	AT3G29760	A3SS	1.0	1.0	1.0	1.0	0.606	0.711	1.0	1.0	1.0	1.0	1.0	1.0	0.921	0.648
1308	AT1G29040	A3SS	1.0	1.0	1.0	1.0	1.0	1.0	1.0	1.0	1.0	1.0	1.0	1.0	0.983	1.0
1309	AT5G08535	A3SS	1.0	1.0	0.905	1.0	1.0	1.0	1.0	1.0	1.0	1.0	1.0	1.0	1.0	1.0
1310	AT5G08535	A3SS	0.556	0.467	0.263	0.435	0.375	1.0	0.487	0.241	0.2	0.75	0.556	0.355	0.28	0.286
1311	AT3G05270	A3SS	1.0	0.713	0.913	0.854	0.554	1.0	0.743	0.861	1.0	0.881	0.745	0.832	0.959	1.0
1312	AT5G16420	A3SS	1.0	1.0	0.0	0.0		1.0					1.0	0.439	1.0	
1313	AT1G01650	A3SS	0.125	0.108	0.156	0.068	0.053	0.097	0.216	0.103	0.062	0.07	0.117	0.094	0.101	0.077
1314	AT1G70550	A3SS	0.0	0.0	0.0	0.331	0.0		0.121	0.292	0.0	0.0	0.093	0.622	0.292	0.0
1315	AT1G03080	A3SS	0.662	0.374	0.724	0.449	0.449	0.671	0.759	0.647	0.685	0.55	0.663	0.606	0.662	0.71
1316	AT4G12460	A3SS	0.0	0.0	0.0	0.094		0.0	0.062	0.0	0.1	0.0	0.034	0.103	0.059	0.091
1317	AT4G12460	A3SS	0.696	0.936	0.668	0.831	0.785	1.0	0.821	0.611	0.753	1.0	0.943	0.647	0.888	1.0
1318	AT4G12460	A3SS	0.822	1.0	1.0	0.893	1.0	1.0	0.923	1.0	1.0	1.0	0.903	0.903	1.0	1.0
1319	AT5G22210	A3SS	0.649	0.829	0.806	0.803	0.641	1.0	0.774	0.866	0.825	0.816	0.796	0.792	0.741	0.93
1320	AT5G38520	A3SS	0.0	0.0	0.145	0.0	0.184	0.0	0.041	0.0	0.0	0.0	0.051	0.0	0.0	0.0
1321	AT4G28820	A3SS	0.0	0.325	0.692	0.627			0.794	0.0	0.0	0.325	0.149	0.216	0.107	0.0
1322	AT4G03000	A3SS	0.1	0.032	0.286	0.122	0.043	0.0	0.2	0.024	0.143	0.0	0.107	0.158	0.077	0.03
1324	AT5G03560	A3SS	0.154	0.077	0.15	0.207	0.02	0.043	0.161	0.129	0.0	0.0	0.226	0.2	0.143	0.091
1325	AT3G29770	A3SS	0.0	0.0	0.114	0.088	0.0	0.0	0.0	0.0	0.0	0.134	0.061	0.114	0.0	0.0
1326	AT1G16240	A3SS	1.0	1.0	1.0	0.998	1.0	1.0	1.0	1.0	1.0	1.0	1.0	1.0	1.0	1.0
1327	AT2G47020	A3SS	0.322	1.0	0.322	0.289	0.322	0.655	0.487	0.24	0.106		0.0	0.704	0.192	0.0
1328	AT1G30510	A3SS	0.885	0.602	0.806	0.699	0.692	0.658	0.852	0.766	0.49	0.794	0.857	0.885	0.875	0.828
1329	AT5G41960	A3SS	0.86	1.0	1.0	0.915	1.0	1.0	0.932	0.929	1.0	0.86	0.944	1.0	1.0	1.0
1330	AT1G01320	A3SS	1.0	1.0	1.0	1.0	0.975	0.945	1.0	1.0	1.0	1.0	0.991	1.0	0.991	1.0
1331	AT1G01320	A3SS	0.04	0.0	0.0	0.0	0.0	0.0	0.021	0.0	0.0	0.0	0.011	0.0	0.0	0.02
1332	AT1G55870	A3SS	1.0	0.8	1.0	0.528	0.444	1.0	0.878	0.583	0.0	0.782	1.0	1.0	0.865	0.705
1333	AT1G55830	A3SS	1.0	1.0	1.0	0.869	1.0	1.0	0.863	1.0	0.584	0.885	0.93	1.0	1.0	1.0
1335	AT1G01355	A3SS	0.0		0.0	0.0	0.0		0.0	0.223		0.0	0.0	0.0	0.0	0.0
1337	AT1G64230	A3SS	0.791	0.202	0.515	0.63	0.377	0.431	0.503	0.694	0.431	0.654	0.275	0.694	0.132	0.0
1338	AT5G11030	A3SS	0.812	0.886	0.912	1.0	1.0	1.0	1.0	0.945	1.0	1.0	1.0	0.918	0.721	0.812
1339	AT3G43220	A3SS	1.0	1.0	0.943	0.917	0.893	1.0	0.959	1.0	0.833	1.0	1.0	0.962	0.946	1.0
1340	AT5G60580	A3SS	0.281	0.1	0.05	0.234	0.0	0.0	0.61	0.207	0.0	0.0	0.281	0.281	0.243	0.207
1342	AT1G05785	A3SS	0.309	1.0	0.182	0.415	0.201	0.0	0.211	0.345	0.143	0.401	0.668	0.0	0.345	0.0
1343	AT2G31580	A3SS	1.0	1.0	1.0	1.0	1.0	1.0	0.875	1.0	1.0	1.0	0.75	1.0	1.0	1.0
1344	AT2G31580	A3SS	0.452	0.813	0.271	0.352	0.237	0.0	0.331	0.498	0.11	0.482	0.0	0.134	0.358	0.554
1345	AT1G63980	A3SS	0.891	0.924	0.963	0.965	1.0	0.971	0.921	0.948	0.934	0.954	0.943	0.977	0.921	0.97
1346	AT1G32070	A3SS	0.706	0.942	0.766	0.922	1.0	1.0	0.828	0.802	1.0	1.0	0.803	1.0	0.948	0.841
1347	AT1G02080	A3SS	0.0	0.033	0.057	0.019	0.051	0.138	0.101	0.022	0.0	0.0	0.0	0.055	0.165	0.0
1348	AT1G02080	A3SS	0.0	0.044	0.033	0.166	0.097	0.265	0.172	0.149	0.168	0.176	0.083	0.036	0.161	0.204
1349	AT5G09330	A3SS	1.0	1.0	1.0	0.949	0.917	1.0	0.931	1.0	1.0	1.0	1.0	1.0	1.0	1.0
1350	AT1G80790	A3SS		1.0	0.0	1.0			1.0	1.0		1.0	1.0	1.0	1.0	1.0
1352	AT1G37150	A3SS	0.0									0.0				1.0
1354	AT1G02090	A3SS	0.642	0.822	0.822	0.794	0.83	0.495	0.703	0.83	0.647	0.679	0.634	0.695	0.788	1.0
1355	AT4G00335	A3SS	0.0	0.0	0.192	0.046	0.118	0.103	0.029	0.087	0.139	0.0	0.058	0.0	0.058	0.051
1356	AT4G36360	A3SS	1.0	0.96	1.0	0.983	1.0	1.0	1.0	1.0	1.0	1.0	1.0	1.0	1.0	1.0
1357	AT1G32230	A3SS	0.011	0.009	0.007	0.011	0.016	0.037	0.032	0.027	0.024	0.012	0.056	0.011	0.021	0.007
1358	AT1G32230	A3SS	0.236	0.316	0.19	0.199	0.214	0.173	0.185	0.22	0.131	0.138	0.176	0.188	0.183	0.116
1360	AT3G01130	A3SS	0.014	0.0	0.0	0.0	0.0	0.0	0.011	0.0	0.0	0.0	0.0	0.0	0.0	0.012
1361	AT3G01130	A3SS	0.014	0.0	0.0	0.0	0.0	0.0	0.011	0.0	0.0	0.0	0.0	0.0	0.0	0.012
1363	AT1G01060	A3SS	0.562	0.687	0.562	0.551	0.658	0.658	0.551	0.442	0.49	0.762	0.627	0.553	0.588	0.49
1364	AT1G01060	A3SS		1.0	1.0	1.0			1.0	1.0	1.0			0.0	1.0	0.0
1365	AT1G28530	A3SS	0.0			0.243	0.0		1.0			0.0	0.0	0.0	0.0	0.0
1367	AT3G46930	A3SS	0.0	0.333	1.0	0.1	1.0	0.0	0.0	0.0	0.0	0.333	0.0	0.059	0.111	0.333
1368	AT1G05870	A3SS	0.862	0.758	0.953	0.893	0.862	1.0	0.841	1.0	0.799	0.694	0.716	0.577	0.949	0.602
1369	AT1G04200	A3SS	1.0	1.0	1.0	1.0	1.0	1.0	0.929	1.0	1.0	1.0	1.0	1.0	1.0	1.0
1370	AT1G05030	A3SS	0.0	0.0	0.0	0.0	0.0	0.0	0.338	0.0	0.0	0.0	0.299	0.0	0.152	0.0
1372	AT3G51100	A3SS	1.0	1.0	0.924	1.0	1.0	1.0	0.968	0.952	1.0	0.823	1.0	0.966	0.965	1.0
1373	AT1G15240	A3SS	0.263	0.111	0.0	0.08	0.0	0.143	0.133	0.161	0.0	0.0	0.116	0.0	0.026	0.077
1374	AT1G02950	A3SS		0.0	0.481	0.0	0.0	0.0	0.0	0.0		0.0		0.0	0.0	
1375	AT1G11160	A3SS			0.0	0.0	0.0	0.0	0.0			0.0	1.0			
1376	AT3G17609	A3SS	1.0			1.0	1.0	1.0		1.0	1.0		0.556	1.0	0.2	1.0
1377	AT5G07380	A3SS	0.0	0.325	0.0	0.0	0.0		0.325	0.0	0.0	0.49	0.0	0.0	0.0	0.0
1379	AT1G18620	A3SS	0.055	0.079	0.154	0.076	0.018	0.125	0.121	0.205	0.062	0.048	0.153	0.157	0.176	0.158
1380	AT5G02310	A3SS	0.052	0.052	0.076	0.036	0.035	0.0	0.064	0.101	0.0	0.046	0.067	0.076	0.063	0.052
1381	AT1G16560	A3SS	1.0	1.0	1.0	1.0	1.0	1.0	0.598	1.0	1.0	1.0	1.0	0.0	1.0	1.0
1382	AT5G60600	A3SS	0.0	0.111	0.029	0.068	0.0	0.0	0.062	0.051	0.062	0.111	0.0	0.22	0.105	0.097
1384	AT5G15070	A3SS		0.0	0.0				0.0	1.0	0.0	0.0	0.0	0.0		0.0
1386	AT1G01700	A3SS			1.0	1.0	1.0		1.0	0.701	1.0		1.0	1.0		0.701
1387	AT5G55790	A3SS	0.446	0.082	0.32	0.423	0.446	0.0	0.377	0.502	0.315	0.0	0.35	0.446	0.361	0.446
1388	AT5G58787	A3SS	0.904	1.0	0.939	0.979	0.918	1.0	0.942	0.92	1.0	0.887	0.96	0.966	0.912	0.92
1389	AT1G05590	A3SS	0.0	0.0	0.0	0.0	0.0	0.0	0.0	0.0	0.2	0.0	0.0	0.111	0.111	0.0
1390	AT4G22890	A3SS	0.959	1.0	0.935	0.984	0.957	1.0	1.0	0.963	1.0	1.0	0.934	1.0	0.966	1.0
1393	AT5G37530	A3SS	0.0	0.0	0.0	0.591		1.0	0.0	1.0		0.0	1.0	1.0	0.325	
1394	AT1G27752	A3SS	1.0	0.929	0.788	0.897	0.368	0.777	0.777	0.741	0.797	1.0	0.895	0.853	0.87	1.0
1396	AT5G47080	A3SS	0.902	1.0	0.841	0.829	1.0	0.795	0.86	0.873	0.902	0.833	0.745	0.829	0.787	0.888
1397	AT5G03300	A3SS	0.045	0.0	0.01	0.0	0.02	0.04	0.018	0.0	0.0	0.029	0.016	0.0	0.02	0.022
1398	AT1G67850	A3SS	0.2	0.5	0.429	0.333	0.0	0.333	0.333	0.636			0.143	0.0	0.0	0.429
1399	AT1G67850	A3SS	0.6	1.0	1.0	0.6			1.0	0.538			1.0	0.333	0.333	
1400	AT1G67850	A3SS	0.743	1.0	1.0	0.743	1.0	1.0	1.0	0.627			1.0	0.591	0.684	1.0
1401	AT1G16650	A3SS			0.0	0.0		0.0	0.0	0.202		0.0	0.0	0.0	0.0	
1402	AT1G22430	A3SS	0.6	1.0	1.0	1.0	1.0	1.0	1.0	0.857	1.0	1.0	1.0	1.0	1.0	1.0
1403	AT5G35180	A3SS	0.036	0.101	0.079	0.12	0.1	0.177	0.147	0.062	0.038	0.054	0.0	0.046	0.038	0.164
1404	AT2G02480	A3SS		0.466	0.567	0.199	0.0	0.0	0.225	0.304		1.0	0.118	0.0	0.344	
1405	AT1G06150	A3SS	0.367	0.236	0.299	0.436	0.481	0.382	0.457	0.246	0.258	0.552	0.552	0.171	0.572	0.552
1406	AT3G28100	A3SS	1.0	1.0	1.0	0.891	1.0	1.0	0.947	1.0	1.0	1.0	0.951	1.0	1.0	1.0
1408	AT1G44780	A3SS	1.0	0.0	0.706	1.0			0.194	0.325	1.0	0.0	1.0	1.0	1.0	0.49
1409	AT1G06580	A3SS		0.49	0.0	0.0			0.658				1.0		1.0	
1410	AT1G02205	A3SS	0.0	0.0	0.0	0.0	0.0	0.0	0.0	0.0	0.077	0.0	0.0	0.0	0.0	0.0
1412	AT3G04380	A3SS						1.0	0.221				0.0	0.0		
1413	AT2G41350	A3SS	0.0	0.0	0.0	0.08	0.216	0.161	0.0	0.0	0.0	0.107	0.097	0.0	0.069	0.0
1414	AT2G02765	A3SS	0.835	1.0	0.866	0.452	0.743	1.0	0.665	0.799	1.0	0.419	0.812	0.619	0.51	1.0
1415	AT1G07010	A3SS	1.0	1.0	1.0	1.0	1.0	1.0	1.0	1.0	1.0	1.0	1.0	1.0	0.886	1.0
1416	AT1G10320	A3SS	0.0	0.0	0.0	0.0		0.0	0.0	0.0	0.0	0.0	0.0	0.0	0.0	0.424
1417	AT5G66240	A3SS	0.97	0.985	0.974	0.934	0.959	0.96	0.975	0.976	1.0	0.928	0.953	0.941	0.938	0.969
1418	AT5G40710	A3SS	1.0	1.0	0.846	1.0	1.0	1.0	1.0	1.0	1.0	1.0	1.0	1.0	1.0	1.0
1419	AT2G13650	A3SS	0.763	1.0	1.0	0.87	1.0	1.0	1.0	0.917	0.874	0.828	0.879	0.918	1.0	1.0
1420	AT2G13650	A3SS	1.0	1.0	1.0	1.0	1.0	1.0	1.0	1.0	0.778	1.0	1.0	1.0	1.0	1.0
1422	AT4G29170	A3SS	0.0	1.0	0.556	0.222	0.714	0.429	0.556	0.333	1.0	1.0	0.6	0.2	0.333	1.0
1423	AT5G43630	A3SS	0.333	0.0		0.6			1.0	0.6	1.0		0.0	0.667	0.0	0.0
1424	AT5G43630	A3SS	1.0	0.0	0.0	0.333		0.0	1.0	1.0	1.0		0.2	1.0		0.0
1425	AT5G43630	A3SS	1.0	0.714	0.0	0.217		0.0	1.0	1.0			0.556	1.0	1.0	0.217
1426	AT5G42560	A3SS	1.0	1.0	1.0	1.0	1.0	1.0	1.0	1.0	1.0	1.0	0.913	1.0	1.0	1.0
1429	AT5G01010	A3SS	0.941	0.972	0.977	0.976	0.97	0.945	0.958	0.964	1.0	0.981	0.976	0.957	0.967	0.941
1430	AT1G45207	A3SS	0.0	0.0	0.138	0.0	0.0		0.243	0.0	0.0		0.0	0.49	0.0	0.0
1431	AT1G23935	A3SS				0.0	0.0	0.0		0.0	1.0	0.0				0.243
1432	AT1G01740	A3SS	1.0	0.336	0.602	0.841	1.0		0.602	0.602	1.0	1.0	0.669	0.275	1.0	1.0
1433	AT1G10657	A3SS			0.0	0.0					1.0			1.0		
1434	AT5G55390	A3SS	0.634	0.76	0.669	0.536	0.743	0.366	0.896	0.549	0.839	0.634	0.591	0.536	0.536	0.698
1435	AT1G65960	A3SS	0.013	0.003	0.008	0.021	0.019	0.031	0.023	0.015	0.011	0.01	0.016	0.026	0.008	0.005
1436	AT5G10320	A3SS	1.0	1.0	0.49	1.0			0.658	0.49	0.49	0.49	0.0	0.097	0.216	0.0
1437	AT1G09195	A3SS	0.536	1.0	1.0	0.776	0.802		1.0	0.729	1.0	1.0	0.743	1.0	0.669	0.698
1438	AT1G09195	A3SS	1.0	1.0	1.0	1.0			1.0	1.0	0.0	1.0	1.0	1.0	0.536	1.0
1439	AT1G09195	A3SS	1.0	1.0	1.0	1.0			1.0	1.0	0.0	1.0	1.0	1.0	0.714	1.0
1440	AT1G09195	A3SS	1.0	1.0	1.0	1.0	1.0	1.0	1.0	1.0	0.667	1.0	1.0	1.0	0.882	1.0
1441	AT1G09195	A3SS	1.0	1.0	1.0	1.0		1.0	0.636	1.0		1.0	1.0	1.0	1.0	1.0
1442	AT1G09195	A3SS	1.0	1.0	1.0	1.0	1.0	1.0	0.8	1.0	1.0	1.0	1.0	1.0	1.0	1.0
1443	AT1G09195	A3SS	1.0	1.0	1.0	1.0	1.0	1.0	1.0	0.857	1.0	1.0	1.0	1.0	1.0	1.0
1444	AT1G09195	A3SS	0.0	0.333	0.111	0.026	0.0	0.0	0.032	0.154	0.0	0.0	0.086	0.667	0.158	0.333
1445	AT5G28080	A3SS	1.0	0.0	0.603	0.695	1.0	0.503	0.78	1.0	1.0	0.575	0.742	1.0	0.876	1.0
1446	AT5G28080	A3SS	1.0		1.0	1.0	1.0		1.0	1.0	1.0	1.0	0.687	1.0	0.67	
1447	AT5G28080	A3SS	1.0	1.0	1.0	1.0	1.0	1.0	1.0	1.0	1.0	1.0	0.793	1.0	0.765	1.0
1448	AT5G28080	A3SS	1.0	1.0	1.0	1.0	1.0	1.0	1.0	1.0	0.0	1.0	1.0	1.0	1.0	1.0
1452	AT4G39860	A3SS	0.419	0.871	0.176	0.452	0.885	1.0	0.243	0.325	1.0	0.658	0.149	0.348	0.762	0.692
1453	AT4G26570	A3SS	0.029	0.113	0.061	0.019	0.0	0.0	0.047	0.03	0.056	0.025	0.06	0.065	0.01	0.031
1454	AT1G14270	A3SS	0.543	0.432	0.587	0.267	0.454	0.192	0.599	0.578	0.487	0.432	0.554	0.408	0.487	0.442
1455	AT3G03950	A3SS	0.683	0.812	0.751	0.683	1.0	0.775	0.425	0.616	0.633	0.721	0.575	0.633	0.886	0.633
1456	AT2G46060	A3SS	1.0	0.89	1.0	1.0	1.0	1.0	0.924	1.0	1.0	1.0	0.617	1.0	1.0	1.0
1457	AT5G64520	A3SS	0.212	0.212	0.168	0.0	1.0	0.0	0.212	0.683	1.0	1.0	0.446	0.168	0.446	0.287
1458	AT5G64520	A3SS	1.0		1.0	1.0	1.0	1.0	1.0	1.0	0.419	1.0	0.419			1.0
1459	AT5G64520	A3SS	1.0	0.0	0.718	1.0	0.56	1.0	0.241	0.389	1.0	1.0	0.389	0.0		1.0
1460	AT5G64520	A3SS		0.0	0.0	1.0	0.0	1.0	0.0	0.0	1.0		0.457	0.0		
1461	AT5G53620	A3SS	0.0	0.0	0.189	0.0	0.0	0.0	0.164	0.051	0.0	0.0	0.037	0.087	0.0	0.0
1462	AT1G08420	A3SS	0.926	1.0	1.0	1.0	1.0	1.0	1.0	1.0	1.0	1.0	1.0	1.0	1.0	1.0
1463	AT1G10700	A3SS	0.0	0.0	0.0	0.018	0.143	0.0	0.0	0.032	0.0	0.0	0.0	0.091	0.0	0.0
1464	AT1G49830	A3SS	1.0			1.0						0.0				1.0
1465	AT5G06440	A3SS	0.235	0.174	0.182	0.26	0.174	0.272	0.063	0.163	0.107	0.219	0.089	0.247	0.343	0.0
1466	AT1G45249	A3SS	0.077	0.2	0.273	0.385	0.333	0.125	0.333	0.241	0.385	0.111	0.226	0.317	0.132	0.6
1467	AT3G27340	A3SS	1.0	1.0	0.832	1.0	1.0	1.0	0.946	1.0	1.0	1.0	0.923	1.0	1.0	1.0
1469	AT5G50400	A3SS	1.0	0.821	1.0	1.0	1.0	1.0	1.0	1.0	1.0	1.0	1.0	1.0	1.0	1.0
1470	AT1G24300	A3SS	0.0	0.0	0.0	0.0	0.0	0.0	0.0	0.095	0.0	0.0	0.0	0.095	0.155	0.0
1471	AT1G24300	A3SS	1.0	1.0	0.847	0.888	0.676	1.0	0.682	0.714	0.714	0.538	0.865	0.862	0.769	0.625
1472	AT5G20180	A3SS	0.111	0.023	0.091	0.021	0.0	0.0	0.073	0.0	0.027	0.0	0.0	0.0	0.017	0.0
1473	AT3G60740	A3SS	1.0	1.0	1.0	1.0	1.0	1.0	1.0	1.0	0.759	1.0	1.0	1.0	1.0	1.0
1474	AT3G21100	A3SS	0.419	0.0	0.616	0.49	0.243	0.0	0.161	0.49	0.325	0.0	0.419	0.49	0.161	0.243
1475	AT3G21100	A3SS	0.094	0.263	0.294	0.254	0.0	0.0	0.393	0.065	0.0	0.0	0.517	0.323	0.391	0.217
1476	AT1G31360	A3SS	1.0	1.0	1.0	0.93	0.752	1.0	1.0	0.858	1.0	0.232	1.0	1.0	0.809	1.0
1477	AT1G31360	A3SS	1.0	1.0	1.0	1.0	1.0		0.875	0.529	1.0	1.0	0.667		0.333	1.0
1478	AT3G25690	A3SS	1.0	1.0	0.967	1.0	0.952	1.0	0.976	0.945	1.0	1.0	1.0	1.0	1.0	1.0
1480	AT3G16260	A3SS	1.0	1.0	1.0	1.0	1.0	0.0	1.0	1.0	1.0	1.0	1.0	1.0	1.0	1.0
1481	AT1G08680	A3SS	0.711	0.591	0.73	0.518	0.634	0.616	0.606	0.641	0.624	0.61	0.534	0.672	0.526	0.743
1482	AT1G08680	A3SS	0.062	0.156	0.0	0.064	0.121	0.078	0.038	0.105	0.198	0.0	0.035	0.055	0.082	0.14
1483	AT1G08680	A3SS	0.02	0.04	0.042	0.046	0.0	0.0	0.075	0.025	0.0	0.0	0.048	0.0	0.025	0.038
1484	AT4G38360	A3SS	0.0	0.079	0.0	0.0	0.0	0.0	0.039	0.0	0.094	0.19	0.072	0.111	0.052	0.0
1485	AT1G08920	A3SS	0.135	0.0	0.135	0.135	0.281	0.0	0.182	0.0	0.0	0.0	0.0	0.0	0.038	0.0
1486	AT5G47900	A3SS	0.472	1.0	1.0	1.0	0.0	1.0	0.573	0.543	1.0	1.0	0.781	1.0	1.0	1.0
1487	AT5G47900	A3SS		0.231	0.0	0.376	0.475		0.0	0.376	0.0	0.0	1.0	0.731	0.184	
1490	AT1G51980	A3SS	1.0	0.989	1.0	1.0	1.0	1.0	1.0	1.0	1.0	1.0	1.0	1.0	1.0	1.0
1491	AT2G38780	A3SS	0.731	1.0	1.0	0.352	0.0		0.0	0.153	0.475	0.376	0.508	0.184	0.783	0.404
1492	AT2G38780	A3SS	0.0	0.0	0.5	0.714	0.5	0.0	0.143	0.273	0.091	0.0	0.235	0.385	0.263	0.111
1495	AT1G30470	A3SS	0.94	1.0	1.0	0.979	0.832	1.0	1.0	0.967	0.923	1.0	0.978	1.0	0.858	1.0
1496	AT5G11210	A3SS							0.0				1.0			
1497	AT3G25440	A3SS	0.279	0.0	0.205	0.823	1.0	0.0	1.0	0.756	1.0		0.607	0.73	0.659	0.0
1498	AT5G27760	A3SS	0.0	0.062	0.071	0.065	0.0	0.0	0.038	0.055	0.059	0.2	0.067	0.024	0.015	0.029
1499	AT2G36810	A3SS	0.0	0.0	0.0	0.111	0.052	0.248	0.071	0.014	0.076	0.0	0.02	0.065	0.033	0.0
1500	AT1G80810	A3SS	1.0	1.0	1.0	0.391	1.0	1.0	1.0	1.0		1.0	1.0	1.0	1.0	1.0
1501	AT1G17890	A3SS	0.154	0.294	0.0	0.062	0.0	0.267	0.163	0.094	0.0	0.0	0.103	0.0	0.114	0.127
1503	AT5G51450	A3SS	0.0	0.088	0.259	0.118	0.162	0.0	0.238	0.0	0.0	0.0	0.0	0.0	0.104	0.0
1504	AT1G48410	A3SS	0.41	0.607	0.602	0.684	0.574	0.881	0.676	0.732	0.764	0.523	0.806	0.698	0.609	0.787
1505	AT1G03470	A3SS	1.0					1.0	1.0	0.0	1.0	1.0	1.0		1.0	
1506	AT5G58370	A3SS	0.0	0.0	0.0	0.0	0.0	0.0	0.0	0.065	1.0	0.0	0.0	0.0	0.0	0.434
1508	AT3G44510	A3SS		0.0		0.365	1.0	1.0	1.0	0.301		1.0	1.0			
1510	AT1G63260	A3SS	1.0	1.0	1.0	1.0	1.0	1.0	1.0	0.875	1.0	1.0	1.0	1.0	0.789	1.0
1511	AT1G44125	A3SS	0.714	1.0	1.0	0.462		1.0	0.923	0.667	1.0	1.0	1.0	0.6	1.0	1.0
1512	AT1G44125	A3SS	1.0	1.0	1.0	1.0		1.0	0.857	1.0	1.0	1.0	1.0	0.385	1.0	1.0
1514	AT5G51460	A3SS	1.0	0.325	0.366	0.562	0.706		0.852	0.49	1.0	0.243	0.325	0.658	0.161	0.591
1515	AT5G28020	A3SS	1.0	1.0	1.0	1.0	1.0	1.0	1.0	0.478		1.0	1.0	1.0	1.0	1.0
1516	AT5G28020	A3SS	1.0	1.0	1.0	1.0	1.0	1.0	1.0	0.836	1.0	1.0	1.0	1.0	1.0	1.0
1517	AT5G28020	A3SS		0.316		0.536	1.0	1.0	1.0	1.0	1.0	0.649	0.698		1.0	1.0
1519	AT3G15980	A3SS	0.204	0.149	0.176	0.261	0.243	0.243	0.169	0.243	0.194	0.616	0.208	0.202	0.064	0.129
1520	AT3G15980	A3SS	0.0	0.05	0.0	0.046	0.0	0.0	0.064	0.073	0.0	0.0	0.023	0.0	0.0	0.0
1522	AT1G26200	A3SS	0.0		0.0	1.0				0.41	1.0		1.0		0.258	
1523	AT4G33000	A3SS	0.382	1.0	1.0	0.875	1.0	1.0	0.832	1.0	0.553	0.805	1.0	0.788	1.0	0.892
1524	AT1G51720	A3SS	0.0	0.077	0.2	0.12	0.0	0.0	0.171	0.042	0.176	0.0	0.0	0.167	0.0	0.0
1525	AT1G20880	A3SS	0.884	0.754	0.936	0.833	0.808	1.0	0.95	1.0	1.0	0.793	0.944	0.884	0.765	1.0
1527	AT2G43500	A3SS						0.0	0.49				0.49		0.0	
1528	AT2G43500	A3SS				0.0			1.0				0.0		1.0	0.0
1529	AT5G08450	A3SS	0.592	0.87	0.626	0.521	0.573	0.472	0.668	0.319	0.182	0.472	0.557	0.668	0.299	0.573
1530	AT1G09023	A3SS		0.2	0.2	0.818	1.0	0.0	1.0	0.111	0.333	0.0	0.6	0.538	0.6	1.0
1531	AT3G62150	A3SS	1.0	0.617	0.617	0.85	0.617	0.446	0.836	1.0	0.85	1.0	0.64	0.585	0.377	0.563
1533	AT1G49540	A3SS	1.0	1.0	1.0	0.764	0.735	0.581	1.0	0.712		1.0	0.649	0.581	1.0	0.847
1534	AT1G13860	A3SS	0.419	0.835	0.558	0.758	0.536	0.52	0.51	0.558	1.0	1.0	0.153	1.0	0.92	0.265
1535	AT4G01880	A3SS	1.0	0.399	0.705	0.828	1.0	1.0	0.917	0.957	0.836	0.587	0.784	0.799	0.872	0.81
1536	AT1G21610	A3SS	0.743	0.312	0.391	0.356	0.43	0.591	0.377	0.366	0.452	0.278	0.49	0.419	0.377	0.684
1539	AT3G52140	A3SS	0.0	0.0	0.012	0.019	0.026	0.0	0.0	0.0	0.0	0.0	0.0	0.014	0.0	0.0
1540	AT1G18270	A3SS	0.062	0.0	0.011	0.039	0.0	0.0	0.025	0.019	0.0	0.0	0.017	0.068	0.0	0.033
1541	AT4G02640	A3SS	0.139	0.0	0.252	0.372	0.212	0.547	0.356	0.335	0.11	0.075	0.176	0.113	0.261	0.264
1542	AT1G18700	A3SS	0.0	0.116	0.0	0.024	0.0	0.0	0.0	0.077	0.0	0.0	0.0	0.08	0.0	0.578
1543	AT1G02280	A3SS	0.896	0.867	0.782	0.908	0.836	0.906	0.916	0.781	0.741	0.823	0.896	0.875	0.878	0.952
1545	AT1G26230	A3SS	0.487		1.0	0.0	1.0		1.0				0.0		0.792	
1547	AT3G20970	A3SS	1.0	0.946	1.0	1.0	1.0	1.0	1.0	1.0	1.0	1.0	1.0	1.0	0.972	1.0
1548	AT1G18730	A3SS	0.591	0.679	0.63	0.53	0.366	0.841	0.684	0.636	0.743	0.706	0.818	0.574	0.737	0.391
1549	AT1G48175	A3SS	1.0	1.0	1.0	1.0	0.6	0.5	1.0	0.882	1.0	1.0	1.0	1.0	1.0	1.0
1550	AT4G36870	A3SS	0.1	0.111	0.048	0.049	0.0	0.143	0.111	0.19	0.167	0.143	0.098	0.023	0.167	0.043
1551	AT1G09840	A3SS	0.804	0.928	0.916	0.861	0.851	0.717	0.783	0.82	0.919	0.922	0.851	0.869	0.88	0.905
1552	AT1G09840	A3SS	0.538	0.636	0.6	0.368	0.333	0.5	0.677	0.722	0.818	0.75	0.59	0.619	0.733	0.8
1553	AT1G09840	A3SS	0.217	0.11	0.118	0.084	0.079	0.278	0.362	0.358	0.278	0.198	0.198	0.193	0.291	0.291
1554	AT1G03920	A3SS				1.0			1.0		1.0	0.333	1.0		1.0	
1555	AT2G27710	A3SS	0.728	0.926	0.918	0.85	0.843	0.779	0.922	0.93	0.953	0.814	0.836	0.855	0.852	0.841
1556	AT1G24706	A3SS	0.0	0.0	0.0	0.077	0.0	0.0	0.084	0.194	0.0	0.129	0.071	0.0	0.0	0.0
1557	AT5G36170	A3SS	0.018	0.014	0.054	0.06	0.023	0.054	0.048	0.039	0.037	0.049	0.061	0.047	0.045	0.0
1558	AT5G51230	A3SS	1.0	1.0	1.0	1.0	1.0	1.0	1.0	0.968	1.0	1.0	0.963	0.952	1.0	1.0
1561	AT4G38570	A3SS	1.0	1.0	1.0	1.0	1.0	1.0	1.0	1.0	1.0	1.0	1.0	1.0	0.932	1.0
1562	AT5G01470	A3SS	1.0		1.0	0.316	1.0	1.0				0.236	1.0		1.0	1.0
1563	AT1G08040	A3SS	1.0	1.0	0.873	1.0	1.0	1.0	1.0	0.936	1.0	1.0	1.0	1.0	1.0	1.0
1564	AT3G10700	A3SS	1.0	0.846	1.0	1.0	1.0	1.0	1.0	1.0	1.0	1.0	1.0	1.0	1.0	1.0
1565	AT3G09830	A3SS	0.281	0.758	0.439	0.281	0.281	0.0	0.194	0.439	0.439	1.0	0.385	0.281	0.439	0.439
1566	AT1G04730	A3SS	1.0		1.0	1.0		1.0	0.851	0.449		1.0	1.0	1.0	1.0	1.0
1567	AT3G29280	A3SS		0.0		0.0	0.0		0.0	0.0	0.0	0.0	0.0		0.109	
1568	AT1G28395	A3SS	1.0	0.5	1.0	0.8	1.0	0.2	0.818	0.333	1.0	0.429	0.2	0.333	0.846	0.2
1569	AT1G28395	A3SS	0.333	1.0	0.692	1.0	0.5	0.0	0.667	0.6	1.0	0.333	0.333	0.429	0.6	1.0
1570	AT1G14120	A3SS	1.0	0.61	0.824	0.875	1.0	1.0	1.0	1.0	1.0	1.0	1.0	1.0	0.875	1.0
1571	AT1G14120	A3SS	1.0	0.943	0.936	0.97	1.0	1.0	1.0	1.0	1.0	1.0	1.0	1.0	0.962	1.0
1573	AT3G28970	A3SS	1.0	0.896	1.0	1.0	1.0	1.0	1.0	1.0	1.0	1.0	1.0	0.968	1.0	1.0
1574	AT5G53500	A3SS	1.0	1.0	0.896	0.66	0.775	1.0	0.812	0.896	1.0	1.0	1.0	1.0	1.0	0.463
1579	AT2G35738	A3SS	1.0	1.0	0.5	1.0	1.0	1.0	1.0	1.0		1.0	1.0	1.0	1.0	1.0
1580	AT1G63010	A3SS	1.0	1.0	0.94	1.0	0.94	1.0	1.0	1.0	1.0	1.0	1.0	1.0	0.976	0.898
1581	AT1G63010	A3SS	0.197	0.095	0.03	0.093	0.0	0.0	0.041	0.018	0.0	0.0	0.017	0.0	0.047	0.0
1582	AT1G27900	A3SS	0.0	0.0	0.219	0.111	0.0	0.0	0.176	0.189	0.0	0.157	0.288	0.111	0.059	0.0
1583	AT1G08600	A3SS	1.0	1.0	0.771	0.634		0.0	1.0	1.0	1.0	0.0	1.0	1.0	0.828	0.49
1584	AT3G07760	A3SS	0.333	1.0	0.0	1.0	1.0		1.0	1.0	1.0	1.0	0.75	1.0	1.0	0.5
1585	AT3G07760	A3SS	0.012	0.038	0.048	0.009	0.02	0.0	0.046	0.027	0.021	0.019	0.037	0.034	0.018	0.0
1586	AT3G07760	A3SS	0.024	0.038	0.061	0.009	0.02	0.0	0.046	0.027	0.021	0.019	0.042	0.034	0.018	0.013
1587	AT3G18535	A3SS	0.0	0.558	0.219	0.422	0.457	0.457	0.219	0.066	0.584	0.457	0.163	0.0	0.36	0.558
1588	AT1G07350	A3SS	0.647	0.514	0.569	0.633	0.412	0.714	0.825	0.542	0.6	0.615	0.606	0.72	0.683	0.455
1589	AT1G07280	A3SS	0.0	0.0	0.033	0.057	0.062	0.0	0.023	0.016	0.027	0.059	0.067	0.027	0.039	0.048
1591	AT5G40540	A3SS	1.0	1.0	0.875	1.0	1.0	1.0	0.889	1.0	1.0	1.0	1.0	1.0	1.0	1.0
1592	AT3G07300	A3SS	0.547	0.778	0.573	0.725	0.547	0.518	0.518	0.339	0.526	0.446	0.345	0.659	0.642	0.496
1593	AT1G80060	A3SS	0.0	0.0		0.0	0.0	0.0	0.194	0.0		0.194	0.0	0.0	0.366	0.0
1594	AT2G38130	A3SS	0.602	0.448	0.753	0.591	0.435	0.665	0.585	0.448	0.813	0.362	0.613	0.617	0.532	0.733
1595	AT1G76440	A3SS	1.0	1.0	0.694	0.405	0.506	0.804	1.0	0.434	0.405	1.0	0.804	0.577	0.711	0.672
1596	AT1G26440	A3SS	1.0	0.953	0.914	0.947	1.0	1.0	0.941	0.862	1.0	0.92	0.968	0.951	0.952	0.871
1597	AT1G26440	A3SS	1.0	1.0	1.0	0.963	1.0	1.0	0.938	1.0	1.0	1.0	1.0	1.0	1.0	1.0
1598	AT1G26440	A3SS	1.0	1.0	1.0	1.0	1.0	1.0	0.931	1.0	1.0	1.0	1.0	1.0	1.0	0.882
1599	AT3G27260	A3SS	0.69	0.773	0.743	0.792	0.8	0.657	0.912	0.949	0.818	0.854	0.818	0.94	0.931	0.833
1600	AT3G27260	A3SS	0.227	0.147	0.404	0.378	0.387	0.315	0.367	0.455	0.312	0.246	0.355	0.495	0.068	0.208
1601	AT1G29730	A3SS	1.0		0.0	0.0				0.0			0.0	0.0	0.0	
1603	AT1G61100	A3SS	1.0	0.935	0.963	0.994	1.0	1.0	0.99	0.972	0.955	0.976	0.982	1.0	0.983	1.0
1604	AT3G24560	A3SS			0.227		0.0	0.0	1.0	1.0			0.0	0.0	0.0	
1606	AT1G75060	A3SS	1.0	1.0	0.794	1.0		1.0	1.0	1.0		1.0	1.0	1.0	1.0	1.0
1607	AT2G37340	A3SS	0.253	0.229	0.222	0.257	0.291	0.209	0.217	0.204	0.213	0.25	0.201	0.208	0.254	0.229
1609	AT1G55490	A3SS	0.0	0.013	0.0	0.015	0.0	0.024	0.021	0.019	0.05	0.0	0.016	0.017	0.018	0.022
1610	AT1G51270	A3SS	0.0	0.0	0.0	0.405	0.0		0.0	0.109	0.0	0.0	0.0	0.0	0.0	0.0
1611	AT5G23490	A3SS	1.0	1.0	0.733	0.961	0.785	1.0	1.0	1.0	1.0	1.0	1.0	0.932	1.0	1.0
1613	AT1G16010	A3SS	0.536	0.264	0.258	0.251	0.34	0.292	0.166	0.414	0.391	0.366	0.271	0.303	0.273	0.198
1614	AT1G63680	A3SS	0.0		0.0	0.062	0.099	0.0	0.052	0.0	0.0	0.179	0.0	0.105	0.0	0.0
1615	AT1G27430	A3SS	1.0	0.939	1.0	1.0	0.957	1.0	0.939	0.977	1.0	1.0	1.0	1.0	1.0	0.889
1616	AT1G27430	A3SS	0.355	0.076	0.0	0.065	0.0	0.0	0.071	0.104	0.0	0.174	0.063	0.0	0.169	0.0
1617	AT1G27460	A3SS	1.0	1.0	0.912	1.0	1.0	1.0	1.0	1.0	1.0	1.0	1.0	1.0	1.0	1.0
1618	AT5G48520	A3SS	0.325		0.107	0.0	0.0	0.243	0.0	0.0	0.0	0.121	0.0	0.051	0.064	1.0
1619	AT1G27630	A3SS	0.053	0.111	0.029	0.08	0.0	0.0	0.036	0.0	0.059	0.0	0.03	0.03	0.061	0.0
1621	AT1G27760	A3SS	1.0	1.0	1.0	1.0	1.0	1.0	1.0	1.0	1.0	1.0	1.0	0.959	1.0	0.896
1623	AT5G36180	A3SS	1.0	1.0	0.333	1.0			0.846	1.0		1.0	0.6	1.0	1.0	0.6
1624	AT4G34430	A3SS	1.0	0.607	0.866	0.779	1.0	1.0	0.755	1.0	0.822	0.787	0.607	0.787	0.712	0.822
1625	AT4G34430	A3SS	0.0	0.0	0.0	0.0	0.0	1.0	0.0	0.0	0.0	0.0	0.08	0.0	0.0	0.0
1627	AT3G23640	A3SS	0.489	0.525	0.555	0.404	0.482	0.648	0.551	0.548	0.537	0.359	0.677	0.584	0.557	0.397
1628	AT1G28520	A3SS	1.0	0.665	0.883	0.95	0.904	0.799	0.928	0.969	0.941	1.0	0.866	1.0	0.972	0.901
1629	AT4G11740	A3SS	0.048	0.062	0.038	0.009	0.083	0.0	0.028	0.08	0.143	0.1	0.045	0.049	0.009	0.029
1631	AT5G50240	A3SS			0.309	1.0	0.0		0.728	1.0	0.641		0.373		0.641	0.0
1632	AT5G50240	A3SS	0.0		1.0				1.0				1.0		1.0	0.0
1633	AT1G12350	A3SS	0.0	0.0	0.333	0.2	0.0		0.429	1.0		1.0	1.0	0.5	1.0	1.0
1634	AT1G60850	A3SS	0.0	0.466	0.304	0.0	0.466	0.0	0.504	0.368		1.0	0.0	0.0	0.636	0.0
1637	AT1G43170	A3SS	0.95	0.953	0.97	0.968	0.965	0.971	0.965	0.99	0.969	0.96	0.975	0.966	0.977	0.962
1638	AT1G43170	A3SS	1.0	1.0	0.998	0.998	1.0	1.0	1.0	0.994	1.0	1.0	0.998	1.0	0.998	0.992
1639	AT1G43170	A3SS	1.0	1.0	1.0	0.998	1.0	1.0	1.0	1.0	1.0	1.0	1.0	1.0	1.0	1.0
1641	AT1G43170	A3SS	1.0	1.0	0.935	0.96	1.0	1.0	1.0	0.658	1.0	1.0	0.939	1.0	0.939	0.841
1642	AT1G43170	A3SS	1.0	1.0	1.0	0.962	1.0	1.0	1.0	1.0	1.0	1.0	1.0	1.0	1.0	1.0
1644	AT1G43170	A3SS	1.0		1.0	0.743	1.0			1.0	1.0		1.0	1.0	1.0	1.0
1647	AT1G29170	A3SS	1.0	1.0	1.0	1.0	1.0	1.0	1.0	1.0	1.0	1.0	0.894	1.0	1.0	1.0
1651	AT1G72330	A3SS	1.0	0.921	1.0	1.0	1.0	1.0	1.0	1.0	1.0	1.0	1.0	1.0	1.0	1.0
1652	AT1G30620	A3SS	0.0	0.12	0.167	0.4	0.0	0.111	0.13	0.111	0.0	0.143	0.5	0.273	0.122	1.0
1653	AT1G29357	A3SS	0.113	0.442	0.412	0.561	0.505	0.671	0.527	0.605	1.0	0.449	0.553	0.553	0.389	0.338
1654	AT2G02390	A3SS	0.066	0.074	0.019	0.095	0.135	0.19	0.171	0.309	0.051	0.187	0.21	0.187	0.151	0.311
1655	AT3G13990	A3SS	0.391	0.871	0.658	0.636	0.743	0.49	0.49	0.49	0.658	0.828	0.574	0.49	0.616	0.419
1656	AT1G31420	A3SS	0.366	0.325	0.38	0.441	0.403	0.287	0.408	0.423	0.536	0.29	0.361	0.411	0.415	0.468
1657	AT4G11900	A3SS				0.643				1.0			1.0	1.0	1.0	1.0
1658	AT4G11900	A3SS				0.2		1.0		1.0			1.0	1.0		1.0
1659	AT4G11900	A3SS				0.091		1.0		0.0				0.111	0.0	
1660	AT1G67950	A3SS	0.0	0.121	0.097	0.149	0.49	0.0	0.224	0.0	0.0	0.0	0.0	0.0	0.0	0.0
1661	AT1G18773	A3SS	0.75	0.84	1.0	0.593	1.0	0.5	0.943	0.905	1.0	0.684	0.724	1.0	1.0	0.625
1662	AT1G29750	A3SS	0.0	0.0	0.0	0.044	0.0	0.0	0.0	0.0	0.134	0.0	0.0	0.0	0.0	0.0
1664	AT1G69810	A3SS		0.0	0.111	0.091	0.2	0.0	0.0	0.0	0.0	1.0	0.067	0.0	0.0	0.333
1665	AT4G26860	A3SS	0.043	0.0	0.0	0.0	0.0	0.0	0.0	0.0	0.0	0.0	0.03	0.0	0.023	0.0
1666	AT1G49670	A3SS	0.0	0.042	0.148	0.039	0.058	0.0	0.043	0.018	0.0	0.069	0.035	0.052	0.121	0.03
1667	AT1G23020	A3SS	0.567	0.772	0.676	0.723	0.472	0.728	0.658	0.752	0.789	0.718	0.857	0.586	0.533	0.711
1668	AT1G23020	A3SS	0.341	0.547	0.519	0.472	0.256	0.668	0.507	0.633	0.633	0.33	0.633	0.393	0.489	0.66
1669	AT1G23020	A3SS	0.211	0.208	0.295	0.182	0.256	0.428	0.315	0.345	0.288	0.097	0.204	0.284	0.442	0.424
1671	AT1G48770	A3SS			1.0	1.0	1.0		1.0	0.773			1.0		1.0	
1672	AT4G27040	A3SS	0.155	0.273	0.169	0.161	0.122	0.074	0.237	0.257	0.229	0.2	0.174	0.153	0.176	0.143
1673	AT1G30200	A3SS	0.494	0.573	0.476	0.446	0.538	0.529	0.466	0.56	0.525	0.38	0.524	0.511	0.496	0.514
1675	AT2G06005	A3SS	0.0	0.0	0.0	0.655	0.487		0.24	0.587	1.0	1.0	0.487	0.487	0.487	0.0
1676	AT1G26190	A3SS	1.0	1.0	1.0	1.0	1.0	1.0	1.0	0.823	1.0		1.0	0.756	1.0	1.0
1677	AT1G63640	A3SS	0.0	0.0	0.097	0.452	0.121	0.0	0.325	0.407	0.828		0.138	0.097	0.185	0.743
1679	AT1G12750	A3SS	0.333	0.778	0.778	0.75	0.5	0.6	0.929	0.812	0.455	0.714	0.548	0.789	0.909	0.714
1680	AT2G32415	A3SS	0.0	0.852	0.49	1.0	1.0	1.0	0.49	1.0	0.49	1.0	1.0	0.325	0.419	0.743
1681	AT1G50840	A3SS	0.325	1.0	0.885	0.762	0.49	0.794	0.828	0.49	0.49	0.391	0.579	0.885	0.658	0.278
1682	AT3G19080	A3SS	1.0	1.0		1.0	1.0	1.0	1.0	1.0		1.0	0.649	1.0	1.0	1.0
1683	AT1G08820	A3SS	0.032	0.021	0.0	0.039	0.056	0.0	0.087	0.045	0.029	0.026	0.075	0.043	0.055	0.086
1684	AT3G10250	A3SS	0.0	0.085	0.119	0.096	0.594	0.0	0.235	0.227	0.0	0.083	0.133	0.227	0.063	0.043
1685	AT3G10250	A3SS	0.0	0.112	0.19	0.151	0.518	0.0	0.251	0.18	0.0	0.089	0.217	0.339	0.086	0.163
1686	AT5G48640	A3SS	0.714	1.0	1.0	1.0	1.0	1.0	1.0	1.0	1.0	1.0	1.0	1.0	1.0	1.0
1688	AT2G37620	A3SS				0.487							0.655		1.0	
1689	AT1G68910	A3SS	0.0	0.0	0.0	0.081	0.0	0.0	0.121	0.125	0.11	0.0	0.049	0.0	0.023	0.049
1690	AT1G77600	A3SS	0.0	0.0	0.0	0.176	0.0	0.0	0.0	0.0	0.0	0.1	0.0	0.1	0.0	0.0
1691	AT1G77600	A3SS	0.0	0.0	0.0	0.0	0.0	0.0	0.047	0.0	0.0	0.0	0.0	0.0	0.0	0.0
1693	AT1G13450	A3SS	1.0	1.0	1.0	1.0	1.0	1.0	1.0	1.0	1.0	1.0	0.952	1.0	1.0	1.0
1694	AT5G66310	A3SS	1.0	0.907	0.898	0.915	1.0	0.0	0.709	1.0	1.0	1.0	0.808	1.0	0.594	0.661
1696	AT1G73210	A3SS	1.0	1.0	0.0	0.787		1.0	0.27	0.481	1.0	1.0	0.367	0.649	1.0	1.0
1697	AT1G64980	A3SS	0.0	0.018	0.011	0.05	0.0	0.0	0.0	0.027	0.0	0.07	0.053	0.0	0.01	0.024
1699	AT1G31720	A3SS						0.0	0.21	1.0		0.0			1.0	
1700	AT1G30540	A3SS	0.2	0.0	0.043	0.148	0.0	0.2	0.2	0.333	0.429	0.231	0.154	0.118	0.1	0.2
1701	AT5G38410	A3SS	1.0	1.0	1.0	1.0	1.0	1.0	1.0	1.0	1.0	1.0	0.993	1.0	1.0	1.0
1702	AT1G32410	A3SS	0.637	0.407	0.401	0.505	0.542	0.578	0.542	0.485	0.282	0.419	0.518	0.693	0.525	0.542
1705	AT1G12900	A3SS	0.0	0.0	0.01	0.028	0.019	0.022	0.05	0.006	0.01	0.013	0.025	0.0	0.022	0.011
1706	AT2G38185	A3SS	1.0	1.0	1.0	1.0	1.0		1.0	0.833	1.0	1.0	1.0	1.0	1.0	1.0
1707	AT3G04520	A3SS	1.0	1.0	1.0	1.0	1.0	1.0	0.914	1.0	1.0	1.0	1.0	1.0	1.0	1.0
1708	AT2G01830	A3SS	0.484	0.319	1.0	1.0			1.0	1.0		1.0	1.0	1.0	1.0	
1709	AT2G01830	A3SS	0.484	0.319	0.849	0.929	0.319	1.0	0.556	0.584	0.0	0.0	1.0	0.319	0.652	0.238
1710	AT1G03290	A3SS	0.935	0.948	1.0	0.962	0.921	1.0	1.0	0.966	0.927	1.0	1.0	1.0	0.969	1.0
1711	AT3G55080	A3SS	0.122	0.0	0.0	0.0	0.0	0.0	0.192	0.0	0.0	0.0	0.0	0.0	0.0	0.0
1712	AT3G55080	A3SS	0.46		1.0	0.242	0.299	0.0	0.46	0.758	1.0	0.719	0.544	0.0	0.532	0.176
1713	AT1G33050	A3SS	0.92	1.0	0.929	0.922	1.0	0.98	0.991	0.945	0.984	0.961	0.958	0.919	0.942	0.947
1714	AT2G45023	A3SS	0.457	0.0	0.174	0.0	0.0	0.0	0.0	0.0	0.0	0.0	0.0	0.095	0.158	0.0
1715	AT4G31300	A3SS	0.0	0.0	0.0	0.0	0.0	0.046	0.0	0.0	0.0	0.0	0.0	0.0	0.0	0.0
1716	AT1G33410	A3SS	0.126	0.256	0.0	0.147	0.177	0.0	0.205	0.073	0.0	0.177	0.073	0.079	0.177	0.0
1718	AT4G17610	A3SS	1.0			0.0			1.0	0.0	0.0		0.0	0.0	0.0	
1719	AT4G00840	A3SS	0.426	0.486	0.387	0.397	0.837	0.513	0.521	0.664	0.591	0.392	0.43	0.74	0.638	0.513
1721	AT4G33200	A3SS	0.299	0.204	0.21	0.287	0.457	0.194	0.194	0.318	0.194	0.634	0.222	0.286	0.188	0.278
1722	AT1G03620	A3SS	0.0	0.0	0.0	0.0	0.0		0.0	0.0	1.0			0.0	0.0	1.0
1723	AT3G59330	A3SS	0.652	0.319	0.686	0.46	1.0	1.0	0.584	0.738	0.738	0.0	0.789	0.385	0.484	0.0
1729	AT4G09150	A3SS	0.243	0.138	0.06	0.204	0.074	0.325	0.049	0.224	0.224	0.08	0.107	0.133	0.0	0.0
1731	AT5G18420	A3SS	0.194	0.49	0.445	0.634	0.435	0.49	0.278	0.546	0.325	0.49	0.407	0.536	0.161	0.0
1732	AT5G18420	A3SS	1.0	0.902	1.0	0.954	1.0	0.636	0.867	1.0	1.0	1.0	1.0	0.906	1.0	0.777
1734	AT1G31500	A3SS	0.0		0.217	0.455	0.0	1.0	0.4	0.0	0.625		0.625	0.581	0.625	0.455
1736	AT5G53490	A3SS	0.065	0.124	0.038	0.133	0.172	0.207	0.238	0.111	0.052	0.088	0.25	0.207	0.072	0.0
1737	AT1G62610	A3SS		0.0	1.0	0.743	0.0		0.0	0.0			0.0	0.0	0.0	0.0
1738	AT3G01910	A3SS	1.0	1.0	1.0	0.987	1.0	1.0	1.0	1.0	1.0	1.0	1.0	1.0	1.0	1.0
1739	AT5G66720	A3SS	1.0	0.893	0.872	0.851	0.967	1.0	0.928	0.943	1.0	0.877	0.857	0.906	0.955	0.923
1740	AT3G16320	A3SS	1.0	0.0	1.0	0.258		0.0	0.0	0.41			1.0	0.0	0.635	0.0
1741	AT1G43190	A3SS	1.0	1.0	1.0	1.0	1.0	1.0	1.0	1.0	1.0	1.0	0.966	1.0	0.92	1.0
1742	AT5G03830	A3SS	1.0	1.0		0.0		0.0	1.0	0.0	0.0	1.0	0.457	1.0		
1744	AT5G46270	A3SS	0.0	0.0	0.0	0.103	0.0	0.168	0.0	0.0	0.446	0.0	0.237	0.0	0.068	
1745	AT1G18070	A3SS	0.013	0.014	0.009	0.023	0.0	0.023	0.062	0.026	0.019	0.017	0.016	0.051	0.007	0.013
1746	AT1G17130	A3SS	0.148	0.0	0.0	0.176	0.089	0.61	0.0	0.187	0.08	0.342	0.157	0.0	0.08	0.0
1749	AT5G60980	A3SS	0.445	0.574	0.238	0.525	0.355	0.194	0.451	0.442	0.218	0.337	0.449	0.441	0.429	0.49
1750	AT1G28490	A3SS	0.0	0.0	0.0	0.087	0.0	0.0	0.0	0.064	0.095	0.0	0.0	0.137	0.218	
1752	AT3G07590	A3SS	0.1	0.158	0.128	0.31	0.2	0.5	0.2	0.135	0.429	0.13	0.31	0.222	0.2	0.053
1753	AT1G71240	A3SS	0.121	0.0	0.0	0.036	0.08	0.216	0.161	0.097	0.121	0.278	0.104	0.0	0.1	0.194
1760	AT3G53930	A3SS	0.0	0.0	0.391	0.402	0.0	0.0	0.0	0.176	0.0	0.243	0.107	0.0	0.149	0.243
1761	AT3G05430	A3SS				1.0		0.0	0.588	1.0		1.0	1.0	1.0	0.588	
1762	AT2G22720	A3SS	0.203	0.165	0.154	0.219	0.149	0.128	0.176	0.133	0.317	0.149	0.255	0.093	0.265	0.157
1763	AT5G06770	A3SS	0.333	1.0	0.778	0.391	0.0		0.636	0.455	0.5	0.0	0.0	1.0	0.75	0.333
1764	AT3G19810	A3SS	0.142	0.0	0.0	0.093	0.105		0.06	0.0	0.0	0.0	0.093	0.0	0.044	0.0
1765	AT1G16930	A3SS	0.439	0.439	1.0	0.701	0.0		0.439	0.0		0.439	0.54	1.0	1.0	0.61
1766	AT3G21755	A3SS	1.0		0.714	0.667			1.0	0.6	1.0	1.0	1.0	1.0	0.667	1.0
1767	AT5G49110	A3SS			1.0	1.0			1.0	0.658		1.0		1.0		
1770	AT1G72320	A3SS	1.0	1.0	1.0	0.957	1.0	1.0	0.959	0.877	1.0	1.0	0.795	1.0	0.877	1.0
1771	AT1G47270	A3SS	0.336	0.43	0.309	0.216	0.143	0.278	0.111	0.38	0.182	0.414	0.307	0.243	0.273	0.27
1772	AT1G55810	A3SS	0.96	1.0	1.0	1.0	1.0	1.0	1.0	1.0	1.0	1.0	1.0	1.0	1.0	1.0
1773	AT1G55810	A3SS	1.0	1.0	0.989	0.988	1.0	0.986	1.0	1.0	1.0	0.985	0.995	0.99	1.0	1.0
1775	AT3G60130	A3SS	1.0	1.0	0.983	1.0	1.0	1.0	1.0	0.981	1.0	0.974	1.0	1.0	1.0	1.0
1778	AT3G07530	A3SS			0.0	0.0			0.49	0.658	0.49		0.243		0.325	
1779	AT3G07530	A3SS	0.0		0.0	0.0	0.0		0.0				0.0		0.301	
1781	AT1G48310	A3SS	0.0	0.0	1.0	0.625	0.455		0.294	0.0	0.455	0.0	1.0	0.714	0.0	0.294
1782	AT5G01950	A3SS	0.0	0.0	0.0		0.0	0.0	0.0	0.0		0.0	0.0	0.0	0.143	0.0
1783	AT5G01950	A3SS	1.0	1.0	1.0	1.0		1.0	1.0	1.0	1.0	1.0	0.6	1.0	1.0	1.0
1785	AT1G48550	A3SS	0.407	0.481	0.391	0.546	0.641	0.49	0.265	0.545	0.767	0.407	0.664	0.591	0.426	0.452
1786	AT2G36900	A3SS	0.6	0.2	0.0	0.333	0.0	0.5	0.429	0.2	0.0	1.0	0.143	0.231	0.714	0.2
1787	AT1G59520	A3SS	1.0	1.0	0.926	0.862	1.0	0.8	0.892	0.826	0.7	0.333	1.0	1.0	0.85	0.8
1788	AT3G25570	A3SS	0.806		1.0	1.0	0.0	1.0	1.0	1.0	1.0	0.0	1.0	1.0	0.884	0.258
1789	AT5G36880	A3SS	0.077	0.039	0.04	0.088	0.0	0.0	0.022	0.034	0.038	0.064	0.015	0.024	0.027	0.016
1790	AT1G49160	A3SS	1.0	1.0	1.0	0.733	0.6	1.0	0.905	0.538	0.778	1.0	0.692	1.0	0.636	1.0
1791	AT5G08130	A3SS	0.581	0.386	0.466	0.414	0.41	0.243	0.436	0.419	0.4	0.474	0.391	0.429	0.314	0.188
1792	AT5G08130	A3SS	0.912	0.951	0.957	0.959	1.0	0.936	0.972	0.939	1.0	1.0	0.989	0.97	0.945	0.918
1793	AT5G08130	A3SS	0.845	0.88	0.874	0.852	0.918	0.948	0.85	0.826	0.868	0.98	0.75	0.908	0.934	0.962
1794	AT5G08130	A3SS	0.617	0.694	0.733	0.645	0.738	0.869	0.691	0.655	0.414	0.93	0.553	0.765	0.794	0.874
1795	AT5G08130	A3SS	0.025	0.144	0.159	0.116	0.062	0.147	0.199	0.187	0.016	0.093	0.161	0.119	0.074	0.057
1796	AT5G49960	A3SS	1.0	0.673	0.751	0.758		1.0	0.423	1.0	0.452	1.0	0.901	0.553	0.815	0.712
1797	AT3G51960	A3SS	1.0	0.49		0.49	0.325		0.216	1.0	0.49	0.0	0.627	0.743	0.562	1.0
1798	AT5G08650	A3SS	0.0	0.03	0.048	0.067	0.04	0.048	0.086	0.067	0.143	0.0	0.032	0.074	0.018	0.0
1799	AT1G71220	A3SS	0.325	0.47	0.382	0.325	0.265	0.391	0.556	0.37	0.366	0.145	0.253	0.457	0.325	0.658
1801	AT1G55340	A3SS	1.0	0.605	0.877	0.938	1.0	0.741	0.893	0.663	0.724	0.55	0.756	0.726	0.806	0.781
1802	AT1G76710	A3SS	0.0	0.128	0.05	0.0	0.0	0.095	0.0	0.0	0.0	0.37	0.084	0.109	0.227	0.155
1803	AT5G48150	A3SS	1.0	0.592	0.788	0.847	0.777	1.0	0.881	0.813	1.0	0.592	0.946	0.753	0.948	0.859
1804	AT5G48150	A3SS	0.813	0.567	1.0	0.867	0.777	0.225	0.466	0.791	0.466	1.0	0.859	0.699	1.0	0.875
1805	AT5G53180	A3SS	0.325	0.0	0.121	0.38	0.794	0.658	0.278	0.49	0.562	0.658	0.536	0.391	0.49	1.0
1806	AT1G61970	A3SS	0.6	0.286	0.375	0.538	0.4	0.333	0.647	0.619	1.0	0.75	0.44	0.375	1.0	0.0
1807	AT1G50950	A3SS	0.0	0.0	0.0	0.0	0.0		0.0	0.0	0.0		0.0	0.0	0.294	0.0
1808	AT1G71528	A3SS			0.463	0.633	1.0	1.0	1.0	0.0			1.0	0.463		1.0
1809	AT4G32000	A3SS	1.0	1.0	1.0	1.0	1.0	1.0	1.0	1.0	1.0	1.0	1.0	1.0	1.0	0.731
1810	AT4G32000	A3SS	0.0	0.49	0.0	0.0			0.0	1.0	1.0	0.0	0.161	0.0	0.419	
1811	AT1G29120	A3SS	0.0	0.278	0.31	0.048	0.182	0.0	0.153	0.093	0.0	0.0	0.088	0.097	0.033	0.0
1812	AT1G29120	A3SS	0.0	0.0	0.0	0.0	0.0	0.0	0.149	0.0	0.0	0.0	0.0	0.0	0.0	0.243
1813	AT1G36070	A3SS	0.679	0.604	0.627	0.495	0.604	0.771	0.549	0.607	0.728	0.452	0.481	0.75	0.534	0.687
1816	AT3G49640	A3SS	0.457	0.403	0.272	0.617	0.808	0.558	0.36	0.513	0.457	0.529	0.705	0.428	0.322	0.296
1817	AT3G60810	A3SS	1.0	1.0	1.0	1.0	1.0	1.0	1.0	1.0	1.0	1.0	0.924	1.0	1.0	1.0
1819	AT3G43920	A3SS	1.0				1.0		0.0	1.0		1.0	0.325	1.0	0.0	1.0
1820	AT4G34900	A3SS	0.519	0.59	0.473	0.557	0.557	1.0	0.497	0.605	0.618	0.265	0.672	0.683	0.791	0.548
1821	AT3G21070	A3SS	0.075	0.0	0.212	0.0	0.0	0.0	0.139	0.0	0.082	0.0	0.061	0.054	0.028	0.0
1822	AT2G32700	A3SS	0.577	0.536	0.58	0.575	0.514	0.419	0.442	0.562	0.599	0.412	0.55	0.443	0.519	0.461
1823	AT2G32700	A3SS	0.507	0.529	0.51	0.437	0.556	0.457	0.457	0.59	0.552	0.545	0.485	0.481	0.464	0.494
1824	AT5G41620	A3SS	0.0			0.202						0.0	0.202	0.0	1.0	
1825	AT3G23490	A3SS	0.009	0.006	0.012	0.009	0.002	0.0	0.019	0.006	0.025	0.003	0.013	0.009	0.01	0.003
1827	AT5G26780	A3SS	0.0	0.0	0.047	0.028	0.0		0.05	0.021	0.0	0.0	0.0	0.0	0.0	0.0
1828	AT5G16350	A3SS			1.0	0.795				1.0				1.0		1.0
1829	AT5G61560	A3SS	0.649	1.0	1.0	0.911	0.735	1.0	0.481	1.0	1.0	1.0	0.923	0.481	0.649	0.649
1831	AT3G47250	A3SS	0.654	0.652	0.538	0.643	0.578	0.581	0.56	0.568	0.665	0.651	0.702	0.688	0.596	0.625
1832	AT5G53450	A3SS	0.891	0.784	0.701	0.91	0.759	0.871	0.81	0.808	0.964	0.673	0.636	0.606	0.867	0.561
1833	AT5G16840	A3SS	0.033	0.0	0.0	0.034	0.0	0.0	0.018	0.02	0.11	0.04	0.032	0.0	0.042	0.0
1835	AT3G52210	A3SS	0.0	0.138	0.0	0.057	0.121	0.0	0.0	0.0		0.0	0.0	0.0	0.0	0.0
1836	AT3G52210	A3SS	0.821	1.0	0.88	0.846	0.733	0.478	1.0	0.785	1.0	1.0	0.892	1.0	0.805	1.0
1837	AT5G17410	A3SS	0.0	0.325	0.08	0.202	0.194	0.0	0.216	0.0	0.0	0.243	0.243	0.161	0.08	0.194
1838	AT5G17460	A3SS	0.0	1.0	0.0	0.0	0.0		0.36	0.584	0.0	0.296	1.0		0.558	
1839	AT5G16280	A3SS	0.366	0.231	0.325	0.165	0.259	0.243	0.579	0.268	0.49	0.138	0.173	0.224	0.292	0.161
1842	AT2G16790	A3SS	0.96	0.822	0.928	0.959	0.955	1.0	1.0	0.97	0.962	0.847	0.928	1.0	0.912	0.94
1843	AT4G28550	A3SS	0.146	0.0	0.0	0.0			0.0	0.0	0.0	0.0	0.176	0.0	0.176	0.0
1844	AT5G59830	A3SS	0.779	1.0	0.792	0.54	0.54	0.746	0.589	0.833	0.61	0.468	0.484	0.854	0.85	1.0
1845	AT5G18240	A3SS	0.0	0.0	0.463	0.0	1.0	1.0	0.0	0.0		1.0	0.0		0.177	0.0
1846	AT5G18240	A3SS	0.0	0.617	0.0	0.168	1.0		0.446	0.617	1.0	1.0	0.617	1.0	0.502	0.0
1847	AT5G18240	A3SS		1.0	0.0	1.0	0.581	0.0	1.0	1.0	1.0	1.0	1.0	1.0	0.822	
1848	AT1G09140	A3SS	0.908	0.963	0.859	0.892	0.942	0.898	0.923	0.877	0.859	0.872	0.932	0.916	0.863	0.902
1851	AT3G59320	A3SS	1.0	0.778	1.0	1.0	1.0	1.0	1.0	1.0	1.0	1.0	1.0	1.0	1.0	1.0
1853	AT5G19210	A3SS		0.792	0.487	0.655	0.0	0.0	0.603	0.0	0.655	1.0	0.263	0.0	0.526	1.0
1854	AT5G04080	A3SS	1.0	1.0	1.0	1.0	1.0	1.0	1.0	0.889	1.0	1.0	1.0	1.0	0.965	1.0
1855	AT5G19350	A3SS	0.905	0.886	0.968	0.898	0.957	0.886	1.0	0.941	0.896	0.936	0.948	0.967	0.907	0.918
1856	AT5G19400	A3SS	0.144	0.112	0.114	0.171	0.23	0.255	0.166	0.245	0.138	0.225	0.117	0.177	0.285	0.186
1857	AT2G38660	A3SS	1.0	0.769	0.806	1.0	1.0	0.0	1.0	1.0	0.556	1.0	0.735	0.806	0.833	0.556
1858	AT2G38660	A3SS	0.493	0.455	0.915	0.921	0.83	0.0	1.0	1.0	1.0	1.0	0.745	0.796	0.957	0.745
1859	AT2G26800	A3SS	0.627	0.573	0.609	0.551	0.714	0.682	0.6	0.669	0.727	0.655	0.655	0.506	0.543	0.521
1860	AT5G64390	A3SS	0.0	0.0	0.0	0.0	0.0	0.0	0.025	0.0	0.0	0.0	0.076	0.056	0.0	0.0
1861	AT5G19660	A3SS	0.469	0.638	0.15	0.427	0.469	0.0	0.398	0.779	0.181	0.0	0.419	0.37	0.558	0.355
1862	AT5G19660	A3SS	0.0	0.094	0.199	0.053	0.0	0.0	0.125	0.083	0.0	0.08	0.065	0.068	0.148	0.09
1863	AT2G14620	A3SS	1.0	1.0		1.0			1.0			0.0		1.0	1.0	0.434
1864	AT5G51080	A3SS	1.0	1.0		0.623	0.688	0.355	1.0	1.0	0.355		0.815	1.0	1.0	1.0
1866	AT2G43700	A3SS	1.0	1.0	1.0	1.0	1.0		1.0	1.0		1.0	1.0	1.0	0.212	1.0
1867	AT5G20090	A3SS	0.79	0.83	0.857	0.853	0.789	0.86	0.845	0.754	0.759	0.828	0.696	0.832	0.726	0.944
1868	AT5G20110	A3SS		0.333	0.231	0.333	0.25		0.538	0.143	0.143	0.0	0.167	0.048	0.25	0.333
1869	AT3G24870	A3SS	0.649	1.0	1.0	1.0			1.0	1.0	1.0	1.0	0.822	1.0	1.0	1.0
1871	AT3G24870	A3SS	0.0		1.0	1.0		0.658	1.0	0.658		0.49	0.743	1.0	1.0	1.0
1872	AT5G63680	A3SS	0.0	0.056	0.0	0.137	0.048	0.0	0.097	0.032	0.0	0.125	0.074	0.158	0.091	0.0
1873	AT2G28550	A3SS	0.25	0.25	0.212	0.13	0.091	0.0	0.333	0.077	0.0	0.111	0.4	0.111	0.103	0.176
1874	AT5G20320	A3SS	1.0	1.0	1.0	1.0	0.562	1.0	1.0	1.0	1.0	1.0	1.0	1.0	1.0	1.0
1875	AT3G15395	A3SS	0.312	0.594	0.333	0.344	0.214	1.0	0.301	0.347	0.405	0.405	0.226	0.331	0.126	0.12
1876	AT3G15395	A3SS	1.0	0.872	0.517	0.711	1.0	1.0	0.694	1.0	0.773	1.0	0.732	1.0	1.0	1.0
1877	AT5G20450	A3SS	0.0	1.0	1.0	1.0	1.0		1.0	1.0			1.0	1.0	0.194	
1878	AT5G57300	A3SS			1.0	1.0		1.0	0.188	1.0	1.0	0.0	1.0	1.0	1.0	
1880	AT5G20920	A3SS	0.947	0.902	0.959	0.954	0.954	0.957	0.927	0.918	0.976	1.0	0.926	0.949	0.941	0.976
1881	AT4G26310	A3SS	0.055	0.0	0.0	0.105	0.068		0.0	0.0	0.0	0.035	0.035	0.0	0.0	0.089
1883	AT5G21060	A3SS	0.649	1.0	0.552	0.581	0.0		1.0	0.0	0.649	0.0	0.27	0.188	0.866	0.236
1885	AT5G22050	A3SS	1.0	1.0	1.0	1.0	1.0	1.0	1.0	1.0	1.0	1.0	1.0	1.0	0.96	1.0
1886	AT2G40270	A3SS	1.0	0.91	0.965	0.941	1.0	1.0	1.0	0.889	1.0	0.953	0.909	0.921	0.868	0.956
1887	AT5G22130	A3SS		0.0	0.0	0.0	0.0		0.156	0.0	0.0		0.137		0.156	0.0
1889	AT2G47060	A3SS	1.0	1.0	1.0	0.986	1.0	1.0	1.0	1.0	1.0	1.0	1.0	1.0	1.0	1.0
1895	AT5G24630	A3SS	1.0	0.0	0.0	0.0			0.0		0.0	0.0	0.161	0.0	0.0	0.0
1897	AT5G24630	A3SS	1.0	0.301	0.0	0.775		0.0	0.775	1.0		0.463	0.633	0.223	0.0	
1898	AT3G02870	A3SS	1.0	1.0	1.0	1.0	1.0	1.0	1.0	0.959	1.0	1.0	1.0	1.0	1.0	1.0
1899	AT3G02870	A3SS	1.0	1.0	1.0	1.0	1.0	1.0	1.0	1.0	1.0	1.0	1.0	1.0	0.809	1.0
1900	AT5G23450	A3SS	0.8	0.76	0.698	0.791	0.698	0.628	0.806	0.78	0.795	0.81	0.748	0.724	0.749	0.851
1902	AT5G41120	A3SS		1.0	1.0	0.714	1.0		0.769	0.357		1.0	1.0	1.0	0.455	
1903	AT5G41120	A3SS	0.0	0.0		0.622			0.292	0.622			0.0	0.0	0.0	0.0
1904	AT5G22650	A3SS	1.0	1.0	0.966	1.0	1.0	1.0	0.986	0.989	1.0	1.0	0.98	0.977	0.99	1.0
1905	AT5G22700	A3SS	1.0	0.905	1.0	1.0	1.0	1.0	1.0	1.0	1.0	1.0	1.0	1.0	1.0	1.0
1906	AT5G22700	A3SS	0.882	0.949	0.943	0.944	1.0	1.0	1.0	0.929	1.0	0.917	1.0	1.0	0.957	1.0
1907	AT3G15840	A3SS	1.0	1.0	1.0	1.0	1.0	1.0	1.0	1.0	1.0	1.0	1.0	1.0	0.986	1.0
1908	AT3G19770	A3SS	1.0	1.0	1.0	0.934	0.884	1.0	0.956	1.0	1.0	1.0	1.0	1.0	1.0	1.0
1909	AT3G06530	A3SS	1.0	1.0	0.911	1.0	1.0	1.0	1.0	1.0	1.0	1.0	1.0	0.903	1.0	1.0
1910	AT5G23080	A3SS	1.0	0.935	1.0	0.964	1.0	1.0	0.945	0.914	0.743	1.0	1.0	0.841	0.896	0.852
1912	AT5G23090	A3SS	0.0	0.0	0.0	0.023	0.217	0.0	0.089	0.123	0.0	0.0	0.038	0.026	0.058	0.088
1915	AT2G28290	A3SS	0.224	0.11	0.182	0.092	0.0	0.107	0.03	0.159	0.27	0.194	0.112	0.149	0.032	0.097
1916	AT2G28290	A3SS	0.827	0.94	0.929	0.922	0.754	0.964	0.831	0.825	0.932	0.865	0.842	0.802	0.882	0.901
1917	AT2G36960	A3SS	0.0	0.0	0.0	0.0	0.121	0.325	0.153	0.171	0.0	0.355	0.27	0.0	0.114	0.0
1918	AT5G23405	A3SS	1.0	0.743	0.658	0.965	1.0	0.841	0.953	0.914	1.0	1.0	0.852	0.845	0.957	0.939
1919	AT5G23520	A3SS	0.0	0.0	0.111	0.3	0.111	0.0	0.037	0.12	0.333	0.0	0.185	0.333	0.154	0.0
1920	AT5G23610	A3SS	0.092	0.024	0.194	0.086	0.171	0.121	0.086	0.114	0.194	0.0	0.088	0.0	0.042	0.153
1922	AT5G23720	A3SS	1.0	1.0	0.766	0.714	0.319	1.0	0.6	0.859	0.556	0.789	0.401	0.556	0.882	0.484
1924	AT5G23770	A3SS	0.0	1.0		0.0	1.0				0.0		1.0	1.0	0.151	
1925	AT3G59210	A3SS	1.0	0.9	0.625	0.814	0.714	0.778	0.645	0.692	1.0	0.75	0.867	0.733	0.564	0.455
1926	AT5G51530	A3SS					0.0					1.0	1.0			
1927	AT4G33740	A3SS	0.0	0.458	0.542	0.491	0.311	0.288	0.797	0.465	0.403	0.67	0.515	0.612	0.253	0.253
1929	AT5G24270	A3SS	0.0	0.066	0.0	0.146	0.0	0.0	0.196	0.066	0.0	0.0	0.221	0.299	0.0	0.0
1930	AT5G24320	A3SS	0.11	0.0	0.079	0.0	0.0	0.0	0.0	0.136	0.136	0.0	0.097	0.073	0.0	0.0
1931	AT1G20693	A3SS	0.0	1.0		1.0				1.0		1.0	0.0		1.0	0.0
1932	AT5G24350	A3SS	0.455	0.676	0.714	0.65	0.25	0.0	0.652	0.471	0.455	0.625	0.536	0.294	0.59	1.0
1933	AT5G24350	A3SS	1.0	1.0	1.0	1.0	1.0	1.0	1.0	1.0	0.904	1.0	1.0	1.0	1.0	1.0
1935	AT5G24760	A3SS	0.0	0.0	0.0	0.067	0.0	0.0	0.0	0.0	0.0	0.0	0.0	0.091	0.176	0.0
1937	AT5G02620	A3SS	1.0	1.0	1.0	0.857	1.0	0.521	0.71	0.907	0.765	0.731	0.857	1.0	0.83	1.0
1938	AT2G35160	A3SS			1.0					1.0					0.0	
1940	AT1G15350	A3SS	0.552	0.73	0.57	0.603	0.673	0.849	0.639	0.663	0.762	0.542	0.595	0.64	0.617	0.673
1941	AT3G08980	A3SS							1.0		1.0		1.0	0.0	1.0	1.0
1942	AT2G11810	A3SS		0.0		0.0			0.0	0.0		0.0		0.0	1.0	
1943	AT5G25520	A3SS	0.889	0.806	0.784	0.739	0.895	0.385	0.673	0.692	0.538	0.75	0.81	0.75	0.667	0.789
1944	AT5G25520	A3SS	0.417	0.0	0.29	0.161	0.0	0.323	0.222	0.142	0.0	0.0	0.245	0.082	0.0	0.0
1945	AT5G25560	A3SS	0.816	0.846	0.902	0.836	0.889	0.769	0.858	0.867	0.84	0.729	0.895	0.875	0.866	0.803
1946	AT5G25560	A3SS	0.058	0.065	0.029	0.031	0.05	0.074	0.028	0.01	0.045	0.0	0.031	0.039	0.018	0.024
1947	AT5G25570	A3SS		1.0		1.0				1.0	1.0			1.0	1.0	0.57
1948	AT4G31350	A3SS	1.0	1.0	1.0	0.93	0.882		1.0	1.0	1.0	1.0	1.0	1.0	1.0	0.882
1951	AT5G54840	A3SS	1.0	1.0	1.0	0.88	1.0	1.0	1.0	0.73	1.0	1.0	0.933	0.783	1.0	1.0
1952	AT5G26280	A3SS	1.0	1.0	1.0	0.992	1.0	1.0	1.0	1.0	0.977	1.0	1.0	0.985	1.0	1.0
1953	AT5G26740	A3SS	0.479	0.614	0.572	0.571	0.59	0.625	0.661	0.629	0.534	0.556	0.56	0.687	0.577	0.604
1954	AT1G52150	A3SS	0.0	0.131	0.032	0.104	0.0	0.0	0.0	0.0	0.0	0.0	0.0	0.0	0.0	0.046
1956	AT4G32650	A3SS	0.945	0.936	0.889	0.83	0.906	1.0	0.91	0.958	0.945	0.955	0.936	0.896	0.955	1.0
1958	AT3G56860	A3SS	0.2	0.333	0.316	0.264	0.515	0.368	0.412	0.333	0.524	0.366	0.364	0.473	0.229	0.389
1959	AT3G56860	A3SS	0.24	0.516	0.368	0.377	0.296	0.36	0.457	0.281	0.717	0.341	0.385	0.436	0.296	0.408
1960	AT3G56860	A3SS	0.158	0.286	0.288	0.264	0.407	0.368	0.432	0.371	0.474	0.333	0.34	0.333	0.229	0.436
1961	AT3G56860	A3SS	0.368	0.256	0.409	0.351	0.579	0.5	0.533	0.654	0.2	0.556	0.457	0.381	0.393	0.5
1962	AT3G56860	A3SS	0.429	0.304	0.447	0.351	0.68	0.5	0.509	0.617	0.259	0.6	0.486	0.574	0.393	0.448
1963	AT3G56860	A3SS	0.714	0.579	0.63	0.474	1.0	0.636	0.429	0.458	0.889	0.647	0.574	0.875	0.586	0.333
1966	AT5G47690	A3SS	0.706	0.788	0.794	0.715	0.802	0.676	0.652	0.828	0.859	0.762	0.777	0.647	0.848	0.692
1967	AT5G47690	A3SS	0.638	0.769	0.762	0.615	0.665	0.658	0.658	0.762	0.799	0.567	0.797	0.696	0.627	0.723
1968	AT5G27270	A3SS	0.55	0.0	0.169	0.189	0.352	1.0	0.266	0.0	1.0	0.0	0.449	0.449	0.14	0.449
1969	AT1G03780	A3SS	0.0	0.0	0.059	0.094	0.0		0.0	0.0	0.0	0.0	0.0	0.0	0.05	0.135
1972	AT3G46200	A3SS	0.0	0.0	0.0	0.0		0.0	0.0	0.0	0.0	0.0	0.0	0.0	0.087	0.0
1973	AT5G27640	A3SS	0.062	0.0	0.022	0.065	0.0	0.0	0.043	0.008	0.043	0.0	0.013	0.048	0.0	0.0
1974	AT1G50730	A3SS	1.0	0.0	0.333	0.344		0.429	0.36	0.13	0.429	0.333	0.176	0.429	0.158	1.0
1975	AT1G50730	A3SS	0.267	0.0	0.101	0.221	0.0	0.421	0.238	0.046	0.094	0.421	0.062	0.049	0.083	0.127
1976	AT1G50730	A3SS	0.0	0.138	0.182	0.348	0.0	0.49	0.355	0.243	0.121	0.591	0.234	0.064	0.325	0.0
1978	AT5G58240	A3SS	0.297	0.261	0.25	0.127	0.062	0.12	0.146	0.193	0.143	0.125	0.244	0.367	0.082	0.125
1979	AT3G17410	A3SS	0.0	0.0	0.02	0.0	0.011	0.024	0.011	0.026	0.0	0.02	0.018	0.007	0.006	0.013
1980	AT5G28530	A3SS		0.0	0.0	0.0	0.0	0.0		0.0	0.0	0.0	0.0	0.0	0.079	
1983	AT2G32000	A3SS	0.789	0.556	0.849	0.934	0.652		0.738	0.319	0.824	0.446	0.766	0.766	0.789	0.838
1985	AT5G06510	A3SS	0.0		0.0	0.0	0.0	0.0	0.0					1.0		
1986	AT5G06510	A3SS	0.0		0.0	0.0	0.0	0.0	0.0				1.0	1.0	1.0	
1989	AT4G14970	A3SS	1.0				1.0				0.0		1.0			
1991	AT3G01380	A3SS	1.0	0.791	0.612	0.768	1.0	1.0	0.926	0.748	1.0	0.688	1.0	1.0	0.877	0.486
1992	AT5G45800	A3SS	0.0	0.053	0.043	0.103	0.0	0.077	0.054	0.067	0.143	0.0	0.0	0.027	0.077	0.0
1993	AT5G35210	A3SS	0.0	0.043	0.019	0.009	0.0	0.048	0.027	0.014	0.0	0.053	0.01	0.0	0.029	0.0
1994	AT5G35330	A3SS	1.0	0.839	1.0	0.956	1.0	0.792	1.0	1.0	1.0	0.919	1.0	1.0	1.0	0.777
1996	AT5G35680	A3SS	0.246	0.162	0.19	0.143	0.128	0.179	0.19	0.11	0.158	0.156	0.138	0.205	0.151	0.274
1998	AT5G36002	A3SS		1.0	1.0	1.0	1.0		1.0	1.0	1.0	0.383	0.554	1.0	1.0	1.0
1999	AT5G63880	A3SS	0.031	0.05	0.035	0.032	0.044	0.105	0.059	0.057	0.026	0.0	0.072	0.032	0.025	0.0
2000	AT2G38460	A3SS	1.0		1.0	1.0	1.0	1.0	1.0	1.0			1.0	0.5	1.0	
2001	AT1G44770	A3SS	0.838	0.842	0.796	0.842	0.869	0.928	0.86	0.772	0.903	0.756	0.888	0.914	0.805	0.852
2003	AT5G06695	A3SS	1.0	1.0		1.0	1.0		1.0	1.0	1.0		1.0	1.0	0.723	1.0
2006	AT1G53570	A3SS	0.534	0.369	0.515	0.383	0.406	0.645	0.456	0.401	0.49	0.67	0.496	0.431	0.407	0.335
2007	AT1G53570	A3SS	0.864	0.935	0.852	0.92	1.0	0.926	0.948	0.932	0.97	0.928	0.983	0.926	0.833	1.0
2009	AT1G02860	A3SS	0.978	1.0	1.0	1.0	1.0	0.907	1.0	1.0	1.0	1.0	1.0	1.0	1.0	1.0
2010	AT1G33470	A3SS	0.62	0.49	0.7	0.674	0.461	0.743	0.531	0.594	0.562	0.743	0.619	0.577	0.595	0.698
2011	AT1G33470	A3SS	1.0	0.959	0.901	0.792	0.703	0.886	0.828	0.833	0.905	0.912	0.968	0.83	0.808	0.789
2013	AT5G37340	A3SS	1.0			1.0	1.0	1.0	1.0		0.0	0.449	1.0	1.0	1.0	
2014	AT5G37370	A3SS	0.429	0.429	0.375	0.333	0.333	1.0	0.882	0.231	0.429	0.333	1.0	1.0	0.714	0.75
2015	AT5G37370	A3SS	0.733	0.826	0.586	0.862	1.0	1.0	0.84	0.657	0.4	0.571	0.447	0.588	0.44	0.176
2016	AT5G37380	A3SS	0.333	0.0	0.333	0.5		0.0	0.111	1.0	0.0	0.5	0.385	0.25	0.556	0.333
2017	AT5G37380	A3SS	0.6	0.667	0.692	0.619	1.0	0.2	0.529	1.0	0.273	0.6	0.68	0.571	0.714	0.5
2019	AT5G27840	A3SS	0.091	0.095	0.2	0.089	0.091	0.077	0.2	0.077	0.067	0.0	0.082	0.014	0.087	0.081
2020	AT3G04350	A3SS	0.094	0.014	0.083	0.025	0.0	0.0	0.026	0.026	0.0	0.032	0.035	0.106	0.057	0.0
2022	AT1G06230	A3SS	0.889	1.0	1.0	1.0	1.0	1.0	1.0	1.0	1.0	1.0	1.0	1.0	1.0	1.0
2023	AT5G60430	A3SS	1.0	1.0	0.667	0.556	1.0	1.0	1.0	1.0	0.5	1.0	0.333	0.818	1.0	1.0
2025	AT5G57860	A3SS	1.0	1.0	0.78	0.886	0.85	0.586	0.731	1.0	0.78	1.0	0.841	0.739	1.0	0.85
2026	AT5G24210	A3SS	0.067	0.048	0.059	0.056	0.0	0.0	0.143	0.083	0.2	0.0	0.0	0.0	0.0	0.0
2027	AT5G38720	A3SS	0.0	0.342	0.0	0.143	1.0		0.207	0.0	0.0	0.163	0.207	0.0	0.207	
2028	AT3G22220	A3SS	0.328	0.0	0.0	0.083	0.059	0.0	0.043	0.14	0.0	0.055	0.048	0.0	0.088	0.0
2029	AT5G62100	A3SS	0.069	0.349	0.066	0.268	0.309	0.0	0.345	0.163	0.1	0.143	0.149	0.309	0.082	0.0
2030	AT5G59210	A3SS	1.0	0.828	0.955	0.909	1.0	1.0	1.0	1.0	1.0	1.0	1.0	1.0	1.0	0.794
2031	AT3G14880	A3SS		0.0		1.0		1.0					1.0			
2032	AT5G38860	A3SS	1.0	1.0	1.0	1.0	1.0	1.0	1.0	1.0	1.0	1.0	0.934	1.0	1.0	1.0
2033	AT3G52180	A3SS	0.2	0.0	0.667	0.0	0.0	0.0	0.067	0.118	0.143	0.053	0.111	0.0	0.04	0.0
2034	AT5G38970	A3SS	1.0	1.0	1.0	1.0	1.0	1.0	0.885	1.0		1.0	1.0	0.637	0.513	1.0
2036	AT1G69610	A3SS		1.0	1.0	1.0					1.0		1.0	0.0	0.777	1.0
2037	AT1G28090	A3SS	1.0	0.6	0.75	0.684	1.0	1.0	0.917	0.667	0.385	1.0	0.5	0.625	1.0	0.429
2040	AT3G12210	A3SS	0.0	0.0	0.118	0.086	0.0	0.0	0.0	0.374	0.484	0.0	0.158	0.0	0.0	0.0
2041	AT5G40240	A3SS	0.692	1.0	1.0	1.0	1.0	1.0	1.0	1.0	1.0	1.0	1.0	1.0	1.0	1.0
2042	AT5G40280	A3SS	1.0	1.0	1.0	1.0	1.0	1.0	1.0	1.0	1.0	1.0	1.0	0.6	1.0	1.0
2043	AT1G04930	A3SS	0.0	0.0	0.0	0.0	0.0	0.0	0.0	0.0	0.0	0.0	0.172	0.0	0.357	
2045	AT3G10740	A3SS	0.014	0.036	0.035	0.054	0.019	0.053	0.049	0.03	0.016	0.0	0.048	0.032	0.041	0.015
2047	AT5G40440	A3SS	1.0	1.0	0.882	1.0	1.0	1.0	0.899	1.0	0.872	1.0	1.0	1.0	1.0	1.0
2048	AT5G42520	A3SS	1.0	0.956	1.0	0.934	1.0	1.0	0.949	1.0	0.823	1.0	0.972	1.0	0.967	0.938
2049	AT2G06025	A3SS	1.0	1.0	1.0	0.923	0.714	1.0	1.0	1.0	1.0		1.0	1.0	1.0	0.667
2051	AT5G40910	A3SS	1.0	1.0	1.0	1.0	1.0	1.0	1.0	1.0	1.0	1.0	1.0	1.0	1.0	0.8
2052	AT5G41000	A3SS		0.0	1.0	0.306	0.0		0.112	1.0		0.0	0.0	0.0	0.469	0.0
2053	AT5G41000	A3SS	1.0	1.0	1.0	0.882	1.0		0.867	0.833	0.333	1.0	1.0	0.9	0.867	1.0
2054	AT2G17970	A3SS	1.0	0.0	0.158	0.375	0.333	1.0	0.333	0.692	0.333	0.333	0.2	0.0	0.2	0.333
2055	AT3G58490	A3SS	1.0	0.977	0.874	1.0	1.0	0.782	1.0	0.944	0.924	0.969	0.98	0.935	0.964	0.955
2056	AT5G41110	A3SS	0.091	0.0	0.0	0.0	0.0	0.166	0.042	0.225	0.0	0.0	0.0	0.0	0.0	0.0
2057	AT4G39180	A3SS	0.794	1.0	0.49	0.658	1.0	1.0	0.546	1.0	1.0	0.658	0.906	0.658	0.627	0.161
2058	AT5G45280	A3SS	1.0	1.0	1.0	1.0	1.0	1.0	1.0	0.987	1.0	1.0	1.0	1.0	1.0	1.0
2061	AT5G41700	A3SS	0.002	0.006	0.005	0.001	0.0	0.004	0.002	0.005	0.0	0.003	0.002	0.0	0.001	0.0
2063	AT4G36540	A3SS	0.928	0.884	0.897	0.893	0.921	0.889	0.885	0.907	0.881	0.866	0.912	0.916	0.921	0.899
2064	AT5G64470	A3SS	0.808	0.277	0.843	0.277	0.338	0.657	0.821	0.584	0.434	0.605	0.534	0.567	0.742	0.775
2067	AT3G29575	A3SS	0.628	0.489	0.478	0.497	0.485	0.523	0.401	0.591	0.525	0.639	0.457	0.393	0.504	0.413
2068	AT5G42690	A3SS	0.391	1.0	1.0	0.435	0.658	0.49	0.243	0.49	1.0	1.0	0.0	0.278	0.391	0.0
2069	AT5G59440	A3SS	0.439	0.437	0.56	0.45	0.582	0.596	0.437	0.296	0.462	0.268	0.478	0.419	0.446	0.459
2070	AT5G42900	A3SS	0.743	0.73	0.762	0.636	0.619	0.634	0.681	0.72	0.747	0.629	0.668	0.756	0.71	0.736
2072	AT5G43430	A3SS	0.866	1.0	0.901	0.981	1.0	1.0	1.0	0.973	1.0	1.0	1.0	0.961	0.952	1.0
2073	AT5G43430	A3SS	0.105	0.028	0.068	0.058	0.108	0.042	0.064	0.0	0.087	0.032	0.093	0.036	0.053	0.027
2075	AT4G15563	A3SS	1.0	0.229	1.0	0.817			0.472		1.0		0.641	0.229	0.309	
2078	AT2G48140	A3SS		1.0	1.0	0.824			1.0	0.484	1.0		0.824	1.0	1.0	
2079	AT5G43930	A3SS	0.078	0.196	0.134	0.137	0.0	0.072	0.058	0.078	0.11	0.209	0.121	0.049	0.087	0.0
2080	AT4G27270	A3SS		1.0	0.0	0.145	0.0	0.0	0.575	0.403	0.0		0.67	0.575	0.336	
2081	AT5G43990	A3SS		1.0	0.357	0.625		1.0	0.625	0.69	1.0		1.0	1.0	1.0	1.0
2082	AT5G43990	A3SS		1.0	0.201	0.43	0.0	1.0	1.0	0.801	0.335		0.335	0.716	1.0	1.0
2083	AT5G43990	A3SS			0.296	0.296	0.0	1.0	1.0	0.808	0.0		0.0	0.0		
2084	AT5G43990	A3SS		1.0	0.0	1.0	0.0	1.0	1.0	1.0	0.335	1.0	1.0	0.668	1.0	1.0
2085	AT3G09370	A3SS	0.714	0.294	0.455	0.647	0.294	0.625	0.567	0.806	1.0	1.0	0.769	0.854	0.909	0.357
2086	AT1G62800	A3SS	1.0	1.0	0.903	0.874	0.552	1.0	1.0	0.866	0.735	0.735	0.81	0.866	0.822	0.822
2087	AT3G19780	A3SS	1.0	0.8	1.0	1.0	0.692		1.0	0.583	0.6	1.0	0.8	1.0	0.625	1.0
2088	AT3G19780	A3SS	0.49	0.0	0.278	0.088	0.325	0.0	0.292	0.069	0.194	0.0	0.407	0.0	0.375	0.0
2089	AT5G44480	A3SS	0.2	1.0	0.667	0.8	0.2		0.75	1.0	1.0	1.0	0.538	1.0	1.0	1.0
2091	AT5G44785	A3SS	0.0	0.144	0.0	0.062	0.0	0.0	0.0	0.0	0.0	0.0	0.048	0.0	0.0	0.0
2092	AT3G07650	A3SS	0.235	0.194	0.281	0.466	0.226	0.344	0.148	0.262	0.202	0.325	0.265	0.227	0.14	0.182
2093	AT5G45115	A3SS	1.0	0.739	1.0	0.68	1.0		1.0	0.321		1.0	1.0	1.0	0.541	0.0
2095	AT5G45500	A3SS	1.0			1.0			1.0					1.0		0.0
2096	AT5G45500	A3SS	0.238	0.245	0.206	0.319	0.366	0.113	0.408	0.484	0.182	0.441	0.263	0.349	0.271	0.06
2097	AT5G45940	A3SS	0.621	0.568	0.568	0.779	0.789	0.701	0.642	0.666	0.652	0.894	0.61	0.666	0.663	0.529
2098	AT3G21465	A3SS	0.0	0.0	0.0	0.0	0.0	0.0	0.0	0.0	0.0	0.085	0.094	0.0	0.0	0.0
2100	AT4G21215	A3SS	0.847	0.974	0.951	0.934	0.881	1.0	0.938	1.0	1.0	1.0	0.847	0.787	0.896	0.764
2101	AT5G46710	A3SS	0.026	0.026	0.088	0.079	0.029	0.0	0.036	0.034	0.0	0.0	0.036	0.02	0.026	0.0
2103	AT3G13810	A3SS	1.0	0.531	0.896	0.915	0.783	1.0	1.0	0.866	0.684	0.684	0.935	0.803	0.878	1.0
2104	AT3G13810	A3SS	0.65	0.84	0.768	0.89	0.881	0.713	0.872	1.0	1.0	0.608	0.886	1.0	0.74	0.848
2105	AT3G13810	A3SS	0.62	0.841	0.576	0.749	0.765	0.62	0.74	1.0	1.0	0.55	0.71	1.0	0.449	0.449
2106	AT5G14720	A3SS	0.019	0.111	0.01	0.053	0.0	0.0	0.035	0.008	0.043	0.071	0.04	0.071	0.027	0.0
2108	AT1G55250	A3SS	1.0	1.0	1.0	1.0	0.787	1.0	1.0	1.0	1.0	1.0	0.881	1.0	1.0	1.0
2109	AT1G55250	A3SS	0.655	0.792	0.792	1.0	1.0	1.0	1.0	0.704	0.322	1.0	0.839	1.0	0.851	0.851
2111	AT5G48440	A3SS	0.0	0.0	0.314	0.036	0.0	0.0	0.046	0.0	0.0	0.0	0.0	0.0	0.093	0.0
2112	AT1G02120	A3SS	1.0	0.905	0.943	1.0	0.75	1.0	1.0	0.892	1.0	1.0	1.0	1.0	1.0	1.0
2113	AT5G48545	A3SS	0.929	1.0	0.81	1.0	0.882	1.0	1.0	0.967	1.0	1.0	1.0	1.0	1.0	0.92
2114	AT2G41710	A3SS	0.132	0.0	0.132	0.048	0.233	0.0	0.163	0.13	0.094	0.06	0.025	0.074	0.135	0.06
2116	AT5G48620	A3SS	0.758	0.67	0.896	0.709	0.342	1.0	0.769	0.559	0.862	0.701	0.785	0.566	0.75	0.439
2117	AT1G05200	A3SS	0.434		0.0				0.434	0.0			0.434	0.434	0.0	
2118	AT5G48775	A3SS	1.0	0.429	1.0	0.474	0.333		0.444	0.333	1.0	0.333	0.286	0.5	0.2	0.333
2119	AT2G26430	A3SS	1.0	0.983	0.984	0.993	1.0	1.0	0.985	1.0	1.0	1.0	1.0	1.0	0.991	1.0
2120	AT5G48830	A3SS	0.0	0.0	0.0	0.0	0.0	0.0	0.0	0.0	0.0	0.0	0.053	0.0	0.0	0.0
2121	AT5G48950	A3SS				1.0	1.0	1.0	1.0	1.0		0.0	1.0	0.439	1.0	
2122	AT5G49020	A3SS	1.0	1.0	1.0	0.718	1.0	1.0	0.787	0.923	1.0	1.0	1.0	0.893	0.836	1.0
2123	AT5G66640	A3SS	1.0	0.0	0.0	0.325	1.0		0.0			0.0	0.0	0.0	0.0	0.0
2124	AT5G49210	A3SS	0.0	0.008	0.012	0.01	0.011	0.048	0.0	0.006	0.017	0.0	0.0	0.0	0.0	0.017
2125	AT4G28640	A3SS	0.824	1.0	1.0	1.0	1.0	1.0	0.652	1.0	1.0	1.0	1.0	1.0	1.0	1.0
2126	AT5G64460	A3SS		1.0	0.472	1.0	1.0		1.0		1.0	1.0	0.728	1.0	1.0	
2127	AT5G64460	A3SS	0.728	0.543	1.0	0.908	1.0	0.309	1.0	1.0	1.0	1.0	0.472	1.0	0.915	1.0
2128	AT4G23470	A3SS	0.053	0.011	0.072	0.028	0.018	0.0	0.045	0.046	0.029	0.045	0.042	0.047	0.059	0.087
2129	AT3G56210	A3SS	0.0	0.0	0.382	0.481	0.0	0.0	0.078	0.0	0.649	0.134	0.236	0.0	0.202	0.0
2130	AT5G49470	A3SS	1.0	1.0	0.899	1.0	1.0	1.0	1.0	0.889	1.0	1.0	0.831	1.0	1.0	1.0
2131	AT5G49470	A3SS		0.0	0.0	0.0	0.0	0.0	0.098	0.0	0.466	0.0	0.08	0.179	0.127	0.0
2132	AT3G17040	A3SS	0.091	0.053	0.182	0.22	0.167	0.111	0.273	0.071	0.091	0.1	0.263	0.273	0.021	0.0
2133	AT3G04030	A3SS		1.0	0.708	1.0		1.0		0.0	1.0		1.0	1.0		
2134	AT5G49650	A3SS	1.0	1.0	0.975	0.976	1.0	1.0	1.0	1.0	1.0	1.0	1.0	1.0	1.0	1.0
2135	AT5G63620	A3SS	1.0	1.0	1.0	1.0	0.964	1.0	1.0	1.0	0.973	1.0	1.0	0.971	1.0	1.0
2136	AT5G13480	A3SS	0.0	0.0	0.094	0.057	0.0	0.0	0.065	0.0	0.0	0.0	0.0	0.0	0.0	0.0
2138	AT4G35520	A3SS		1.0			0.0		0.0						1.0	
2140	AT5G50130	A3SS	1.0	0.0		1.0			1.0	1.0	1.0	1.0	1.0	1.0	1.0	
2141	AT4G25434	A3SS	0.294		0.0	0.625	1.0	1.0	0.455	0.455	1.0	1.0		0.0		
2142	AT1G05710	A3SS	0.292	1.0	0.805	0.933	0.743	1.0	0.819	0.673	0.622	1.0	0.602	0.908	0.687	1.0
2143	AT1G05710	A3SS	1.0	1.0	1.0	1.0	1.0	1.0	0.742	1.0	1.0	1.0	0.944	1.0	1.0	1.0
2145	AT5G50780	A3SS	0.0	0.0	0.0	0.0	0.0	0.0	0.059	0.04	0.294	0.135	0.0	0.0	0.0	0.135
2146	AT3G09560	A3SS	1.0		1.0	1.0	1.0	1.0	1.0		1.0			0.478	0.478	1.0
2147	AT5G51040	A3SS	0.972	1.0	1.0	1.0	1.0	1.0	1.0	0.984	1.0	0.955	0.986	1.0	1.0	1.0
2148	AT5G51040	A3SS	0.0	0.0	0.024	0.01	0.029	0.0	0.0	0.0	0.0	0.0	0.0	0.0	0.0	0.0
2149	AT5G61880	A3SS	0.457	0.0	0.0	0.424	0.0	0.0	0.0	0.174	0.0	0.0	0.0	1.0	0.24	0.0
2150	AT1G03630	A3SS	1.0	1.0	0.893	1.0	0.735		1.0	1.0	0.0	1.0	1.0	1.0	1.0	0.735
2151	AT3G16565	A3SS	0.0	0.0	0.103	0.191	0.387	0.0	0.387	0.0	0.174	1.0	0.0	0.24	0.0	0.558
2152	AT3G49500	A3SS	0.0	0.0	0.142	0.524	1.0	0.0	0.292	0.452	0.452	0.0	1.0	0.292	0.622	
2153	AT5G51660	A3SS	0.0	0.0	0.0	0.0	0.143	0.0	0.037	0.0	0.2	0.0	0.059	0.071	0.111	0.0
2156	AT5G52040	A3SS	0.368	0.419	0.483	0.353	0.383	0.27	0.372	0.257	0.432	0.465	0.407	0.431	0.374	0.385
2157	AT5G52070	A3SS	0.0	1.0	0.733		1.0		1.0	1.0		0.0	0.6	1.0	0.75	1.0
2158	AT5G52070	A3SS	1.0	0.467	0.556	0.226	0.5	0.0	0.647	0.6	0.333	1.0	0.375	0.6	0.579	0.333
2160	AT5G52270	A3SS			0.0	1.0										1.0
2161	AT5G63440	A3SS	1.0	0.644	0.693	0.337	1.0		0.927	0.575	0.644	1.0	0.265	0.878	0.819	1.0
2162	AT5G52470	A3SS	0.986	1.0	1.0	1.0	1.0	1.0	1.0	1.0	1.0	1.0	1.0	1.0	1.0	1.0
2163	AT5G52545	A3SS	0.466	1.0	1.0	1.0	0.723	1.0	1.0	0.859	0.466	0.813	1.0	0.753	1.0	1.0
2164	AT5G52580	A3SS	0.103	0.149	0.092	0.095	0.547	0.139	0.158	0.217	0.118	0.192	0.164	0.043	0.155	0.212
2166	AT5G52790	A3SS	1.0	1.0	1.0	1.0			1.0	1.0		0.0	1.0		1.0	
2169	AT2G23760	A3SS	0.071	0.2	0.188	0.103	0.136	0.222	0.164	0.147	0.167	0.067	0.086	0.265	0.088	0.161
2171	AT2G19910	A3SS		0.0	0.0	1.0	1.0		0.424	1.0	1.0	1.0		1.0	1.0	0.0
2172	AT5G53020	A3SS	1.0	1.0	1.0	1.0	1.0		1.0	0.667	1.0	1.0	1.0	1.0	1.0	1.0
2173	AT5G53020	A3SS	0.714	1.0	1.0	1.0	0.5	1.0	1.0	1.0		1.0	1.0	0.5	1.0	0.333
2174	AT5G53020	A3SS	1.0	1.0	1.0	1.0	1.0	1.0	1.0	1.0	0.8	1.0	1.0	0.913	0.846	1.0
2175	AT5G53020	A3SS	0.216	0.0	0.0	0.074	0.49	0.243	0.202	0.064	0.325	0.194	0.107	0.0	0.243	0.0
2176	AT5G66160	A3SS	1.0	1.0	1.0	1.0	1.0	1.0	1.0	1.0	1.0	1.0	0.966	1.0	1.0	1.0
2177	AT1G60430	A3SS	0.698	0.828	0.536	0.479	0.49	0.243	0.619	0.658	0.435	0.461	0.325	0.366	0.472	0.92
2178	AT1G60430	A3SS	0.142	0.553	0.142	0.067	0.0	0.0	0.16	0.121	0.142	0.155	0.036	0.052	0.191	0.0
2179	AT1G60430	A3SS	0.0	0.159	0.0	0.0	0.0	0.0	0.075	0.0	0.0	0.176	0.072	0.087	0.208	0.0
2180	AT5G53220	A3SS		1.0		0.0			1.0	1.0					0.0	
2183	AT5G53220	A3SS	0.0	0.0	0.143	0.2	0.0	1.0	1.0	0.0	0.0	0.0	1.0	1.0	0.167	0.111
2184	AT3G60600	A3SS	0.0	0.0	0.0	0.0	0.004	0.0	0.003	0.008	0.004	0.0	0.002	0.005	0.008	0.006
2185	AT5G52410	A3SS		0.0	0.279	0.0				0.0					0.34	
2186	AT5G52410	A3SS	0.0	0.269	0.197				0.0	0.0				0.0	1.0	0.0
2187	AT5G52410	A3SS	0.0	0.484	0.385	1.0			0.0	0.652				0.0	1.0	0.0
2188	AT5G53460	A3SS	0.654	0.867	0.916	0.832	0.813	0.686	0.692	0.574	0.867	0.699	0.863	0.65	0.729	1.0
2189	AT1G58520	A3SS	0.626	1.0	1.0	0.824	1.0	1.0	1.0	0.87	1.0	1.0	0.626	1.0	0.843	0.824
2190	AT5G53850	A3SS	1.0	1.0	1.0	1.0	1.0	1.0	1.0	1.0	1.0	0.969	1.0	1.0	1.0	1.0
2193	AT5G54250	A3SS	1.0	0.969	1.0	1.0	1.0	1.0	1.0	1.0	1.0	1.0	1.0	1.0	1.0	1.0
2194	AT5G54280	A3SS	1.0	0.914	1.0	1.0	1.0	1.0	1.0	1.0	1.0	1.0	1.0	0.885	1.0	1.0
2195	AT3G12080	A3SS	1.0	1.0	1.0	0.967	1.0	1.0	1.0	0.952	1.0	0.945	1.0	1.0	1.0	1.0
2196	AT3G20810	A3SS	0.727	0.556	0.708	0.639	0.6	0.5	0.571	0.5	0.4	0.36	0.704	0.755	0.679	0.368
2197	AT3G15520	A3SS	0.0	0.319	0.0	0.0	0.0	0.0	0.158	0.484	0.0		0.652	0.0	0.0	0.0
2199	AT5G55290	A3SS	0.915	0.855	0.942	0.944	0.981	0.934	0.943	0.931	0.947	0.953	0.898	0.903	0.88	0.954
2200	AT3G09920	A3SS	0.0	0.276	1.0	1.0	0.223		0.462	0.696	0.364	0.0	0.223	0.445	0.364	0.8
2201	AT3G60070	A3SS	0.686	1.0	0.522	0.466	1.0	0.466	0.813	0.466	1.0	0.466	0.791	0.739	0.948	0.859
2202	AT5G55550	A3SS	1.0	1.0	1.0	1.0	1.0	1.0	1.0	1.0	1.0	1.0	0.8	1.0	0.892	1.0
2203	AT5G55580	A3SS	1.0	1.0	1.0	1.0	1.0		1.0	1.0	1.0	1.0	0.692	1.0	1.0	
2204	AT5G40840	A3SS	0.0	0.658	0.243	1.0		1.0	0.0	0.49	0.0		0.243	0.0	0.0	
2206	AT2G35660	A3SS	1.0		1.0					0.0		0.0	0.0		0.0	
2207	AT5G56180	A3SS	0.04	0.104	0.073	0.078	0.0	0.077	0.149	0.161	0.053	0.029	0.048	0.13	0.049	0.161
2209	AT1G19025	A3SS	0.355	0.355	1.0	0.524		1.0	0.623	1.0		1.0	1.0	1.0	0.269	
2210	AT5G01650	A3SS	0.0	0.068	0.084	0.033	0.0	0.037	0.059	0.064	0.086	0.02	0.008	0.074	0.036	0.067
2211	AT5G65740	A3SS	1.0	1.0	0.692	1.0	1.0	1.0	0.684	1.0	1.0	1.0	0.833	0.5	0.818	1.0
2212	AT3G06330	A3SS	1.0	1.0	0.934	1.0	1.0	1.0	1.0	1.0	1.0	0.895	0.972	0.945	0.879	1.0
2213	AT3G13230	A3SS	0.0	0.0	0.0	0.019	0.053	0.0	0.034	0.021	0.067	0.0	0.023	0.0	0.0	0.125
2214	AT5G57210	A3SS	0.0	0.0	0.0	0.0	0.0	0.0	0.0	0.0	0.0	0.14	0.0	0.0	0.0	0.0
2215	AT5G57700	A3SS	0.0	1.0	0.0	0.128	0.638	0.0	0.755	0.0		0.0	0.0	1.0	0.181	
2216	AT4G24680	A3SS	0.224	0.25	0.051	0.113	0.054	0.046	0.125	0.066	0.129	0.0	0.02	0.028	0.089	0.084
2217	AT4G24680	A3SS	0.0	0.0	0.121	0.0	0.0	0.074	0.138	0.0	0.047	0.06	0.0	0.063	0.025	0.0
2218	AT5G57790	A3SS		0.0	0.304		1.0	1.0		0.466		0.0	0.0		0.466	
2219	AT5G58003	A3SS	1.0	1.0	1.0	1.0	1.0	1.0	1.0	1.0	1.0		1.0	1.0	0.857	1.0
2220	AT5G58190	A3SS	0.0	0.0	0.0	0.0	0.0	0.658	0.194	0.194	0.0	0.0	0.0	0.0	0.0	
2222	AT5G58330	A3SS	0.788	0.689	0.794	0.833	0.856	0.692	0.803	0.743	0.831	0.805	0.83	0.823	0.796	0.819
2224	AT3G58900	A3SS	1.0	1.0	1.0	0.924	1.0		1.0	1.0	1.0	1.0	1.0	1.0	1.0	1.0
2225	AT5G58790	A3SS	1.0	1.0	0.703	0.877	0.283		0.664	1.0	1.0		0.759	0.612	0.542	0.0
2228	AT5G58940	A3SS	0.333	0.333	1.0	1.0	1.0	1.0	1.0	1.0	1.0	0.0	1.0	1.0	0.8	1.0
2230	AT1G02960	A3SS	1.0	1.0	1.0	0.941	1.0	0.5	1.0	1.0	1.0	1.0	1.0	0.923	1.0	1.0
2231	AT1G02960	A3SS	1.0	1.0	1.0	0.966	1.0	0.714	1.0	1.0	1.0	1.0	1.0	0.939	1.0	1.0
2232	AT1G02960	A3SS	0.736	0.726	0.793	0.773	0.786	1.0	0.878	0.942	0.922	0.88	0.844	0.572	0.586	0.544
2233	AT5G59290	A3SS	0.008	0.004	0.019	0.004	0.0	0.0	0.007	0.0	0.0	0.017	0.018	0.004	0.0	0.0
2234	AT3G63400	A3SS	0.166	0.0	0.109	0.132	0.193	0.0	0.285	0.22	0.878	0.39	0.367	0.21	0.183	0.138
2235	AT5G65010	A3SS	0.0	0.0	0.0	0.009	0.0	0.0	0.0	0.0	0.0	0.0	0.0	0.0	0.0	0.0
2242	AT5G60170	A3SS	0.581	0.928	0.775	0.671	0.704	0.684	0.707	0.799	0.866	0.898	0.749	0.612	0.719	0.436
2244	AT3G58050	A3SS	0.0	0.138	0.176	0.0	0.0	0.0	0.04	0.224	0.0	0.161	0.121	0.114	0.074	0.088
2245	AT5G60590	A3SS		0.177	0.301	0.177	0.0	0.0	0.177	0.223	0.463	0.301	0.0	0.564	0.256	0.463
2246	AT5G60870	A3SS	1.0	0.0	0.0	0.478	0.0	1.0	0.314	0.186		0.0	1.0	0.0	0.733	
2247	AT5G61190	A3SS		0.0	0.373	0.0		0.0	0.13	0.263	0.472	0.0	0.0	0.641	0.0	0.229
2248	AT5G61190	A3SS	1.0	1.0	1.0	1.0	1.0		1.0	1.0	1.0	1.0	0.6	1.0	1.0	1.0
2249	AT5G61190	A3SS	1.0	1.0	1.0	0.956	1.0	1.0	0.914	1.0	1.0	1.0	1.0	1.0	0.918	1.0
2250	AT5G61310	A3SS	1.0	1.0	1.0	0.401	1.0	1.0	0.0	1.0	1.0	1.0	1.0	0.0	0.543	0.472
2252	AT5G39830	A3SS	1.0	1.0	0.719	1.0	1.0	1.0	1.0	0.658	1.0	1.0	1.0	1.0	1.0	1.0
2253	AT4G33360	A3SS	0.0	0.0	0.0	0.0	0.0	0.0	0.0	0.041	0.0	0.0	0.0	0.0	0.0	0.14
2254	AT5G62165	A3SS	0.0	1.0			0.301		0.463	0.0		0.0	0.301		1.0	0.0
2255	AT5G62165	A3SS	1.0	1.0	0.0	1.0		1.0	1.0	0.5		1.0	0.714	0.333	1.0	1.0
2256	AT5G62290	A3SS	1.0	1.0	1.0	1.0	1.0	1.0	1.0	0.979	1.0	1.0	1.0	1.0	1.0	1.0
2257	AT5G62640	A3SS	1.0	0.89	1.0	0.91	1.0	1.0	1.0	1.0	1.0	0.89	1.0	1.0	1.0	1.0
2259	AT5G62760	A3SS	1.0	1.0		1.0	1.0		0.373	1.0	0.0		0.203	0.373	0.0	1.0
2260	AT1G53490	A3SS	1.0	0.263	0.682	1.0	0.0	1.0	0.462	1.0	1.0	0.417	0.588	0.625	1.0	0.588
2261	AT1G79790	A3SS	1.0	1.0	1.0	1.0	1.0	1.0	0.939	1.0	1.0	1.0	1.0	1.0	1.0	1.0
2262	AT1G79790	A3SS	1.0	0.692	1.0	1.0	1.0		1.0	1.0	1.0	1.0	1.0	1.0	1.0	1.0
2263	AT1G79790	A3SS	1.0	0.879	1.0	1.0	1.0	1.0	1.0	1.0	1.0	1.0	1.0	1.0	1.0	1.0
2264	AT1G79790	A3SS	1.0	1.0	1.0	1.0	1.0	1.0	1.0	1.0	1.0	1.0	1.0	1.0	1.0	0.5
2265	AT5G62950	A3SS	1.0	1.0	1.0	1.0	1.0	1.0	1.0	1.0	1.0	1.0	0.971	1.0	1.0	1.0
2266	AT1G10660	A3SS	0.413	0.343	0.445	0.432	0.324	0.235	0.342	0.385	0.386	0.201	0.463	0.399	0.39	0.223
2270	AT5G63550	A3SS	0.0	0.0	0.161	0.0	0.325		0.0	0.0			0.0	0.0	1.0	0.0
2273	AT5G64680	A3SS	0.0	0.0	0.0	0.0	0.0	0.0	0.048	0.0	0.087	0.0	0.0	0.0	0.0	0.0
2275	AT5G64970	A3SS	0.0	0.412	1.0	0.345			0.513	0.26		0.0	0.26	0.412	0.0	1.0
2276	AT1G19396	A3SS	1.0	1.0	1.0	0.978	1.0	1.0	1.0	1.0	1.0	0.933	0.975	1.0	1.0	0.951
2277	AT3G18930	A3SS	0.0	0.103	0.164	0.047	0.147	0.0	0.164	0.044	0.0	0.064	0.121	0.462	0.187	0.187
2279	AT5G65050	A3SS	0.836	0.884	0.956	0.858	0.623	1.0	0.877	0.833	0.709	0.676	0.795	0.829	0.838	0.881
2281	AT1G16610	A3SS	0.701	0.869	0.881	0.747	0.867	0.845	0.854	0.816	0.668	0.896	0.854	0.867	0.87	0.921
2282	AT4G13590	A3SS	1.0	1.0	0.97	1.0	1.0	1.0	1.0	1.0	1.0	1.0	1.0	0.945	1.0	1.0
2284	AT5G65560	A3SS		0.652	1.0	0.652		0.0		0.484		0.738	0.849	0.484	0.484	1.0
2285	AT1G61900	A3SS	1.0	1.0	1.0	1.0	1.0	1.0	1.0	1.0	0.978	1.0	1.0	1.0	1.0	1.0
2286	AT4G23250	A3SS		0.0	0.0	0.0	0.0		0.769	0.0	0.0	0.0		0.0	0.294	
2290	AT3G20320	A3SS	0.813	0.0	0.55	0.149	0.421		0.212	0.251	0.368	0.368	0.179	0.088	0.204	0.466
2293	AT4G34310	A3SS		0.395	0.71	0.214	0.0		0.0	0.521	0.449	0.0	0.29	0.0	0.0	1.0
2294	AT4G34310	A3SS	1.0	1.0	1.0	0.455	0.625		0.357	0.493	0.455	1.0	1.0	0.357	0.69	1.0
2295	AT4G34310	A3SS	1.0	1.0	1.0	0.579	0.718		0.459	0.488	0.488	1.0	1.0	0.514	0.778	
2298	AT5G66850	A3SS	0.224	0.0	0.302	0.083	0.0		0.046	0.107	0.138	0.0	0.041	0.0	0.247	0.0
2300	AT5G67030	A3SS	1.0	1.0	1.0	1.0	1.0	1.0	1.0	1.0	1.0	1.0	1.0	1.0	0.975	1.0
2304	AT5G67540	A3SS	0.2	0.412	0.6	0.25	0.143	0.143	0.571	0.6	0.0	1.0	0.5	0.333	0.231	0.25
2305	AT1G67300	A3SS	1.0	1.0	1.0	1.0	1.0	1.0	0.962	1.0	1.0	1.0	1.0	1.0	1.0	1.0
2306	AT3G01510	A3SS	0.0		1.0	0.0			0.452	0.712	0.452		1.0	0.0	0.382	0.0
2308	AT2G40360	A3SS	0.958	1.0	1.0	0.915	0.87	1.0	0.965	0.91	0.774	1.0	1.0	0.962	0.926	0.961
2309	AT2G26210	A3SS	0.0	0.021	0.014	0.067	0.013	0.097	0.065	0.059	0.0	0.018	0.098	0.067	0.026	0.029
2310	AT2G26210	A3SS	0.0	0.158	0.556	0.429	0.143	0.333	0.364	0.412		0.333	0.333	0.455	0.333	0.167
2311	AT2G26210	A3SS	1.0	1.0	0.953	1.0	1.0	1.0	1.0	1.0	1.0	0.941	1.0	1.0	1.0	1.0
2312	AT2G26210	A3SS	0.559	0.521	0.505	0.475	0.521	0.59	0.613	0.585	0.556	0.5	0.522	0.49	0.568	0.682
2313	AT2G26210	A3SS	0.938	0.848	0.95	0.895	0.925	0.816	0.859	0.914	1.0	0.93	0.787	0.917	0.914	0.774
2314	AT2G26210	A3SS	1.0	1.0	0.977	1.0	1.0	1.0	1.0	1.0	1.0	0.971	1.0	1.0	1.0	1.0
2315	AT2G26210	A3SS	0.704	0.661	0.632	0.603	0.661	0.702	0.699	0.712	0.708	0.636	0.611	0.62	0.708	0.774
2316	AT2G26210	A3SS	1.0	1.0	0.957	1.0	1.0	1.0	1.0	1.0	1.0	0.951	1.0	1.0	1.0	1.0
2317	AT2G26210	A3SS	0.583	0.56	0.507	0.496	0.542	0.63	0.635	0.608	0.567	0.518	0.548	0.507	0.587	0.718
2318	AT2G26210	A3SS	0.25	0.361	0.331	0.371	0.266	0.422	0.382	0.37	0.422	0.235	0.294	0.339	0.333	0.567
2320	AT3G01990	A3SS			0.0									0.0	0.788	
2322	AT3G02410	A3SS				1.0		0.0	1.0	1.0			1.0	1.0	0.0	
2323	AT3G57520	A3SS	1.0	0.997	0.995	1.0	0.997	1.0	1.0	0.997	0.997	1.0	1.0	1.0	0.991	1.0
2324	AT3G57520	A3SS	1.0	0.998	1.0	1.0	1.0	1.0	0.994	1.0	1.0	1.0	1.0	1.0	1.0	0.992
2325	AT3G02540	A3SS	0.982	1.0	1.0	0.991	1.0	1.0	0.976	0.994	1.0	1.0	1.0	0.991	0.986	1.0
2326	AT2G20100	A3SS	0.0	0.6	0.158	0.111	0.333	0.0	0.6	0.4	1.0	0.0	0.25	0.25	0.125	1.0
2327	AT3G02860	A3SS	0.506	0.457	0.425	0.384	0.706	0.292	0.548	0.435	0.344	0.49	0.413	0.41	0.407	0.61
2328	AT2G20820	A3SS	1.0	1.0	1.0	1.0	1.0	1.0	0.992	0.993	1.0	1.0	1.0	0.954	0.995	0.966
2329	AT3G03100	A3SS	1.0	1.0	1.0	0.993	1.0	1.0	1.0	1.0	1.0	1.0	1.0	1.0	1.0	1.0
2330	AT3G03250	A3SS	0.019	0.038	0.013	0.031	0.0	0.0	0.004	0.018	0.019	0.029	0.02	0.061	0.014	0.015
2331	AT3G03350	A3SS	0.0		0.0	0.062	0.0		0.142	0.0	0.249	0.0	0.0	0.0	0.057	0.0
2334	AT1G51840	A3SS	1.0	1.0										1.0	0.633	1.0
2335	AT5G20680	A3SS	0.8	1.0	1.0	0.727	1.0	1.0	1.0	0.818	1.0	1.0	1.0	1.0	0.833	1.0
2337	AT5G03440	A3SS	0.8	0.333	0.333	0.25	0.143	0.5	0.667	0.8	1.0	0.778	0.407	0.524	0.867	0.429
2338	AT3G03790	A3SS	1.0	1.0	0.853	1.0	1.0	1.0	1.0	1.0	1.0	1.0	1.0	1.0	0.918	1.0
2339	AT3G54620	A3SS	1.0	0.973	1.0	0.87	0.958	1.0	1.0	1.0	0.945	1.0	0.912	0.973	0.979	1.0
2340	AT4G01100	A3SS	0.0	0.0	0.006	0.008	0.006	0.013	0.039	0.01	0.007	0.007	0.017	0.0	0.012	0.022
2343	AT3G04500	A3SS	0.69	0.712	0.721	0.759	0.72	0.708	0.771	0.73	0.656	0.724	0.756	0.609	0.753	0.723
2344	AT3G49430	A3SS	0.576	0.375	0.511	0.493	0.462	0.818	0.551	0.453	0.444	0.467	0.582	0.795	0.507	0.615
2346	AT2G46560	A3SS	0.774	0.881	0.917	0.915	0.689	0.911	0.832	0.879	0.882	1.0	0.742	0.83	0.874	0.931
2347	AT5G63460	A3SS	0.896	0.911	0.964	0.94	0.876	1.0	0.904	0.978	1.0	1.0	1.0	0.901	0.922	1.0
2348	AT3G05380	A3SS	1.0	1.0	1.0	1.0	1.0	1.0	1.0	1.0	1.0	1.0	1.0	1.0	1.0	0.885
2349	AT3G05420	A3SS	0.619	0.202	0.553	0.432	0.632	0.445	0.49	0.613	0.425	0.517	0.366	0.594	0.471	0.344
2350	AT3G07565	A3SS	0.546	0.658	0.49	0.325	0.216	0.0	0.366	0.204	0.278	0.292	0.391	0.546	0.706	0.325
2351	AT5G08750	A3SS	0.0	0.2	0.0	0.235	0.0		0.294	0.0	1.0	0.333	0.111	0.231	0.2	0.167
2352	AT3G19670	A3SS	1.0	1.0	1.0	0.846	1.0	1.0	0.767	0.85	1.0	1.0	0.909	0.937	0.799	0.872
2354	AT3G06190	A3SS	0.143	0.102	0.135	0.203	0.143	0.037	0.181	0.093	0.067	0.135	0.22	0.25	0.126	0.0
2355	AT3G06400	A3SS	0.375	0.366	0.336	0.269	0.183	0.0	0.29	0.172	0.133	0.278	0.259	0.269	0.293	0.355
2356	AT3G06550	A3SS	0.634	0.574	0.638	0.841	0.658	0.591	0.852	0.706	0.616	1.0	0.805	0.624	0.82	0.49
2357	AT3G06880	A3SS	0.195	0.0	0.146	0.166	0.267	0.0	0.068	0.0	0.195	0.0	0.0	0.195	0.0	0.195
2361	AT3G51620	A3SS	0.061	0.315	0.371	0.262	0.174	0.174	0.396	0.283	0.387	0.296	0.371	0.267	0.34	0.296
2362	AT1G79650	A3SS	0.326	0.78	0.653	0.742	0.89	0.446	0.901	0.617	0.518	0.899	0.6	0.85	0.696	0.866
2363	AT4G28790	A3SS		1.0	1.0	0.26	1.0		0.679	0.514		1.0		1.0	1.0	1.0
2365	AT3G13560	A3SS		0.0	0.127	0.0	0.344		0.0	0.225	1.0	0.0	0.368	0.368	0.127	0.225
2367	AT3G08840	A3SS	0.5	0.6	0.333	0.59	0.636	0.6	0.789	0.6	1.0	1.0	0.467	1.0	0.833	0.5
2368	AT3G08840	A3SS	0.6	0.667	0.5	0.467	0.333	0.0	0.692	0.333	1.0	1.0	0.2	1.0	0.5	0.0
2369	AT3G08840	A3SS	0.595	0.595	0.815	0.284	0.174	0.0	0.329	0.424	0.0	0.595	0.37	0.155	0.306	0.0
2371	AT1G23950	A3SS	1.0	1.0	1.0	0.881	1.0	1.0	0.951	1.0	1.0	1.0	1.0	1.0	1.0	1.0
2372	AT5G14220	A3SS	0.062	0.053	0.21	0.081	0.067	0.0	0.09	0.0	0.0	0.0	0.0	0.043	0.091	0.0
2373	AT3G09540	A3SS	1.0		1.0	1.0	1.0			1.0	1.0	0.463	1.0	1.0		1.0
2374	AT3G09600	A3SS	0.382	0.162	0.326	0.351	0.134	0.34	0.188	0.306	0.114	0.317	0.162	0.162	0.418	0.12
2375	AT3G09660	A3SS	0.0				0.0		0.0	1.0					0.641	
2377	AT5G08440	A3SS	1.0	0.591	0.779	0.49	0.325	0.0	0.692	0.562	0.391	0.743	0.391	0.445	0.292	0.562
2379	AT1G45248	A3SS	1.0	0.439	0.566	0.1	0.61	1.0	0.439	0.369	0.61		0.342	0.319	0.394	0.0
2380	AT5G05930	A3SS	0.0	0.068	0.049	0.053	0.043	0.027	0.068	0.0	0.071	0.0	0.01	0.016	0.042	0.0
2381	AT5G04440	A3SS	0.111	0.064	0.059	0.034	0.0	0.067	0.056	0.038	0.0	0.0	0.048	0.067	0.123	0.037
2382	AT5G20950	A3SS	0.178	0.058	0.216	0.2	0.244	0.297	0.079	0.194	0.197	0.23	0.151	0.291	0.196	0.134
2383	AT1G60990	A3SS	0.138	0.0	0.391	0.208	0.366	0.658	0.0	0.0	0.0	0.49	0.161	0.0	0.194	0.0
2384	AT3G10880	A3SS			0.304		1.0		1.0					1.0		
2385	AT3G11040	A3SS	0.0	0.0	0.615	0.515	0.0		0.0	0.347	0.0	0.0	0.0	0.0	0.062	
2386	AT3G11470	A3SS			0.484	0.0		0.0		1.0		0.0	0.652			0.0
2387	AT3G11470	A3SS			1.0	0.319	0.319		1.0	0.556	1.0	0.484	1.0	0.484	1.0	1.0
2388	AT3G11470	A3SS	1.0	1.0	1.0	1.0	1.0	1.0	1.0	1.0	1.0	0.743	1.0	1.0	1.0	1.0
2389	AT5G02520	A3SS			0.0	0.194				0.0				0.658	0.194	0.0
2391	AT4G14160	A3SS	0.96	0.982	0.986	1.0	1.0	0.966	0.974	0.982	1.0	1.0	1.0	0.976	1.0	1.0
2392	AT3G11880	A3SS	1.0	1.0	1.0	1.0	0.8	1.0	0.956	1.0	1.0	1.0	1.0	0.862	1.0	1.0
2393	AT3G11910	A3SS	0.719	0.596	0.719	0.712	0.794	0.49	0.676	0.733	0.885	0.63	0.698	0.575	0.673	0.771
2394	AT3G11960	A3SS	1.0	1.0	1.0	0.924	1.0	1.0	1.0	1.0	1.0	1.0	1.0	0.934	1.0	1.0
2395	AT3G11960	A3SS	0.064	0.055	0.107	0.095	0.104	0.0	0.098	0.0	0.087	0.0	0.087	0.166	0.0	0.0
2397	AT1G73490	A3SS	0.292	0.272	0.199	0.236	0.272	0.208	0.227	0.146	0.114	0.37	0.285	0.194	0.226	0.316
2398	AT3G12380	A3SS	0.212		0.0	0.0	0.0	0.0	0.0	0.0	0.0	0.0	0.0	0.0	0.0	0.0
2399	AT3G12550	A3SS		0.46	0.0	0.46			0.46	0.0	0.0	0.0	0.0	0.0	0.0	
2400	AT3G12560	A3SS	0.057	0.069	0.227	0.114	0.0	0.0	0.0	0.127	0.1	0.251	0.069	0.053	0.0	0.04
2401	AT3G53270	A3SS	1.0	0.25	0.333	0.444	0.333		1.0	0.833		0.375	0.6	1.0	0.467	
2402	AT3G17205	A3SS	1.0	1.0	0.955	1.0	1.0	1.0	1.0	1.0	1.0	1.0	0.976	0.743	1.0	1.0
2403	AT3G02260	A3SS	0.0	0.0	0.0	0.0	0.088	0.0	0.0	0.0	0.097	0.0	0.028	0.0	0.0	0.0
2404	AT3G12980	A3SS	0.852	0.915	0.881	0.901	0.767	1.0	0.832	0.839	1.0	1.0	0.915	0.901	0.767	1.0
2405	AT3G13190	A3SS	1.0		0.0	0.0				1.0	0.484		1.0	0.484	1.0	1.0
2406	AT3G13235	A3SS	0.955	0.852	0.959	0.944	0.965	1.0	0.982	0.961	0.906	0.935	1.0	0.966	0.979	1.0
2407	AT4G29180	A3SS		0.472		0.0	0.0		0.0	0.0	0.0		0.0	0.0		
2408	AT3G13460	A3SS	0.972	0.933	0.978	0.971	1.0	0.946	0.98	1.0	0.957	1.0	1.0	0.931	1.0	0.969
2409	AT5G08000	A3SS	0.1	0.154	0.119	0.195	0.077	0.25	0.021	0.085	0.062	0.111	0.111	0.063	0.134	0.043
2412	AT3G14230	A3SS	1.0	1.0	1.0	1.0	0.0		1.0	1.0		1.0	1.0	1.0	1.0	1.0
2413	AT4G08590	A3SS	1.0		1.0	1.0	1.0		1.0	1.0	1.0	1.0	1.0	0.0	1.0	1.0
2415	AT3G14700	A3SS	1.0	1.0		0.667			1.0	1.0			1.0		1.0	
2416	AT1G12140	A3SS	1.0	1.0	1.0	0.963	1.0	1.0	1.0	1.0	1.0	1.0	0.962	1.0	0.893	0.893
2419	AT3G10180	A3SS				1.0	1.0	1.0		1.0			0.403	1.0		
2421	AT3G15750	A3SS	1.0	1.0		1.0	0.0			1.0			1.0	1.0	1.0	1.0
2422	AT3G16030	A3SS	1.0	1.0	0.214	0.803	1.0	1.0	1.0	1.0			1.0	1.0	1.0	1.0
2423	AT3G16230	A3SS	0.0	0.273	0.167	0.143	0.0	0.0	0.103	0.154	0.0	0.5	0.067	0.0	0.097	0.0
2425	AT5G03030	A3SS	0.0	0.091	0.091	0.0	0.333	0.0	0.027	0.133	0.053	0.2	0.059	0.167	0.0	0.273
2427	AT3G16700	A3SS	1.0	1.0	1.0	0.231	1.0		1.0	1.0	1.0	1.0	0.556	1.0	1.0	1.0
2428	AT3G16840	A3SS	0.149	0.562	0.445	0.194	0.49	0.591	0.391	0.292	0.325	0.49	0.278	0.194	0.424	0.49
2429	AT3G59020	A3SS	0.984	0.962	0.99	0.994	0.987	1.0	1.0	1.0	0.928	1.0	1.0	1.0	0.992	1.0
2430	AT3G17365	A3SS	0.292	0.292	0.452	0.397	0.171	0.452	0.531	0.216	0.0	0.216	0.553	0.382	0.307	0.142
2431	AT4G16070	A3SS	0.0	0.0	0.0	0.329	0.269	0.0	0.595	0.0	0.0	0.0	0.688	0.0	0.076	0.424
2433	AT3G17950	A3SS	0.671	0.934	0.937	0.912	0.848	0.839	0.951	0.863	0.707	1.0	0.797	0.918	0.86	0.937
2434	AT3G18215	A3SS	0.01	0.028	0.0	0.0	0.014	0.015	0.008	0.006	0.0	0.0	0.017	0.013	0.0	0.03
2435	AT1G32370	A3SS	0.674	0.873	0.707	0.743	0.805		0.733	0.733	1.0	1.0	0.743	0.763	0.912	0.579
2439	AT5G61020	A3SS	0.545	0.669	0.602	0.619	0.629	0.526	0.611	0.669	0.548	0.787	0.613	0.662	0.619	0.581
2443	AT3G19500	A3SS	1.0			1.0		1.0								0.0
2444	AT1G20920	A3SS	1.0	1.0	1.0	0.974	1.0	0.4	1.0	0.879	1.0	1.0	0.9	1.0	0.944	1.0
2445	AT3G19900	A3SS	1.0	1.0	1.0	1.0	1.0	1.0	1.0	1.0	1.0	0.971	1.0	1.0	1.0	1.0
2446	AT4G13020	A3SS	0.034	0.052	0.019	0.014	0.0	0.0	0.0	0.019	0.0	0.089	0.0	0.023	0.0	0.0
2447	AT4G13020	A3SS	0.0	0.02	0.0	0.0	0.0	0.0	0.0	0.0	0.0	0.0	0.0	0.0	0.0	0.0
2448	AT3G20280	A3SS	1.0	0.591	0.885	0.391	1.0	1.0	0.658	0.906	0.325	1.0	0.616	0.391	0.121	0.658
2449	AT3G20290	A3SS	0.622	0.634	0.857	0.568	0.704	0.704	0.858	0.699	0.704	0.433	0.853	0.735	0.514	0.859
2450	AT3G20330	A3SS	0.0	0.0	0.0	0.0	0.0	0.0	0.0	0.06	0.0	0.0	0.08	0.407	0.0	0.107
2452	AT3G20920	A3SS	1.0	1.0	0.942	0.985	1.0	1.0	0.954	0.978	1.0	0.891	0.917	1.0	0.965	1.0
2453	AT3G20930	A3SS	0.0	0.27	0.0	0.0	0.094	0.0	0.143	0.172	0.0	0.056	0.089	0.035	0.172	0.0
2454	AT1G28210	A3SS	0.0	1.0	0.253	0.403		1.0	0.0	0.575	0.0				0.0	0.575
2455	AT3G47910	A3SS	0.658	0.762	0.622	0.632	1.0	1.0	0.743	0.634	0.627	0.743	0.6	0.567	0.727	0.278
2457	AT3G22260	A3SS	0.676	0.526	0.526	0.217	0.556	0.294	0.405	0.882	0.806	1.0	0.333	0.41	0.294	0.714
2458	AT3G22380	A3SS	0.086	0.1	0.085	0.101	0.133	0.199	0.103	0.126	0.031	0.164	0.139	0.194	0.116	0.053
2459	AT5G40600	A3SS	0.522	0.0	0.0	0.088	0.0	0.0	0.063	0.179	0.0	0.0	0.137	0.0	0.052	0.0
2463	AT3G23610	A3SS	0.333	0.286	0.2	0.083	0.111	0.5	0.375	0.143	0.333	0.111	0.0	0.143	0.286	0.667
2465	AT3G23830	A3SS	0.425	0.43	0.156	0.35	0.169	0.301	0.21	0.223	0.0	0.418	0.177	0.277	0.336	0.408
2466	AT3G24180	A3SS	0.929	0.849	0.508	0.927	1.0	1.0	0.88	0.887	0.701	0.912	0.873	0.899	0.891	0.918
2467	AT5G28030	A3SS	0.444	1.0	0.0			1.0	0.0		0.285	0.0	0.0	0.0	0.444	0.615
2468	AT3G24740	A3SS	1.0	1.0	1.0	1.0	1.0	1.0	1.0	1.0	1.0	1.0	1.0	0.938	1.0	1.0
2469	AT3G24840	A3SS	0.0	0.325	0.0	0.208	0.0	0.0	0.0	0.49		0.0	0.138	0.355	0.278	0.0
2470	AT3G24929	A3SS	0.333	0.118	0.256	0.295	0.182	0.091	0.229	0.405	0.25	0.429	0.279	0.216	0.171	0.222
2475	AT5G12210	A3SS	0.926	0.939	0.91	0.88	1.0	1.0	0.89	0.901	1.0	1.0	0.882	1.0	0.964	0.743
2476	AT3G26020	A3SS	1.0	0.893	0.837	0.631	0.794	0.658	0.909	0.606	0.719	0.762	0.678	0.794	0.738	1.0
2477	AT3G26115	A3SS		0.0	0.352	0.0	0.0	1.0	1.0	1.0		0.0	1.0		0.685	
2479	AT4G01320	A3SS	0.0	0.016	0.0	0.0	0.0	0.034	0.042	0.0	0.0	0.0	0.129	0.032	0.027	0.0
2480	AT1G76170	A3SS	1.0	1.0	1.0	1.0	0.475	1.0	0.783	0.783		1.0	0.863	0.783	0.475	1.0
2481	AT3G26670	A3SS	1.0	0.921	0.701	0.906	0.866	1.0	0.801	0.85	0.788	1.0	0.898	0.786	1.0	0.898
2482	AT3G26670	A3SS	1.0	0.882	0.568	0.84	0.778	1.0	0.696	0.818	0.7	1.0	0.879	0.68	1.0	0.867
2483	AT3G26670	A3SS	0.113	0.113	0.0	0.056	0.0	0.0	0.133	0.353	0.179	0.338	0.434	0.218	0.113	0.203
2484	AT3G26720	A3SS	0.0	0.0	0.036	0.0	0.02	0.0	0.039	0.083	0.0	0.03	0.071	0.022	0.0	0.0
2485	AT3G26910	A3SS	0.0	0.355	1.0	0.216	0.32		0.497	0.591	0.622		0.273	0.767	0.507	0.622
2487	AT5G50840	A3SS	0.391	0.419	0.243	0.228	0.0		0.111	0.325	0.325	0.0	0.658	0.292	0.278	0.706
2488	AT3G27460	A3SS	0.49	0.0	0.779	0.243	0.325	1.0	0.591	0.391	0.243	0.325	0.304	0.49	0.546	0.325
2489	AT3G27460	A3SS	0.0	0.373	0.472	0.13	0.0	1.0	0.573	0.284	0.0	0.0	0.14	0.472	0.0	0.641
2490	AT3G27460	A3SS	0.0	1.0	0.202	0.316	0.0	0.481	0.481	0.382	0.0	0.0	0.27	0.481	0.0	0.787
2491	AT3G28030	A3SS	1.0	1.0	0.737	1.0	1.0	1.0	0.927	0.894	1.0	1.0	0.737	1.0	1.0	1.0
2493	AT3G44340	A3SS	0.142	0.192	0.182	0.11	0.0	0.0	0.187	0.086	0.093	0.0	0.103	0.027	0.175	0.125
2494	AT4G24150	A3SS	0.0		1.0		0.0		0.0	0.0			0.0		0.0	
2496	AT3G29644	A3SS	0.24	1.0	1.0	0.815	0.174	0.0	0.759	0.486	0.24	0.174	0.634	0.815	0.0	1.0
2497	AT1G49700	A3SS	0.0			0.0			1.0	1.0			1.0			
2498	AT3G04450	A3SS	0.0	0.0	0.0	0.0	0.214		0.0	0.379	0.0	0.0	0.169	0.214	0.0	0.0
2499	AT5G03500	A3SS	0.02	0.056	0.079	0.076	0.084	0.0	0.016	0.048	0.047	0.0	0.168	0.018	0.027	0.035
2500	AT5G03500	A3SS	0.013	0.024	0.108	0.087	0.011	0.023	0.093	0.031	0.135	0.045	0.056	0.085	0.042	0.064
2501	AT5G03500	A3SS	1.0	0.25	0.636	0.636	0.091	1.0	0.857	0.556	1.0	1.0	0.154	0.8	1.0	1.0
2503	AT3G43210	A3SS	0.0	1.0	0.0	0.2			0.059	0.0	0.0		0.111	0.0	1.0	
2505	AT3G43610	A3SS	0.265	0.391	0.102	0.0	0.325	0.0	0.167	0.243	0.194	0.057	0.133	0.048	0.142	0.107
2506	AT2G39805	A3SS	0.272	0.278	0.216	0.25	0.391	0.325	0.284	0.165	0.325	0.307	0.266	0.337	0.325	0.312
2507	AT2G07050	A3SS	0.024	0.048	0.022	0.003	0.0	0.021	0.048	0.022	0.029	0.022	0.054	0.036	0.035	0.042
2508	AT3G44370	A3SS	0.0	0.0	0.0	0.561	0.46		0.0	0.254	0.176	0.46	0.176	0.146	0.0	0.221
2511	AT5G19130	A3SS	1.0	1.0	0.701	1.0	1.0	1.0	1.0	1.0	1.0	1.0	1.0	0.882	0.484	1.0
2512	AT5G19130	A3SS	1.0	0.738	0.484	0.172	0.0	1.0	0.789	0.484	0.652	0.238	0.484	0.0	1.0	
2513	AT5G45190	A3SS	1.0	1.0	0.922	1.0	1.0	1.0	1.0	0.944	1.0	1.0	1.0	1.0	1.0	1.0
2514	AT1G66200	A3SS	0.012	0.005	0.014	0.0	0.0	0.0	0.014	0.013	0.0	0.0	0.008	0.003	0.007	0.02
2516	AT3G21710	A3SS	1.0	0.882	1.0	0.92	1.0	1.0	0.939	1.0	1.0	1.0	1.0	1.0	1.0	1.0
2517	AT3G46210	A3SS				1.0	1.0		1.0				0.325		1.0	
2518	AT3G46210	A3SS		1.0	1.0	0.216	0.325		0.121	0.0	0.49		0.325	0.325	0.658	
2519	AT2G30200	A3SS	0.0	0.0	0.018	0.0	0.0	0.0	0.0	0.022	0.0	0.0	0.0	0.018	0.037	0.035
2520	AT3G10915	A3SS	0.0	0.0	0.0	0.0	0.0	0.0	0.0	0.0	0.054	0.0	0.0	0.0	0.0	0.0
2521	AT3G46450	A3SS	0.0	0.0	0.031	0.019	0.0	0.0	0.027	0.057	0.0	0.0	0.02	0.035	0.047	0.07
2522	AT3G46590	A3SS	0.658	0.828	0.855	0.861	0.771	0.852	0.837	0.786	0.852	0.881	0.844	0.81	0.821	0.906
2529	AT3G49060	A3SS	0.0	0.159	0.275	0.259	0.0	0.0	0.0	0.0	0.202	0.0	0.0	0.202	0.0	0.0
2530	AT3G49260	A3SS	0.0	0.0	0.0	0.0	0.0	0.0	0.0	0.0	0.161	0.0	0.771	0.0	0.0	0.0
2531	AT3G49390	A3SS	0.678	1.0	1.0	1.0	1.0	1.0	1.0	0.926	1.0	1.0	1.0	1.0	0.954	1.0
0	AT2G46915	MXE	0.353	0.294	0.227	0.308	0.286	0.333	0.125	0.389	0.538	0.429	0.367	0.375	0.345	0.5
1	AT2G45380	MXE	0.229	0.153	0.196	0.217	0.204	0.227	0.225	0.196	0.131	0.224	0.172	0.236	0.226	0.207
2	AT2G42500	MXE	0.318	0.394	0.32	0.426	0.299	0.394	0.43	0.385	0.348	0.395	0.344	0.397	0.339	0.344
3	AT3G61420	MXE	0.315	0.311	0.385	0.375	0.551	0.584	0.511	0.516	0.59	0.506	0.608	0.405	0.284	0.369
5	AT3G60910	MXE	0.0	0.0	0.603	0.217	0.435	0.473	0.403	0.514	0.212	0.574	0.495	1.0	0.483	0.782
7	AT5G10290	MXE	0.407	0.398	0.435	0.575	0.339	0.381	0.477	0.479	0.673	0.391	0.366	0.471	0.507	0.435
8	AT5G14550	MXE	0.503	0.603	0.727	0.369	0.275	0.432	0.509	0.458	1.0	0.503	0.736	0.461	0.78	0.275
9	AT5G06220	MXE	0.388	0.453	0.372	0.346	0.47	0.599	0.445	0.426	0.46	0.338	0.324	0.474	0.477	0.514
10	AT5G06220	MXE	0.198	0.331	0.192	0.277	0.259	0.241	0.242	0.281	0.172	0.29	0.289	0.375	0.141	0.276
11	AT5G59770	MXE	0.363	0.299	0.39	0.484	0.339	0.63	0.46	0.39	0.719	0.406	0.561	0.283	0.494	0.837
12	AT1G33790	MXE	0.37	0.6	0.652	0.46	0.353	0.615	0.522	0.512	0.607	0.571	0.611	0.45	0.595	0.6
13	AT5G17020	MXE	0.652	0.465	0.569	0.573	0.554	0.625	0.495	0.504	0.455	0.665	0.552	0.568	0.534	0.508
15	AT1G58230	MXE	0.706	0.667	0.581	0.684	0.5	0.0	0.576	0.432	0.615	0.462	0.571	0.429	0.431	0.516
16	AT4G02760	MXE	1.0	0.6	1.0	0.824	0.5	1.0	0.538	0.5	1.0	0.5	0.556	1.0	0.8	1.0
17	AT1G18370	MXE	0.333	0.25	0.5	0.583	0.273		0.8	0.286	0.0	0.0	0.3	0.6	0.625	1.0
18	AT1G10600	MXE	0.062	0.071	0.127	0.193	0.174	0.297	0.146	0.235	0.06	0.0	0.064	0.109	0.232	0.266
19	AT3G05030	MXE	0.644	0.844	0.52	0.701	0.475	0.475	0.844	0.678		1.0	0.731	0.731	0.731	0.575
20	AT1G10570	MXE	0.375	0.5	0.345	0.289	0.312	0.455	0.5	0.418	0.158	0.429	0.418	0.255	0.5	0.294
21	AT5G45170	MXE	0.471	0.438	0.373	0.26	0.358	0.349	0.373	0.273	0.09	0.401	0.322	0.422	0.263	0.308
23	AT1G28395	MXE	0.167	0.167	0.617	0.894	0.475	0.784	0.287	0.43	0.0	0.668	0.668	0.601	0.601	0.376
24	AT5G55820	MXE				0.833			1.0				1.0	1.0	1.0	1.0
25	AT1G30810	MXE	0.0	0.0	0.0	0.0	0.0	0.0	0.0	0.062	0.0	0.0	0.0	0.0	0.0	0.0
26	AT4G27040	MXE	0.04	0.126	0.136	0.111	0.232	0.177	0.281	0.22	0.402	0.321	0.243	0.183	0.219	0.08
27	AT1G72190	MXE	0.6	0.158	0.667	0.579	0.583	0.0	0.421	0.263	0.4	0.529	0.417	0.295	0.341	0.45
29	AT1G03780	MXE	0.867	0.521	0.465	0.521	1.0	0.0	0.685	0.739	0.521	0.214	0.42	0.377	0.685	1.0
30	AT5G37780	MXE				1.0	1.0				0.556					
31	AT5G42770	MXE	0.0	0.273	0.182	0.222	0.0	0.0	0.25	0.125	0.1	0.0	0.0	0.15	0.061	0.2
32	AT1G54730	MXE	0.295	0.328	0.37	0.216	0.075	0.395	0.472	0.238	0.268	0.281	0.128	0.404	0.313	0.0
33	AT2G36850	MXE	0.424	0.607	0.467	0.477	0.614	0.486	0.463	0.5	0.403	0.592	0.436	0.504	0.447	0.393
34	AT4G08470	MXE	0.286	0.318	0.257	0.473	0.333	0.353	0.316	0.216	0.333	0.435	0.268	0.467	0.333	0.4
35	AT5G52070	MXE	0.492	0.829	0.795	0.725	0.906	1.0	0.685	0.509	0.563	0.744	0.863	0.492	0.819	0.659
36	AT1G66880	MXE	0.0	0.333	0.0	0.5	0.0	0.0	0.0	0.0	0.5		0.0	0.0	0.0	0.0
37	AT1G79790	MXE	0.542	0.734	0.542	0.502	0.542	0.542	0.447	0.336	0.312	0.486	0.486	0.458	0.529	0.144
38	AT1G60640	MXE	0.333	0.636	0.3	0.568	0.462	0.667	0.375	0.467	0.5	0.25	0.586	0.471	0.419	0.5
40	AT3G06550	MXE	0.263	0.374	0.349	0.359	0.24	0.138	0.24	0.362	0.279	0.215	0.28	0.35	0.3	0.338
41	AT3G24360	MXE	1.0	1.0				1.0		1.0	1.0	0.0				
42	AT3G15950	MXE	0.464	0.45	0.375	0.461	0.58	0.46	0.479	0.478	0.567	0.428	0.462	0.502	0.499	0.448
43	AT3G15950	MXE	0.453	0.349	0.464	0.414	0.41	0.5	0.496	0.41	0.442	0.398	0.418	0.45	0.438	0.441
44	AT3G15950	MXE	0.58	0.509	0.433	0.503	0.476	0.49	0.499	0.5	0.49	0.529	0.574	0.506	0.521	0.594
45	AT3G15950	MXE	0.553	0.553	0.578	0.585	0.451	0.568	0.501	0.518	0.475	0.617	0.551	0.497	0.522	0.515
46	AT4G29900	MXE	0.538	0.474	0.468	0.51	0.442	0.419	0.651	0.38	0.465	0.532	0.523	0.504	0.551	0.451
48	AT3G02600	MXE	0.0	0.0	0.273	0.094	0.2	0.0	0.235	0.095	0.222	0.25	0.118	0.333	0.143	0.625
49	AT5G07440	MXE	0.428	0.462	0.412	0.415	0.439	0.414	0.44	0.463	0.397	0.439	0.47	0.462	0.44	0.479
50	AT1G80420	MXE	0.02	0.0	0.0	0.0	0.0	0.0	0.0	0.0	0.0	0.0	0.0	0.0	0.0	0.0
51	AT1G20060	MXE			1.0	0.0			0.333	1.0	1.0			0.333		
0	AT4G39850	RI	0.467	0.2	0.364	0.333	0.556	1.0	0.424	0.358	0.158	0.294	0.489	0.259	0.273	0.385
2	AT4G39560	RI	0.077	0.5	0.0	0.188	0.0	0.091	0.083	0.185	0.333	0.143	0.13	0.429	0.217	0.091
3	AT4G39370	RI	0.143	0.143	0.429	0.0	0.0	0.333	0.091	0.429	0.333	0.333	0.158	0.286	0.0	
5	AT4G39270	RI	0.714	1.0	0.867	0.5	0.833	0.429	0.614	0.25	0.429	0.385	0.333	0.462	0.793	0.273
6	AT4G39270	RI	0.455	0.273	0.12	0.253	0.273	1.0	0.467	0.256	0.273	0.5	0.463	0.191	0.647	0.294
7	AT4G39270	RI	0.557	0.274	0.264	0.251	0.335	0.668	0.284	0.346	0.386	0.456	0.306	0.107	0.502	0.264
9	AT4G38670	RI	1.0	1.0	1.0	0.54	1.0	0.502	1.0	0.335	1.0	0.602	1.0	0.0	0.751	0.502
10	AT4G38470	RI	0.05	0.082	0.094	0.105	0.05	0.052	0.1	0.085	0.042	0.042	0.096	0.096	0.041	0.08
11	AT4G38420	RI	0.0	0.0	0.333	0.043	0.0	0.0	0.231	0.125		0.0	0.333	0.043	0.067	0.0
12	AT4G38380	RI		0.0	1.0	0.143	0.0		0.0	0.333		0.0	0.333	1.0		0.0
13	AT4G38380	RI	0.0		0.5	1.0	0.0			0.25			0.2	1.0	0.0	
14	AT4G38230	RI	0.608	1.0	1.0	1.0	1.0	1.0	0.943	1.0	0.851	1.0	1.0	1.0	1.0	1.0
15	AT4G38225	RI	0.143	0.308	0.158	0.034	0.2	0.0	0.432	0.309	0.103	0.0	0.139	0.098	0.081	0.222
16	AT4G38120	RI	0.0	0.0	0.087	0.148	0.0	0.0	0.094	0.0	0.0	0.342	0.13	0.115	0.109	0.0
17	AT4G37680	RI	0.016	0.091	0.148	0.011	0.017	0.0	0.167	0.03	0.0	0.091	0.103	0.057	0.056	0.045
18	AT4G37680	RI	1.0	0.6	0.5	0.143	0.333	0.143	0.667	1.0	0.0	1.0	0.846	0.6	0.667	0.5
19	AT4G37670	RI	1.0			0.333			0.455	0.556		0.667	0.6	0.2	1.0	0.0
21	AT4G36980	RI	0.941	0.974	0.982	0.951	1.0	1.0	1.0	1.0	1.0	1.0	0.977	1.0	1.0	1.0
22	AT4G36980	RI	0.292	0.458	0.453	0.444	0.354	0.247	0.446	0.473	0.314	0.294	0.349	0.394	0.333	0.406
23	AT4G36850	RI	0.167	0.236	0.16	0.292	0.209	0.188	0.181	0.195	0.079	0.147	0.18	0.236	0.159	0.208
24	AT4G36850	RI	0.192	0.175	0.154	0.127	0.09	0.07	0.158	0.107	0.115	0.149	0.121	0.203	0.089	0.189
25	AT4G36690	RI	0.683	0.729	0.613	0.663	0.629	0.875	0.848	0.608	0.6	0.656	0.777	0.712	0.602	0.778
26	AT4G36690	RI	0.327	0.152	0.226	0.274	0.24	0.38	0.254	0.307	0.349	0.25	0.269	0.179	0.287	0.16
27	AT4G36380	RI	0.087	0.234	0.254	0.219	0.0	0.0	0.105	0.172	0.054	0.0	0.218	0.073	0.039	0.0
28	AT4G36060	RI		0.0	0.341	1.0	1.0	0.0		0.0	0.508	0.674	1.0	0.0	0.0	1.0
29	AT4G36060	RI		0.0		0.0	0.0	0.0	0.205	0.0	1.0	0.0	0.049	0.256	0.0	0.0
31	AT4G36050	RI	0.143	0.095	0.2	0.115	0.0	0.12	0.111	0.097	0.188	0.12	0.148	0.122	0.015	0.106
35	AT4G35940	RI	0.4	0.333	0.5	0.2	0.25	0.167	0.0	0.25	0.6	0.333	0.214	0.143	0.235	0.0
36	AT4G35860	RI	0.037	0.014	0.091	0.027	0.018	0.077	0.018	0.009	0.125	0.022	0.067	0.029	0.0	0.0
37	AT4G35810	RI			1.0	1.0	0.5		1.0	1.0		1.0	1.0		1.0	1.0
38	AT4G35785	RI	1.0	1.0	1.0	0.97	0.943	0.882	0.962	1.0	1.0	1.0	1.0	0.97	0.973	1.0
39	AT4G35785	RI	0.929	0.961	0.949	0.957	0.756	0.882	0.904	0.857	0.871	0.81	0.877	0.824	0.88	0.85
40	AT4G35785	RI	0.897	0.891	0.814	0.914	0.741	0.778	0.972	0.862	0.789	0.795	0.91	0.846	0.796	0.808
41	AT4G35760	RI	0.0	0.061	0.086	0.065	0.068	0.041	0.03	0.04	0.03	0.078	0.137	0.071	0.012	0.119
42	AT4G35620	RI	1.0	0.172	0.115	0.342	0.148	0.342	0.115	0.061	0.0		0.207	0.0	0.0	
43	AT4G35270	RI	1.0	1.0	1.0	1.0	1.0		0.6		0.429		1.0	1.0	0.5	
45	AT4G35080	RI	0.895	1.0	1.0	1.0	1.0	1.0	1.0	1.0	1.0	1.0	1.0	1.0	1.0	1.0
46	AT4G35030	RI	1.0		1.0	0.333			0.5				1.0			
47	AT4G35030	RI	1.0	1.0	1.0	0.667	1.0	0.5	0.6				1.0	0.6	0.667	
48	AT4G35030	RI	1.0	0.857	1.0	0.5	1.0	1.0	0.429				1.0	1.0	1.0	
49	AT4G35030	RI	0.0	0.0	0.0	0.2	0.0		0.091	0.0	0.0	0.0	0.059	0.5	0.429	0.0
50	AT4G34840	RI	0.0	0.0	1.0	0.126	0.468	1.0	0.37	0.284	0.346	0.209	0.398	0.0	0.117	0.0
51	AT4G34840	RI	0.429	0.75	0.333	0.294	0.333		0.125	0.263	0.0	0.0	0.167	0.0	0.286	0.25
52	AT4G34840	RI	0.25	0.75	0.667	1.0	1.0		0.714	1.0			0.0	1.0	0.412	0.5
53	AT4G34460	RI	0.061	0.089	0.072	0.052	0.036	0.037	0.074	0.044	0.013	0.021	0.081	0.049	0.063	0.133
54	AT4G34370	RI	0.0	0.191	0.19	0.02	0.0	0.203	0.14	0.062	0.102	0.0	0.145	0.122	0.034	0.191
55	AT4G34240	RI	0.077	0.125	0.357	0.143	0.286		0.312	0.154	0.083	0.154	0.115	0.32	0.5	0.158
56	AT4G34000	RI	0.059	0.055	0.108	0.064	0.036	0.04	0.117	0.091	0.091	0.088	0.076	0.069	0.067	0.09
58	AT4G33800	RI				0.2					0.0	0.0				
59	AT4G33770	RI	0.273	0.2	0.4	0.0	0.429	0.111	0.429	0.231	0.0	0.167	0.6	0.6	0.111	
60	AT4G33530	RI	0.079	0.067	0.064	0.08	0.094	0.037	0.03	0.021	0.016	0.083	0.041	0.011	0.023	0.02
61	AT4G33330	RI				0.0	0.0		1.0	0.0	1.0		0.0	1.0	0.0	0.0
62	AT4G33180	RI	0.125	0.154	0.073	0.024	0.0	0.1	0.116	0.171	0.059	0.0	0.119	0.057	0.019	0.0
63	AT4G33130	RI	0.0	0.0	0.0	0.333	0.6	0.0	0.4	0.2	1.0	0.2	0.25	0.111	0.429	0.0
64	AT4G33130	RI	0.0		0.0	0.273	1.0		0.429	1.0	1.0	1.0	1.0	0.333	1.0	
65	AT4G32900	RI	0.0	0.0	0.111	0.2	0.0	0.0	0.417	0.412	0.0	0.167	0.36	0.217	0.209	0.0
66	AT4G32850	RI	1.0	1.0	0.933	1.0	1.0	1.0	1.0	1.0	1.0	1.0	1.0	1.0	1.0	1.0
67	AT4G32850	RI	1.0	0.833	0.625	0.833	0.714	1.0	0.814	0.571	0.714	0.429	0.882	1.0	1.0	1.0
68	AT4G32850	RI	1.0	0.833	1.0	1.0	1.0	1.0	0.913	1.0	1.0	1.0	0.857	0.857	0.769	1.0
69	AT4G32850	RI	0.167	0.2	0.174	0.194	0.152	0.143	0.179	0.241	0.149	0.137	0.23	0.178	0.174	0.135
70	AT4G32850	RI	0.674	0.812	0.791	0.593	0.814	0.636	0.717	0.881	0.829	0.576	0.748	0.793	0.667	0.733
71	AT4G32850	RI	0.381	0.481	0.443	0.444	0.545	0.455	0.406	0.545	0.526	0.278	0.418	0.385	0.444	0.486
72	AT4G32850	RI	0.64	0.643	0.636	0.557	0.591	0.476	0.723	0.634	0.733	0.6	0.574	0.865	0.759	0.655
73	AT4G32420	RI	1.0	1.0	1.0	1.0			1.0	1.0			0.714		0.5	
74	AT4G32360	RI	0.667	0.2	0.2	0.652	0.4	0.333	0.76	0.538	0.111	1.0	0.333	0.25	0.182	0.6
75	AT4G32360	RI	0.6	0.091	0.667	0.077	0.2	0.333	0.125	0.556	0.091	0.2	0.4	0.0	0.312	0.0
76	AT4G32360	RI	0.0	0.0	0.175	0.036	0.0	0.0	0.136	0.218	0.338	0.0	0.145	0.338	0.06	0.113
77	AT4G32295	RI	0.333	0.0	0.091	0.4	0.077	0.5	0.455	0.111	0.0	0.4	0.375	0.158	0.135	0.333
78	AT4G32285	RI	0.265	0.206	0.269	0.284	0.265	0.265	0.225	0.227	0.381	0.24	0.231	0.285	0.333	0.143
79	AT4G32280	RI	0.289	0.308	0.137	0.224	0.077	0.067	0.414	0.222	0.226	0.333	0.2	0.151	0.119	0.333
80	AT4G32250	RI	0.36	0.467	0.576	0.371	0.467	0.6	0.684	0.805	0.484	0.8	0.524	0.545	0.32	0.529
81	AT4G32180	RI	0.417	0.143	0.19	0.149	0.071	0.111	0.226	0.243	0.0	0.167	0.125	0.1	0.048	0.158
82	AT4G32180	RI	0.04	0.04	0.048	0.02	0.161	0.037	0.094	0.03	0.037	0.043	0.062	0.02	0.023	0.021
85	AT4G31780	RI	0.13	0.077	0.048	0.088	0.091	0.067	0.159	0.0	0.2	0.0	0.108	0.034	0.061	0.0
87	AT4G31520	RI				0.0			1.0	1.0					0.6	
88	AT4G31480	RI	1.0	0.6	0.6	1.0	1.0	1.0	1.0	0.667	1.0	1.0	1.0	0.8	0.5	1.0
89	AT4G31480	RI	1.0	1.0	1.0	0.913	1.0	1.0	1.0	1.0	1.0	1.0	0.789	1.0	1.0	1.0
90	AT4G31480	RI	0.149	0.023	0.028	0.096	0.115	0.0	0.173	0.036	0.053	0.0	0.116	0.051	0.043	0.045
91	AT4G31480	RI	0.556	1.0	0.571	0.615	0.75	1.0	0.75	1.0	1.0	0.5	0.905	0.75	0.556	1.0
92	AT4G31480	RI		1.0	1.0	1.0	1.0		1.0	1.0	1.0		1.0	0.75	1.0	1.0
93	AT4G31230	RI							1.0					1.0	0.0	1.0
94	AT4G31170	RI		1.0	1.0	1.0	1.0	1.0	0.92	0.733	1.0	0.333	1.0	0.75	0.333	1.0
95	AT4G31170	RI	0.0	0.304	0.5	0.6	0.2	0.5	0.76	0.226	0.2	0.111	0.529	0.259	0.286	0.75
96	AT4G31120	RI	0.0	0.067	0.188	0.073	0.333	0.0	0.057	0.231	0.0	0.059	0.059	0.056	0.067	0.333
97	AT4G30890	RI	0.76	0.643	0.838	0.696	0.905	1.0	0.828	0.765	0.714	0.622	0.714	0.569	0.667	0.7
98	AT4G30410	RI	0.049	0.018	0.074	0.025	0.079	0.0	0.034	0.015	0.045	0.053	0.056	0.038	0.055	0.0
100	AT4G29930	RI		1.0	1.0	1.0	1.0		0.75	0.75	0.333	0.556	0.6	0.667	1.0	1.0
101	AT4G29930	RI		1.0	1.0	0.286	1.0		1.0	1.0	0.5	1.0	1.0	1.0	1.0	1.0
102	AT4G29930	RI	0.2	1.0	0.0	0.077	1.0		0.077	0.0	0.0	0.0	0.455	0.0	0.0	0.0
103	AT4G29740	RI				1.0			0.0				0.2	0.0	1.0	0.0
105	AT4G28730	RI	0.0	0.067	0.042	0.033	0.077	0.0	0.088	0.029	0.0	0.067	0.188	0.122	0.088	0.067
114	AT4G28150	RI	0.5	1.0	0.143	0.143	0.0	0.111	0.111	0.2	0.167		0.259	0.0	0.091	1.0
115	AT4G28110	RI					0.0			0.0			1.0		1.0	
116	AT4G27970	RI	0.0	0.111	0.2	1.0	0.0		1.0	1.0	0.0	0.2	0.231	0.25	0.0	
117	AT4G27970	RI	0.0	0.385	0.0	0.0	0.5	0.0	0.231	0.143		0.0	0.667	0.0	0.733	0.0
118	AT4G27960	RI	0.257	0.18	0.259	0.147	0.237	0.237	0.311	0.219	0.208	0.248	0.316	0.25	0.183	0.267
119	AT4G27860	RI	0.091	0.143	0.227	0.125	0.143	0.167	0.243	0.44	0.167	0.053	0.222	0.216	0.143	0.13
120	AT4G27860	RI	0.194	0.065	0.172	0.266	0.061	0.188	0.136	0.068	0.148	0.05	0.13	0.172	0.121	0.148
121	AT4G38350	RI	0.0	0.0	0.04	0.082	0.025	0.113	0.105	0.01	0.0	0.0	0.019	0.0	0.028	0.0
123	AT4G27630	RI	0.143	0.0	1.0		0.0	0.0	1.0	0.5	0.0	1.0	0.333	0.091	0.0	
124	AT4G27620	RI	0.067	0.0	0.294	0.13	0.143	0.2	0.212	0.412	0.0	0.0	0.176	0.385	0.167	0.2
125	AT4G27610	RI	0.0	1.0	1.0	0.6		1.0	0.6	0.6	0.778	1.0	1.0	1.0	1.0	1.0
126	AT4G27610	RI	0.2	0.429	0.778	0.4	1.0	0.143	0.667	0.556	0.818	0.5	0.6	0.667	0.556	1.0
127	AT4G27610	RI	0.263	0.333	0.5	0.304	0.429	0.5	0.45	0.455	0.6	0.333	0.2	0.412	0.2	0.111
128	AT4G27610	RI	1.0	1.0	0.789	0.5	0.429	0.75	1.0	0.478	0.4	0.571	0.778	1.0	0.778	0.333
129	AT4G27490	RI				1.0		1.0	0.5	1.0			0.5	1.0	0.5	1.0
130	AT4G27490	RI	0.0	0.0	0.091	0.5		0.333	0.2	0.158		0.0	0.5	0.6	0.4	1.0
131	AT4G27490	RI	0.0	0.0	0.0	0.0	0.0		0.0	0.333	0.0	0.0	0.2	0.333	0.2	0.0
132	AT4G27120	RI	0.2	0.379	0.136	0.183	0.125	0.091	0.233	0.172	0.13	0.429	0.212	0.091	0.106	0.1
133	AT4G26795	RI	0.2	0.0	0.111	0.556	0.2	0.0	0.238	0.636	1.0	0.2	0.667	0.111	0.0	0.0
134	AT4G26795	RI	0.333	1.0	0.667	0.917	0.25	1.0	1.0	1.0		0.8	0.75	1.0	0.486	1.0
135	AT4G26795	RI	1.0	1.0	1.0	1.0	1.0	1.0	1.0	0.75	0.5	1.0	0.667	1.0	0.8	0.778
136	AT4G26700	RI	0.12	0.185	0.179	0.106	0.2	0.0	0.362	0.164	0.167	0.143	0.154	0.191	0.489	0.12
137	AT4G26700	RI	0.037	0.0	0.083	0.214	0.2	0.167	0.244	0.1	0.083	0.167	0.073	0.083	0.0	0.059
138	AT4G26700	RI	0.205	0.0	0.508	0.587	1.0	1.0	0.721	0.756	0.508	1.0	0.256	0.508	0.0	0.0
139	AT4G26470	RI		0.6	0.0	0.625		0.0	0.647	0.2		0.333	0.176	0.5	0.4	1.0
140	AT4G26190	RI	1.0	1.0	1.0	0.8		1.0	0.714	1.0	1.0		1.0	1.0	1.0	0.667
141	AT4G26190	RI	1.0	1.0	1.0	1.0	1.0	1.0	1.0	0.846	1.0	1.0	1.0	0.714	1.0	1.0
142	AT4G26070	RI	0.636	0.867	1.0	0.833	0.8	1.0	0.667	0.632	0.385	1.0	0.714	0.636	0.826	0.429
143	AT4G25990	RI	1.0	0.5	0.111	0.5	1.0	0.333	0.091	0.714	0.0	0.333	0.0	0.0	0.0	0.0
144	AT4G25650	RI	0.019	0.048	0.0	0.037	0.0	0.042	0.057	0.034	0.0	0.0	0.128	0.018	0.027	0.058
145	AT4G25640	RI	0.173	0.131	0.04	0.18	0.236	0.177	0.135	0.271	0.048	0.144	0.159	0.402	0.061	0.059
147	AT4G07405	RI	0.0	1.0	0.714	0.13	1.0	0.0	1.0	0.364	1.0	0.2	1.0	0.778	0.8	1.0
148	AT4G07405	RI	0.6	1.0	0.75	0.733	1.0		1.0	1.0	0.333	1.0	1.0	1.0	0.5	1.0
149	AT4G25500	RI	0.19	0.258	0.32	0.32	0.224	0.283	0.464	0.33	0.342	0.333	0.366	0.449	0.205	0.281
150	AT4G25500	RI	0.084	0.163	0.22	0.125	0.017	0.109	0.229	0.195	0.079	0.164	0.189	0.186	0.174	0.173
151	AT4G25500	RI	0.579	0.277	0.429	0.392	0.176	0.444	0.512	0.357	0.333	0.256	0.463	0.4	0.306	0.217
152	AT4G25450	RI	0.048	0.158	0.077	0.038	0.143	0.083	0.224	0.091	0.0	0.0	0.047	0.158	0.161	0.133
153	AT4G25300	RI	0.0	0.111	0.111	0.172	0.0	0.0	0.0	0.034	0.0	0.0	0.0	0.0	0.0	0.0
154	AT4G33510	RI	0.02	0.0	0.028	0.056	0.014	0.013	0.033	0.02	0.011	0.034	0.021	0.045	0.013	0.057
155	AT4G24960	RI	0.174	0.053	0.02	0.016	0.125	0.111	0.084	0.043	0.0	0.071	0.053	0.032	0.0	0.091
156	AT4G24810	RI	0.25	0.4	0.286	0.6	0.0		0.68	0.0	0.0	0.2	0.286	0.429	0.538	0.0
157	AT4G24810	RI	1.0	1.0	1.0	1.0			1.0	1.0	0.6	0.333	1.0	1.0	0.667	1.0
158	AT4G27650	RI	0.059	0.067	0.118	0.063	0.073	0.2	0.111	0.085	0.217	0.053	0.114	0.067	0.123	0.026
159	AT4G24710	RI	1.0	0.0	0.2	0.273	1.0	1.0	0.556	0.333	0.0		0.25		0.6	1.0
160	AT4G24480	RI	1.0	0.778	0.882	1.0	1.0	1.0	0.931	1.0	1.0	1.0	1.0	0.889	1.0	1.0
161	AT4G24460	RI	0.0		0.6	0.294	0.0		0.333	0.4	0.0		1.0	1.0	0.2	0.333
163	AT4G24350	RI	0.0	0.143	0.2	0.0			0.0		0.0				0.0	
164	AT4G24290	RI	0.022	0.052	0.111	0.045	0.05	0.026	0.084	0.079	0.063	0.0	0.104	0.077	0.045	0.119
165	AT4G24260	RI			0.0				1.0						0.0	0.0
166	AT4G24160	RI	0.277	0.083	0.0	0.099	0.282	0.234	0.096	0.027	0.338	0.0	0.127	0.046	0.113	0.145
167	AT4G24050	RI	0.077	0.174	0.091	0.098	0.135	0.086	0.121	0.055	0.024	0.023	0.149	0.064	0.048	0.176
168	AT4G24020	RI	1.0	1.0	0.973	0.97	1.0	1.0	1.0	1.0	1.0	0.933	0.981	1.0	0.974	1.0
169	AT4G23770	RI	1.0	1.0	0.0	0.2	1.0		0.0	0.0	1.0	1.0	1.0		0.5	
170	AT4G23660	RI	0.6	0.375	0.733	0.625	0.333	0.333	1.0	1.0	0.714	0.091	0.524	0.455	1.0	0.25
171	AT4G30820	RI	0.273	0.0	0.25	0.0	0.0	0.0	0.077	0.111		0.0	0.2	0.273	0.0	0.111
172	AT4G30820	RI	1.0	1.0	1.0	1.0		1.0	1.0	0.6	1.0	1.0	1.0	0.6	1.0	1.0
174	AT4G30820	RI	0.2	0.0	0.125	0.391	0.333	1.0	0.2	0.2	0.143	0.6	0.455	0.333	0.412	0.333
176	AT4G30820	RI	1.0		0.5	1.0	1.0	1.0	1.0	1.0	0.714	0.714	0.778	1.0	1.0	1.0
177	AT4G30820	RI	0.294	0.158	0.25	0.556	0.048		0.448	0.481	1.0	0.333	0.333	0.238	0.364	0.143
178	AT4G30820	RI	0.6	1.0	1.0	0.875	0.333		1.0	0.714	1.0	1.0	0.636	1.0	0.778	1.0
179	AT4G30820	RI	0.667	0.0	1.0	0.818	0.333		1.0	1.0	1.0	1.0	1.0	0.714	0.6	1.0
180	AT4G30820	RI	0.259	0.034	0.111	0.186	0.0		0.073	0.185	0.143	0.333	0.0	0.231	0.1	0.0
183	AT4G23330	RI	1.0	0.667	1.0	1.0	1.0	1.0	1.0	1.0	1.0	1.0	1.0	1.0	1.0	1.0
184	AT4G23330	RI	1.0	1.0	1.0	0.824	1.0	0.667	0.8	0.6	1.0	1.0	1.0	1.0	1.0	1.0
186	AT4G23270	RI	1.0	1.0	0.306	0.679	1.0	1.0	0.725	0.725	0.613	0.613	0.442	0.346	1.0	1.0
187	AT4G23210	RI	0.0	0.0	0.0		0.0			0.0	0.0	0.0	0.0	0.0	0.0	0.202
188	AT4G23210	RI	0.0	0.0		0.0		1.0			0.0	0.0	0.6	1.0		
189	AT4G23210	RI		1.0			1.0	1.0		0.0	1.0	1.0	1.0	1.0	1.0	
192	AT4G22950	RI				0.0		0.0		0.0	0.0			1.0	0.2	1.0
193	AT4G22930	RI		1.0	1.0	1.0	1.0		0.333	1.0			1.0		1.0	
196	AT4G22570	RI	0.088	0.046	0.3	0.121	0.07	0.055	0.147	0.228	0.105	0.084	0.167	0.129	0.041	0.123
197	AT4G22540	RI	1.0	0.917	1.0	0.889	0.5	1.0	0.877	0.911	1.0	1.0	0.952	0.852	0.889	1.0
198	AT4G22540	RI	0.0	0.169	0.096	0.2	0.029	0.364	0.301	0.233	0.167	0.106	0.153	0.153	0.189	0.0
200	AT4G22350	RI	0.0	0.333	0.273	0.053	0.0	0.0	0.0	0.03	0.111	0.0	0.243	0.6	0.0	0.111
201	AT4G22350	RI	0.0		0.067	0.0	0.333	0.0	0.111	0.0	0.0	0.333	0.176	0.2	0.0	0.0
202	AT4G22305	RI	0.5	0.333	0.0	0.167		0.0	0.333	0.0	0.0	0.0	0.333	0.143	0.25	
204	AT4G22120	RI	1.0	0.4	0.625	0.111	0.429	1.0	1.0	1.0		1.0	0.8	0.455	0.6	0.333
205	AT4G22120	RI	0.391	0.231	0.524	0.176	0.143	1.0	0.31	0.846		0.167	0.478	0.25	0.355	0.2
206	AT4G21940	RI	0.0	1.0	0.333	0.2			0.0	0.333	0.0	0.0	0.6	0.333	0.333	
208	AT4G21910	RI	0.125	0.043	0.133	0.137	0.2	0.0	0.095	0.143	0.0	0.0	0.193	0.182	0.083	0.067
209	AT4G21850	RI	0.0	0.0	0.0	0.022	0.0	0.0	0.01	0.01	0.0	0.016	0.033	0.0	0.003	0.013
211	AT4G21585	RI	1.0	1.0	0.545	0.333	1.0	0.6	0.091	0.5	1.0	1.0	0.625	0.333	0.182	0.25
212	AT4G21585	RI	0.0	0.2	0.0	0.167	0.0	0.111	0.158	0.0	0.0	0.333	0.0	0.0	0.091	0.2
213	AT4G21585	RI	0.333	0.059	0.2	0.2	0.2	1.0	0.091	0.0	0.0	0.455	0.333	0.143	0.0	0.077
214	AT4G30900	RI	0.333	0.625	1.0	0.793	1.0	1.0	0.818	0.333	0.0	1.0	0.917	0.556	0.833	0.714
215	AT4G21580	RI	1.0	0.914	0.98	1.0	0.971	0.857	0.908	0.985	0.956	1.0	0.904	0.978	0.97	0.879
216	AT4G21560	RI	0.012	0.077	0.054	0.062	0.062	0.05	0.136	0.064	0.019	0.12	0.085	0.034	0.129	0.043
217	AT4G21400	RI	0.75	1.0	0.92	0.875	0.647	1.0	0.808	0.849	0.6	1.0	0.733	0.625	0.755	1.0
218	AT4G21400	RI	1.0	0.625	0.81	0.478	1.0	0.0	0.857	0.739	0.25	1.0	0.481	0.556	0.647	0.833
219	AT4G21400	RI	0.043	0.0	0.163	0.043	0.08	0.0	0.048	0.032	0.0	0.039	0.047	0.055	0.02	0.191
220	AT4G21400	RI	0.062	0.0	0.0	0.027	0.043	0.0	0.007	0.026	0.048	0.0	0.065	0.0	0.0	0.022
221	AT4G21400	RI	0.647	0.333	0.818	0.917	1.0	1.0	0.833	0.66	0.538	1.0	0.871	0.667	1.0	0.667
222	AT4G21390	RI		0.0	0.0		0.0	0.0	0.053		0.0	0.0	0.0	0.0	0.0	
223	AT4G21380	RI	1.0			0.0			1.0					0.0		
224	AT4G21310	RI	0.442	0.514	0.284	0.468	0.15	0.346	0.381	0.462	1.0		0.26	0.704	0.552	0.15
226	AT4G20720	RI	0.0	0.0		0.0			0.0		0.0	1.0	0.077	0.0	0.2	
227	AT4G20440	RI	0.812	0.931	0.949	1.0	1.0	1.0	0.897	0.705	0.7	1.0	0.949	0.877	0.877	1.0
228	AT4G20380	RI	1.0	0.346	0.442	0.894	1.0	0.346	0.76	0.487	0.679	1.0	0.413	0.514	0.442	1.0
229	AT4G20380	RI	1.0	1.0	1.0	1.0	1.0	1.0	1.0	1.0	1.0	1.0	0.889	0.846	1.0	1.0
230	AT4G20380	RI	0.259	0.068	0.064	0.165	0.16	0.056	0.119	0.093	0.08	0.118	0.131	0.139	0.102	0.048
231	AT4G20380	RI	0.6	0.241	0.2	0.408	0.167	0.2	0.378	0.152	0.097	0.12	0.4	0.255	0.224	0.143
232	AT4G20380	RI	0.053	0.059	0.1	0.09	0.037	0.081	0.197	0.054	0.095	0.0	0.041	0.106	0.082	0.014
233	AT4G20320	RI	0.333	1.0	1.0	0.429	1.0	0.5	0.714	0.714	1.0	1.0	0.75	1.0	1.0	0.6
234	AT4G20320	RI	0.182	0.158	0.216	0.109	0.111	0.333	0.161	0.283	0.167	0.222	0.25	0.319	0.345	0.154
236	AT4G20310	RI		1.0			1.0		1.0		1.0		1.0	1.0	0.0	
237	AT4G20310	RI	0.0	1.0		0.0	1.0		0.5		1.0	0.0	1.0	1.0	0.0	
240	AT4G20310	RI	0.0	0.0	0.067	0.273	1.0	0.0	0.0		0.0	0.0	0.067	0.091	0.0	0.0
241	AT4G20310	RI	1.0		0.0	0.667	1.0				1.0		0.333	1.0		
247	AT4G19990	RI		1.0	1.0	1.0		1.0	0.5	1.0	1.0		1.0	1.0	1.0	1.0
248	AT4G19990	RI	0.067	0.2	0.185	0.094	0.0	1.0	0.061	0.282	0.5		0.286	0.286	0.172	0.167
249	AT4G19985	RI	0.333	0.111	0.333	0.0	0.333		0.3	0.286	0.0	0.25	0.077	0.25	0.12	0.0
250	AT4G19985	RI		0.333	1.0	0.333	0.333		0.714	0.6		0.0	0.143	0.385	0.161	
251	AT4G19985	RI		1.0	1.0	0.636	0.5		1.0	1.0			1.0	1.0	0.333	
252	AT4G19960	RI	0.0	0.2	0.053	0.152	0.0	0.0	0.029	0.125	0.0	0.0	0.037	0.474	0.111	0.0
253	AT4G19900	RI	0.0	0.0	0.2	0.5	0.111		0.125	0.04	0.0	0.0	0.0	0.0	0.0	0.0
254	AT4G19870	RI		1.0	0.4	0.538	0.0	0.2	0.111	0.2	0.273	0.143	0.4	0.25	0.333	0.2
255	AT4G19670	RI	1.0	1.0	1.0	1.0	1.0	0.6	1.0	1.0	1.0	1.0	1.0	1.0	1.0	1.0
256	AT4G19670	RI	1.0	0.789	0.789	1.0	1.0	1.0	1.0	1.0	1.0	1.0	0.647	1.0	0.9	1.0
259	AT4G19670	RI	1.0	0.846	0.789	0.808	0.846	1.0	0.905	0.8	0.619	0.867	0.959	0.891	0.837	0.84
260	AT4G19670	RI	0.524	0.6	0.795	0.738	0.857	0.6	0.803	0.842	0.882	0.619	0.681	0.754	0.815	0.793
261	AT4G19670	RI	0.375	0.565	0.556	1.0	0.333	0.333	0.615	0.391	0.714	0.6	0.688	0.636	0.677	0.75
262	AT4G19660	RI	0.538	0.13	0.176	0.13	0.333	0.111	0.25	0.106	0.0	0.2	0.286	0.161	0.182	0.154
264	AT4G19510	RI	0.829	0.895	0.938	0.562	0.892	1.0	0.937	0.811	0.818	1.0	0.818	0.955	0.906	0.778
265	AT4G19510	RI	0.941	0.769	0.818	0.951	0.769	0.882	0.731	0.833	0.806	0.739	0.833	0.75	0.966	0.826
266	AT4G19510	RI	0.677	0.935	0.628	0.922	0.926	0.75	0.875	0.837	0.667	0.727	0.619	0.808	0.922	1.0
269	AT4G19490	RI	0.368	0.448	0.487	0.459	0.29	0.357	0.316	0.373	0.115	0.273	0.368	0.314	0.302	0.562
270	AT4G19440	RI	1.0	0.778	0.75	0.625	1.0	1.0	1.0	1.0	1.0	1.0	1.0	0.75	1.0	1.0
271	AT4G19420	RI	0.333	0.285	0.394	0.303	0.205	0.095	0.38	0.258	0.271	0.234	0.358	0.239	0.232	0.284
272	AT4G19120	RI	0.045	0.115	0.049	0.031	0.086	0.059	0.084	0.103	0.043	0.0	0.078	0.03	0.043	0.125
273	AT4G19030	RI	0.0	0.0	0.0	0.0	0.0	0.0	1.0	0.0	0.0		0.0	0.0	0.0	
274	AT4G19006	RI	0.0	0.087	0.014	0.023	0.026	0.077	0.063	0.0	0.043	0.027	0.015	0.065	0.044	0.091
275	AT4G18975	RI	0.667	0.333	0.333	0.308	0.6	1.0	0.714	0.636	0.25	0.5	0.667	0.2	0.2	0.429
276	AT4G18975	RI	0.203	0.338	0.0	0.093	0.505	0.0	0.247	0.102	0.338	1.0	0.203	0.405	0.0	0.234
277	AT4G18960	RI							1.0						0.0	
278	AT4G18530	RI	0.333	0.043	0.429	0.071	0.0	0.333	0.231	0.158	0.0	0.111	0.077	0.273	0.176	0.0
279	AT4G18375	RI	0.667	0.333	0.0	1.0	0.0		0.25	0.333		1.0	0.167		0.091	
280	AT4G18375	RI	0.0		0.25	0.143			0.429	0.143	0.0		0.0	0.0	0.0	1.0
281	AT4G18140	RI	0.241	0.357	0.4	0.128	0.25	0.4	0.449	0.062	0.364	0.214	0.233	0.125	0.19	0.4
282	AT4G18140	RI	0.333	0.0	0.619	0.429	0.333	0.333	0.5	0.429	0.75	0.385	0.455	1.0	0.091	1.0
283	AT4G18020	RI	0.294	0.185	0.136	0.093	0.037	0.2	0.274	0.2	0.167	0.086	0.083	0.084	0.181	0.05
284	AT4G17910	RI	0.153	0.449	0.576	0.475	0.352	1.0	1.0	0.352	0.475	1.0	0.379	0.685	0.655	0.266
285	AT4G17910	RI	0.2	0.2	0.529	0.158	1.0		0.222	0.12	0.231	0.0	0.294		0.385	0.333
286	AT4G17615	RI	0.125	0.143	0.238	0.152	0.125	0.0	0.094	0.0	0.333	0.143	0.083	0.059	0.133	0.231
287	AT4G17483	RI		0.0	0.0	1.0		0.0		0.429		1.0		0.0	0.2	1.0
288	AT4G17480	RI			1.0	1.0	1.0		0.0		1.0			0.0		1.0
289	AT4G17410	RI	0.5	0.2	0.474	0.28	0.714	0.455	0.778	0.368	0.5	0.333	0.333	0.2	0.765	0.231
290	AT4G17190	RI	0.0	0.25	0.086	0.154	0.5	0.0	0.316	0.12	0.2	0.0	0.128	0.214	0.125	0.4
292	AT4G24790	RI	0.0	1.0		0.167	0.0	0.333	0.333	0.5	0.0		1.0	1.0	0.273	0.333
293	AT4G24790	RI	1.0	1.0	1.0	0.4	0.0	0.333	0.333	0.467	0.0	1.0	0.429	0.0	0.333	1.0
294	AT4G17020	RI	1.0	0.733	1.0	0.833	1.0	1.0	1.0	0.778	1.0	0.75	0.76	0.852	0.909	0.4
295	AT4G16990	RI	0.8	0.852	1.0	0.937	0.857	1.0	0.889	0.833	1.0	1.0	0.869	0.8	0.9	1.0
296	AT4G16990	RI	0.856	0.919	0.846	0.905	0.947	0.837	0.858	0.857	0.913	0.932	0.863	0.841	0.776	0.968
297	AT4G16990	RI	0.408	0.542	0.48	0.466	0.337	0.346	0.507	0.405	0.352	0.284	0.456	0.443	0.323	0.293
298	AT4G16950	RI		0.0	0.143	0.259	0.2	0.0	0.391	0.091	0.0	0.0	0.0	0.0	0.0	0.111
299	AT4G16950	RI	0.2	0.286	0.185	0.062	0.053		0.161	0.091	0.0	0.077	0.161	0.037	0.059	0.0
305	AT4G16857	RI	0.0	0.0	0.5	0.6	0.0		0.333	1.0		0.0	0.5	0.333	0.091	1.0
307	AT4G16765	RI	0.059	0.1	0.0	0.2	0.25	0.143	0.061	0.029	0.103	0.167	0.105	0.16	0.059	0.0
308	AT4G16765	RI	0.5	0.077	0.098	0.091	0.158	0.2	0.171	0.088	0.059	0.111	0.115	0.048	0.191	0.143
309	AT4G16765	RI	1.0	1.0	1.0	1.0	1.0	1.0	1.0	1.0	1.0	1.0	1.0	1.0	0.889	1.0
310	AT4G16765	RI	1.0	1.0	1.0	1.0	0.0		0.5	0.6	0.0	0.2	0.2	0.333	0.25	0.0
311	AT4G16710	RI	0.336	0.793	0.678	0.767	0.579	0.747	0.81	0.768	0.432	0.639	0.736	1.0	0.703	0.876
312	AT4G16710	RI	0.517	0.6	0.45	0.63	0.366	0.596	0.593	0.466	0.221	0.532	0.511	0.675	0.649	0.635
313	AT4G16700	RI		1.0	0.408	0.341	0.0	1.0	1.0	1.0	0.0		0.508	0.079	0.0	0.147
314	AT4G16660	RI	0.657	0.548	0.586	0.435	0.583	0.5	0.552	0.552	0.409	0.294	0.63	0.465	0.508	0.56
315	AT4G16520	RI	0.057	0.064	0.081	0.099	0.076	0.059	0.109	0.085	0.075	0.088	0.106	0.057	0.049	0.064
316	AT4G15790	RI	0.143	0.333	0.062	0.077	0.125	0.0	0.231	0.12	0.2	0.067	0.31	0.116	0.0	0.2
317	AT4G15765	RI	0.503	1.0	0.503	0.336	0.336		1.0	1.0	0.336	1.0	1.0	1.0	0.78	0.0
318	AT4G15765	RI	1.0	0.0		0.273	1.0	1.0	0.412	1.0	0.0	0.333	1.0	1.0	0.4	0.2
319	AT4G15415	RI	0.214	0.286	0.435	0.425	0.125	0.6	0.365	0.628	0.5	0.429	0.355	0.429	0.353	0.2
320	AT4G15415	RI	0.077	0.0	0.201	0.15	0.0	0.0	0.195	0.134	0.0	0.0	0.117	0.082	0.043	0.201
322	AT4G15340	RI		0.0	0.2	0.31	0.0	0.333	0.3	0.111	0.167	0.0	0.167	0.6	0.0	0.0
323	AT4G15230	RI	0.143	0.0	0.0	0.077	0.143	1.0	0.059	0.0	0.0		0.0	0.2	0.077	
325	AT4G15215	RI	0.0	1.0	1.0	0.5			0.077		1.0	1.0	0.556	1.0	0.333	0.0
326	AT4G15215	RI	0.0	1.0	1.0	0.333			0.636	1.0			0.556	1.0	1.0	1.0
328	AT4G34060	RI				0.0			1.0	1.0			0.0	0.0		
329	AT4G14746	RI	0.143	0.121	0.1	0.049	0.091	0.043	0.094	0.12	0.064	0.116	0.099	0.079	0.041	0.148
330	AT4G14740	RI	0.429	1.0	0.724	0.739	0.6	0.333	0.913	0.862	1.0	0.667	1.0	0.765	0.949	1.0
331	AT4G14720	RI	0.0	0.015	0.046	0.034	0.0	0.041	0.046	0.037	0.019	0.105	0.021	0.043	0.0	0.032
332	AT4G14713	RI		0.0	0.0	0.046	0.211	0.0	0.118	0.0	0.0	0.0	0.152	0.211	0.0	0.0
333	AT4G14713	RI	0.5	0.4	0.25	0.2	0.0	0.429	0.263	0.143	0.0	0.0	0.243	0.2	0.2	0.0
334	AT4G14713	RI	0.0	0.333	0.111	0.111	0.333		0.133	0.172	0.111	0.0	0.2	0.133	0.077	
335	AT4G14385	RI	0.18	0.086	0.16	0.164	0.057	0.081	0.114	0.163	0.186	0.042	0.116	0.155	0.163	0.041
336	AT4G14385	RI	1.0	1.0	0.44	1.0	1.0	0.5	1.0	0.455	1.0	0.333	1.0	0.733	0.9	1.0
337	AT4G14385	RI	0.088	0.085	0.132	0.152	0.1	0.03	0.116	0.095	0.097	0.022	0.082	0.087	0.068	0.049
338	AT4G14340	RI	0.143	0.081	0.133	0.153	0.059	0.105	0.146	0.109	0.133	0.1	0.082	0.233	0.075	0.059
340	AT4G13810	RI		1.0	1.0	0.833	1.0	0.0	0.0	1.0	0.0			1.0	0.0	
343	AT4G13330	RI		1.0	1.0	1.0	1.0	1.0	1.0	1.0	1.0	0.0	0.875	1.0	0.75	
344	AT4G13330	RI	0.333	1.0	1.0	1.0	0.385	0.667	0.625	0.429	0.6		0.889	0.429	0.833	0.333
345	AT4G13330	RI	1.0	1.0	1.0	1.0	1.0	1.0	0.7	0.733	1.0		1.0	1.0	1.0	1.0
347	AT4G13260	RI	0.0	0.0	0.0	0.143	0.0		0.0	0.0			0.0	0.0	1.0	
348	AT4G13190	RI			0.0	0.333			0.0	0.0			0.0		0.0	
350	AT4G13190	RI				0.67		0.0	1.0	1.0	0.0			0.0	0.0	1.0
351	AT4G13100	RI	0.0	1.0	0.167	0.2	1.0		0.6	0.333	1.0		0.333	0.6	0.714	
352	AT4G13100	RI	1.0	1.0	1.0	1.0	1.0	0.0	1.0	1.0	1.0	1.0	1.0	1.0	0.789	1.0
353	AT4G13100	RI	0.0	0.231	0.125	0.0	0.143	0.0	0.185	0.048	0.143	0.0	0.182	0.2	0.167	0.0
354	AT4G13100	RI	0.333	0.25	0.143	0.241	0.273	0.6	1.0	0.636	0.0	1.0	1.0	1.0	0.75	
355	AT4G12990	RI	0.0	0.182	0.059	0.68	0.0	0.111	0.149	0.071	0.333	0.091	0.143	0.143	0.059	0.167
356	AT4G12990	RI	0.231	0.259	0.282	0.317	0.529	0.143	0.419	0.5	0.5	0.429	0.265	0.235	0.2	0.455
357	AT4G12990	RI	0.667	0.8	0.778	0.879	0.667	1.0	0.867	0.36	0.333	0.818	0.7	0.882	0.7	1.0
358	AT4G12990	RI	0.778	0.7	0.676	0.628	0.8	0.667	0.709	0.304	1.0	0.583	0.611	0.812	0.556	0.667
359	AT4G12640	RI	0.25	0.222	0.067	0.231	0.0	0.143	0.286	0.176	0.0	0.4	0.25	0.077	0.106	0.333
360	AT4G33240	RI	1.0	0.911	0.966	1.0	1.0	1.0	1.0	0.982	1.0	0.941	1.0	1.0	0.934	1.0
361	AT4G33240	RI	0.6	0.714	0.5	1.0	0.667	1.0	0.73	0.76	1.0	1.0	0.657	0.538	0.706	0.5
362	AT4G33240	RI	0.3	0.25	0.246	0.08	0.273	0.556	0.508	0.225	0.103	0.226	0.204	0.211	0.286	0.143
363	AT4G12440	RI		1.0						1.0			0.0		0.0	1.0
364	AT4G12030	RI	0.508	0.0	0.19	0.301	0.0	0.341	0.091	0.084	0.0	0.0	0.058	0.028	0.244	0.0
365	AT4G12030	RI	0.2	0.333	0.125	0.538	0.0	1.0	0.484	0.091	0.714	1.0	0.077	0.455	0.2	0.333
367	AT4G34600	RI	0.115	0.127	0.084	0.106	0.125	0.158	0.109	0.099	0.105	0.108	0.055	0.043	0.069	0.154
368	AT4G11880	RI		0.0	0.0	0.6	0.0	0.0	0.0	0.333		0.0	0.333	0.0	0.077	0.2
369	AT4G11880	RI		0.0	0.0	0.0	0.0	0.0	0.2	0.0	0.0	0.5	0.077		0.067	0.0
371	AT4G11840	RI	1.0	0.818	0.789	0.517	0.714	1.0	0.667	0.758	0.5	0.5	0.692	0.714	0.789	0.667
372	AT4G11830	RI	0.257	0.048	0.068	0.114	0.152	0.143	0.057	0.128	0.0	0.027	0.162	0.022	0.053	0.189
373	AT4G11830	RI	0.538	0.818	0.8	0.649	0.643	0.714	0.6	0.862	0.75	0.667	0.75	0.625	0.758	0.75
374	AT4G11830	RI	0.478	0.571	0.44	0.498	0.459	0.6	0.464	0.632	0.585	0.6	0.532	0.574	0.64	0.459
376	AT4G11410	RI	0.067	0.158	0.211	0.179	0.083	0.6	0.238	0.231	0.053	0.143	0.19	0.222	0.429	0.143
377	AT4G11160	RI	1.0	0.333	0.333	0.5	0.143	0.333	0.412	0.5	0.429	0.333	0.333	0.158	0.217	0.333
378	AT4G11050	RI		0.5	1.0	0.333	1.0		0.5	0.5			0.0			0.714
379	AT4G10925	RI	0.333	0.286	0.385	0.196	0.188	0.154	0.315	0.178	0.226	0.333	0.529	0.216	0.254	0.733
380	AT4G10925	RI	1.0	1.0	0.833	0.943	0.778	0.8	0.962	0.533	0.895	0.571	0.84	1.0	0.707	1.0
381	AT4G10843	RI	1.0	0.0		1.0							1.0	1.0	1.0	
382	AT4G10843	RI	0.143	0.0	0.0	0.333	0.0	0.0	0.0	0.0	0.0		0.125	0.143	0.25	0.0
383	AT4G10843	RI	1.0	0.667	1.0	0.6	1.0	0.5	1.0	1.0	1.0	1.0	0.882	0.778	0.692	1.0
384	AT4G10770	RI	0.0	0.0	0.067	0.155	1.0	0.0	0.251	0.54	1.0	0.0	0.159	0.261	0.104	0.232
385	AT4G10730	RI	0.0	0.429	0.625	0.231	0.714	0.333	0.364	0.25	0.2	0.0	0.214	0.167	0.692	0.0
387	AT4G10590	RI	0.778	0.909	1.0	0.892	1.0	0.8	1.0	1.0	0.789	1.0	0.938	0.812	0.923	0.895
388	AT4G10510	RI			0.0	0.0	0.0		0.0	0.0			1.0		0.0	
389	AT4G10430	RI	1.0	1.0	0.556	0.727	1.0	1.0	0.667	0.846	1.0	0.0	1.0	1.0	0.889	1.0
390	AT4G10430	RI	0.091	0.143	0.027	0.16	0.0	0.077	0.143	0.412	0.091	0.111	0.091	0.067	0.082	0.2
392	AT4G10170	RI	1.0	0.806	1.0	0.615	0.913	0.833	0.825	0.81	0.7	1.0	0.875	0.83	0.771	0.875
393	AT4G10050	RI	0.144	0.0	0.035	0.074	0.048	0.0	0.131	0.091	0.144	0.0	0.312	0.035	0.059	0.335
394	AT4G10000	RI	0.0	0.0	0.0	0.2	0.0	0.0	0.571	0.0	0.0	0.0	0.286	0.333	0.6	0.0
395	AT4G09920	RI	0.6	1.0	1.0	0.077		0.0	1.0		1.0		0.714		1.0	1.0
396	AT4G09920	RI	1.0	1.0	1.0	1.0	0.0		1.0		1.0	0.0	1.0		1.0	1.0
397	AT4G09770	RI	1.0	0.0	0.0	0.0	0.0		0.077	0.111		0.0	0.053	0.0		
398	AT4G09720	RI	0.2	0.5	0.247	0.297	0.29	0.385	0.16	0.175	0.13	0.429	0.265	0.093	0.195	0.179
399	AT4G09680	RI	0.071	0.25	0.154	0.226	0.03	0.25	0.259	0.098	0.103	0.25	0.083	0.022	0.046	0.083
401	AT4G09620	RI	0.059	0.333	0.243	0.22	0.0	0.143	0.273	0.241	0.333	0.0	0.255	0.226	0.143	0.286
402	AT4G09432	RI	1.0			1.0			0.5	1.0	1.0	1.0		1.0	1.0	
403	AT4G08290	RI	0.132	0.091	0.073	0.096	0.05	0.051	0.045	0.089	0.047	0.046	0.112	0.049	0.042	0.037
404	AT4G08280	RI	0.059	0.045	0.061	0.076	0.161	0.167	0.2	0.117	0.143	0.067	0.22	0.095	0.149	0.059
406	AT4G06676	RI	0.286	0.07	0.143	0.103	0.125	0.0	0.167	0.4	0.091	0.0	0.143	0.143	0.086	0.2
407	AT4G05590	RI	0.0	0.1	0.037	0.067	0.0	0.077	0.029	0.055	0.1	0.125	0.048	0.212	0.019	0.0
409	AT4G32460	RI	0.026	0.014	0.038	0.041	0.048	0.018	0.032	0.027	0.018	0.027	0.061	0.045	0.048	0.005
410	AT4G05170	RI				0.0	0.0		1.0	0.0					0.0	
413	AT4G05050	RI	1.0	1.0	0.998	0.998	0.993	0.993	0.997	0.996	1.0	0.996	1.0	1.0	0.997	1.0
414	AT4G05040	RI	0.6	0.0	0.895	0.5	0.714	0.5	0.571	0.111	1.0	0.0	0.846	0.6	0.556	0.5
416	AT4G04750	RI		0.0		0.429	0.333	0.0	0.0	0.0	1.0		1.0	0.0	0.0	0.0
417	AT4G04620	RI	0.407	0.521	0.679	0.566	0.703	0.607	0.735	0.596	0.629	0.659	0.744	0.483	0.487	0.606
418	AT4G04570	RI	0.5	0.647	0.538	0.362	0.25	0.4	0.6	0.556	0.333	0.636	0.375	0.444	0.278	0.429
419	AT4G04221	RI	0.333	0.5	0.333	0.68	0.333	0.5	0.684	0.308	0.667	0.538	0.44	0.556	0.333	0.5
420	AT4G04221	RI	0.2	0.333	0.5	0.778	1.0	0.5	0.625	0.6	1.0	1.0	0.455	0.0	0.385	0.143
422	AT4G03390	RI	0.214	0.179	0.183	0.189	0.091	0.158	0.207	0.185	0.116	0.2	0.149	0.209	0.343	0.128
423	AT4G03340	RI	1.0	1.0	1.0	0.676	1.0	1.0	1.0	1.0	1.0	1.0	1.0	1.0	1.0	1.0
424	AT4G38240	RI	0.17	0.371	0.296	0.304	0.274	0.393	0.39	0.48	0.453	0.195	0.456	0.177	0.368	0.27
425	AT4G03230	RI	1.0	0.429	0.412	0.889	1.0	1.0	0.8	1.0	0.2	1.0	0.619	0.556	0.667	0.0
426	AT4G03230	RI	1.0	0.429	0.8	0.917	1.0	1.0	1.0	1.0	0.5	1.0	1.0	1.0	1.0	
427	AT4G03230	RI	0.6	0.385	0.5	0.444	0.25	1.0	0.7	0.6	0.333	0.667	0.462	0.5	0.412	0.333
428	AT4G03200	RI	0.061	0.021	0.111	0.077	0.03	0.1	0.0	0.099	0.059	0.0	0.064	0.091	0.022	0.053
430	AT4G02600	RI	0.579	0.462	0.688	0.528	0.579	1.0	0.491	0.778	0.714	0.5	0.615	0.771	0.774	0.833
431	AT4G02570	RI	0.288	0.31	0.389	0.343	0.27	0.231	0.432	0.252	0.306	0.306	0.306	0.305	0.294	0.174
432	AT4G21750	RI	0.5	1.0	0.714	0.5	0.333		0.667	0.5	1.0	1.0	1.0		0.6	0.333
433	AT4G02550	RI	0.714	0.067	0.3	0.231	0.2	0.0	0.316	0.667	0.333	0.4	0.353	0.286	0.429	0.286
434	AT4G02430	RI	0.125	0.05	0.118	0.154	0.222	0.0	0.123	0.073	0.0	0.053	0.085	0.014	0.111	0.167
435	AT4G02430	RI	0.867	0.257	0.5	0.6	0.667	0.5	0.525	0.524	0.2	0.444	0.464	0.556	0.548	0.524
436	AT4G02430	RI	1.0	0.667	0.517	0.882	0.857	1.0	0.66	0.667	0.429	0.833	0.667	0.55	0.444	0.571
437	AT4G02405	RI	0.0	0.435	0.146	0.146	0.049	0.0	0.339	0.017	0.0	0.0	0.014	0.099	0.186	0.0
438	AT4G02260	RI	1.0	1.0	1.0	1.0	1.0	0.5	1.0	1.0	1.0	1.0	0.733	1.0	1.0	1.0
439	AT4G02260	RI	0.2	0.217	0.103	0.082	0.053	0.111	0.22	0.263	0.0	0.091	0.05	0.278	0.097	0.25
440	AT4G02200	RI	1.0	1.0	0.92	1.0	1.0	1.0	1.0	1.0	1.0	1.0	1.0	1.0	1.0	1.0
441	AT4G02075	RI	0.18	0.288	0.304	0.164	0.158	0.333	0.348	0.259	0.263	0.312	0.339	0.273	0.306	0.35
442	AT4G02075	RI	0.091	0.1	0.156	0.118	0.091	0.333	0.227	0.083	0.053	0.273	0.222	0.222	0.098	0.097
443	AT4G02020	RI	0.02	0.176	0.059	0.048	0.0	0.0	0.081	0.0	0.152	0.111	0.051	0.12	0.074	0.158
444	AT4G01883	RI		1.0		0.144	0.0	0.0	0.0	0.0	0.0	0.0	0.112	0.0	0.0	
445	AT4G01883	RI			0.0	0.0	0.0		0.6	0.0		0.0	0.0	0.0	0.333	0.0
446	AT4G01593	RI	0.045	0.22	0.103	0.14	0.226	0.043	0.129	0.2	0.278	0.182	0.236	0.244	0.093	0.071
447	AT4G01540	RI	0.143	0.0	0.5	0.333	0.2	1.0	0.059	0.333	0.0	0.0	0.158	0.111	0.0	0.0
448	AT4G01540	RI	1.0	0.0	0.0	0.25	1.0	0.0	0.5	0.5	0.0	0.0	0.5	0.0	0.333	
449	AT4G01430	RI	0.0	0.217	0.4	0.053	0.143	0.091	0.122	0.231	0.0	0.111	0.156	0.308	0.053	0.0
451	AT4G01130	RI	0.0	0.333	0.077	0.13	0.273	0.333	0.25	0.286	0.0	0.143	0.111	0.222	0.4	0.286
453	AT4G00990	RI	0.263	0.158	0.226	0.481	0.333	0.2	0.317	0.143	0.158	0.043	0.243	0.154	0.238	0.273
454	AT4G00695	RI			1.0		0.0			1.0			1.0	1.0	0.0	0.0
455	AT4G00680	RI	1.0		0.333	0.0	0.333		0.0	1.0	0.6	0.0	0.714	0.333	0.333	0.0
456	AT4G00560	RI	0.25	0.0	0.286	0.022	0.2	0.0	0.2	0.067	0.0	0.0	0.0	0.0	0.086	0.0
457	AT4G00520	RI	1.0	1.0	1.0	1.0			1.0	0.0	1.0	0.0	0.636	0.667	0.8	1.0
458	AT4G00520	RI	0.12	0.13	0.185	0.22	0.027	0.556	0.2	0.143	0.125	0.111	0.269	0.2	0.333	0.059
459	AT4G00440	RI	0.818	1.0	0.951	1.0	0.52	1.0	0.755	1.0	1.0	1.0	0.737	0.833	0.9	1.0
460	AT4G00440	RI	1.0	1.0	0.905	0.957	0.875	0.636	1.0	0.724	1.0	0.765	0.933	1.0	0.902	0.913
461	AT4G00430	RI	0.034	0.035	0.02	0.026	0.013	0.028	0.05	0.034	0.006	0.032	0.031	0.024	0.036	0.033
462	AT4G00380	RI	1.0	1.0	1.0	1.0	1.0	1.0	0.8	0.385	1.0	0.75	0.333	1.0	1.0	1.0
463	AT4G00355	RI	0.0	0.024	0.042	0.022	0.019	0.014	0.041	0.037	0.022	0.025	0.055	0.043	0.014	0.071
464	AT4G00170	RI	0.125	0.211	0.12	0.172	0.217	0.182	0.182	0.22	0.222	0.128	0.093	0.4	0.2	0.2
465	AT4G00050	RI		0.0	0.0	0.1	0.0		0.091	0.2	0.0	0.0	0.0	0.0	0.077	0.0
466	AT2G48150	RI	1.0		0.75				1.0	1.0	1.0	1.0	1.0	1.0	1.0	
469	AT2G48100	RI	0.212	0.268	0.351	0.459	0.304	0.294	0.475	0.5	0.25	0.417	0.42	0.617	0.345	0.333
470	AT2G48100	RI	0.09	0.229	0.143	0.146	0.124	0.08	0.367	0.106	0.08	0.167	0.142	0.143	0.136	0.258
471	AT2G48030	RI	0.176	0.125	0.083	0.077	0.083	0.143	0.148	0.127	0.053	0.0	0.17	0.053	0.034	0.067
472	AT2G48020	RI	1.0	0.75	0.818	0.931	0.636	1.0	0.789	0.52	1.0	1.0	0.6	0.857	0.333	1.0
473	AT2G48020	RI	0.056	0.635	0.263	0.411	0.167	0.0	0.24	0.24	0.097	0.349	0.388	0.118	0.181	0.106
474	AT2G48020	RI	0.057	0.265	0.043	0.251	0.212	0.0	0.075	0.438	0.193	0.0	0.178	0.035	0.124	0.265
475	AT2G47370	RI			0.0	0.0							0.0	1.0	0.0	
476	AT2G47300	RI	0.0		0.5	0.0			1.0	0.0		0.0	0.333	0.0		
477	AT2G47160	RI	0.0	0.115	0.108	0.086	0.137	0.04	0.099	0.062	0.111	0.043	0.099	0.0	0.129	0.152
482	AT2G46990	RI	0.0	0.0	0.0	0.091		0.0	0.0	0.0	0.0	0.0	0.0	0.0	0.0	0.6
484	AT2G46920	RI	0.714	0.467	0.667	0.8	1.0	0.6	0.63	0.895		1.0	0.4	0.692	0.714	0.714
485	AT2G46810	RI	0.0	0.111	0.25	0.154	0.333	1.0	0.385	0.2	0.0	0.333	0.163	0.185	0.161	0.2
486	AT2G46810	RI	0.0	0.091	0.0	0.158	0.0	0.0	0.391	0.0	0.091	0.0	0.0	0.286	0.105	0.0
487	AT2G46800	RI	0.136	0.028	0.099	0.172	0.068	0.067	0.138	0.138	0.091	0.133	0.146	0.223	0.122	0.147
488	AT2G46700	RI	1.0	1.0	0.0	1.0	1.0	1.0	0.6			1.0	1.0	1.0	1.0	1.0
489	AT2G46455	RI		1.0	1.0	1.0	0.0		1.0	1.0		1.0		1.0	1.0	
491	AT2G46380	RI	0.0	0.333	0.13	0.2			1.0	0.25	1.0	1.0	1.0	0.2	0.429	0.333
493	AT2G46280	RI	0.034	0.062	0.066	0.026	0.05	0.045	0.057	0.078	0.0	0.008	0.059	0.035	0.062	0.01
494	AT2G46230	RI	0.073	0.0	0.053	0.046	0.0	0.0	0.127	0.079	0.077	0.0	0.091	0.129	0.099	0.091
495	AT2G46225	RI	0.0	0.067	0.091	0.016	0.048	0.0	0.143	0.057	0.167	0.097	0.085	0.04	0.188	0.0
496	AT2G46225	RI	0.455	0.857	0.7	0.692	0.6	1.0	0.714	0.75	0.474	0.667	0.8	1.0	0.833	1.0
497	AT2G46030	RI	0.163	0.183	0.171	0.141	0.308	0.135	0.382	0.137	0.217	0.081	0.193	0.158	0.143	0.111
498	AT2G45960	RI	0.03	0.038	0.022	0.032	0.025	0.025	0.031	0.022	0.011	0.021	0.026	0.033	0.022	0.014
499	AT2G45960	RI	1.0	1.0	1.0	0.991	1.0	1.0	1.0	1.0	1.0	1.0	1.0	1.0	1.0	1.0
500	AT2G45870	RI		1.0	0.2	1.0			0.0	0.0			1.0	1.0		
501	AT2G45870	RI			1.0				0.0	1.0		1.0		0.5	1.0	
502	AT2G45830	RI	0.875	1.0	1.0	0.973	1.0	1.0	1.0	0.913	1.0	1.0	1.0	1.0	1.0	1.0
503	AT2G45830	RI	0.667	0.455	0.429	0.612	0.417	0.778	0.65	0.529	0.4	0.5	0.8	0.317	0.333	0.5
504	AT4G23100	RI	0.0	0.021	0.021	0.005	0.005	0.029	0.014	0.011	0.004	0.006	0.026	0.011	0.012	0.005
505	AT2G45660	RI	0.053	0.075	0.08	0.171	0.118	0.0	0.093	0.125	0.05	0.0	0.072	0.132	0.086	0.048
506	AT2G45480	RI			1.0	0.5	1.0	1.0	1.0	0.6			0.333	1.0	0.429	1.0
507	AT2G45480	RI	0.2	0.0	0.0	0.333	0.0	0.0		0.0	0.0	0.333	0.0	0.273	0.0	0.0
508	AT2G45400	RI	0.091	0.122	0.163	0.06	0.143	0.273	0.182	0.138	0.0	0.143	0.099	0.12	0.014	0.0
509	AT2G45380	RI	0.039	0.039	0.065	0.053	0.027	0.032	0.085	0.063	0.006	0.007	0.067	0.008	0.05	0.052
510	AT2G45380	RI	1.0	1.0	1.0	0.955	1.0	1.0	1.0	1.0	1.0	1.0	1.0	1.0	1.0	1.0
511	AT2G45380	RI	1.0	0.647	0.723	0.737	0.647	0.467	0.691	0.514	0.515	0.5	0.766	0.577	0.724	0.875
513	AT2G45100	RI	0.333	0.0	0.0	0.0	0.0		1.0	0.0	0.0			0.0	0.2	
514	AT4G38550	RI	0.087	0.059	0.103	0.1	0.123	0.286	0.103	0.143	0.04	0.167	0.183	0.19	0.082	0.111
515	AT2G45010	RI	0.097	0.238	0.423	0.326	0.152	0.2	0.287	0.209	0.185	0.083	0.152	0.333	0.205	0.379
516	AT2G44920	RI	0.081	0.105	0.263	0.021	0.062	0.133	0.171	0.231	0.13	0.053	0.163	0.034	0.132	0.043
517	AT2G44798	RI		1.0	1.0	0.867	1.0	1.0	1.0	1.0	1.0	1.0	1.0			
518	AT2G44798	RI	1.0	0.667	1.0	1.0		1.0	0.333	1.0	0.2	0.5	1.0	1.0	0.4	0.5
519	AT2G44680	RI	0.294	0.241	0.333	0.333	0.429	0.25	0.381	0.156	0.167	0.0	0.296	0.273	0.182	0.267
520	AT2G44420	RI	0.4	0.158	0.238	0.137	0.625	0.111	0.243	0.219	0.0	0.0	0.226	0.185	0.17	0.0
521	AT2G44180	RI	0.081	0.143	0.194	0.165	0.05	0.0	0.096	0.066	0.0	0.117	0.191	0.15	0.174	0.241
522	AT2G44090	RI	0.455	0.375	0.574	0.52	0.161	0.429	0.483	0.407	0.111	0.143	0.288	0.579	0.333	0.419
523	AT2G44090	RI	0.714	0.455	0.793	0.889	0.8	1.0	0.872	0.838	1.0	1.0	0.792	0.939	0.724	0.714
524	AT2G43720	RI	0.333	0.333	0.273	0.4	0.111	0.333	0.059	0.5	0.0	0.5	0.467	0.5	0.429	0.111
525	AT2G43680	RI	0.333	0.333	0.8	0.52	0.143	0.111	0.52	0.714	0.385	0.455	0.333	1.0	0.625	0.6
526	AT4G30560	RI			0.5	0.143	0.0	0.0	1.0	0.5			0.25		0.333	
527	AT4G30560	RI	0.0		1.0	0.143			0.333	0.0	0.0	0.0	0.333	0.0	0.231	
528	AT2G43465	RI		0.0	0.0	0.0	0.344	0.0	1.0	0.0	0.0	0.0	0.0		0.0	
529	AT2G43465	RI		1.0	0.75	0.333	1.0	0.0	0.333	0.333	1.0		1.0	0.0	1.0	0.0
530	AT2G43465	RI		0.2	1.0	0.333	1.0		0.2	1.0	1.0		0.333		1.0	0.0
531	AT2G43430	RI	0.2	0.121	0.129	0.099	0.041	0.102	0.145	0.136	0.091	0.098	0.171	0.154	0.133	0.077
533	AT2G43180	RI	0.301	0.201	0.502	0.525	0.335	1.0	0.413	0.475	0.0	0.668	0.239	0.649	0.223	0.144
534	AT2G43140	RI	0.0	1.0		1.0		0.0		0.0		0.0	0.2	0.2	1.0	
535	AT2G42960	RI	0.0	0.0	0.2	0.0	0.0	0.0	0.0	0.143	0.0	0.0	0.0	0.0	0.231	0.0
536	AT2G42960	RI	0.2	1.0	0.0	0.333	0.5		0.2	0.0	1.0		1.0	1.0	0.0	
539	AT4G35300	RI	1.0	0.667	1.0	0.667	1.0	1.0	1.0	1.0	1.0	0.2	1.0	1.0	0.667	1.0
540	AT4G35300	RI	0.556	0.429	0.333	0.25	1.0	0.333	0.417	0.385	1.0	0.5	0.636	0.231	0.4	0.5
541	AT4G35300	RI	1.0	1.0	1.0	0.5	0.5	0.333	0.478	1.0	0.75	0.429	0.8	0.5	0.538	1.0
542	AT2G42670	RI	0.12	0.176	0.158	0.412	0.0	0.0	0.176	0.101	0.0	0.059	0.355	0.152	0.04	0.077
543	AT4G06634	RI	0.333	0.2	0.087	0.319	0.0	0.143	0.17	0.116	0.333	0.222	0.385	0.333	0.0	0.25
545	AT2G42365	RI	1.0	1.0	1.0	0.818	0.818	1.0	0.75	0.778	0.6	0.5	0.833	1.0	1.0	1.0
546	AT2G42365	RI	1.0	0.0	0.0	0.273	1.0	1.0	0.467	0.5	0.0	0.5	0.0	0.0	0.273	
547	AT2G42280	RI	0.067	0.222	0.143	0.333	0.1	0.2	0.214	0.261	0.191	0.31	0.2	0.133	0.318	0.222
548	AT2G42190	RI	1.0	0.571	1.0	0.6	0.714	0.5	0.882	0.5	0.692	0.4	0.92	0.667	0.529	0.846
549	AT2G42170	RI	0.873	0.836	0.89	0.814	0.674	0.676	0.877	0.897	0.842	0.838	0.792	0.6	0.778	0.76
550	AT2G42170	RI	0.083	0.057	0.2	0.13	0.067	0.061	0.123	0.128	0.062	0.135	0.146	0.129	0.164	0.067
551	AT4G34480	RI	0.136	0.109	0.21	0.157	0.053	0.163	0.176	0.138	0.048	0.108	0.21	0.164	0.068	0.143
553	AT2G41880	RI	0.0	0.0	0.077	0.077	0.0		0.0	0.111	0.0	0.0	0.0	0.059	0.0	0.0
554	AT2G41880	RI	0.144	0.0	0.335	0.335	0.602	0.0	0.044	0.43	0.0	0.177	0.168	0.168	0.201	0.0
555	AT2G41880	RI	1.0		1.0	0.667	1.0		1.0	1.0		1.0	1.0	1.0	0.333	1.0
556	AT2G41880	RI	0.111	0.0	0.2	0.128	0.0	0.0	0.217	0.5	0.0	0.455	0.077	0.091	0.067	0.1
557	AT2G41880	RI	0.0	0.053	0.077	0.032	0.333	0.0	0.1	0.333	0.0	0.333	0.143	0.2	0.125	0.0
558	AT4G26582	RI	1.0	1.0	1.0	0.933	1.0		0.857	0.81	1.0	0.667	0.727	0.882	1.0	1.0
559	AT2G41720	RI	0.333	0.111	0.059	0.556	0.143	0.0	0.3	0.059	1.0	0.333	0.3	0.2	0.111	0.0
560	AT2G41600	RI	0.0	0.286	0.125	0.255	0.333	0.333	0.375	0.137	0.429	0.15	0.294	0.154	0.091	0.067
561	AT2G41540	RI	0.619	0.905	0.705	0.626	0.812	0.571	0.897	0.69	0.714	0.421	0.619	0.696	0.7	0.875
562	AT2G41540	RI	0.867	0.909	0.786	0.723	0.871	0.818	0.824	0.741	0.667	0.889	0.76	0.892	0.577	1.0
563	AT2G41510	RI	0.091	0.167	0.4	0.267	0.0		0.615	0.176	0.6	0.333	0.167	0.429	0.07	0.083
565	AT2G41190	RI	0.101	0.091	0.085	0.108	0.106	0.158	0.217	0.113	0.154	0.148	0.124	0.167	0.148	0.098
566	AT2G41170	RI	0.231	0.048	0.071	0.06	0.053	0.333	0.0	0.061	0.059	0.083	0.057	0.2	0.077	0.2
567	AT2G41170	RI	0.0	0.143	0.167	0.061	0.2	0.0	0.0	0.026	0.059	0.0	0.255	0.161	0.138	0.091
568	AT2G41160	RI	0.0	0.048	0.231	0.063	0.083	0.0	0.13	0.16	0.077	0.0	0.151	0.174	0.111	0.154
569	AT2G41020	RI	0.182	0.182	0.067	0.22	0.067	0.0	0.357	0.143	0.375	0.143	0.226	0.214	0.25	0.0
570	AT4G27900	RI	0.5	1.0	1.0	1.0	1.0	1.0	1.0	0.733	1.0	0.4	1.0	1.0	1.0	
571	AT2G40860	RI	0.2	0.0	0.1	0.089	0.0	0.0	0.172	0.2	0.125	0.053	0.0	0.097	0.043	0.059
572	AT2G40860	RI	0.091	0.053	0.043	0.107	0.043	0.0	0.122	0.314	0.2	0.048	0.111	0.12	0.0	0.0
573	AT2G40830	RI	1.0	1.0	1.0	0.6	0.0	1.0	0.867	0.333	0.6	1.0	0.667	0.6	0.0	1.0
574	AT2G40830	RI	1.0	0.667	0.333	0.556	0.0	0.333	0.286	0.385	0.2	1.0	0.636	0.6	0.273	1.0
575	AT2G40690	RI	0.502		0.0	0.0	0.502	0.0	0.0	0.0		0.0	0.335	0.0	0.0	
576	AT2G40690	RI	1.0		1.0	1.0	1.0		1.0	1.0	0.0	0.0	0.2		0.143	1.0
577	AT2G40640	RI	0.304	0.277	0.321	0.531	0.417	0.55	0.487	0.479	0.584	0.389	0.362	0.179	0.384	0.434
578	AT2G40640	RI	0.103	0.143	0.2	0.148	0.0	0.5	0.269	0.244	0.333	0.067	0.238	0.297	0.31	0.0
579	AT2G40640	RI	0.158	0.128	0.35	0.271	0.05	0.143	0.25	0.164	0.143	0.045	0.226	0.211	0.138	0.0
580	AT2G40640	RI	0.28	0.096	0.029	0.124	0.118	0.158	0.217	0.2	0.0	0.0	0.212	0.111	0.089	0.25
581	AT2G40290	RI	0.095	0.053	0.086	0.029	0.077	0.043	0.16	0.026	0.0	0.034	0.13	0.017	0.025	0.0
583	AT2G40110	RI	0.122	0.051	0.085	0.163	0.186	0.053	0.135	0.071	0.038	0.16	0.135	0.25	0.114	0.107
584	AT2G40095	RI	0.0	0.5	0.0	0.143	0.2	0.0	0.667	0.333	0.25	0.0	0.091	0.333	0.158	0.0
585	AT2G40020	RI	0.5	0.111	0.4	0.286	1.0		0.143	0.538	0.333	0.0	0.13	0.111	0.429	0.0
586	AT2G39855	RI	0.0	1.0	0.111			0.0	0.0	0.0	0.333	0.0	0.0		0.2	
587	AT2G39855	RI				1.0	0.0		0.0	0.6			0.5	0.0	0.25	1.0
588	AT2G39855	RI	0.0		0.0	0.0	0.0	0.2		0.0				0.0	1.0	
589	AT2G39730	RI	0.015	0.056	0.045	0.078	0.0	0.026	0.096	0.032	0.048	0.028	0.067	0.043	0.019	0.017
590	AT2G39730	RI	0.138	0.248	0.333	0.284	0.25	0.259	0.365	0.186	0.206	0.357	0.307	0.211	0.238	0.256
591	AT2G39650	RI	0.0	0.556	0.0	0.429	0.2	0.0	0.667	0.455	0.0	0.5	0.5	1.0	0.5	0.2
592	AT2G39630	RI	0.053	0.125	0.111	0.147	0.158	0.0	0.179	0.105	0.263	0.143	0.143	0.086	0.117	0.0
594	AT2G39435	RI	1.0		0.0	1.0		1.0	0.833	0.75	0.5		1.0	1.0	0.714	0.5
595	AT4G32590	RI	0.0	0.143	0.2	0.057	0.0	0.0	0.106	0.0	0.067	0.059	0.03	0.062	0.042	0.0
596	AT4G32590	RI	0.0	0.091	0.071	0.07	0.0	0.0	0.125	0.182	0.0	0.0	0.04	0.143	0.103	0.067
597	AT2G47860	RI	0.765	1.0	0.813	0.83	1.0	0.0	0.502	0.465	0.352	1.0	1.0	0.449	0.655	0.765
598	AT2G47860	RI	0.51	0.0	0.148	0.439	1.0	0.0	0.172	0.342	1.0	0.0	0.313	1.0	0.758	0.0
599	AT2G47860	RI	0.0	0.205	0.341	0.756	0.756		0.721	0.508	0.341	1.0	0.341	0.463	0.437	1.0
600	AT2G39300	RI	1.0	1.0	1.0	0.81	1.0	1.0	0.824	0.923	1.0	1.0	0.933	1.0	0.867	1.0
601	AT2G39300	RI		1.0		1.0			1.0	1.0				1.0	0.5	1.0
602	AT2G39250	RI	0.0	0.0		0.083	0.0		0.0	0.111	0.0	0.333	0.0	0.0	0.176	0.0
604	AT2G39090	RI	0.0	0.0	0.0	0.04	0.0	0.0	0.103	0.1	0.0		0.13	0.091	0.071	0.111
605	AT2G38695	RI	0.0	0.519	0.0	0.486			0.0	0.265			0.134	0.0	0.265	0.0
606	AT2G38600	RI			1.0	0.333	0.2	0.5		0.0	0.25	0.0	0.429	0.0	0.5	
607	AT2G38580	RI	0.0	0.169	0.06	0.405			0.505	0.156	0.338	0.0	0.0	0.254	0.836	0.0
609	AT2G38160	RI		1.0	1.0	1.0	0.0		0.667	1.0	0.0	0.0	0.429	0.818	0.429	1.0
610	AT2G38160	RI		1.0	1.0	0.5			0.333	1.0			1.0	0.667	0.333	1.0
611	AT2G38025	RI	0.167	0.024	0.102	0.08	0.097	0.0	0.0	0.075	0.102	0.034	0.05	0.053	0.079	0.062
612	AT2G37930	RI	0.0	0.5	0.067	0.385	0.0	1.0	0.111	0.0	0.0	0.2	0.385	0.143	0.273	0.0
613	AT2G37900	RI	0.0	0.0	0.0	0.0	0.0	1.0	0.0	0.0	0.0	0.0	0.0	0.0		0.2
614	AT2G37860	RI	0.0	0.0	0.1	0.045	0.0	0.0	0.04	0.043	0.0	0.077	0.0	0.0	0.0	0.0
616	AT2G37760	RI	0.5	1.0	0.6	0.533	0.538	0.818	0.444	0.3	0.231	0.333	0.667	0.545	0.379	1.0
618	AT2G37300	RI	0.0	0.0	0.0	0.0		0.0	0.0	0.0				0.043	0.0	0.0
619	AT2G37290	RI		0.0	1.0	1.0			1.0			0.0	1.0			
620	AT2G37280	RI	0.0	1.0	0.344	0.0	0.0		0.189	0.149	0.0	0.0	0.208	0.259	0.0	0.0
621	AT2G37280	RI	0.0	0.0	0.333	0.125	0.0	0.0	0.2	0.467	0.0	0.2	0.636		0.143	
622	AT2G37280	RI	0.0	0.1	0.053	0.0	0.0	1.0	0.0	0.0	0.0	0.5	0.0	0.0	0.2	0.167
623	AT2G37150	RI	1.0	1.0	0.8	1.0	1.0	1.0	1.0	1.0	1.0	1.0	1.0	1.0	1.0	1.0
624	AT2G37150	RI	1.0	1.0	1.0	1.0	0.778	1.0	1.0	0.6	1.0	1.0	1.0	1.0	0.8	0.667
626	AT2G37150	RI	1.0	0.25	0.667	0.438	0.455	0.333	0.455	0.6	0.75	1.0	0.724	0.375	0.571	0.333
627	AT2G37150	RI	1.0	0.875	1.0	0.586	0.692	1.0	0.609	0.704	0.8	0.882	0.852	1.0	0.75	1.0
628	AT2G37150	RI	1.0	1.0	1.0	0.581	0.352	0.62	0.851	0.867	0.42	0.576	0.714	0.521	0.62	0.214
630	AT4G02725	RI	0.163	0.085	0.213	0.136	0.05	0.118	0.305	0.062	0.059	0.243	0.143	0.098	0.234	0.077
631	AT2G37050	RI	0.22	0.083	0.182	0.101	0.171	0.081	0.138	0.143	0.027	0.057	0.145	0.095	0.05	0.176
632	AT2G37020	RI	0.0	1.0	0.333	0.727	0.333	0.143	0.182	0.2	1.0	0.143	0.143	0.5	0.529	0.0
633	AT2G36680	RI	0.455	0.667	0.7	0.576	0.714	0.0	0.5	1.0	0.4	0.75	0.889	0.714	0.68	0.778
634	AT2G36680	RI	0.189	0.041	0.206	0.158	0.25	0.0	0.193	0.135	0.133	0.2	0.206	0.4	0.257	0.2
635	AT2G36250	RI	1.0	1.0	1.0	0.96	1.0	1.0	1.0	1.0	1.0	0.846	1.0	1.0	1.0	1.0
636	AT2G36250	RI	0.133	0.077	0.095	0.046	0.154	0.0	0.118	0.017	0.111	0.056	0.167	0.118	0.091	0.064
637	AT2G36200	RI		0.0	0.053	0.0	0.0		0.0	0.0	0.0	0.5	0.143	0.0	0.077	0.0
638	AT2G36080	RI	1.0	1.0	1.0	0.867	1.0		0.826	1.0	0.6	1.0	1.0	1.0	0.733	0.6
639	AT4G04850	RI	0.0	0.2	0.043	0.167	0.429	0.0	0.2	0.0	0.333	0.0	0.037	0.03	0.243	0.0
641	AT2G35710	RI		0.0	0.333	0.2	0.0	0.0	0.231	0.2	0.429	0.0	0.2	0.273	0.167	0.5
642	AT2G35585	RI	0.143	0.0	0.0	0.053		0.0	0.143	0.059			0.111	0.0	0.04	0.0
643	AT2G35510	RI	0.267	0.143	0.488	0.345	0.097	0.143	0.317	0.231	0.4	0.615	0.343	0.231	0.262	0.286
644	AT2G35360	RI	0.0	0.0	0.182	0.245	0.111	0.2	0.25	0.143	0.091	0.571	0.158	0.2	0.059	0.25
645	AT2G35360	RI	0.0	0.0	0.375	0.243	0.25	0.333	0.263	0.379	0.2	0.333	0.238	0.222	0.171	0.143
646	AT4G27780	RI	0.0	0.083	0.04	0.02	0.0	0.0	0.133	0.077	0.0	0.0	0.122	0.238	0.02	0.0
647	AT4G36860	RI	0.0	0.19	0.167	0.074	0.0	0.0	0.057	0.127	0.2	0.0	0.077	0.192	0.13	0.3
648	AT4G36860	RI	0.0	0.254	0.151	0.186	0.093	0.06	0.274	0.113	0.0	0.216	0.29	0.247	0.14	0.145
649	AT2G35140	RI			1.0	1.0		1.0				1.0			0.0	
650	AT2G35140	RI			0.5	0.5		1.0		0.0		1.0				0.0
652	AT2G35110	RI	0.037	0.167	0.115	0.0	0.048	0.0	0.014	0.05	0.0	0.067	0.029	0.023	0.012	0.0
653	AT2G35070	RI	0.0		1.0	1.0	0.0	0.0	0.5	1.0	1.0	1.0	0.667	0.2	0.0	
654	AT2G35060	RI	0.714	0.925	0.87	0.864	0.929	0.882	0.903	0.836	0.833	0.769	0.753	0.569	0.662	0.84
655	AT2G34840	RI	0.091	0.217	0.0	0.133	0.111	0.0	0.333	0.059	0.0		0.128	0.083	0.034	
656	AT2G34720	RI	0.22	0.121	0.158	0.219	0.04	0.086	0.2	0.145	0.13	0.13	0.305	0.167	0.064	0.091
658	AT4G08170	RI	0.077	0.053	0.375	0.556	0.556	1.0	0.579	0.217	1.0	1.0	0.2	0.4	0.294	0.2
659	AT4G08170	RI	1.0	1.0	0.647	0.692	1.0		0.5	0.538	0.333	1.0	1.0	0.273	0.636	0.333
660	AT4G08170	RI	0.667	0.2	0.2	0.562	0.2		0.333	0.556	1.0	0.2	0.412	0.25	0.143	0.5
661	AT4G08170	RI	1.0	1.0	0.75	0.455	1.0		1.0	0.714	0.667		1.0	0.429	0.636	1.0
664	AT2G34260	RI	0.0	0.0	0.0	0.25	0.0	0.0	0.0	0.25		0.0	0.0	0.059	0.0	0.25
665	AT2G34170	RI	0.263	0.053	0.083	0.2	0.154	0.0	0.059	0.086	0.067	0.091	0.257	0.056	0.143	0.238
666	AT2G34150	RI		1.0	1.0	0.333	1.0		0.263	0.0		0.0	0.0	0.143	0.25	1.0
667	AT2G34090	RI	0.0	0.0	0.5	0.125	0.0		0.5	0.692	0.0		0.667	0.143	0.333	0.0
668	AT2G34090	RI	0.556	0.0	0.067	0.125	0.0	1.0	0.6	0.8	0.0	0.75	0.059	0.273	0.0	0.0
669	AT4G03110	RI	0.04	0.159	0.185	0.119	0.087	0.158	0.141	0.105	0.1	0.128	0.087	0.079	0.094	0.19
671	AT2G33820	RI	0.111	0.5	0.333	0.481	0.4	0.0	1.0	0.529	1.0	0.2	0.474	0.385	0.5	1.0
672	AT2G33620	RI	1.0	0.6	1.0	1.0	1.0	1.0	0.692	0.714	1.0	0.571	1.0	1.0	0.647	0.818
673	AT2G33385	RI	0.333	0.0	0.0	0.0		0.0	0.667			0.0	0.333		0.0	0.0
675	AT2G33350	RI			1.0				0.2		0.0		0.0		0.143	1.0
677	AT2G33205	RI			0.0	0.0	0.0		1.0	0.0	0.0		0.0	0.0	0.0	0.0
679	AT2G33205	RI			0.0		0.0			0.0	1.0		0.0	0.0	0.0	1.0
682	AT2G33051	RI	1.0	1.0	1.0	1.0	0.854	1.0	1.0	1.0	1.0	1.0	1.0	1.0	1.0	1.0
683	AT2G33000	RI				1.0			1.0					0.0		
684	AT2G32880	RI	0.098	0.125	0.155	0.4	0.115	0.034	0.346	0.208	0.059	0.071	0.5	0.345	0.127	0.0
685	AT2G32850	RI	0.508	0.886	0.745	0.74	0.581	1.0	0.786	0.735	1.0	0.707	0.565	0.64	0.545	0.625
686	AT4G36090	RI	0.333	0.4	0.25	0.176	0.2	0.0	0.263	0.25	1.0	0.2	0.333	0.111	0.133	0.5
687	AT4G36090	RI	0.0	0.0	0.2	0.048	0.0	0.0	0.222	0.238	0.2	0.0	0.071	0.067	0.0	0.167
690	AT2G32500	RI	0.0	0.2	0.091	0.032	0.0	0.2	0.267	0.1	0.0	0.333	0.067	0.167	0.0	0.067
692	AT2G32410	RI	1.0	1.0	1.0	1.0	1.0		1.0	1.0		1.0		1.0	0.5	
693	AT2G32410	RI	0.6	0.25	0.429	0.273	0.714	0.0	0.091	0.333	0.0	0.231	0.0	0.0	0.273	0.0
694	AT2G32250	RI	0.667	0.333	0.75	0.29	0.0	1.0	0.733	0.333	0.6	0.429	0.692	0.778	0.455	0.667
695	AT2G32250	RI	0.692	0.524	0.756	0.882	0.5	1.0	0.909	0.931	0.8	0.875	0.879	0.909	0.75	0.846
696	AT2G32250	RI	0.0	0.1	0.231	0.077	0.2	0.0	0.053	0.2	0.143	0.2	0.273	0.125	0.2	0.143
697	AT2G32250	RI		0.333	0.429	0.182	0.143	0.0	0.083	0.111	0.5	0.143	0.231	0.333	0.294	0.25
698	AT2G32250	RI	1.0	1.0	0.111	0.867	0.6	1.0	0.647	1.0	0.0	0.429	0.455	0.429	0.2	1.0
700	AT2G32150	RI	0.047	0.028	0.055	0.063	0.061	0.054	0.058	0.054	0.033	0.058	0.04	0.034	0.04	0.108
701	AT2G32010	RI	0.25	0.5	0.125	0.0	0.333		0.364	0.0	0.25	0.0	0.286	0.6	0.0	0.0
702	AT2G31960	RI	0.4	0.111	0.333	0.263	0.167	0.0	0.257	0.44	0.455	0.0	0.282	0.5	0.25	0.6
704	AT2G31751	RI	1.0	1.0	1.0	0.8	1.0	1.0	1.0	1.0	1.0	1.0	1.0	1.0	1.0	1.0
705	AT2G31740	RI	0.0	0.0	0.067	0.086	0.25	0.111	0.085	0.357	0.0	0.0	0.2	0.116	0.15	0.091
706	AT2G31560	RI	1.0	0.9	0.9	0.897	1.0	1.0	0.86	0.867	1.0	1.0	1.0	1.0	0.852	1.0
707	AT2G31350	RI	0.02	0.03	0.087	0.025	0.022	0.043	0.041	0.063	0.016	0.04	0.075	0.041	0.023	0.034
708	AT4G04740	RI	0.091	0.127	0.296	0.149	0.2	0.103	0.275	0.288	0.294	0.2	0.356	0.357	0.12	0.167
709	AT4G04740	RI	0.091	0.125	0.067	0.106	0.0	0.222	0.2	0.116	0.4	0.0	0.347	0.273	0.081	0.222
711	AT2G31130	RI	1.0	0.667	0.636	0.556	1.0	1.0	0.5	0.0	1.0		1.0	1.0	1.0	0.25
713	AT2G31130	RI	0.217	0.111	0.097	0.048	0.182	0.143	0.105	0.08	0.273	0.0	0.214	0.133	0.135	0.158
714	AT2G30945	RI	0.143	0.143	0.091	0.212	0.053	0.0	0.083	0.25	1.0	0.091	0.3	0.0	0.158	0.333
715	AT2G30933	RI	1.0	1.0	1.0	0.714	0.0	0.0	0.2	0.0	0.333	1.0	1.0	0.2	0.067	0.0
716	AT2G30880	RI	0.143	0.163	0.143	0.247	0.0	0.0	0.129	0.167	0.091	0.032	0.02	0.297	0.079	0.091
717	AT2G30840	RI		1.0	1.0	0.714	1.0		1.0	1.0	1.0	1.0	1.0	1.0	1.0	
718	AT2G30840	RI	0.0	1.0	0.25	0.2	1.0		0.273	0.143	0.2	1.0	0.167	0.75	0.2	
719	AT2G30740	RI			0.0	0.333		0.25	1.0	0.636	0.0	1.0	0.5	0.0	1.0	1.0
720	AT2G30740	RI	0.0	0.6	0.429	0.333	0.0	1.0	0.333	0.684	1.0	0.333	0.556	0.25	0.714	1.0
721	AT2G30740	RI	0.6	1.0	1.0	1.0	1.0	1.0	1.0	1.0	1.0	1.0	1.0	1.0	1.0	1.0
723	AT2G30740	RI	0.6	0.067	0.3	0.355	0.2	0.0	0.333	0.81	0.4	0.0	0.5	0.217	0.267	0.111
724	AT2G30740	RI	0.0	1.0	1.0	0.4	1.0		0.5	1.0	1.0		0.862	0.75	1.0	1.0
725	AT2G30740	RI	1.0	1.0	0.714	0.529	0.5		0.8	1.0	1.0	0.0	0.76	0.6	0.75	0.714
729	AT4G26600	RI	0.467	1.0	1.0	0.721	1.0	0.333	0.846	0.76	1.0	0.2	0.5	0.455	1.0	0.429
730	AT4G26600	RI	0.5	0.5	0.667	0.742	0.714	1.0	0.565	0.524	0.333	0.25	0.583	0.333	0.333	0.6
731	AT4G26600	RI	0.6	0.667	0.375	0.478	1.0	0.0	0.385	0.846	1.0	0.5	0.545	0.455	0.652	1.0
732	AT4G26600	RI	0.111	0.2	0.286	0.417	0.429	0.429	0.143	0.474	0.067	0.238	0.455	0.091	0.267	0.429
733	AT2G30500	RI	0.636	0.75	0.667	0.381	0.667	0.5	0.522	0.568	0.714	0.81	0.756	0.613	0.65	0.533
734	AT2G30460	RI	0.2	0.037	0.125	0.05	0.0	0.0	0.243	0.083	0.0	0.0	0.081	0.314	0.143	0.143
735	AT2G30460	RI	0.143	0.167	0.2	0.167	0.111	0.0	0.125	0.077	0.111	0.143	0.0	0.0	0.034	0.0
736	AT2G30460	RI	0.333	0.0	1.0	1.0	1.0	0.5	0.5	0.333	0.5	1.0	0.2	0.111	0.231	0.0
737	AT2G32770	RI			0.0		0.0	1.0	0.8	0.0	0.0		1.0	0.0	0.0	1.0
738	AT2G32770	RI	0.0		0.333	1.0			0.0							0.0
739	AT2G30170	RI	0.0	0.256	0.341	0.261	0.256	0.341	0.431	0.177	0.049	0.129	0.323	0.293	0.103	0.0
740	AT2G30170	RI	0.0	0.273	0.083	0.143	0.0	0.0	0.042	0.057	0.0	0.091	0.143	0.0	0.02	0.0
741	AT2G30120	RI	0.5	1.0	0.368	0.333	1.0	0.5	1.0	1.0	0.333	0.5	0.857	0.6	0.5	
742	AT2G30120	RI	0.231	0.667	0.667	0.2	0.333	0.2	0.481	0.4	0.5	0.455	0.222	0.366	0.333	0.176
744	AT2G29980	RI	0.0	0.036	0.024	0.017	0.006	0.0	0.01	0.013	0.0	0.0	0.015	0.003	0.03	0.016
745	AT2G36720	RI	0.852	0.75	0.917	0.818	0.706	0.75	0.875	0.827	0.6	0.867	0.778	0.862	0.872	0.769
750	AT2G29140	RI	0.412	0.385	0.455	0.632	0.286	0.167	0.455	0.316	0.571	0.733	0.436	0.429	0.4	0.75
753	AT2G28305	RI	0.03	0.05	0.088	0.229	0.1	0.0	0.277	0.154	0.043	0.2	0.082	0.034	0.083	0.048
754	AT2G28250	RI	1.0		1.0			0.0	0.4	1.0		1.0	1.0	1.0	1.0	
755	AT2G27930	RI	0.6		0.6	0.455	0.0		0.667	1.0	1.0	0.091	1.0	1.0	0.4	1.0
756	AT2G27930	RI		0.0		0.333	1.0		0.6	0.5	0.0	0.333	0.0	0.0	1.0	0.333
757	AT2G27930	RI	0.6	0.25	0.4	0.067	0.0	0.333	0.5	0.286	0.429		0.333	0.273	0.333	0.091
760	AT4G35470	RI	0.25	0.176	0.197	0.245	0.2	0.241	0.306	0.216	0.186	0.176	0.179	0.333	0.159	0.263
762	AT4G39870	RI	0.9	0.793	0.946	0.965	1.0	1.0	0.907	1.0	1.0	1.0	0.961	1.0	0.957	1.0
763	AT2G27170	RI	0.03	0.03	0.059	0.15	0.231	0.0	0.011	0.217	0.111	0.059	0.102	0.042	0.0	0.04
764	AT2G27150	RI	0.0	0.154	0.025	0.195	0.234	0.226	0.163	0.277	0.0	0.0	0.064	0.087	0.138	0.161
766	AT2G26810	RI	0.176	0.273	0.163	0.111	0.143	0.143	0.467	0.125	0.111	0.2	0.333	0.412	0.163	0.273
767	AT2G26810	RI		0.0	1.0	0.0		0.0	1.0		1.0	0.0	0.0	0.143	0.0	0.091
768	AT2G26810	RI	1.0	0.4	0.2	0.333	1.0	0.2	0.294	0.538	0.556	0.333	0.6	0.333	0.333	0.0
769	AT2G26550	RI	0.2	0.048	0.0	0.278	0.091	0.2	0.176	0.3	0.2	0.0	0.143	0.259	0.0	0.125
770	AT2G26410	RI	1.0			0.5				0.0			1.0	1.0	1.0	
772	AT2G26310	RI	0.0	0.0	0.2	0.6	0.0	0.2	0.0	0.0	0.0		0.053	0.2	0.2	0.0
773	AT2G26100	RI	0.2	0.067	0.043	0.379	0.0	0.333	0.222	0.29	0.0	0.0	0.13	0.2	0.103	0.25
774	AT2G25850	RI	1.0	1.0	0.769	0.525	0.333	0.6	0.333	0.565	0.556	0.75	0.636	0.882	0.6	0.714
775	AT2G25850	RI	0.44	0.263	0.5	0.559	0.4	0.636	0.55	0.45	0.368	0.368	0.308	0.615	0.262	0.429
776	AT2G25850	RI	0.4	0.158	0.414	0.349	0.13	0.455	0.476	0.368	0.2	0.357	0.467	0.255	0.291	0.5
777	AT4G24380	RI	1.0	0.333	0.455	0.2	1.0	0.0	0.25	0.333	0.0	0.2	0.077	0.5	0.314	0.333
778	AT2G25740	RI	0.1	0.385	0.455	0.517	0.4	1.0	0.645	0.346	0.3	0.484	0.5	0.6	0.389	0.647
779	AT2G25730	RI	0.333	0.333	0.342	0.35	0.282	0.217	0.282	0.404	0.185	0.167	0.36	0.378	0.294	0.214
780	AT2G25730	RI	0.0	0.0	0.059	0.174	0.0	0.0	0.158	0.111	0.1	0.0	0.15	0.053	0.086	0.0
782	AT2G25710	RI	1.0	1.0	1.0	1.0	1.0	0.8	1.0	0.692	1.0	1.0	1.0	1.0	1.0	1.0
783	AT2G25710	RI	0.0	0.333	0.0	0.0	0.125	0.25	0.154	0.043	0.429	0.2	0.267	0.0	0.103	0.0
784	AT2G25710	RI	0.158	0.111	0.172	0.167	0.143	0.0	0.395	0.053	0.111	0.143	0.167	0.0	0.098	0.226
785	AT2G25710	RI	0.0	0.135	0.25	0.125	0.286	0.0	0.286	0.231	0.111	0.077	0.158	0.222	0.118	0.048
786	AT2G25690	RI	0.0	0.0	0.167	0.412	0.667	0.333	0.222	0.429	0.0	0.273	0.429	0.714	0.263	0.5
787	AT2G25640	RI	1.0	0.2	0.167	0.4	0.25	0.0	0.474	0.467	0.231	0.429	0.182	0.4	0.13	0.2
788	AT2G25420	RI		1.0	0.0	0.0			0.143	0.125		0.0	0.2	0.333	0.091	0.5
789	AT4G01150	RI	0.0	0.0	0.011	0.007	0.0	0.0	0.005	0.0	0.018	0.018	0.012	0.0	0.013	0.0
790	AT2G25350	RI	0.091	0.429	0.0	0.04	0.0	0.0	0.081	0.0	0.0	0.0	0.048	0.263	0.0	0.4
791	AT2G25350	RI	0.0	0.0	0.077	0.017	0.0	0.0	0.067	0.0	0.0	0.0	0.086	0.053	0.0	0.2
792	AT2G25350	RI	0.125	0.0	0.053	0.0	0.0	0.111	0.034	0.0	0.143	0.0	0.16	0.0	0.0	0.0
793	AT2G25290	RI		1.0	1.0	1.0	1.0		1.0	1.0			0.556	1.0		1.0
794	AT2G25220	RI	0.111	0.111	0.286	0.292	0.0	0.091	0.122	0.067	0.333	0.0	0.176	0.286	0.2	0.0
795	AT2G25220	RI	0.207	0.055	0.51	0.217	0.115	0.0	0.069	0.138	0.0	0.288	0.0	0.294	0.05	0.207
796	AT2G25000	RI	0.067	0.125	0.135	0.07	0.143	0.0	0.255	0.171	0.2	0.167	0.086	0.083	0.1	0.0
797	AT2G24960	RI	0.0	0.0	0.0	0.258	0.0	0.0	0.0	0.342		0.148	0.51	0.0	0.0	
798	AT2G24630	RI	1.0	0.0	0.429	0.667	0.0	1.0	0.75	0.833	1.0	0.25	0.5	0.5		1.0
799	AT2G36895	RI	0.13	0.0	0.13	0.059	0.053	0.0	0.085	0.16	0.043	0.0	0.065	0.062	0.083	0.0
800	AT2G24280	RI	0.12	0.088	0.213	0.04	0.054	0.178	0.1	0.164	0.017	0.135	0.098	0.077	0.168	0.06
801	AT2G24270	RI	0.763	0.686	0.829	0.858	0.85	0.706	0.8	0.818	0.848	0.742	0.871	0.855	0.874	0.785
802	AT2G24140	RI	1.0	0.6		1.0	1.0		1.0	1.0			1.0		1.0	1.0
803	AT2G24140	RI	1.0	1.0		0.5	1.0		1.0	0.2			1.0	0.0	1.0	1.0
804	AT2G24140	RI	0.0	0.333	0.0	1.0		1.0	1.0						1.0	
805	AT2G24010	RI					0.0		1.0	0.5					1.0	
807	AT2G23985	RI	0.355	0.185	0.579	0.333	0.429	0.333	0.676	0.429	0.6	0.231	0.29	0.25	0.647	0.333
808	AT2G23985	RI	0.556	0.2	0.375	0.212	0.268	0.538	0.333	0.273	0.167	0.13	0.167	0.138	0.222	0.167
809	AT2G23985	RI	0.667	0.8	0.375	0.622	0.667	1.0	0.867	0.778	0.667	1.0	0.6	0.333	1.0	0.111
810	AT2G23985	RI	1.0	1.0	1.0	0.724	1.0	0.333	0.875	1.0	1.0	0.333	0.846	1.0	0.75	0.0
811	AT2G23985	RI	0.25	0.119	0.3	0.213	0.216	0.2	0.258	0.2	0.097	0.083	0.211	0.194	0.205	0.0
812	AT2G23985	RI	0.75	0.25	0.75	0.45	0.4	0.5	0.5	0.29	1.0	0.333	0.422	0.6	0.4	1.0
813	AT2G23985	RI	0.273	0.143	0.375	0.216	0.333	0.333	0.238	0.333	0.286	0.111	0.429	0.217	0.316	0.548
814	AT2G23980	RI	0.039	0.185	0.163	0.129	0.111	0.094	0.105	0.184	0.098	0.177	0.118	0.17	0.168	0.076
815	AT2G23980	RI	0.273	0.447	0.439	0.559	0.692	0.2	0.435	0.362	0.231	0.692	0.49	0.526	0.292	0.182
816	AT2G23950	RI	0.101	0.06	0.317	0.378	0.053	0.0	0.411	0.121	0.0	0.336	0.233	0.038	0.0	0.145
817	AT2G23930	RI	0.016	0.014	0.018	0.04	0.0	0.0	0.017	0.0	0.0	0.027	0.027	0.0	0.015	0.0
818	AT2G23910	RI	0.0			1.0	0.0	0.0	0.0	1.0		0.333			0.0	0.0
821	AT2G45540	RI	1.0	0.5	0.714	0.667		0.0	0.714	0.667	0.333	0.333	0.667	0.429	1.0	1.0
822	AT2G45540	RI	0.333	0.167	1.0	0.444	0.0		0.833	0.5	0.333	0.143	0.75	0.6	0.556	1.0
823	AT2G23390	RI	0.043	0.121	0.114	0.062	0.143	0.062	0.208	0.133	0.067	0.03	0.165	0.064	0.162	0.1
824	AT4G17150	RI	0.143	0.391	0.255	0.254	0.053	0.2	0.316	0.179	0.429	0.111	0.107	0.086	0.161	0.25
825	AT4G17150	RI	0.0	0.143	0.064	0.109	0.053	0.0	0.194	0.037	0.0	0.143	0.061	0.081	0.085	0.25
827	AT2G23080	RI	0.035	0.064	0.215	0.149	0.033	0.236	0.143	0.138	0.12	0.125	0.031	0.146	0.104	0.054
828	AT4G30910	RI	0.08	0.143	0.123	0.059	0.02	0.094	0.042	0.128	0.052	0.0	0.027	0.13	0.05	0.281
829	AT2G23040	RI		0.0	0.143	0.5		0.0	0.0	0.333	0.0	0.5	0.0	0.0	0.077	0.0
831	AT2G23040	RI		1.0	0.333	1.0		0.0	0.818	0.429		1.0	0.0	0.0	0.143	
832	AT2G22980	RI	0.229	0.147	0.381	0.197	0.207	0.218	0.261	0.288	0.251	0.308	0.256	0.262	0.354	0.23
833	AT2G22980	RI	0.038	0.07	0.063	0.031	0.061	0.009	0.045	0.049	0.069	0.066	0.113	0.086	0.076	0.061
834	AT2G22650	RI	0.212	0.0	0.0	0.265	0.0	1.0	0.35	0.178	0.0	0.152	0.519	0.119	0.35	0.0
835	AT2G22630	RI		0.0		1.0			1.0	1.0			0.5	0.0		0.5
836	AT2G22570	RI	0.0	0.111	0.2	0.0	0.429	0.0	0.161	0.077	0.333	0.6	0.333	0.455	0.067	0.429
837	AT2G22260	RI	0.0	0.0	1.0	0.167	0.0							0.0	1.0	0.333
839	AT2G22260	RI		1.0	1.0	1.0				0.0					1.0	
840	AT2G22260	RI		0.333	0.0	0.0	0.0	0.333	0.333	0.333	1.0	0.333	0.222	0.333	0.5	1.0
841	AT2G22260	RI		1.0	1.0	1.0	0.5	1.0	0.333	1.0	1.0	1.0	0.6		1.0	
842	AT2G22250	RI	0.5	1.0	1.0	0.846	1.0		1.0	0.667	1.0	0.333	0.8	1.0	0.444	0.5
843	AT2G22240	RI	0.0	0.0	0.048	0.0	0.0	0.0	0.043	0.053	0.0	0.0	0.081	0.0	0.053	0.0
844	AT2G22190	RI	0.0	0.0		0.0	0.0		0.0	1.0	0.0		0.0	0.0	0.0	
846	AT2G21830	RI	0.538	0.857	0.727	0.966	0.529	1.0	0.879	0.762	0.333	0.571	0.737	0.696	0.85	0.778
847	AT4G17680	RI	1.0	0.667	0.417	0.438	0.375	0.333	0.25	0.268		0.0	0.333	0.158	0.364	0.6
848	AT2G21800	RI	0.0							0.5			0.0	1.0		0.0
849	AT4G35880	RI	0.143	0.077	0.143	0.0	0.0	0.2	0.133	0.0	0.0	0.111	0.083	0.3	0.3	0.143
850	AT2G21370	RI	0.333	0.2	0.25	0.263	0.5	1.0	0.067	0.0	0.0	0.0	0.143	0.0	0.2	0.0
852	AT2G21230	RI	0.143	0.2	0.263	0.147	0.263	0.286	0.52	0.25	0.5	0.6	0.49	0.135	0.302	0.4
853	AT2G20990	RI	0.038	0.03	0.045	0.033	0.016	0.0	0.068	0.045	0.0	0.034	0.029	0.028	0.024	0.031
854	AT2G20950	RI	0.048	0.145	0.225	0.202	1.0	0.253	0.16	0.202	0.112	0.169	0.101	0.503	0.145	0.336
855	AT2G20950	RI	0.667	0.333	0.333	0.1	0.2	0.0	0.167	0.2	0.143	0.2	0.286	0.231	0.273	0.0
856	AT2G20950	RI	0.5	0.143	0.0	0.182	0.0	1.0	0.273	0.273	0.714	0.0	0.375	0.0	0.25	0.2
857	AT2G20950	RI	0.0	0.75	0.294	0.244	0.0	0.6	0.222	0.556	0.111	0.0	0.2	0.0	0.28	0.0
858	AT2G20950	RI		0.222	0.222	0.13	0.167	0.714	0.091	0.222	0.0	0.0	0.0	0.125	0.182	0.0
859	AT2G20840	RI	0.333	0.667	1.0	1.0	0.333	1.0	1.0	1.0	1.0	1.0	0.667	0.75	1.0	1.0
860	AT2G20830	RI	1.0	1.0	1.0	1.0	1.0	1.0	0.929	0.793	1.0	0.6	1.0	1.0	0.943	1.0
861	AT2G20830	RI	0.917	0.952	0.932	0.94	1.0	0.778	0.93	0.926	0.727	0.871	0.849	0.774	0.802	1.0
862	AT2G20815	RI	0.167	0.143	0.583	0.611	0.0	0.333	0.778	0.857	0.333	0.333	0.407	0.684	1.0	0.429
865	AT2G20410	RI	0.636	0.882	0.474	0.579	0.889	1.0	0.714	0.733	1.0	0.733	0.636	1.0	0.76	0.5
866	AT2G20250	RI	0.455	1.0	1.0	0.8	1.0	0.0	0.333	0.143	1.0	0.333	0.529	0.111	0.0	1.0
867	AT2G20250	RI	1.0	1.0	1.0	0.63	1.0	1.0	1.0	1.0			1.0	1.0	1.0	
868	AT2G20180	RI	0.385	0.6	0.44	0.333	0.455	0.667	0.357	0.481	0.333	0.4	0.533	0.478	0.444	0.333
869	AT4G14930	RI	0.032	0.08	0.124	0.087	0.048	0.05	0.076	0.121	0.031	0.065	0.108	0.064	0.057	0.074
870	AT2G19960	RI		1.0					0.0				0.0	1.0	0.5	1.0
871	AT2G18950	RI	0.1	0.077	0.375	0.245	0.091	0.0	0.137	0.211	0.0	0.143	0.268	0.385	0.053	0.059
872	AT2G18890	RI	0.385	0.25	0.143	0.07	0.0	0.0	0.163	0.067	0.6	0.143	0.263	0.111	0.357	0.059
873	AT2G18860	RI	0.102	0.146	0.118	0.183	0.033	0.157	0.15	0.189	0.278	0.029	0.124	0.075	0.119	0.24
874	AT4G18740	RI	0.423	0.36	0.344	0.307	0.244	0.417	0.474	0.3	0.343	0.243	0.333	0.5	0.431	0.282
875	AT2G40630	RI	0.333	0.0	0.8	0.25	0.333	0.6	0.091	0.167	0.667	0.5	0.4	0.714	0.5	0.333
876	AT2G18630	RI	0.0	0.04	0.143	0.127	0.273	0.2	0.138	0.143	0.2	0.172	0.226	0.102	0.128	0.0
878	AT2G18410	RI	0.0	0.0	0.0	0.091	0.0	0.0	0.111	0.053	0.0	0.0	0.0	0.081	0.0	0.0
880	AT2G18196	RI	0.0	0.0	0.294	0.0	0.0	1.0	0.294	0.0	0.067	0.048	0.0	0.091	0.034	0.091
881	AT2G18180	RI		1.0									0.0		0.0	
882	AT2G18180	RI		1.0			0.0						1.0			
884	AT2G17850	RI	1.0										0.0	0.0		0.0
885	AT2G17800	RI	1.0	0.5	0.929	0.917	1.0	0.429	0.9	0.852	1.0	0.818	0.882	0.875	0.786	1.0
886	AT2G17780	RI	0.0	0.352	0.153	0.153	0.521	0.352	0.12	0.052	0.0	0.0	0.179	0.052	0.179	
887	AT2G17780	RI	0.0	0.0	0.507	0.114	0.0		0.068	0.0		0.0	0.0	0.255	0.227	0.0
888	AT2G17780	RI	0.2	1.0	1.0	0.333	1.0	1.0	0.091	0.333	1.0	0.0	0.556	0.111	0.091	0.333
889	AT2G17780	RI	1.0		1.0	1.0		1.0	1.0		1.0	0.0	1.0	0.556	0.0	1.0
890	AT2G17780	RI			1.0	1.0			0.867	1.0	1.0	0.0	1.0	0.333	0.0	1.0
893	AT2G17550	RI	0.088	0.058	0.06	0.102	0.048	0.094	0.085	0.087	0.067	0.057	0.078	0.017	0.055	0.148
894	AT2G17442	RI	1.0	1.0	1.0	1.0	1.0		1.0	0.714		1.0	1.0	1.0	0.333	0.0
895	AT2G16970	RI	0.0			0.0	1.0		0.111	0.2			0.6			
896	AT2G16940	RI	0.867	1.0	0.905	0.947	1.0	1.0	0.927	0.782	1.0	0.867	0.962	0.935	1.0	0.833
897	AT2G16900	RI	0.333	0.2	0.0	0.189	0.231	0.0	0.2	0.067	0.143	0.2	0.161	0.185	0.05	1.0
898	AT2G16900	RI	0.0	0.333	0.0	0.429	0.333		0.4	0.0	0.143	0.25	0.13	1.0	0.2	0.0
899	AT2G36480	RI	1.0	1.0	0.92	1.0	1.0	1.0	0.95	1.0	1.0	1.0	1.0	1.0	1.0	0.867
900	AT2G16530	RI	0.0	0.0	0.0	0.0	0.0		0.0	0.0	0.0	0.0	0.0	0.176	0.0	0.0
901	AT2G16530	RI	0.0	0.169	0.0	0.099	0.0	0.0	0.179	0.0	0.145	0.254	0.0	0.0	0.169	0.0
902	AT2G16430	RI	0.0	0.0	0.0	0.08	0.273	0.0	0.043	0.037	0.333	0.0	0.235	0.0	0.048	0.0
903	AT2G16390	RI	0.2	0.0	0.143	0.0	0.0	0.0	0.0	0.0	0.0	0.091	0.0	0.0	0.0	0.2
904	AT2G16090	RI	0.286	0.0	0.0	0.333	0.0	0.0	0.231	0.086	0.0	0.0	0.538	0.6	0.3	0.2
906	AT2G15530	RI	1.0	1.0	1.0	1.0	1.0	1.0	1.0	1.0		0.882	1.0	1.0	1.0	1.0
907	AT4G39380	RI	0.0		0.333	0.6			0.0	1.0	0.0	0.0	0.5	1.0	1.0	0.0
908	AT2G15050	RI	0.871	0.925	0.797	0.808	0.927	0.926	0.945	0.841	0.833	0.933	0.941	0.917	0.897	0.882
909	AT2G15050	RI	0.75	0.465	0.631	0.744	0.833	0.917	0.658	0.663	0.742	0.938	0.79	0.833	0.766	0.829
911	AT2G15000	RI	0.0				0.0	1.0		1.0	1.0	1.0	1.0	1.0	1.0	
912	AT2G14740	RI	0.714	1.0	0.619	0.929	1.0	1.0	0.889	0.793	1.0	0.5	1.0	0.913	0.692	0.667
913	AT2G14680	RI	0.068	0.0	0.072	0.19	0.225	0.0	0.233	0.173	0.266	0.336	0.297	0.135	0.119	0.336
914	AT2G13960	RI		1.0	0.538	0.5			0.143	0.0	1.0	0.333	0.714	0.0	0.333	
915	AT2G40030	RI	0.0	0.0	0.2	0.5			0.333	0.6	0.0	0.0	0.0	1.0	0.0	0.0
916	AT4G17310	RI		1.0	0.8	0.556	1.0	1.0	1.0	0.6	1.0	0.6	0.636	0.714	0.8	
917	AT4G17310	RI	1.0	0.0	1.0	1.0		1.0	1.0	0.25	0.0	1.0	0.636	1.0	0.619	1.0
918	AT4G17310	RI	1.0	1.0	0.75	1.0	0.0	1.0	0.765	1.0	1.0	1.0	1.0	1.0	0.778	0.333
919	AT4G17310	RI	1.0	1.0	0.5	0.273	1.0	1.0	1.0	1.0	0.0	0.2	1.0	0.714	0.667	0.0
920	AT4G17310	RI	0.273	0.333	0.25	0.294	0.333	1.0	0.333	1.0	1.0	0.333	0.429	0.556	0.556	0.0
921	AT2G13100	RI	0.071	0.2	0.273	0.2	0.231	0.273	0.22	0.25	0.176	0.2	0.358	0.312	0.156	0.444
923	AT2G26030	RI	0.74	1.0	1.0	1.0	0.91	1.0	1.0	1.0	1.0	1.0	0.967	0.905	0.963	1.0
924	AT2G26030	RI	0.333	0.8	0.417	0.641	0.294	0.2	0.71	0.758	1.0	0.75	0.882	0.765	0.689	0.714
925	AT2G42500	RI	1.0	1.0	1.0	1.0	1.0	1.0	1.0	1.0	1.0	1.0	0.889	1.0	1.0	1.0
926	AT2G26350	RI		1.0	1.0	0.636	1.0	0.0	0.6			1.0	0.667		1.0	0.333
927	AT2G26350	RI	0.0	0.176	0.13	0.083	0.125	0.0	0.176	0.031	0.0	0.286	0.167	0.071	0.143	0.067
929	AT2G26350	RI	0.111	0.059	0.087	0.151	0.188	0.273	0.184	0.055	0.07	0.0	0.056	0.259	0.143	0.154
930	AT2G21500	RI	0.134	0.279	0.354	0.251	0.43	0.287	0.557	0.256	0.035	0.212	0.156	0.126	0.424	0.101
931	AT2G38620	RI	0.0		0.0	1.0		0.0	0.0				0.2		0.0	0.0
932	AT2G09795	RI	0.333	0.514	0.562	0.407	0.526	0.333	0.471	0.625	0.548	1.0	0.388	0.284	0.429	0.692
933	AT2G07680	RI	0.0	0.333	0.0	0.0	1.0	0.0	0.0	0.143		0.0	0.0	0.0	0.0	0.0
934	AT4G38600	RI	0.364	0.5	0.442	0.488	0.344	0.429	0.488	0.538	0.429	0.481	0.566	0.458	0.633	0.6
937	AT2G05840	RI	0.031	0.026	0.041	0.02	0.012	0.064	0.029	0.021	0.0	0.0	0.052	0.014	0.01	0.029
938	AT2G05830	RI	0.231	0.167	0.143	0.059	0.026	0.0	0.081	0.35	0.048	0.071	0.091	0.097	0.086	0.0
939	AT2G39890	RI	1.0	0.429	1.0	0.556	0.2		0.6	1.0	0.333	1.0	0.778	1.0	1.0	1.0
940	AT2G38450	RI	0.0	0.037	0.12	0.097	0.2	0.0	0.052	0.253	0.077	0.128	0.074	0.051	0.081	0.091
946	AT2G05400	RI		0.0		0.0			0.0	1.0	0.0	0.0	0.0			
947	AT2G05380	RI	1.0	1.0	1.0	0.996	1.0	1.0	1.0	0.99	1.0	1.0	1.0	0.989	1.0	1.0
948	AT2G05310	RI	0.148	0.143	0.107	0.074	0.091	0.083	0.185	0.113	0.088	0.123	0.092	0.114	0.091	0.172
950	AT2G05160	RI		0.0	0.0	1.0	0.5	0.0	0.0	0.143		0.0	0.0	0.0	0.111	0.667
952	AT2G04880	RI	0.127	0.261	0.093	0.097	0.068		0.099	0.154	0.0	0.46	0.13	0.203	0.284	0.122
953	AT4G17330	RI	0.958	1.0	1.0	0.941	0.943	1.0	1.0	0.963	1.0	0.956	0.912	0.978	0.931	1.0
954	AT2G04865	RI		0.143	0.167	0.2	0.2	0.0	0.176	0.273	0.0	0.0	0.1	0.333	0.167	1.0
955	AT2G04845	RI	0.347	0.0	1.0	1.0	0.515	0.0	0.788	1.0	1.0	0.0	0.615	1.0	0.347	0.0
956	AT2G04845	RI		0.0	0.333	0.185	0.6	1.0	0.5	0.067	1.0	0.0	0.333	0.2	0.182	0.0
957	AT2G04790	RI				0.0			0.429	0.5	0.143	0.0	1.0	0.0	0.0	1.0
958	AT2G04790	RI		0.0	0.0	0.5	0.0	0.0	0.2	0.333		0.0	0.5	0.0	0.467	
959	AT2G04790	RI			1.0	1.0	0.0			1.0	1.0		1.0		1.0	
960	AT2G04790	RI	0.25	0.0	0.167	1.0	0.0	1.0	0.143	0.111	1.0	0.0	0.667	0.0	0.111	0.0
961	AT2G04690	RI	0.947	0.949	0.96	0.993	0.944	0.97	0.983	0.978	0.984	0.946	0.99	0.989	0.978	1.0
962	AT2G04690	RI	0.025	0.022	0.081	0.048	0.076	0.026	0.085	0.065	0.085	0.092	0.079	0.07	0.044	0.065
963	AT2G04690	RI	0.21	0.166	0.114	0.196	0.052	0.263	0.279	0.137	0.211	0.157	0.187	0.19	0.147	0.231
964	AT2G04690	RI	0.469	0.327	0.402	0.396	0.25	0.396	0.421	0.311	0.365	0.359	0.431	0.379	0.389	0.394
965	AT2G04270	RI	0.273	0.059	0.571	0.447	0.25	0.5	0.586	0.556	0.25	0.25	0.6	0.36	0.355	0.5
966	AT2G04270	RI	1.0	1.0	0.826	1.0	0.6	1.0	1.0	0.733	0.429	0.2	0.862	0.778	0.846	1.0
967	AT2G04235	RI		0.0	0.143	0.0				0.0	0.333	0.0	0.0	0.0	0.0	
969	AT2G04100	RI	0.0	1.0		0.0		1.0	0.338	0.0	0.0	0.0	0.113		0.0	0.338
970	AT2G04039	RI	0.0	0.0	0.251	0.201	0.0	0.0	0.251	0.091			0.0	0.274	0.121	0.0
971	AT2G37160	RI	0.0	1.0	0.091	0.304	0.333	1.0	0.385	0.4	0.294	0.0	0.0	0.286	0.2	0.0
973	AT2G03810	RI	1.0	0.333	1.0	1.0	1.0	1.0	1.0	0.333	1.0		1.0	0.556	0.6	0.5
975	AT2G03780	RI	0.143	0.417	0.333	0.228	0.294	0.0	0.286	0.176	0.556	0.222	0.435	0.333	0.2	0.091
976	AT2G03730	RI	0.129	0.096	0.138	0.047	0.062	0.101	0.107	0.086	0.048	0.088	0.12	0.136	0.074	0.191
977	AT2G03710	RI	0.0	0.176	0.0	0.235	0.0	0.0	0.143	0.412	0.5	0.0	0.0	0.0	0.0	0.143
978	AT2G03670	RI	0.0		0.2	0.0	0.5	0.0	0.0	0.0	0.0	0.0	0.333	0.0	0.0	0.5
982	AT2G03590	RI		1.0		0.333		1.0	1.0	0.5			1.0	1.0		0.0
983	AT2G03530	RI	1.0	0.0	0.2	0.091	0.25	0.5	0.429	0.091	0.143	1.0	0.077	0.0	0.25	0.0
984	AT2G03505	RI	1.0						1.0	0.5	0.0	0.0	0.667		0.5	1.0
987	AT2G03480	RI	0.2	0.0	0.048	0.053	0.2	0.0	0.0	0.5	0.143	0.0	0.0	0.0	0.037	0.0
988	AT2G03390	RI	0.063	0.287	0.079	0.063	0.072	0.0	0.021	0.112	0.067	0.201	0.101	0.177	0.132	0.031
989	AT2G03390	RI	0.091	0.152	0.192	0.154	0.364	0.12	0.309	0.129	0.07	0.28	0.132	0.262	0.443	0.083
990	AT2G03390	RI	0.086	0.077	0.059	0.085	0.053	0.167	0.206	0.111	0.034	0.25	0.069	0.079	0.068	0.154
991	AT2G03390	RI	1.0	0.867	1.0	1.0	0.867	0.895	1.0	0.822	0.789	0.8	1.0	0.926	0.789	1.0
992	AT2G03390	RI	0.143	0.2	0.1	0.186	0.0	0.2	0.125	0.136	0.0	0.03	0.174	0.074	0.026	0.25
993	AT2G18760	RI	0.067	0.333	0.0	0.176	0.2	0.2	0.28	0.125	0.0	0.0	0.5	0.0	0.429	0.143
995	AT2G03060	RI	1.0	1.0	1.0	0.5	1.0	1.0	0.077	0.143	1.0	1.0	0.75	0.636	0.4	1.0
996	AT2G03060	RI	0.333	0.286	0.333	0.222	0.2	0.4	0.171	0.231	0.429	0.111	0.294	0.238	0.097	
997	AT2G03060	RI	0.077	0.176	0.111	0.132	0.217	1.0	0.077	0.286	0.0	0.0	0.333	0.167	0.029	0.0
998	AT2G02780	RI	0.0	0.091	0.133	0.038	0.0	0.2	0.067	0.059	0.0	0.0	0.056	0.0	0.077	0.0
999	AT2G02710	RI	0.123	0.203	0.113	0.092	0.123	0.133	0.196	0.235	0.125	0.034	0.212	0.189	0.088	0.171
1000	AT2G02710	RI	0.099	0.162	0.068	0.11	0.085	0.121	0.146	0.098	0.11	0.092	0.141	0.133	0.123	0.145
1003	AT2G02470	RI	0.048	0.281	0.27	0.124	0.239	0.032	0.246	0.126	0.144	0.0	0.091	0.144	0.126	0.059
1004	AT2G02470	RI	0.2	0.385	0.556	0.351	0.257	0.067	0.414	0.236	0.185	0.25	0.269	0.333	0.16	0.143
1005	AT2G02410	RI	0.0	0.231	0.429	0.102	0.294	0.143	0.16	0.167	0.143	0.333	0.357	0.333	0.13	0.143
1007	AT2G02410	RI	0.091	0.25	0.1	0.071	0.143	0.0	0.263	0.333	0.0	0.0	0.062	0.0	0.28	0.2
1008	AT2G02410	RI	0.143	0.385	0.333	0.28	0.059	0.111	0.0	0.25	0.333	0.714	0.2	0.1	0.421	0.385
1009	AT2G02410	RI	0.263	0.238	0.2	0.233	0.217	0.231	0.579	0.35	0.5	0.25	0.208	0.333	0.375	0.25
1010	AT2G02170	RI	0.143	0.176	0.056	0.087	0.25	0.143	0.123	0.083	0.0	0.043	0.128	0.077	0.048	0.034
1011	AT2G02170	RI	0.12	0.111	0.304	0.2	0.167	0.0	0.317	0.227	0.176	0.037	0.415	0.208	0.312	0.364
1012	AT2G02148	RI	0.125	0.0	0.0	0.026	0.222	0.111	0.161	0.0	0.0	0.111	0.077	0.143	0.067	0.0
1013	AT2G01930	RI	0.333	0.375	0.222	0.312	0.381	0.385	0.492	0.439	0.28	0.235	0.303	0.21	0.262	0.235
1015	AT4G01915	RI	1.0	0.667	0.333	1.0	1.0		0.167	0.0		1.0	0.4	1.0	1.0	
1016	AT4G01915	RI	1.0	0.714	0.0	0.667			0.8	0.667	1.0		0.692	1.0	0.636	1.0
1017	AT2G01730	RI	0.5		0.0				1.0	1.0	1.0	0.0	1.0	1.0	0.0	0.5
1018	AT2G01630	RI	0.467	0.692	0.5	0.706	0.455	0.556	0.647	0.68	0.2	0.4	1.0	0.667	0.5	0.2
1019	AT2G24650	RI	0.333	0.2	0.2	0.217	0.0	0.0	0.429	0.28	0.0	0.2	0.2	0.167	0.171	0.059
1020	AT2G24650	RI	1.0	0.854	0.921	1.0	1.0	1.0	1.0	1.0	1.0	1.0	1.0	1.0	1.0	1.0
1021	AT2G24650	RI		1.0	0.517	0.349	0.616	0.176	0.349	0.349	0.349	0.349	0.652	0.0	0.446	0.0
1022	AT2G01430	RI	0.0		0.0	1.0	1.0	0.0	1.0	0.333			0.538	0.0	0.111	
1024	AT2G23140	RI	0.0	0.5	0.185	0.268	0.083	0.333	0.429	0.172	0.2	0.111	0.5	0.185	0.122	0.111
1025	AT2G01320	RI	0.0	0.0	0.0	0.009	0.0	0.0	0.067	0.0	0.0	0.0	0.012	0.035	0.0	0.0
1026	AT2G01320	RI	0.0	0.04	0.104	0.083	0.037	0.0	0.0	0.037	0.0	0.0	0.043	0.042	0.041	0.0
1027	AT2G01320	RI	0.067	0.0	0.08	0.071	0.029	0.0	0.143	0.127	0.0	0.053	0.136	0.125	0.043	0.0
1029	AT2G01270	RI	0.182	0.175	0.136	0.188	0.172	0.024	0.23	0.2	0.2	0.133	0.143	0.289	0.113	0.188
1030	AT2G01180	RI	0.2	0.25	0.214	0.143	0.167	0.167	0.529	0.333	0.2	0.273	0.308	0.2	0.241	0.5
1031	AT2G01100	RI	0.122	0.027	0.079	0.103	0.127	0.077	0.22	0.117	0.0	0.045	0.109	0.163	0.13	0.154
1032	AT2G01060	RI	0.102	0.029	0.061	0.089	0.13	0.053	0.174	0.033	0.059	0.259	0.053	0.216	0.155	0.333
1033	AT4G37630	RI		1.0	1.0	0.231		1.0	0.6	1.0	0.4	0.0			0.667	
1034	AT3G63300	RI	0.0	0.143	1.0	0.429	0.5	0.0	0.2	0.692	0.0	0.0	0.0	0.0	0.294	1.0
1035	AT3G63240	RI		0.0	0.0	0.032	0.0	0.0	0.241	0.077	0.0	0.0	0.217	0.0	0.0	0.0
1036	AT3G62970	RI	0.293	0.347	0.285	0.307	0.042	0.347	0.311	0.217	0.444	0.0	0.122	0.051	0.285	0.444
1037	AT3G62800	RI	1.0	0.85	0.75	0.97	0.882	0.714	1.0	1.0	1.0	1.0	1.0	1.0	1.0	1.0
1038	AT3G62750	RI	0.083	0.105	0.033	0.048	0.095	0.133	0.067	0.04	0.095	0.028	0.082	0.036	0.057	0.073
1039	AT3G62750	RI	0.077	0.083	0.061	0.073	0.127	0.091	0.108	0.126	0.25	0.067	0.167	0.13	0.127	0.212
1040	AT3G62750	RI	0.057	0.039	0.047	0.089	0.084	0.101	0.054	0.053	0.112	0.169	0.085	0.115	0.074	0.293
1041	AT3G62750	RI	0.171	0.152	0.09	0.071	0.152	0.167	0.137	0.119	0.286	0.056	0.062	0.096	0.094	0.094
1042	AT3G62750	RI	0.125	0.263	0.266	0.169	0.35	0.2	0.103	0.084	0.52	0.154	0.134	0.143	0.124	0.097
1044	AT3G62620	RI	0.0	0.111	0.0	0.4	0.0	0.0	0.0	0.0	0.0	0.0	0.067	0.0	0.0	1.0
1045	AT3G62620	RI		1.0	1.0	0.75			1.0	1.0	1.0		0.333	0.0	1.0	1.0
1046	AT3G62620	RI	0.0	0.333	0.143	0.778	0.2	0.0	0.429	0.2	0.143	0.0	0.04	0.429	0.091	1.0
1047	AT3G62620	RI	0.111	0.333	0.263	0.286	0.167	0.0	0.333	0.077	0.077	0.0	0.2	0.467	0.286	0.333
1048	AT3G62390	RI	0.0	0.0	0.25	0.391	0.714	0.333	0.2	0.048		0.0	0.034	0.091	0.0	0.333
1049	AT3G62330	RI	0.077	0.183	0.178	0.168	0.087	0.158	0.258	0.143	0.02	0.143	0.19	0.204	0.093	0.098
1050	AT4G32551	RI	0.0	0.0	0.043	0.023	0.0	0.0	0.111	0.027	0.0	0.0	0.167	0.094	0.046	0.0
1051	AT3G62220	RI	0.143	0.5	0.28	0.125	0.143	0.111	0.167	0.231	0.0	0.0	0.176	0.333	0.059	0.0
1052	AT3G62220	RI	0.091	0.333	0.385	0.143	0.6	0.0	0.2	0.286	0.0	0.0	0.286	0.0	0.28	0.0
1053	AT2G02910	RI	0.667	0.429	0.556	0.455	0.75		0.769	0.667	0.2	0.333	0.68	0.733	0.235	0.6
1054	AT3G62120	RI	1.0	1.0	1.0	0.974	1.0	1.0	1.0	1.0	1.0	1.0	1.0	1.0	1.0	1.0
1055	AT3G09745	RI	1.0	1.0	1.0	0.982	1.0	1.0	1.0	0.959	0.968	1.0	0.975	0.99	1.0	1.0
1056	AT3G09745	RI	0.895	1.0	0.984	0.972	1.0	1.0	1.0	1.0	1.0	1.0	1.0	1.0	0.956	0.915
1058	AT2G32840	RI		0.0	1.0	0.154	0.0	0.0	0.143	0.217	0.0	0.5	0.0	0.143	0.143	0.0
1060	AT3G61750	RI	0.2	0.2	0.067	0.111	0.111	0.0	0.1	0.032	0.053	0.0	0.241	0.222	0.053	0.231
1061	AT2G40410	RI	0.4	0.231	0.452	0.21	0.29	0.467	0.292	0.288	0.28	0.222	0.267	0.333	0.178	0.273
1062	AT3G61610	RI	1.0	1.0	1.0	1.0	0.636	1.0	0.905	0.714	1.0	1.0	0.6	1.0	0.778	1.0
1063	AT3G61600	RI	0.803	0.776	0.668	0.615	0.637	0.648	0.702	0.78	0.687	0.737	0.759	0.844	0.713	0.752
1065	AT3G61490	RI	0.0	0.2	0.0	0.222	1.0	1.0	0.083	0.143	0.333	0.0	0.111	0.0	0.13	0.0
1066	AT3G61490	RI		0.0		1.0	1.0	0.0	0.455	1.0	1.0	0.2	1.0		1.0	
1067	AT3G61450	RI		1.0	1.0	0.5	1.0		0.5	1.0		0.0	1.0	1.0	0.333	0.333
1068	AT3G61440	RI	0.034	0.07	0.066	0.06	0.03	0.046	0.09	0.059	0.028	0.022	0.058	0.078	0.055	0.063
1069	AT4G27800	RI	0.062	0.169	0.207	0.098	0.119	0.143	0.147	0.079	0.075	0.055	0.116	0.097	0.066	0.172
1070	AT3G61410	RI		0.25	1.0	0.375	1.0	1.0	1.0	0.429		0.2	0.333	0.647	1.0	0.2
1071	AT3G61390	RI	0.0	0.0		0.333			0.333				0.286	0.0		1.0
1072	AT3G61390	RI				0.0			0.0	0.0		1.0			1.0	1.0
1076	AT2G43010	RI	0.167	0.1	0.174	0.333	0.182	0.2	0.433	0.388	0.091	0.2	0.2	0.241	0.176	0.412
1077	AT3G60620	RI	0.15	0.209	0.07	0.0	0.0	0.0	0.075	0.07	0.209	0.081	0.284	0.055	0.248	0.26
1078	AT3G60480	RI	0.03	0.067	0.111	0.075	0.0	0.0	0.138	0.065	0.0	0.2	0.04	0.135	0.111	0.0
1079	AT3G60440	RI	0.059	0.143	0.429	0.111	0.333	1.0	0.125	0.4	0.333	0.0	0.043	0.022	0.0	0.231
1081	AT4G04790	RI		1.0	0.435				0.643	0.0		0.0	0.0	0.204	0.0	
1082	AT3G60250	RI	0.143	0.177	0.227	0.235	0.181	0.091	0.326	0.165	0.151	0.12	0.233	0.308	0.188	0.129
1083	AT3G60250	RI	0.178	0.231	0.178	0.212	0.161	0.129	0.281	0.173	0.139	0.236	0.261	0.264	0.162	0.153
1084	AT3G60160	RI	0.0		0.0	0.0	0.0			0.0		0.2	0.0	0.0	0.143	0.0
1085	AT2G02960	RI	0.087	0.036	0.05	0.011	0.031	0.026	0.055	0.022	0.02	0.033	0.053	0.02	0.034	0.0
1086	AT2G02960	RI	0.625	0.862	0.882	0.882	0.846	0.556	0.825	0.812	0.923	0.8	0.7	0.826	0.708	0.875
1087	AT2G02960	RI	0.657	0.75	0.818	0.821	0.933	0.778	0.833	0.708	0.833	0.733	0.754	0.875	0.822	0.889
1088	AT3G60140	RI	0.041	0.046	0.058	0.038	0.04	0.045	0.041	0.065	0.034	0.015	0.056	0.062	0.044	0.049
1089	AT2G44140	RI	0.846	1.0	1.0	1.0	1.0	1.0	0.931	0.907	1.0	1.0	1.0	0.889	0.956	1.0
1090	AT2G44140	RI	0.318	0.483	0.462	0.63	0.467	0.333	0.529	0.72	0.333	0.316	0.5	0.282	0.494	0.619
1091	AT4G01450	RI	0.667	1.0	1.0	1.0	1.0	1.0	0.857	1.0	1.0	0.905	0.92	1.0	0.879	1.0
1092	AT4G01450	RI	0.0	0.091	0.179	0.333	0.043	0.429	0.091	0.105	0.0	0.111	0.4	0.308	0.071	0.059
1093	AT3G61270	RI	1.0	1.0	1.0			1.0	0.333	0.5	0.0	0.5	0.2	0.2	0.0	1.0
1094	AT3G59820	RI	0.0	0.333	0.0	0.0	0.0	0.0	0.0	0.0	0.0	0.0	0.176	0.0	0.0	0.0
1096	AT3G59810	RI	0.75		0.6	0.5			1.0	0.333	0.0	1.0	1.0	0.333	1.0	0.333
1097	AT3G59800	RI	0.048	0.3	0.2	0.182	0.2	0.167	0.053	0.062	0.091	0.0	0.189	0.172	0.185	0.083
1098	AT3G59770	RI	0.091	0.571	0.125	0.368		1.0	0.478	0.091	0.077	0.25	0.6	0.333	0.333	0.231
1099	AT3G59770	RI	0.086	0.216	0.026	0.068	0.0	0.037	0.124	0.027	0.032	0.05	0.064	0.088	0.059	0.095
1100	AT3G59710	RI	0.0	1.0		0.077	1.0			0.0	1.0	0.0	1.0		0.125	1.0
1101	AT3G59690	RI	0.0	0.037	0.1	0.077	0.0	0.143	0.094	0.053	0.333	0.0	0.0	0.053	0.027	0.0
1102	AT3G59660	RI	0.059	0.333	0.228	0.2	0.13	0.333	0.188	0.289	0.067	0.185	0.233	0.26	0.134	0.111
1103	AT3G59570	RI	0.333	0.0	1.0	0.0		0.0	0.0	0.0		0.0	0.0	0.333		
1104	AT3G59570	RI	1.0	1.0	1.0	1.0		1.0	1.0	1.0	1.0	1.0	0.0	1.0	1.0	1.0
1105	AT3G59470	RI	1.0	1.0	1.0	1.0	1.0	1.0	1.0	0.5		1.0	0.846	1.0	0.529	1.0
1106	AT3G59470	RI	1.0	0.333	0.615	0.355	0.429	0.5	0.538	0.333	0.143	0.091	0.263	0.545	0.368	0.2
1107	AT3G59310	RI	0.2	0.4	0.176	0.161	0.333	0.333	0.357	0.102	0.143	0.0	0.13	0.091	0.137	0.5
1108	AT3G59090	RI	0.304	0.18	0.24	0.077	0.171	0.1	0.135	0.254	0.217	0.188	0.098	0.127	0.322	0.273
1110	AT4G14300	RI	0.652	0.76	1.0	0.826	0.846	0.6	0.76	0.6	0.733	0.789	0.667	0.619	0.714	0.467
1111	AT4G29750	RI	0.333	0.111	0.238	0.261	0.176	0.5	0.302	0.111	0.0	0.5	0.143	0.375	0.333	0.2
1112	AT3G58930	RI	1.0	1.0	1.0	1.0	1.0	1.0	1.0	1.0	1.0	1.0	1.0	1.0	0.75	1.0
1113	AT3G58930	RI	0.429	1.0	1.0				0.333	0.286	1.0		0.6	1.0	0.333	0.0
1114	AT3G58930	RI	0.0	1.0	0.0		1.0		0.143	1.0		1.0	1.0	1.0	0.0	1.0
1117	AT3G58270	RI	1.0		1.0	1.0	0.333	1.0	0.667	1.0	0.0		1.0		0.0	1.0
1118	AT3G57440	RI	0.0					0.0	0.0	1.0			0.0	0.0		
1119	AT3G57410	RI	0.988	0.981	0.986	0.956	0.978	0.977	0.977	0.978	0.979	0.983	0.954	0.993	0.978	0.951
1120	AT3G57410	RI	0.21	0.261	0.281	0.201	0.191	0.23	0.311	0.233	0.307	0.22	0.281	0.244	0.245	0.239
1121	AT3G57230	RI	0.312	0.067	0.162	0.287	0.118	0.091	0.16	0.178	0.043	0.116	0.152	0.091	0.193	0.231
1122	AT3G57230	RI	0.111	0.185	0.0	0.129	0.091	0.167	0.125	0.111	0.062	0.081	0.147	0.206	0.111	0.13
1123	AT3G57200	RI						0.0						1.0	0.0	
1124	AT4G08980	RI	0.176	0.091	0.132	0.185	0.164	0.111	0.216	0.267	0.106	0.062	0.237	0.194	0.179	0.116
1125	AT3G56990	RI			0.0	0.0		0.0	1.0	0.0			0.0	1.0	0.333	
1127	AT3G56720	RI	0.185	0.25	0.033	0.138	0.102	0.125	0.068	0.122	0.091	0.118	0.129	0.234	0.117	0.122
1128	AT3G56720	RI	0.75	0.75	0.75	0.478	0.714	0.556	0.833	0.889	0.333	0.333	0.333	0.286	0.5	0.778
1129	AT3G56720	RI	0.182	0.192	0.224	0.16	0.128	0.273	0.207	0.221	0.038	0.241	0.081	0.102	0.165	0.375
1130	AT3G56440	RI		0.0	0.25	0.231	0.333		0.2	0.0	0.2		0.0	0.4	0.077	
1131	AT4G00450	RI	0.5	0.707	0.905	0.78	0.84	1.0	0.852	0.86	0.733	0.905	0.745	0.754	0.811	0.677
1132	AT3G56160	RI	1.0	0.385	0.667	0.25	0.333	0.0	0.727	0.692	0.0	0.4	0.471	0.103	0.44	0.778
1133	AT3G56160	RI	0.0	0.0	0.053	0.04	0.5	0.0	0.111	0.04	0.0	0.0	0.167	0.037	0.077	0.077
1134	AT3G56140	RI	0.07	0.067	0.043	0.084	0.0	0.029	0.076	0.083	0.0	0.1	0.077	0.0	0.059	0.0
1135	AT3G56130	RI	0.271	0.261	0.26	0.308	0.322	0.174	0.3	0.191	0.211	0.217	0.239	0.267	0.266	0.194
1136	AT3G56130	RI	0.227	0.181	0.121	0.208	0.279	0.189	0.156	0.205	0.253	0.216	0.191	0.077	0.123	0.217
1137	AT3G56130	RI	0.207	0.214	0.147	0.141	0.29	0.258	0.172	0.119	0.345	0.257	0.157	0.13	0.159	0.12
1139	AT3G55880	RI	0.143	0.167	0.333	0.314	0.0	0.0	0.364	0.0	0.0	0.167	0.2	0.125	0.062	0.3
1140	AT3G55880	RI	0.6	1.0	0.36	0.2	0.091	1.0	0.2	0.143	0.333	0.429	0.188	0.143	0.429	0.714
1142	AT3G55770	RI	0.835	0.865	0.856	0.876	0.835	0.774	0.853	0.877	0.841	0.797	0.877	0.816	0.918	0.775
1143	AT3G55770	RI	0.016	0.018	0.014	0.011	0.008	0.002	0.019	0.024	0.009	0.007	0.022	0.019	0.017	0.013
1144	AT3G55640	RI	0.0	0.043	0.2	0.333	0.0	0.25	0.474	0.048	0.0	0.333	0.333	0.385	0.286	0.333
1145	AT3G55630	RI		0.333	0.333	0.412	0.333	0.0	0.0	0.429		0.0	0.5		0.143	0.5
1146	AT3G55630	RI	0.21	0.571	0.727	0.63	0.615	0.0	0.666	0.615	1.0	1.0	0.651		0.545	1.0
1147	AT3G55600	RI	0.0	0.062	0.0	0.035	0.1	0.0	0.053	0.1	0.0	0.0	0.048	0.053	0.0	0.0
1148	AT3G55480	RI	0.133	0.158	0.138	0.085	0.122	0.107	0.244	0.104	0.169	0.0	0.062	0.199	0.11	0.054
1149	AT3G55400	RI	0.0	0.0	0.13	0.12	0.333	0.333	0.333	0.176	0.0	0.111	0.077	0.0	0.152	0.333
1150	AT3G55370	RI	0.0	0.5	0.143	0.0	0.333		0.5		0.0	1.0	1.0	0.25	0.273	
1152	AT3G55060	RI	0.0	0.0	0.0	0.091			0.0	0.0		0.0	0.143	0.0	0.143	0.0
1153	AT3G55020	RI	0.133	0.098	0.188	0.174	0.136	0.214	0.217	0.141	0.043	0.067	0.098	0.143	0.078	0.087
1154	AT2G22970	RI	0.0	0.05	0.011	0.024	0.059	0.167	0.063	0.044	0.0	0.0	0.038	0.0	0.033	0.053
1155	AT3G54970	RI	1.0	1.0	1.0	1.0	1.0	1.0	1.0	1.0	1.0	1.0	1.0	1.0	0.895	1.0
1156	AT3G54970	RI	0.714	1.0	1.0	0.846	1.0	0.5	0.448	0.5	0.0	0.455	0.889	0.727	0.6	0.176
1157	AT3G54970	RI		0.333	0.143	0.0	0.0	0.0	0.037	0.0	0.5		0.0	0.2	0.043	
1158	AT3G54870	RI	1.0		1.0	1.0	1.0	1.0	1.0	1.0	1.0		1.0		1.0	0.0
1159	AT3G54760	RI	0.789	0.875	0.745	0.636	0.75	0.273	0.625	0.41	0.818	0.786	0.75	0.765	0.723	0.484
1160	AT2G27340	RI	1.0	0.765	1.0	0.613	0.882	0.6	0.95	0.786	1.0	0.667	0.824	0.636	0.4	1.0
1161	AT3G54740	RI	0.0	0.0	0.25	0.077	0.111	0.0	0.5	0.5	0.0	0.077	0.111	0.4	0.0	0.0
1162	AT3G54740	RI	0.0		1.0	1.0	1.0	1.0	1.0	0.5	1.0	1.0	1.0	1.0	0.636	1.0
1163	AT3G54740	RI	0.6	0.077	0.6	0.619	0.2	0.231	0.6	1.0	1.0	0.636	0.167	0.579	0.462	0.167
1164	AT2G03110	RI		1.0	1.0				0.0		1.0		1.0	1.0		
1165	AT3G54510	RI			0.814	0.714	1.0		1.0	1.0		1.0	0.833	0.758	0.238	0.0
1166	AT3G54510	RI	1.0	0.0	0.556	0.234	0.517	0.211	0.152	0.446	0.0	1.0	0.462	0.349	0.682	0.0
1167	AT3G54510	RI	0.094	0.439	0.342	0.49	0.51	0.0	0.656	0.135	0.0	0.0	0.448	0.271	0.549	0.207
1168	AT3G54500	RI	0.143	0.194	0.092	0.152	0.169	0.163	0.176	0.099	0.178	0.133	0.122	0.06	0.069	0.093
1169	AT3G54500	RI	0.121	0.077	0.048	0.075	0.07	0.0	0.068	0.077	0.024	0.029	0.074	0.05	0.027	0.07
1170	AT3G54500	RI	0.294	0.263	0.159	0.245	0.24	0.067	0.298	0.273	0.133	0.19	0.293	0.162	0.143	0.321
1171	AT3G54500	RI	0.474	0.6	0.522	0.662	0.634	0.487	0.679	0.639	0.667	0.58	0.677	0.59	0.63	0.77
1172	AT3G54480	RI	0.238	0.255	0.2	0.356	0.308	0.4	0.348	0.233	0.25	0.133	0.28	0.132	0.271	0.259
1174	AT2G16990	RI	0.429	0.333	1.0	0.667	1.0	1.0	0.895	1.0	1.0	0.333	0.697	1.0	1.0	0.833
1175	AT2G16990	RI	0.0	1.0	0.571	0.297	0.111	0.6	0.636	1.0	0.0	1.0	0.111	0.111	0.263	0.333
1176	AT2G16990	RI	0.111	0.0	0.091	0.097	0.2	0.0	0.04	0.176	0.0	0.0	0.241	0.412	0.091	0.0
1177	AT2G16990	RI	0.0	0.333	0.1	0.135	0.0	0.0	0.062	0.2	0.0	0.059	0.455	0.333	0.059	0.0
1179	AT3G54320	RI	0.0	0.0	0.2	0.176	0.167	0.0	0.059	0.053	0.333	0.0	0.0	0.111	0.097	0.167
1180	AT3G54230	RI	0.667	0.28	0.692	0.578	0.462	0.217	0.723	0.674	0.8	0.615	0.527	0.629	0.682	0.765
1181	AT3G54230	RI	0.765	0.688	0.837	0.694	0.579	0.667	0.803	0.697	0.364	0.5	0.677	0.615	0.72	0.556
1182	AT3G54230	RI	0.818	0.5	0.769	0.574	0.2	1.0	0.792	0.617	0.273	0.4	0.659	0.628	0.565	0.556
1183	AT2G20590	RI	0.0	1.0		0.2		0.0		1.0			0.0	0.0		
1184	AT4G33625	RI	0.216	0.275	0.183	0.315	0.267	0.6	0.273	0.268	0.389	0.243	0.398	0.409	0.277	0.286
1185	AT3G53990	RI	0.069	0.036	0.04	0.043	0.024	0.03	0.057	0.034	0.02	0.029	0.036	0.048	0.038	0.045
1186	AT3G53780	RI	0.077	0.077	0.0	0.333	0.2	0.0	0.097	0.1	0.5	0.0	0.083	0.091	0.034	0.333
1187	AT3G53780	RI	1.0	1.0	1.0	1.0	1.0	1.0	1.0	1.0	0.892	1.0	1.0	1.0	1.0	1.0
1189	AT3G53610	RI	0.159	0.046	0.145	0.108	0.114	0.045	0.09	0.161	0.085	0.0	0.073	0.192	0.174	0.132
1190	AT3G53570	RI	0.429	0.412	0.846	0.778	0.412	0.455	0.676	0.5	1.0	0.417	0.458	0.375	0.556	0.6
1191	AT4G18070	RI	1.0	0.75	0.727	0.4	1.0	1.0	0.875	0.647	0.6	1.0	0.818	1.0	0.474	0.6
1192	AT3G53500	RI	0.299	0.264	0.339	0.297	0.324	0.116	0.363	0.371	0.343	0.226	0.306	0.271	0.286	0.256
1193	AT3G53500	RI	0.66	0.633	0.425	0.534	0.375	0.548	0.548	0.594	0.68	0.542	0.663	0.448	0.435	0.917
1194	AT3G53350	RI	0.0	0.333	0.2	0.2	0.0	0.0	0.067	0.2	0.0	1.0	0.048	0.143	0.143	0.059
1195	AT3G53340	RI	0.0	0.122	0.062	0.093	0.059	0.0	0.056	0.059	0.25	0.0	0.077	0.075	0.059	0.067
1196	AT3G53340	RI	0.071	0.0	0.042	0.018	0.0	0.0	0.084	0.208	0.053	0.0	0.02	0.014	0.077	0.056
1197	AT3G53340	RI	0.2	0.31	0.13	0.133	0.429	0.0	0.257	0.19	0.111	0.1	0.038	0.333	0.268	0.176
1198	AT3G53210	RI	0.0	1.0	0.25	0.04	0.0	0.0	0.167	0.625	0.0	0.111	0.158	0.0	0.037	0.091
1199	AT3G52720	RI	0.125	0.111	0.073	0.014	0.0	0.333	0.1	0.026	0.333	0.0	0.067	0.122	0.0	0.03
1200	AT3G58640	RI	0.165	0.19	0.299	0.198	0.186	0.105	0.26	0.267	0.212	0.2	0.213	0.148	0.158	0.309
1201	AT3G52680	RI	0.5	0.0	0.0	0.333		1.0	1.0	0.143	0.0		1.0	0.091		0.0
1202	AT3G52660	RI	0.429	0.467	0.667	0.5	1.0	0.0	0.714	0.867	0.6	0.714	0.6	0.556	0.6	0.13
1203	AT3G52660	RI	0.111	0.294	0.5	0.25	0.231	0.333	0.571	0.556	1.0	0.368	0.68	0.407	0.5	0.429
1204	AT3G52640	RI	0.0	0.222	0.048	0.037	0.167	0.222	0.231	0.105	0.0	0.0	0.057	0.034	0.167	0.034
1205	AT3G52340	RI	0.667	0.286	0.6	0.652	1.0	0.4	0.829	0.76	0.571	0.778	0.628	0.333	0.76	0.429
1207	AT3G52340	RI	0.15	0.143	0.241	0.235	0.333	0.333	0.357	0.211	0.133	0.259	0.246	0.132	0.256	0.128
1208	AT3G52340	RI	0.565	0.455	0.5	0.452	0.371	0.5	0.522	0.6	0.067	0.417	0.66	0.5	0.606	0.36
1210	AT2G41670	RI		0.0		0.6		0.0	0.091	0.5		0.0	0.273	1.0	0.8	1.0
1211	AT3G52155	RI	0.0	0.368	0.154	0.111	0.0	0.0	0.073	0.074	0.25	0.091	0.111	0.125	0.077	0.053
1212	AT3G52050	RI	1.0	0.667	0.667	0.467	1.0		1.0	1.0	1.0	0.2	0.778	0.7	0.692	1.0
1213	AT3G52050	RI	1.0	1.0	0.667	0.36	0.846	1.0	1.0	0.6	1.0	1.0	0.6	0.889	0.846	1.0
1214	AT3G52050	RI	0.0	0.333	0.0	0.102	0.0	0.0	0.179	0.091	0.067	0.125	0.083	0.077	0.0	0.077
1215	AT3G51950	RI	0.087	0.093	0.263	0.136	0.122	0.286	0.264	0.192	0.1	0.13	0.14	0.252	0.184	0.167
1216	AT3G51880	RI	0.98	0.984	1.0	0.992	1.0	1.0	1.0	0.979	1.0	1.0	1.0	0.984	1.0	0.972
1217	AT3G51860	RI	0.13	0.059	0.0	0.111	0.0	0.0	0.24	0.286	0.067	0.0	0.097	0.067	0.25	0.0
1218	AT2G44280	RI	0.333		0.2	0.333	0.6	0.0	0.333	0.333	0.0	0.2	0.0		0.167	0.2
1219	AT2G44280	RI	0.333	1.0	1.0	0.833	0.667	1.0	0.846	1.0		0.333	0.5	0.333	1.0	1.0
1220	AT2G44280	RI	1.0	0.5	0.818	1.0	1.0	1.0	1.0	1.0	1.0	1.0	1.0	1.0	0.667	1.0
1221	AT3G51830	RI	0.4	0.358	0.458	0.306	0.526	0.36	0.451	0.277	0.241	0.289	0.315	0.438	0.291	0.3
1222	AT3G51650	RI	1.0	0.333	0.0	0.2	0.111	0.111	0.2	0.04	0.333	0.333	0.556	0.143	0.0	0.0
1223	AT3G51640	RI	0.333	0.538	0.714	0.5	0.333		0.455	0.412	0.231	0.231	0.5	0.333	0.256	0.333
1226	AT3G51480	RI	0.333	0.0	0.25	0.0	0.429	0.333	0.25	0.231	0.0	0.0	0.2	0.2	0.6	1.0
1227	AT3G51370	RI	0.049	0.036	0.0	0.029	0.0	0.042	0.068	0.082	0.053	0.019	0.041	0.031	0.043	0.0
1228	AT3G51250	RI	0.2	0.059	0.1	0.2	0.0	0.111	0.333	0.081	0.091	0.091	0.217	0.25	0.25	0.0
1230	AT3G51140	RI	0.158	0.062	0.231	0.085	0.143	0.0	0.184	0.102	0.053	0.059	0.13	0.048	0.062	0.2
1231	AT3G51075	RI			0.2	0.0			1.0	0.0			0.0		0.667	0.0
1232	AT3G51075	RI		1.0	0.333	0.778	1.0		0.455	0.636	1.0	1.0	1.0	0.667	0.6	1.0
1233	AT3G51075	RI	0.5	0.333	0.429	0.385	1.0	0.0	0.429	0.0	0.5	0.0	0.368	0.6	0.6	0.6
1234	AT3G51075	RI		1.0		1.0	1.0	1.0	1.0	1.0	1.0		0.5	1.0	1.0	1.0
1235	AT3G51075	RI		1.0	1.0	1.0	1.0	1.0	0.5	1.0	1.0	1.0	1.0	0.333	1.0	1.0
1236	AT3G51075	RI	1.0	1.0	1.0	0.429	1.0		0.8	1.0		1.0	0.429	1.0	0.333	1.0
1237	AT3G51075	RI	1.0	1.0	0.333				1.0	1.0	1.0		1.0	1.0	1.0	
1238	AT3G51075	RI	1.0	1.0	0.0	0.0	1.0		0.333	0.714	1.0		0.778	0.0	0.2	
1239	AT3G50960	RI			0.51	0.0	0.0	0.0	0.148	0.0	1.0	0.0	0.0	0.258	0.182	0.0
1240	AT3G50860	RI	0.429	0.0	0.0	0.111	0.0	0.0	0.13	0.125	0.0	0.0	0.2	0.176	0.333	0.0
1241	AT3G50660	RI	0.061	0.019	0.046	0.1	0.034	0.0	0.118	0.147	0.032	0.027	0.038	0.056	0.052	0.0
1242	AT3G50530	RI	0.185	0.048	0.0	0.085	0.0	0.0	0.0	0.033	0.0	0.062	0.053	0.028	0.057	0.043
1245	AT3G50240	RI	0.032	0.25	0.182	0.122	0.286	0.0	0.421	0.24	0.059	0.118	0.226	0.314	0.104	0.265
1246	AT3G50240	RI	0.055	0.179	0.179	0.25	0.208	0.13	0.275	0.136	0.13	0.38	0.276	0.249	0.253	0.3
1247	AT3G50210	RI	1.0	0.917	0.923	0.83	0.923	1.0	1.0	0.951	1.0	0.9	0.95	0.84	0.83	0.833
1248	AT3G50140	RI		0.0		0.059	0.0		0.5	0.5	0.0		0.0	0.2	0.0	0.0
1249	AT3G49970	RI	0.0	1.0	1.0	0.468		1.0	0.555	0.76	1.0	0.514	0.679	0.613	0.468	0.413
1250	AT2G41430	RI	0.974	0.955	0.985	0.983	0.962	0.762	1.0	0.987	1.0	0.864	0.933	0.918	0.974	0.974
1251	AT2G41430	RI	1.0	1.0	1.0	0.969	0.867	0.947	1.0	0.987	1.0	1.0	0.99	1.0	1.0	1.0
1252	AT3G49920	RI	0.333	0.714	0.733	0.185	0.273	0.556	0.333	0.636	0.429	1.0	0.641	0.6	0.571	0.75
1253	AT3G49890	RI	1.0	0.5	0.333	0.333		0.0	0.0	0.0	1.0	0.0	0.5	0.0	0.0	0.0
1254	AT5G14770	RI	1.0	1.0	1.0	1.0			1.0	1.0	0.667	1.0	1.0		1.0	1.0
1255	AT2G23890	RI	0.0	0.0	0.429	0.524	0.25	0.2	0.176	0.2	0.0	0.333	0.429	0.375	0.273	0.0
1256	AT5G19030	RI	0.0	0.059	1.0	0.2	0.0	0.5	0.2	0.176	0.333	0.333	0.0	0.111	0.2	0.143
1257	AT5G19030	RI	0.0	0.0	0.5	0.333	0.0	0.5	0.333	0.231	0.333	0.2	0.043	0.2	0.048	0.143
1258	AT5G22875	RI	0.088	0.111	0.059	0.083	0.065	0.094	0.101	0.071	0.07	0.143	0.089	0.078	0.049	0.074
1259	AT5G14500	RI	0.231	0.143	0.037	0.059	0.0	0.0	0.125		0.125	0.5	0.097	0.444	0.0	0.0
1260	AT5G20480	RI	1.0	1.0	0.0	0.0	1.0		1.0	0.556		0.0	0.818	0.429	1.0	1.0
1261	AT1G11310	RI	0.024	0.014	0.02	0.015	0.071	0.0	0.078	0.135	0.062	0.055	0.075	0.073	0.04	0.073
1262	AT1G17410	RI	0.0	0.156	0.091	0.051	0.0	0.077	0.042	0.106	0.167	0.0	0.059	0.0	0.021	0.0
1264	AT1G13630	RI			0.0	0.333	1.0			0.143		1.0		0.0	0.0	
1265	AT5G14260	RI	0.111	0.6	0.375	0.733	0.429	0.0	0.818	0.8	1.0	1.0	0.375	0.286	0.467	0.556
1266	AT5G14250	RI	0.1	0.176	0.049	0.094	0.333	0.0	0.08	0.114	0.091	0.034	0.079	0.2	0.068	0.0
1268	AT5G14030	RI	0.043	0.094	0.035	0.085	0.055	0.026	0.08	0.07	0.04	0.101	0.078	0.149	0.059	0.101
1269	AT5G13960	RI	0.1		0.25	0.067	0.0	0.5	0.161	0.077	0.2	0.0	0.25	0.0	0.097	0.333
1270	AT5G13920	RI		0.0	1.0				0.429	0.0			0.0	0.0	0.0	
1271	AT4G21450	RI	0.049	0.043	0.051	0.049	0.064	0.054	0.073	0.033	0.018	0.054	0.076	0.039	0.038	0.049
1272	AT5G13660	RI			0.5	1.0		1.0	0.5	1.0	0.0		1.0	1.0	0.6	
1273	AT5G13660	RI			0.294	0.143	0.0	1.0	0.167	0.333		0.0	0.25	1.0	0.273	0.0
1274	AT5G13660	RI		0.333	0.375	0.412	0.4	0.429	0.636	0.524	0.0	0.0	0.067	1.0	0.31	0.2
1275	AT5G13590	RI	0.133	0.185	0.184	0.189	0.273	0.2	0.309	0.243	0.2	0.143	0.247	0.206	0.231	0.091
1276	AT5G13590	RI	0.714	0.556	0.5	0.556	1.0		1.0	0.75	1.0	0.778	1.0	1.0	0.286	1.0
1277	AT5G13590	RI	0.241	0.056	0.158	0.075	0.185	0.167	0.054	0.178	0.077	0.263	0.292	0.228	0.091	0.217
1278	AT1G07940	RI	0.667	1.0	0.714	0.583	0.6	0.2	0.625	0.571	0.2	0.6	0.692	0.565	0.6	0.25
1279	AT1G60545	RI	1.0	1.0	1.0	0.92	1.0	1.0	0.912	0.832	1.0	1.0	0.806	0.816	0.785	0.51
1280	AT1G60545	RI	1.0	0.778	0.895	0.758	1.0	1.0	0.871	1.0	0.714	1.0	0.826	1.0	1.0	1.0
1281	AT1G55350	RI	0.5	0.714	0.333	0.259	0.333	0.0	0.571	0.49	0.286	0.25	0.625	0.625	0.556	0.333
1282	AT1G55350	RI	0.143	0.0	0.053	0.042	0.0	0.0	0.059	0.0	0.0	0.176	0.0	0.154	0.125	0.333
1283	AT4G05320	RI	1.0	1.0	1.0	1.0	1.0	1.0	1.0	1.0	1.0	1.0	1.0	1.0	1.0	0.999
1284	AT5G14020	RI								0.512			1.0	1.0	1.0	0.0
1285	AT5G14020	RI			1.0		0.0							0.0	0.0	0.0
1288	AT4G21720	RI	0.0	0.0	1.0	0.333			0.0	1.0			1.0		0.5	
1289	AT4G21720	RI		0.111	0.2	0.125			0.0	0.143	0.0	0.0	0.0	0.0	0.25	1.0
1290	AT5G11980	RI	0.259	0.143	0.207	0.113	0.167	0.238	0.22	0.067	0.167	0.1	0.489	0.231	0.239	0.059
1291	AT2G02760	RI	1.0	0.6	1.0	1.0	1.0	1.0	0.636	1.0	1.0	1.0	1.0	1.0	1.0	
1293	AT3G63340	RI	0.154	0.022	0.107	0.135	0.073	0.0	0.158	0.094	0.022	0.149	0.089	0.116	0.143	0.091
1294	AT3G63340	RI	0.0	0.02	0.077	0.013	0.0	0.053	0.062	0.054	0.103	0.026	0.108	0.036	0.029	0.1
1295	AT5G11840	RI	0.0	0.043	0.214	0.082	0.111	0.167	0.08	0.135	0.2	0.0	0.278	0.214	0.02	0.294
1296	AT5G11640	RI	0.12	0.312	0.0	0.214	0.179	0.0	0.153	0.153	0.098	0.134	0.254	0.12	0.064	0.0
1297	AT5G12290	RI	0.25	0.294	0.3	0.208	0.375	0.0	0.268	0.333	0.333	0.25	0.481	0.385	0.167	0.2
1298	AT5G11530	RI	0.0	0.1	0.135	0.122	0.0	0.0	0.211	0.091	0.0	0.143	0.0	0.067	0.0	0.0
1299	AT5G40530	RI	0.51	0.342	0.422	0.51		1.0	0.394	0.207	0.0	0.0	0.378	0.238	0.294	0.207
1300	AT5G11430	RI	0.25	1.0	0.667	0.417	0.667	1.0	0.172	0.6	0.5	0.5	0.625	0.4	0.444	1.0
1301	AT5G11430	RI	0.429	1.0	1.0	0.222	0.5	0.333	0.556	0.0		1.0	0.667	0.333	0.5	0.25
1302	AT5G11410	RI	1.0		0.0				0.5	0.0	0.0	0.0	0.0	0.0	0.0	
1304	AT5G11160	RI	0.0	0.0	0.067	0.032	0.0	0.2	0.0	0.0		0.143	0.091	0.0	0.067	0.0
1305	AT1G61010	RI	1.0	0.625	0.214	0.333	0.5	0.667	1.0	0.609	0.6	0.667	0.568	0.4	0.667	0.733
1306	AT5G10965	RI	0.6		0.0	0.111	0.0		0.143	0.0		0.0	0.6	0.0	0.0	0.333
1307	AT5G10965	RI	1.0	1.0	0.6	0.286	1.0	1.0	0.231	0.6	0.0	1.0	0.771	1.0	0.429	1.0
1308	AT5G10900	RI	0.0	0.2	0.048	0.0	0.333		0.0	0.125	0.0	0.0	0.0	0.333	0.0	0.143
1309	AT1G10390	RI	0.0	0.308	0.2	0.22	0.714	0.333	0.385	0.282	0.0	0.0	0.103	0.417	0.286	0.143
1310	AT5G10800	RI	0.0		0.333		0.429		0.5	1.0	1.0	1.0	0.333	1.0	1.0	0.5
1312	AT2G38880	RI	0.0	0.2	0.029	0.108	0.034	0.0	0.077	0.019	0.071	0.0	0.12	0.074	0.138	0.059
1313	AT2G38880	RI	0.077	0.0	0.043	0.0	0.0	0.0	0.105	0.1	0.0	0.0	0.016	0.0	0.0	0.0
1314	AT2G38880	RI	1.0	0.333	0.556	0.206	0.083	0.077	0.278	0.071	0.0	0.429	0.233	0.273	0.267	0.176
1315	AT2G38880	RI	0.5	0.636	0.053	0.455	0.333	0.143	0.0	0.0	0.2	0.25	0.333	0.143	0.0	0.5
1316	AT5G10745	RI	0.842	0.841	0.842	0.885	0.939	0.786	0.932	0.896	0.708	0.784	0.915	0.853	0.848	0.852
1317	AT5G10745	RI	1.0	0.923	0.881	0.978	0.8	0.929	0.945	1.0	0.92	0.946	0.939	1.0	1.0	1.0
1318	AT4G34570	RI	0.0	0.0	0.0	0.0			0.6	0.0	0.333		0.0	0.2	0.077	
1319	AT5G10520	RI		0.636	0.5	0.111	0.0		0.429	1.0	0.0	0.333	0.077	0.0	0.0	0.0
1322	AT5G10330	RI				0.333							0.0	0.0	0.0	
1323	AT5G10070	RI	0.28	0.333	0.259	0.5	0.5	0.111	0.733	0.278	0.0	0.2	0.371	0.6	0.429	0.455
1324	AT5G09820	RI	0.158	0.0	0.143	0.256	0.077	0.0	0.395	0.286	0.0	0.143	0.22	0.238	0.143	0.0
1325	AT5G09820	RI	0.0	0.0	0.0	0.0	0.111	0.0	0.122	0.034	0.0	0.0	0.048	0.286	0.0	0.0
1326	AT5G09690	RI	0.333	1.0	0.0	0.455		0.0	0.333	1.0	0.0	0.333	0.0	0.091	0.1	0.111
1327	AT5G09690	RI	0.333		0.2	0.143	0.333		0.364	0.5	0.333	1.0	0.143	0.6	0.176	0.077
1328	AT5G09690	RI	1.0	1.0	1.0	1.0	1.0		1.0	1.0	1.0	1.0	1.0	1.0	1.0	0.667
1331	AT4G14290	RI	1.0	0.0	1.0	0.818	1.0	1.0	0.714	0.769	1.0	1.0	1.0	1.0	1.0	1.0
1332	AT1G27720	RI	0.0							1.0	0.0		1.0	0.0	0.0	
1334	AT1G27720	RI			1.0				1.0	1.0	1.0		1.0		0.0	
1336	AT1G27720	RI			1.0				1.0	1.0	1.0		1.0	1.0	0.0	
1337	AT5G09250	RI	0.333	0.28	0.529	0.217	0.0	1.0	0.17	0.088	0.455	0.538	0.081	0.0	0.056	0.048
1338	AT1G50630	RI	0.091	0.172	0.103	0.123	0.071	0.04	0.14	0.068	0.03	0.03	0.217	0.188	0.115	0.071
1339	AT5G08710	RI	0.0	0.333	1.0	0.0		1.0	0.0	0.0	0.0		0.091	0.0	0.333	1.0
1340	AT5G08600	RI		0.0	1.0	0.143			0.25	0.2	0.0	0.5	0.0	0.75	0.333	0.0
1341	AT5G08490	RI			0.5	0.75			1.0	1.0				0.333	0.333	
1342	AT5G08490	RI		1.0	0.333	1.0		1.0	1.0	1.0		1.0		1.0	1.0	
1343	AT5G08470	RI	0.368	0.12	0.111	0.316	0.067	0.0	0.226	0.228	0.037	0.143	0.222	0.25	0.211	0.5
1344	AT2G39950	RI	0.259	0.366	1.0	0.365	0.667	0.529	0.644	0.45	0.111	0.75	0.622	0.5	0.333	0.429
1345	AT2G39950	RI	0.6	0.667	1.0	0.789	0.778	0.714	0.814	0.786	1.0	1.0	0.913	0.857	0.538	1.0
1346	AT2G39950	RI	0.263	0.5	0.364	0.322	0.172	0.385	0.407	0.388	0.217	0.2	0.5	0.182	0.286	0.231
1347	AT2G39950	RI	0.556	0.625	0.789	0.724	0.667	0.556	0.571	0.824	0.5	1.0	0.833	0.889	0.857	0.778
1348	AT2G39950	RI	0.5	0.636	0.875	0.529	0.714	1.0	0.923	0.697	1.0	0.6	0.619	0.586	0.538	1.0
1349	AT2G39950	RI	1.0	1.0	1.0	1.0	1.0	1.0	1.0	1.0	0.95	1.0	1.0	1.0	0.913	1.0
1350	AT2G39950	RI	1.0	0.661	0.83	0.912	0.905	0.9	0.864	0.944	0.818	0.778	0.737	0.885	0.836	0.75
1351	AT1G66810	RI	0.201		0.0	0.335	0.0	0.0		0.0	0.0				0.0	
1352	AT5G07890	RI	0.091	0.455	0.524	0.207	0.111	0.2	0.333	0.282	0.143	0.273	0.29	0.44	0.438	0.25
1354	AT5G07770	RI	0.556	0.75	0.909	1.0	1.0	1.0	1.0	0.826	1.0	1.0	1.0	0.789	1.0	0.818
1356	AT5G07570	RI			1.0		1.0	1.0	0.0				1.0	1.0	1.0	
1358	AT5G07370	RI	0.875	0.889	0.793	0.792	0.538	0.385	0.96	0.795	0.778	0.636	0.682	1.0	0.824	0.619
1359	AT5G10450	RI	0.724	0.761	0.6	0.757	0.587	0.636	0.714	0.757	0.789	0.814	0.723	0.663	0.828	0.774
1360	AT5G10450	RI	0.008	0.01	0.008	0.013	0.007	0.006	0.011	0.011	0.009	0.007	0.016	0.012	0.01	0.013
1362	AT1G49340	RI	0.68	0.486	0.702	0.639	0.5	0.714	0.872	0.718	0.579	0.75	0.867	0.531	0.583	0.421
1364	AT2G43410	RI	0.909	0.714	0.727	0.8	0.76	1.0	0.84	0.964	0.619	0.818	0.769	0.867	0.87	0.561
1365	AT2G21385	RI	0.143	0.059	0.12	0.053	0.0	0.0	0.069	0.167	0.053	0.077	0.2	0.135	0.091	0.048
1366	AT2G21385	RI	1.0	0.818	0.5	1.0	1.0		0.556	1.0	0.333	1.0	0.583	1.0	0.556	1.0
1367	AT2G21385	RI	0.034	0.071	0.013	0.016	0.03	0.111	0.045	0.023	0.0	0.034	0.048	0.024	0.011	0.07
1368	AT5G06670	RI	1.0	0.143	0.5	0.429	0.2	1.0	0.143	1.0	1.0	0.0	0.429	0.5	0.556	0.333
1369	AT5G06670	RI	0.0	0.429	0.429	0.091		0.0	0.0	0.091	0.333	0.0	0.25	0.231	0.125	
1370	AT4G34140	RI	0.2	0.059	0.103	0.209	0.6	0.2	0.135	0.185	0.714	1.0	0.256	0.2	0.231	0.091
1371	AT4G34140	RI	0.913	0.814	0.959	0.932	1.0	0.889	0.824	0.932	0.63	0.81	0.756	0.949	0.907	1.0
1372	AT4G34140	RI	1.0	1.0	0.81	0.758	0.75	0.333	1.0	0.714	0.333	0.273	0.84	0.8	0.75	1.0
1373	AT4G34140	RI	0.244	0.15	0.317	0.333	0.375	0.111	0.184	0.191	0.143	0.176	0.321	0.455	0.106	0.385
1374	AT4G34140	RI	0.059	0.105	0.1	0.098	0.333	0.0	0.143	0.086	0.333	0.167	0.07	0.143	0.2	0.0
1375	AT4G34140	RI	0.111	0.263	0.2	0.172	0.5	0.0	0.185	0.273	0.467	0.333	0.12	0.111	0.3	0.0
1376	AT3G26730	RI	0.322	0.333	0.257	0.348	0.375	0.529	0.215	0.252	0.412	0.4	0.282	0.268	0.226	0.29
1377	AT3G26730	RI	0.368	0.255	0.22	0.386	0.333	0.154	0.181	0.244	0.4	0.265	0.303	0.288	0.326	0.226
1378	AT3G26730	RI	0.242	0.403	0.276	0.381	0.459	0.2	0.246	0.233	0.488	0.538	0.354	0.429	0.187	0.176
1379	AT3G26730	RI	0.259	0.114	0.224	0.272	0.202	0.116	0.183	0.2	0.194	0.145	0.19	0.144	0.181	0.123
1380	AT4G38040	RI	0.259	0.226	0.136	0.275	0.231	0.0	0.215	0.208	0.136	0.208	0.239	0.112	0.255	0.0
1382	AT4G14710	RI	1.0	1.0	1.0	0.848	1.0	1.0	1.0	1.0	1.0	1.0	1.0	1.0	1.0	1.0
1383	AT2G31955	RI	0.143	0.412	0.125	0.208	0.333	0.077	0.623	0.212	0.167	0.524	0.22	0.189	0.103	0.455
1385	AT2G31955	RI	0.667	0.692	1.0	0.6	0.571	0.333	0.471	0.636	0.6	0.333	0.667	0.778	0.76	0.538
1386	AT2G31955	RI	0.284	1.0	0.613	0.632	1.0	1.0	0.841	1.0	1.0	1.0	0.585	1.0	0.679	1.0
1390	AT5G06120	RI	0.417	0.538	0.7	0.589	0.462	0.778	0.522	0.656	0.25	0.667	0.506	0.842	0.631	0.643
1391	AT5G06120	RI	1.0	0.9	1.0	0.955	0.63	1.0	0.918	1.0	1.0	1.0	0.902	1.0	0.949	1.0
1392	AT5G06100	RI	0.6	0.2	0.125	0.22	0.556	0.231	0.375	0.081	0.2	0.167	0.13	0.034	0.0	0.2
1393	AT5G06100	RI	0.273	0.118	0.308	0.362	0.538	0.333	0.375	0.412	0.5	0.0	0.439	0.462	0.28	0.556
1394	AT2G27950	RI	0.846	0.652	0.583	0.8	0.529	0.636	0.697	0.655	0.75	1.0	0.786	0.833	0.875	0.455
1395	AT5G05940	RI	0.0		0.0					0.0	0.0	0.0	0.333	0.0	0.0	
1396	AT5G48340	RI	1.0	1.0	1.0	0.926	1.0	1.0	0.778	1.0	1.0	1.0	0.929	1.0	1.0	1.0
1397	AT5G37710	RI	0.093	0.32	0.238	0.25	0.261	0.297	0.307	0.255	0.148	0.156	0.235	0.224	0.123	0.309
1400	AT5G05570	RI	0.077	0.0	0.0	0.0		0.0	0.286	0.0	0.0	0.0	0.053	0.0	0.143	0.0
1401	AT5G05550	RI	0.158	0.478	0.4	0.348	0.455	0.273	0.659	0.415	0.4	0.5	0.5	0.231	0.25	0.273
1402	AT1G70620	RI	1.0	1.0	1.0	0.971	1.0	1.0	1.0	1.0	1.0	1.0	1.0	1.0	1.0	1.0
1403	AT1G70620	RI	0.864	0.96	1.0	0.907	1.0	1.0	0.863	0.907	1.0	0.84	0.75	0.947	0.844	0.758
1404	AT1G70620	RI	0.902	0.959	0.865	0.811	0.625	1.0	0.902	0.744	0.842	0.818	0.899	0.714	0.812	0.65
1406	AT1G70620	RI	0.549	0.67	0.623	0.658	0.593	0.697	0.648	0.691	0.483	0.492	0.711	0.585	0.606	0.506
1407	AT1G70620	RI	1.0	1.0	0.975	1.0	1.0	1.0	1.0	0.98	1.0	1.0	1.0	1.0	1.0	1.0
1408	AT1G70620	RI	0.667	0.495	0.594	0.538	0.511	0.667	0.477	0.521	0.409	0.4	0.451	0.5	0.466	0.433
1409	AT5G12440	RI	0.0	0.667	0.0	0.077		0.0	0.714	0.0	0.5	0.0	0.0	0.143	0.667	1.0
1410	AT5G12440	RI	1.0	1.0	1.0	0.846	0.333	1.0	0.25	1.0	0.667	1.0	0.833	0.429	1.0	1.0
1411	AT5G12440	RI	1.0	1.0	1.0	1.0	1.0	1.0	0.091	1.0	1.0	1.0	0.833	0.667	0.895	1.0
1412	AT5G12440	RI	1.0	0.714	0.6	1.0	1.0	1.0	0.0	0.429	1.0	1.0	0.846	1.0	1.0	
1413	AT5G41340	RI	0.037	0.0	0.176	0.227	0.026	0.0	0.056	0.118	0.0	0.077	0.133	0.042	0.086	0.04
1414	AT3G05210	RI	0.5	0.375	0.611	0.323	0.182	0.2	0.345	0.745	0.182	0.143	0.481	0.2	0.1	0.31
1415	AT3G27320	RI	1.0	0.692	0.545	0.436	0.6	1.0	0.81	0.7	1.0	0.8	0.389	0.467	0.375	1.0
1416	AT5G04980	RI	0.111		1.0			0.5	0.778	0.111	0.0	0.2	1.0	0.333	0.0	
1417	AT5G04980	RI	1.0	0.0	1.0	0.0	0.5		0.75		1.0	1.0	0.333	1.0	0.0	
1418	AT5G04850	RI	0.0	0.0	0.0	0.006	0.0	0.048	0.034	0.0	0.0	0.0	0.016	0.008	0.026	0.0
1419	AT5G04620	RI	0.2	0.0	0.0	0.053	0.0	0.0	0.038	0.0	0.0	0.2	0.176	0.0	0.081	0.217
1420	AT5G04620	RI	0.0	0.111	0.077	0.111	0.0	0.0	0.111	0.0	0.333	0.333	0.429	0.429	0.333	0.4
1421	AT4G33280	RI	1.0			1.0				1.0			0.0			
1422	AT4G33280	RI			1.0				1.0				0.0	1.0	1.0	
1423	AT2G01660	RI	0.0	0.12	0.032	0.0	0.0	0.091	0.043	0.045	1.0	0.059	0.385	0.0	0.0	0.2
1424	AT1G68240	RI					1.0								1.0	0.0
1427	AT5G04320	RI	1.0	1.0	0.75	0.935	0.818	1.0	1.0	1.0	1.0	1.0	1.0	1.0	0.842	1.0
1428	AT5G04320	RI	0.0	0.0	0.2	0.125	0.0	0.2	0.25	0.0	0.0	0.0	0.2	0.143	0.0	0.0
1429	AT5G04320	RI	0.0	0.0	0.25	0.36	0.333		0.333	0.368	0.231	0.0	0.13	0.385	0.059	0.0
1430	AT5G04280	RI	0.5	1.0	0.333	0.6	0.556	0.2	0.565	0.2	0.714	0.778	0.667	0.765	0.667	0.6
1431	AT5G04280	RI	0.273	1.0	1.0	1.0	0.636	0.5	1.0	0.5	1.0	1.0	1.0	1.0	1.0	0.75
1432	AT5G04280	RI	0.412	0.241	0.257	0.474	0.143	0.0	0.514	0.2	0.556	0.5	0.349	0.511	0.533	0.5
1433	AT5G04130	RI		0.0	0.429	0.231	0.143		0.5	0.077	0.0	0.2	0.091	0.0	0.333	1.0
1434	AT5G04090	RI	0.167	0.24	0.322	0.171	0.15	0.217	0.248	0.172	0.211	0.091	0.242	0.294	0.143	0.212
1435	AT5G04090	RI	0.059	0.29	0.319	0.215	0.179	0.481	0.282	0.146	0.378	0.333	0.261	0.37	0.258	0.171
1437	AT5G07920	RI	0.273	0.294	0.355	0.077	0.143	0.091	0.273	0.269	0.217	0.0	0.061	0.333	0.19	0.062
1438	AT3G18550	RI	0.0	0.0	0.0	0.0	0.0	0.0	0.25	0.143		0.0	0.5	0.0	0.111	0.0
1439	AT2G41050	RI	0.0	1.0	0.25	0.0	1.0	0.0	0.059	0.048	0.0	0.0	0.273	0.75	0.0	
1440	AT2G41050	RI	0.091	0.111	0.333	0.037		0.0	0.083	0.455	1.0	0.0	0.412	0.25	0.308	0.0
1441	AT4G29730	RI	0.0	0.0	0.111	0.0	0.0	0.0	0.333	1.0	0.0	0.0	0.2	0.091		0.333
1442	AT5G03730	RI	0.692	0.757	0.804	0.771	0.73	0.615	0.847	0.636	0.661	0.659	0.79	0.535	0.673	0.429
1443	AT5G03690	RI	0.2	0.25	0.714	0.073		1.0	0.467	0.167	1.0	0.273	0.214	0.077	0.243	0.429
1444	AT5G03540	RI	0.246	0.086	0.098	0.103	0.088	0.083	0.093	0.217	0.027	0.042	0.104	0.093	0.138	0.075
1446	AT5G03330	RI	0.29	0.278	0.233	0.106	0.128	0.0	0.167	0.135	0.0	0.059	0.187	0.192	0.133	0.333
1447	AT5G03180	RI	0.75	0.5	0.667	0.5	0.0	0.0	0.556	0.4	0.333	0.0	0.091	0.167	0.75	0.0
1450	AT3G03810	RI	0.4	0.077	0.2	0.244	0.462		0.318	0.316	0.0	0.4	0.368	0.25	0.243	0.25
1451	AT5G02880	RI	0.667	0.443	0.297	0.5	0.636	0.5	0.569	0.5	0.366	0.353	0.516	0.512	0.296	0.3
1452	AT5G02810	RI	0.478	0.634	0.633	0.564	0.351	0.684	0.558	0.576	0.435	0.429	0.529	0.486	0.526	0.733
1453	AT2G30520	RI	0.026	0.025	0.031	0.031	0.011	0.012	0.042	0.049	0.032	0.055	0.03	0.043	0.011	0.048
1454	AT4G30310	RI	0.226	0.346	0.4	0.378	0.297	0.6	0.444	0.407	0.097	0.36	0.107	0.355	0.247	0.189
1457	AT5G02100	RI	0.084	0.0	0.059	0.026	0.024	0.0	0.075	0.152	0.0	0.095	0.072	0.125	0.048	0.1
1459	AT2G25950	RI	0.048	0.083	0.059	0.111	0.043	0.333	0.167	0.208	0.0	0.059	0.101	0.12	0.133	0.071
1460	AT3G60150	RI	0.143	0.152	0.158	0.17	0.13	0.0	0.148	0.25	0.091	0.1	0.136	0.217	0.128	0.167
1461	AT5G02080	RI		1.0	0.714	1.0	1.0		1.0	1.0	0.5	0.333	1.0	1.0	1.0	1.0
1462	AT5G02080	RI		1.0	1.0		1.0		0.5	1.0	1.0	1.0	0.5	1.0	1.0	1.0
1464	AT4G37110	RI	0.111	0.091	0.0	0.07	0.043	0.0	0.185	0.0	0.0	0.0	0.059	0.31	0.077	0.0
1465	AT4G37110	RI	0.6	0.333	0.25	0.385	0.0	0.0	0.182	0.286	0.077	0.0	0.394	0.4	0.172	0.0
1466	AT5G50000	RI	0.133	0.229	0.196	0.183	0.095	0.156	0.171	0.151	0.12	0.147	0.227	0.176	0.175	0.133
1467	AT5G01780	RI	0.062	0.073	0.067	0.048	0.071	0.143	0.394	0.038	0.1	0.0	0.08	0.12	0.082	0.154
1468	AT5G01780	RI	0.286	0.368	0.231	0.259	0.222	0.0	0.404	0.316	0.0	0.333	0.317	0.128	0.111	0.143
1469	AT5G01780	RI	1.0	1.0	0.833	0.579	1.0	1.0	0.63	1.0	0.0	0.667	0.857	0.5	0.429	1.0
1470	AT5G01400	RI	0.167	0.043	0.214	0.2	0.083	0.2	0.182	0.083	0.0	0.077	0.188	0.125	0.143	0.278
1472	AT5G01230	RI	0.273	0.0	0.25	0.273	0.5	0.0	0.364	0.043	0.143	0.143	0.333	0.273	0.167	0.0
1473	AT3G48360	RI	0.16	0.18	0.211	0.218	0.157	0.168	0.216	0.217	0.168	0.163	0.236	0.185	0.185	0.171
1474	AT3G48360	RI	0.376	0.378	0.445	0.418	0.354	0.399	0.488	0.412	0.448	0.368	0.516	0.437	0.354	0.396
1475	AT4G01335	RI	0.769	0.933	0.778	0.842	0.829	1.0	0.824	0.808	0.895	0.933	0.806	0.882	0.89	0.875
1476	AT1G04970	RI	1.0	0.455	0.846	0.5	0.6	0.2	0.6	0.571	0.2	1.0	0.647	0.714	0.429	1.0
1477	AT1G04970	RI	0.116	0.103	0.175	0.075	0.133	0.222	0.165	0.107	0.07	0.111	0.188	0.107	0.129	0.128
1478	AT5G01160	RI	0.048	0.0	0.034	0.008	0.0	0.077	0.01	0.057	0.0	0.026	0.03	0.027	0.035	0.017
1481	AT5G51290	RI	0.172	0.111	0.188	0.129	0.154	0.2	0.174	0.25	0.182	0.231	0.179	0.191	0.111	0.034
1482	AT4G30340	RI	0.259	0.209	0.077	0.024	0.0	0.143	0.116	0.13	0.125	0.0	0.079	0.053	0.133	0.231
1483	AT1G17940	RI	1.0	1.0	0.714	1.0	1.0	1.0	1.0	0.778	1.0	1.0	0.857	1.0	0.8	1.0
1484	AT1G17940	RI	0.077	0.143	0.556	0.211	0.167	0.429	0.213	0.086	0.556	0.091	0.086	0.212	0.083	1.0
1485	AT1G80860	RI	0.5	0.5	0.488	0.246	0.5	0.259	0.176	0.231	0.455	0.391	0.212	0.273	0.645	0.067
1486	AT2G44480	RI	0.0	0.0		0.0	1.0	0.0	0.0			0.0	1.0	0.25	0.0	
1487	AT2G44480	RI	1.0		0.333	0.3	1.0		0.0	0.333		0.333	1.0	0.0	0.143	0.0
1488	AT3G09410	RI	0.13	0.074	0.184	0.038	0.217	0.333	0.159	0.155	0.043	0.2	0.12	0.118	0.097	0.0
1489	AT4G16280	RI	0.913	0.879	0.949	0.906	1.0	0.636	0.875	0.872	0.789	1.0	0.878	0.83	0.608	0.714
1492	AT4G25230	RI		1.0	0.333	1.0	1.0		0.429	1.0	1.0	1.0	1.0	1.0	1.0	1.0
1493	AT2G47850	RI	0.048	0.412	0.179	0.349	0.455	0.6	0.228	0.233	0.1	0.2	0.257	0.077	0.25	0.083
1494	AT2G31830	RI	0.0	1.0	1.0	1.0	1.0	0.0	1.0	0.143	0.0		1.0	1.0		1.0
1495	AT1G80555	RI		0.502		0.168		1.0	0.0	0.335	0.0		1.0	1.0	0.0	
1496	AT1G80190	RI	0.882	0.677	0.655	0.681	0.45	0.714	0.625	0.882	0.529	0.818	0.613	0.697	0.771	0.739
1497	AT1G80190	RI	0.022	0.065	0.13	0.093	0.115	0.056	0.205	0.078	0.256	0.077	0.08	0.053	0.091	0.143
1498	AT5G27410	RI	0.0	0.111	0.294	0.19	0.231	0.0	0.156	0.174	0.25	0.455	0.148	0.143	0.13	0.158
1499	AT1G80040	RI	1.0	1.0	1.0	0.5	1.0		1.0	1.0	1.0	1.0	0.667	1.0	1.0	1.0
1500	AT1G80000	RI	0.5	0.789	0.586	0.476	0.444		0.545	0.688	0.778	0.6	0.436	0.706	0.364	0.5
1501	AT2G24610	RI			0.333	0.5	0.0			0.333		0.333	0.143	0.0	0.333	0.0
1502	AT1G09490	RI	0.091	0.15	0.185	0.149	0.143	0.167	0.241	0.102	0.125	0.111	0.119	0.2	0.065	0.176
1503	AT3G12200	RI	0.059	0.067	0.088	0.062	0.0	0.048	0.116	0.0	0.053	0.0	0.013	0.0	0.067	0.037
1505	AT1G79985	RI	0.167	0.236	0.2	0.195	0.137	0.333	0.4	0.149	0.128	0.073	0.316	0.148	0.25	0.176
1506	AT1G79985	RI	0.273	0.355	0.364	0.25	0.226	0.375	0.493	0.333	0.273	0.143	0.61	0.267	0.333	0.474
1507	AT1G79740	RI	0.143	0.36	0.333	0.152	0.0	0.429	0.111	0.152	0.0	0.158	0.083	0.133	0.143	0.083
1508	AT5G00875	RI	1.0	1.0	0.333	1.0	0.333			0.667	0.0	0.0	1.0		0.2	0.429
1509	AT5G24030	RI	0.043	0.037	0.143	0.062	0.0	0.143	0.19	0.185	0.0	0.0	0.122	0.111	0.333	0.071
1510	AT1G79700	RI	0.198	0.208	0.193	0.288	0.264	0.217	0.309	0.215	0.219	0.184	0.183	0.261	0.253	0.34
1511	AT4G26140	RI	0.333	0.529	0.467	0.294	0.455	0.375	0.31	0.333	0.571	0.5	0.487	0.63	0.462	0.75
1512	AT4G26140	RI	0.294	0.467	0.333	0.102	0.333	0.143	0.333	0.273	0.0	0.2	0.241	0.167	0.19	0.158
1513	AT4G26140	RI	0.2	0.368	0.429	0.214	0.478	0.375	0.404	0.447	0.524	0.4	0.333	0.524	0.455	0.692
1514	AT4G26140	RI	0.5	0.4	0.304	0.415	0.091	0.176	0.351	0.351	0.25	0.053	0.234	0.273	0.185	0.053
1515	AT3G28956	RI	0.231	0.333	0.238	0.353	0.714	0.2	0.667	0.067	0.111	0.2	0.3	0.143	0.267	0.077
1516	AT3G28956	RI	1.0	0.818	0.889	1.0	0.6	1.0	1.0	0.889	0.455	1.0	0.75	1.0	0.882	1.0
1517	AT3G28956	RI	0.0	0.091	0.077	0.2	0.2	0.5	0.235	0.286	0.2	0.333	0.0	0.2	0.13	0.25
1519	AT2G26695	RI	0.0	0.5	0.6	0.455	0.077	0.0	0.6	0.143	0.0	0.143	0.273	0.2	0.143	0.091
1520	AT1G79590	RI	0.943	0.85	0.774	0.87	0.739	1.0	0.761	0.867	1.0	0.6	0.875	0.818	0.913	0.5
1523	AT2G35330	RI	0.125	0.455	0.5	0.105	0.091	0.333	0.419	0.316	0.556	1.0	0.2	0.2	0.353	0.143
1525	AT3G01500	RI	0.692	1.0	1.0	0.857	1.0	1.0	0.9	1.0	1.0	1.0	0.789	1.0	0.8	0.778
1527	AT2G45990	RI	0.394	0.362	0.2	0.232	0.179	0.2	0.25	0.31	0.238	0.368	0.321	0.237	0.319	0.263
1528	AT2G45990	RI	1.0	1.0	1.0	1.0	1.0	1.0	0.882	0.949	1.0	1.0	1.0	0.931	1.0	1.0
1529	AT2G45700	RI	0.04	0.128	0.137	0.077	0.217	0.2	0.192	0.268	0.176	0.0	0.111	0.211	0.167	0.097
1530	AT4G04810	RI	0.333	0.0	0.0	0.067			1.0	0.143	0.091	0.077	0.034	0.043	0.368	0.2
1532	AT5G08590	RI	0.056	0.088	0.097	0.081	0.073	0.12	0.13	0.095	0.056	0.049	0.055	0.066	0.063	0.081
1533	AT1G09530	RI	0.44	0.6	0.492	0.425	0.512	0.765	0.486	0.467	0.31	0.6	0.564	0.474	0.5	0.438
1534	AT1G09530	RI	0.127	0.214	0.4	0.224	0.143	0.429	0.281	0.158	0.083	0.12	0.436	0.279	0.114	0.385
1535	AT4G24740	RI	0.19	0.228	0.267	0.215	0.195	0.333	0.309	0.329	0.081	0.289	0.188	0.2	0.174	0.18
1536	AT4G24740	RI	0.246	0.17	0.199	0.137	0.054	0.204	0.262	0.198	0.089	0.093	0.323	0.242	0.212	0.179
1537	AT4G24740	RI	0.321	0.594	0.459	0.366	0.296	0.172	0.653	0.566	0.442	0.586	0.529	0.533	0.477	0.394
1538	AT4G24740	RI	0.364	0.25	0.357	0.377	0.277	0.333	0.509	0.393	0.412	0.308	0.351	0.457	0.423	0.458
1539	AT5G45050	RI	0.0	0.092	0.0	0.0	0.0	0.0	0.041	0.603	0.0	0.0	0.169	0.233	0.297	0.0
1540	AT5G45050	RI	0.714	0.76	1.0	0.875	0.6	0.75	1.0	0.902	0.6	0.8	0.939	1.0	0.943	0.875
1541	AT1G78810	RI		0.6	1.0	0.714	1.0	1.0	0.667	1.0	1.0	1.0	1.0	1.0	0.5	1.0
1542	AT2G32870	RI	0.081	0.067	0.143	0.071	0.022	0.154	0.054	0.0	0.067	0.034	0.053	0.046	0.085	0.059
1543	AT1G53790	RI	0.333	0.2	0.5	0.143	0.333	1.0	0.375	0.333	0.333	0.167	0.333	0.0	0.5	1.0
1544	AT1G78490	RI	0.111	0.091	0.2	0.081	0.0	0.0	0.118	0.127	0.111	0.083	0.073	0.023	0.193	0.059
1545	AT2G44900	RI	0.842	0.6	0.733	0.764	0.633	0.909	0.939	0.775	0.692	0.783	0.68	0.917	0.652	0.357
1547	AT5G35995	RI	0.4	0.636	0.5	0.636	0.846	0.5	0.727	0.333	0.143	0.143	0.517	0.3	0.429	1.0
1548	AT3G10300	RI	0.037	0.148	0.07	0.123	0.029	0.0	0.152	0.052	0.118	0.0	0.111	0.125	0.056	0.031
1549	AT5G62720	RI	0.059	0.045	0.114	0.03	0.043	0.0	0.053	0.01	0.0	0.0	0.0	0.042	0.022	0.0
1550	AT1G78200	RI	0.385	0.333	0.062	0.183	0.077	0.333	0.222	0.167	0.059	0.412	0.255	0.2	0.273	0.355
1551	AT1G78200	RI	0.717	0.202	0.321	0.26	0.253	0.145	0.372	0.258	0.156	0.169	0.303	0.253	0.186	0.078
1552	AT3G50630	RI	0.104	0.0	0.042	0.0	0.207	0.0	0.157	0.0	0.115	0.08	0.064	0.188	0.027	0.115
1553	AT1G77765	RI	0.5	0.0	1.0	0.0			0.273	0.333	1.0		1.0	1.0	0.0	1.0
1554	AT5G65060	RI	0.029	0.081	0.255	0.153	0.118	0.097	0.157	0.165	0.2	0.053	0.277	0.231	0.104	0.161
1555	AT1G77580	RI	0.333	0.0	0.167	0.364	0.333	0.0	0.286	0.28	0.0	0.0	0.0	0.0	0.231	0.0
1556	AT1G77580	RI	0.0	0.333	0.273	0.333			0.0	0.429	0.0	1.0	0.333	0.429	0.0	
1557	AT4G21510	RI	0.0	0.077	0.063	0.179	0.0	0.144	0.067	0.101	0.144	0.0	0.052	0.173	0.0	0.091
1558	AT1G77410	RI		0.0	1.0	0.0			0.0	0.0	0.0	1.0		0.0	0.4	0.0
1559	AT5G52950	RI		0.0	0.333	0.0		0.0	0.273	0.0			0.0	0.0	0.0	0.0
1560	AT1G77290	RI	0.36	0.35	0.2	0.238	0.077	0.286	0.471	0.405	0.182	0.429	0.415	0.357	0.2	0.333
1561	AT1G77220	RI	0.059	0.091	0.438	0.25	0.13	0.231	0.152	0.171	0.111	0.333	0.132	0.176	0.086	0.238
1562	AT1G77210	RI	0.462	0.156	0.12	0.238	0.188	0.182	0.321	0.316	0.167	0.2	0.322	0.143	0.125	0.333
1563	AT1G77080	RI	0.085	0.175	0.171	0.181	0.244	0.31	0.133	0.135	0.073	0.219	0.157	0.167	0.158	0.07
1564	AT1G77080	RI	0.237	0.437	0.383	0.366	0.206	0.231	0.493	0.355	0.148	0.345	0.39	0.376	0.382	0.429
1565	AT5G04370	RI	0.0	1.0	0.25	0.0			0.333	0.2		0.0	0.0	0.2	0.0	0.333
1566	AT1G76980	RI	0.25	0.455	0.6	0.091		0.0	0.412	0.0	0.333	0.0	0.294	0.0	0.25	0.0
1568	AT5G04110	RI	1.0	1.0	1.0	1.0	0.867	1.0	1.0	1.0	1.0	1.0	1.0	1.0	1.0	1.0
1569	AT3G16220	RI	0.231	0.0	0.154	0.12	0.0	0.429	0.25	0.043	0.125	0.0	0.4	0.214	0.2	0.091
1570	AT1G09270	RI	0.951	0.846	0.861	0.891	0.812	0.895	0.82	0.835	0.913	0.8	0.809	0.684	0.964	0.818
1571	AT5G67385	RI	0.25	0.37	0.412	0.327	0.44	0.176	0.431	0.305	0.182	0.323	0.32	0.286	0.256	0.34
1572	AT5G67385	RI	0.079	0.168	0.145	0.149	0.151	0.05	0.092	0.155	0.148	0.075	0.047	0.137	0.131	0.167
1573	AT1G33030	RI	0.333	1.0	0.0	0.0	0.0	0.0	1.0	0.0	0.143	0.0	0.0		1.0	
1575	AT1G76580	RI	0.067	0.163	0.355	0.245	0.286	0.455	0.418	0.172	0.143	0.034	0.347	0.1	0.286	0.2
1576	AT1G76580	RI	1.0	0.905	1.0	1.0	1.0	1.0	1.0	1.0	1.0	1.0	1.0	0.846	0.857	1.0
1577	AT1G76520	RI	0.5	0.667	0.818	0.333	0.5	0.636	0.946	0.333	0.8	0.625	0.931	0.667	0.895	1.0
1578	AT5G03190	RI	1.0	0.833	1.0	0.931	0.75	1.0	0.871	1.0	0.846	1.0	1.0	1.0	1.0	1.0
1579	AT2G44100	RI	0.01	0.02	0.022	0.023	0.047	0.0	0.03	0.0	0.015	0.011	0.018	0.01	0.018	0.014
1581	AT2G39690	RI	0.0				0.0		1.0						1.0	
1586	AT1G76280	RI	0.0	0.2	0.25	0.091	0.2		0.077	0.25	0.429	0.0	0.385	0.111	0.167	0.0
1588	AT4G37970	RI		0.0	0.0	1.0	0.25	0.0	0.333	0.0		0.0	1.0	0.2	0.5	1.0
1589	AT1G24070	RI		0.0	0.0	0.0			0.0	0.0			1.0	0.0		0.0
1590	AT1G76040	RI	0.0	0.5	0.0	0.077	0.0	0.111	0.182	0.04	0.0	0.0	0.167	0.0	0.029	0.2
1591	AT1G76020	RI	0.067	0.051	0.071	0.059	0.014	0.07	0.143	0.036	0.079	0.061	0.048	0.192	0.049	0.13
1592	AT1G10810	RI	1.0	1.0		1.0	1.0		0.8	1.0			1.0	1.0	0.5	1.0
1593	AT1G10810	RI	1.0	1.0	1.0	1.0	1.0	1.0	0.733	1.0	1.0	1.0	1.0	1.0	0.857	0.8
1594	AT3G05580	RI	0.0	0.0	0.111	0.04	0.125	0.0	0.128	0.158	0.083	0.0	0.037	0.059	0.018	0.0
1595	AT1G75700	RI	0.0	1.0	0.0			0.0							0.0	
1598	AT1G75670	RI	0.167	0.111	0.417	0.033	0.2	0.067	0.263	0.158	0.0	0.0	0.294	0.235	0.312	0.2
1599	AT1G74510	RI	0.2	0.143	0.048	0.071	0.143	0.0	0.364	0.083	0.273	0.0	0.143	0.04	0.375	0.111
1600	AT1G75430	RI	0.0	0.0	0.0	0.333	0.0			0.75		0.0	1.0			
1601	AT1G75410	RI	0.019	0.148	0.151	0.052	0.101	0.151	0.114	0.04	0.058	0.02	0.06	0.121	0.089	0.139
1603	AT2G43920	RI	0.043	0.273	0.0	0.048	0.0	0.0	0.125	0.0	0.0	0.0	0.212	0.053	0.0	0.0
1604	AT1G79500	RI	1.0	0.556	0.833	0.714	1.0	1.0	0.826	0.867	0.875	1.0	0.846	0.862	0.87	0.778
1605	AT1G79500	RI	0.556	0.462	0.739	0.741	1.0	1.0	0.943	0.886	0.81	0.889	1.0	0.838	0.871	1.0
1606	AT5G64630	RI	0.285	0.615	0.347	0.299	0.151	0.444	0.727	0.68		0.0	0.615	0.347	0.571	0.515
1607	AT1G09863	RI	1.0	0.6	1.0	1.0	1.0		0.556	1.0	1.0	1.0	1.0	1.0	1.0	1.0
1609	AT1G09863	RI	1.0	0.636	0.733	0.765	1.0	1.0	0.684	1.0	0.75	0.636	0.867	0.579	0.647	0.385
1610	AT5G17240	RI		0.667	0.2	0.667	0.714		0.429	0.714	0.25	0.0	1.0	0.667	0.0	
1612	AT1G75150	RI	1.0	1.0		1.0			0.0				1.0	0.5	0.25	1.0
1613	AT1G15180	RI	0.0	0.0	0.059	0.023	0.0	0.0	0.0	0.091	0.0	0.0	0.0	0.0	0.0	0.0
1614	AT2G46500	RI	0.561	0.457	0.482	0.403	0.552	0.273	0.475	0.373	0.388	0.517	0.46	0.587	0.46	0.641
1615	AT5G42400	RI	1.0	1.0	1.0	0.818	1.0	1.0	1.0	0.833	1.0	1.0	0.938	1.0	1.0	0.714
1616	AT1G74770	RI		1.0	0.0	1.0	0.5		0.111	0.0			0.429	0.333	0.2	0.0
1620	AT1G74390	RI	0.204	0.391	0.733	0.54	0.507	1.0	0.744	0.545	0.255	0.204	0.291	0.236	0.552	0.606
1621	AT1G77370	RI	0.068	0.042	0.071	0.026	0.059	0.019	0.053	0.066	0.041	0.0	0.026	0.014	0.036	0.027
1623	AT1G09810	RI	0.143	0.143	0.0	0.067	1.0	0.0	0.333	0.286	0.0	0.0	0.176	0.4	0.333	0.0
1624	AT1G73970	RI	0.077	0.077	0.059	0.172	0.2	0.333	0.111	0.217	0.0	0.2	0.152	0.0	0.2	0.231
1625	AT1G73970	RI	0.0	0.091	0.6	0.034	0.231	0.0	0.333	0.29	0.0	0.0	0.125	0.667	0.391	1.0
1626	AT1G73930	RI	0.826	0.9	0.941	0.767	0.909	0.818	0.754	0.737	0.739	0.8	0.855	0.818	0.958	1.0
1627	AT5G13410	RI	0.077	0.133	0.0	0.06	0.143	0.0	0.236	0.235	0.0	0.12	0.243	0.217	0.071	0.062
1628	AT5G13410	RI	0.0	0.111	0.2	0.064	0.222	0.111	0.2	0.226	0.0	0.0	0.043	0.125	0.091	0.091
1629	AT2G25737	RI	0.167		0.143	0.286	0.0	0.333	0.308	0.143	0.0	0.0	0.0	0.231	0.167	0.333
1630	AT2G31600	RI	0.714	1.0	1.0	0.714	1.0	1.0	1.0	1.0	1.0	1.0	0.5	1.0	0.2	1.0
1631	AT1G73350	RI	0.667	0.818	1.0	0.647	1.0	1.0	0.625	0.81	0.846	1.0	0.7	1.0	0.81	1.0
1632	AT1G73350	RI	0.571	0.31	0.222	0.282	0.083	0.25	0.556	0.81	0.5	0.667	0.318	0.25	0.319	0.25
1633	AT1G73350	RI	0.647	0.565	0.867	0.615	0.684	0.333	0.6	0.5	0.5	0.636	0.467	0.579	0.5	0.273
1634	AT1G73350	RI	0.2	0.091	0.263	0.156	0.091	0.333	0.556	0.043	0.154	0.077	0.154	0.143	0.259	0.143
1636	AT1G73150	RI	0.429	0.333	0.176	0.133	0.111	0.0	0.0	0.556	0.778	0.0	0.333	0.2	0.0	0.0
1637	AT1G73020	RI	1.0	1.0	1.0	0.824	1.0	1.0	1.0	0.846	1.0	1.0	1.0	0.826	1.0	1.0
1638	AT1G72990	RI	1.0	1.0	1.0	1.0	1.0		1.0	0.8		0.429	1.0	1.0	1.0	1.0
1639	AT4G19160	RI	0.184	0.256	0.406	0.321	0.207	0.2	0.349	0.291	0.18	0.174	0.375	0.283	0.292	0.276
1640	AT4G19160	RI	0.818	0.778	0.75	0.83	0.803	0.75	0.778	0.673	0.754	0.8	0.802	0.8	0.823	0.885
1641	AT4G24590	RI	0.146	0.146	0.192	0.084	0.135	0.146	0.197	0.169	0.152	0.049	0.14	0.164	0.17	0.068
1642	AT4G24590	RI	0.091	0.101	0.173	0.137	0.094	0.125	0.18	0.124	0.085	0.241	0.168	0.143	0.124	0.056
1643	AT3G46490	RI	0.0	0.0	0.167	0.241	0.3	0.333	0.214	0.333	0.0	0.0	0.28	0.172	0.182	0.6
1644	AT1G72880	RI	1.0	0.941	0.84	0.694	1.0	1.0	0.946	0.867	0.917	0.92	0.938	1.0	0.885	1.0
1645	AT1G75420	RI	1.0	0.92	1.0	0.902	0.84	1.0	0.951	0.882	0.619	0.846	0.971	1.0	0.961	0.931
1646	AT1G75420	RI	0.13	0.053	0.027	0.075	0.067	0.0	0.292	0.032	0.067	0.0	0.093	0.241	0.209	0.158
1647	AT3G45740	RI	1.0	0.68	0.778	0.405	1.0	0.4	0.867	0.733	1.0	1.0	0.238	0.243	0.684	0.625
1648	AT5G14610	RI	0.0		0.667	0.333			0.0	0.5		0.333	1.0	0.4	0.0	0.333
1650	AT5G14610	RI	0.0	0.0	0.125	0.0	0.2	0.0	0.0	0.059	0.0	0.111	0.0	0.182	0.304	0.143
1652	AT1G72660	RI	1.0			0.429			0.5		0.0		1.0		1.0	
1653	AT1G72640	RI	0.149	0.135	0.227	0.059	0.128	0.333	0.153	0.269	0.25	0.0	0.086	0.231	0.1	0.1
1654	AT5G24740	RI	0.143	0.091	0.5	0.143	0.333	0.2	0.316	0.217		0.333	0.333	0.556	0.5	0.143
1655	AT3G16270	RI	0.048	0.19	0.158	0.263	0.733	0.077	0.212	0.086	0.059	0.077	0.149	0.097	0.25	0.25
1656	AT1G73650	RI	0.5	0.667	0.467	0.5	0.818	1.0	0.806	0.636	0.6	1.0	0.222	0.6	0.551	0.412
1657	AT1G72560	RI	0.636	0.75	0.59	0.721	0.2	0.385	0.551	0.667	0.818	0.5	0.526	0.688	0.569	0.556
1658	AT1G72560	RI	1.0		1.0	1.0				1.0	1.0		1.0	0.0	0.333	1.0
1659	AT1G72560	RI	0.455	0.067	0.2	0.25	0.0	0.0	0.0	0.286	0.333	0.0	0.0	0.111	0.143	0.333
1660	AT3G27580	RI	0.0	0.143	0.231	0.097	0.0	0.0	0.062	0.167	0.059		0.118	0.143	0.176	0.25
1661	AT5G11920	RI		0.0	0.0	0.0	0.0		0.333			0.0	0.111	0.231	0.0	
1664	AT1G72050	RI	0.286	0.0	0.161	0.167	0.5	0.143	0.556	0.391	0.0	0.2	0.379	0.167	0.111	0.263
1665	AT2G25880	RI	1.0	0.5	1.0	1.0	1.0	1.0	1.0	0.556	1.0	1.0	0.0	1.0	0.857	1.0
1666	AT1G80260	RI	0.222	0.167	0.44	0.27	0.2	0.0	0.303	0.294	0.071	0.273	0.444	0.231	0.118	0.034
1667	AT1G80260	RI	1.0	1.0	1.0	0.8	0.5	1.0	1.0	0.875	1.0	1.0	1.0	1.0	1.0	1.0
1668	AT1G80260	RI	0.368	0.2	0.244	0.139	0.037	0.25	0.129	0.312	0.185	0.097	0.226	0.231	0.29	0.167
1669	AT5G06150	RI	0.333	0.25	0.0	0.0	1.0	0.0	0.0	0.111	0.0	0.0	0.0	0.2	0.12	0.067
1671	AT1G19650	RI	0.333	0.143	0.167	0.375	0.667	0.0	0.455	0.263	1.0	0.0	0.391	0.667	0.375	0.333
1672	AT1G11870	RI	1.0	1.0	1.0	1.0	1.0	1.0	1.0	1.0	1.0	1.0	1.0	1.0	1.0	0.6
1673	AT1G78540	RI	0.333	0.143	0.0	0.176	0.333		0.091	0.067		0.0	0.143	0.0	0.5	
1675	AT5G61920	RI	1.0	1.0	1.0	1.0	0.0		1.0	1.0	0.143		1.0	1.0	0.0	1.0
1676	AT5G61920	RI	1.0	1.0	1.0	0.917	1.0	1.0	1.0	1.0	1.0	1.0	1.0	1.0	1.0	1.0
1677	AT1G70895	RI	0.667	0.6	1.0	0.412	0.2	1.0	0.524	0.857		1.0	0.652	0.833	0.778	0.429
1678	AT5G06265	RI	1.0	1.0	1.0	1.0	0.5	1.0	0.905	1.0	1.0	1.0	1.0	1.0	1.0	1.0
1680	AT5G06265	RI	1.0	0.6	0.333	1.0			1.0	1.0	1.0		1.0	1.0	0.846	1.0
1681	AT5G06265	RI	1.0	1.0	1.0	1.0	0.5	1.0	1.0	1.0	1.0	1.0	1.0	1.0	1.0	1.0
1682	AT5G06265	RI	1.0	0.714	0.333	0.8	0.0		0.818	1.0	1.0		0.75	0.429	0.647	1.0
1683	AT4G02890	RI	1.0	1.0	1.0	1.0	1.0	1.0	0.997	1.0	1.0	1.0	0.996	1.0	1.0	1.0
1684	AT3G20650	RI	0.214	0.043	0.2	0.231	0.0	0.125	0.267	0.217	0.5	0.375	0.316	0.05	0.125	0.3
1685	AT5G10150	RI	0.059	0.061	0.037	0.114	0.03	0.0	0.067	0.023	0.059	0.0	0.115	0.438	0.036	0.03
1688	AT1G70490	RI	1.0	1.0	0.6	0.778	1.0	1.0	0.818	0.467	1.0	0.0	1.0	0.667	0.6	0.429
1689	AT1G70430	RI			0.0	0.0		1.0	0.25		1.0	0.0	1.0		0.0	1.0
1692	AT1G49620	RI	0.0	0.5	0.286	0.273	0.5	0.2	0.333	0.273	0.333	1.0	1.0	0.333	0.273	0.0
1693	AT1G70280	RI	0.077	0.167	0.079	0.07	0.0	0.167	0.049	0.043	0.0	0.0	0.055	0.032	0.088	0.029
1695	AT1G79090	RI	0.692	0.892	0.741	0.577	0.727	0.619	0.634	0.709	0.579	1.0	0.78	0.705	0.681	0.5
1696	AT5G10350	RI	0.875	1.0	0.765	0.714	0.733	0.647	0.906	0.673	0.714	0.75	0.647	0.736	0.769	0.667
1697	AT5G10350	RI	0.556	0.846	0.824	0.75	1.0	0.636	0.727	0.857	1.0	0.636	0.805	0.619	0.692	1.0
1698	AT1G69740	RI	0.25	0.6	0.333	1.0	0.529	1.0	0.714	1.0	0.6	1.0	0.4	0.778	0.5	1.0
1699	AT3G02920	RI	0.0	0.75	0.571	0.2	0.5	0.143	0.538	0.778	1.0	0.2	0.75	0.167	0.333	1.0
1700	AT3G57810	RI	0.059	0.176	0.12	0.259	0.25	0.4	0.405	0.19	0.167	0.3	0.2	0.238	0.135	0.333
1701	AT3G57810	RI	0.167	0.034	0.051	0.105	0.026	0.0	0.133	0.143	0.053	0.077	0.091	0.083	0.102	0.04
1702	AT5G06620	RI	0.333		1.0	0.333		0.2	0.684	0.333	1.0	1.0	0.636	1.0	0.5	1.0
1703	AT5G37850	RI	0.538	0.684	0.692	0.647	0.529	0.778	0.786	0.73	0.556	0.25	0.87	0.429	0.756	0.818
1704	AT5G37850	RI	1.0	0.92	0.667	0.795	0.636	0.5	0.797	0.385	0.882	1.0	0.911	0.75	0.622	0.667
1705	AT1G68920	RI	1.0	0.769	0.8	0.895	0.727	1.0	0.723	0.774	0.846	0.789	0.81	0.923	0.952	0.875
1706	AT5G27680	RI	0.6	0.333	0.333	0.4	0.6	1.0	0.333	1.0		1.0	0.2	0.091	0.333	0.0
1707	AT5G27680	RI		1.0	0.0	0.5	1.0	1.0	1.0	1.0			1.0	1.0	1.0	
1708	AT5G27680	RI	1.0	1.0	1.0			1.0	1.0	0.75		1.0	1.0	1.0	1.0	1.0
1709	AT1G68872	RI	1.0	1.0	1.0	1.0	1.0	1.0	0.7	1.0	0.333	1.0	1.0	1.0	1.0	1.0
1710	AT1G68872	RI	1.0	1.0	1.0	1.0	1.0	1.0	1.0	1.0	1.0	1.0	0.867	1.0	1.0	
1711	AT5G60120	RI		0.714	1.0	1.0	1.0	1.0	1.0	1.0	1.0		0.429	1.0	1.0	1.0
1712	AT5G60120	RI	0.333	1.0	1.0	0.2	0.333	0.0	0.8	0.5	0.333	0.0	0.143	0.222	0.2	1.0
1714	AT5G60120	RI	0.2	0.2	0.273	0.4	0.333		0.143	0.037	0.0	0.0	0.043	0.0	0.034	0.111
1715	AT1G68820	RI	0.029	0.03	0.032	0.029	0.0	0.081	0.089	0.072	0.25	0.048	0.13	0.106	0.059	0.059
1716	AT4G13150	RI	1.0	0.2	1.0	0.846	1.0		0.818	1.0	1.0	1.0	1.0	1.0	1.0	1.0
1717	AT4G13150	RI	0.336	1.0	0.297	0.492	0.432	0.0	0.423	0.367	0.603	0.178	0.297	0.571	0.283	0.253
1718	AT4G13150	RI	0.077	0.111	0.086	0.125	0.0	0.0	0.056	0.125	0.0	0.0	0.129	0.2	0.263	0.0
1719	AT1G68660	RI	0.952	1.0	0.931	1.0	0.958	1.0	0.986	0.98	1.0	0.957	0.963	0.917	0.919	0.875
1720	AT3G53800	RI	0.0	0.333	0.2	0.286	0.5	0.0	0.714	0.133	0.429		0.778	0.231	0.333	0.0
1721	AT1G64530	RI	0.833	1.0	1.0	1.0	0.8	1.0	1.0	0.778	1.0	1.0	1.0	1.0	0.9	1.0
1722	AT5G13870	RI	0.333	0.263	0.333	0.44	0.0		0.375	0.2	0.333	0.0	0.0	0.0	0.167	0.333
1723	AT5G13870	RI		1.0	1.0	0.333			1.0		1.0		1.0			
1724	AT1G30450	RI	0.083	0.0	0.158	0.214	0.0	0.0	0.161	0.111	0.034	0.2	0.455	0.062	0.243	0.231
1725	AT1G80980	RI	0.333	0.429	0.714	0.667	1.0	1.0	1.0	0.714	0.273	0.333	1.0	1.0	0.412	0.4
1726	AT1G25250	RI	0.0	0.0	0.0	1.0			0.0		0.0		0.0	0.0	0.0	
1727	AT1G26890	RI	0.0		1.0	1.0	1.0	1.0	1.0	1.0		1.0	1.0	1.0	1.0	
1728	AT1G26890	RI		1.0	1.0	1.0	1.0	1.0	1.0	1.0	1.0	1.0	1.0	0.714	1.0	1.0
1729	AT1G26890	RI	0.0	1.0	1.0	0.333	0.667	1.0	1.0	1.0	1.0	1.0	0.455	0.2	0.647	1.0
1731	AT3G01310	RI	0.571	0.389	0.462	0.235	0.2	0.412	0.433	0.429	0.36	0.4	0.515	0.4	0.268	0.5
1732	AT3G01310	RI	0.085	0.109	0.146	0.122	0.067	0.184	0.156	0.083	0.047	0.067	0.122	0.104	0.061	0.049
1733	AT1G67590	RI	0.0	0.333	0.714	0.143	0.0		0.429	0.0		1.0	0.5	0.5	0.0	0.0
1734	AT2G43900	RI	0.0	0.0	0.077	0.0	0.0	0.0	0.167	0.0	0.0	0.0	0.2	0.0	0.043	0.429
1737	AT3G10390	RI	0.603	0.503	0.336	0.288	0.503	1.0	0.378	0.336		0.0	0.275	0.275	0.639	0.233
1738	AT5G47760	RI	0.333	0.3	0.125	0.111	0.222	0.0	0.125	0.189	0.231	0.143	0.241	0.235	0.189	0.143
1739	AT5G49290	RI		1.0		0.4	0.333		0.2	0.0		1.0	1.0	1.0	1.0	
1740	AT5G49290	RI	0.333			1.0	1.0		1.0	1.0	0.0	1.0	0.714	1.0	1.0	0.5
1741	AT5G49290	RI		1.0	1.0	0.0		1.0	1.0	1.0			1.0	1.0	1.0	
1742	AT3G13900	RI	1.0	1.0	1.0	0.667	0.429	1.0	0.667			0.333	1.0	1.0		
1743	AT3G48070	RI	0.102	0.122	0.203	0.164	0.073	0.338	0.191	0.107	0.0	0.068	0.108	0.046	0.21	0.078
1744	AT4G39830	RI	1.0	1.0	1.0	0.867	1.0	1.0	1.0	1.0	1.0	1.0	1.0	1.0	1.0	1.0
1745	AT4G39830	RI			0.417	0.0		0.349	0.517	0.211	0.349	0.0	0.243	0.0	0.319	
1746	AT2G20000	RI	0.111	0.161	0.214	0.171	0.077	0.0	0.234	0.149	0.25	0.143	0.211	0.143	0.137	0.0
1748	AT1G69540	RI	0.0			0.5				1.0					0.0	
1749	AT2G23680	RI	1.0	1.0	1.0	0.125			0.833	0.0	0.333	0.0	0.692	0.167		1.0
1750	AT1G67180	RI			1.0				0.2	0.0			0.0			0.0
1752	AT1G67180	RI		0.0					0.667	1.0	1.0	1.0	1.0	0.333	0.385	
1754	AT1G03980	RI			0.0				1.0		0.0					
1756	AT1G66980	RI	0.0	0.0	0.189	0.163	0.111	0.2	0.174	0.053	0.2	0.0	0.143	0.0	0.067	0.111
1757	AT1G66980	RI	0.4	0.0	0.158	0.2	0.429		0.188	0.091		0.333	0.217	0.2	0.1	0.2
1759	AT1G01448	RI	0.5	0.826	0.481	0.5	0.778	1.0	0.704	0.667	0.455	0.778	0.641	0.846	0.765	0.667
1760	AT4G36210	RI	0.0	0.046	0.011	0.041	0.045	0.0	0.008	0.049	0.0	0.0	0.008	0.0	0.019	0.037
1761	AT1G03370	RI	0.111	0.167	0.2	0.25	0.091	0.0	0.116	0.355	0.143	0.429	0.032	0.2	0.1	0.167
1762	AT5G44030	RI	0.25	0.0	0.333	0.833	0.2	0.167	0.167	0.143	0.176	0.25	0.167	0.556	0.167	0.143
1763	AT4G31390	RI	0.222	0.297	0.357	0.308	0.077	0.143	0.413	0.273	0.391	0.412	0.179	0.234	0.333	0.188
1764	AT1G06960	RI	0.385	0.268	0.443	0.481	0.263	0.455	0.514	0.333	0.583	0.52	0.455	0.45	0.262	0.308
1765	AT2G45850	RI	0.383	0.158	0.463	0.23	0.171	0.0	0.256	0.028	0.341	0.107	0.084	0.147	0.115	0.256
1766	AT2G45850	RI	0.467	0.333	0.474	0.438	0.75	0.5	0.6	0.3	0.6	0.6	0.486	0.333	0.417	0.182
1767	AT5G55100	RI	0.189	0.312	0.213	0.208	0.259	0.25	0.257	0.2	0.182	0.273	0.167	0.158	0.28	0.071
1768	AT5G55100	RI	0.333	0.4	0.535	0.2	0.263	0.412	0.556	0.407	0.286	0.185	0.408	0.429	0.2	0.391
1769	AT5G55100	RI	0.714	0.579	0.7	1.0	0.8	0.6	0.771	0.619	0.8	0.5	0.92	0.692	0.7	0.692
1770	AT5G55100	RI	0.286	0.238	0.583	0.574	0.5	0.429	0.388	0.44	0.067	0.2	0.4	0.355	0.667	0.8
1771	AT5G55100	RI	1.0	1.0	1.0	1.0	1.0	1.0	1.0	0.714	1.0	1.0	1.0	1.0	1.0	1.0
1773	AT5G66055	RI	0.333	0.163	0.185	0.339	0.268	0.8	0.297	0.405	0.297	0.217	0.363	0.231	0.176	0.37
1774	AT1G70530	RI	0.172	0.053	0.17	0.07	0.04	0.143	0.071	0.2	0.032	0.053	0.123	0.254	0.026	0.2
1775	AT1G80150	RI	0.75	1.0	1.0	0.895	1.0	1.0	1.0	0.529	1.0	1.0	0.692	0.75	0.714	
1776	AT5G22690	RI	1.0	0.8	1.0	0.86	1.0		0.429	0.917	0.667	1.0	0.846	1.0	0.875	0.6
1777	AT5G22690	RI	1.0	0.8	1.0	1.0	1.0		1.0	1.0	1.0	1.0	1.0	1.0	1.0	0.8
1778	AT5G22690	RI	0.0	0.4	0.333	0.263	0.385	0.0	0.278	0.333	0.0	1.0	0.226	0.6	0.0	0.2
1779	AT1G79970	RI	0.917	0.867	0.935	0.911	0.892	1.0	0.955	0.951	1.0	0.923	0.939	1.0	0.877	0.935
1780	AT1G79970	RI	0.061	0.178	0.027	0.053	0.137	0.067	0.08	0.054	0.0	0.067	0.036	0.062	0.116	0.143
1782	AT1G67500	RI	0.0	0.167	0.0	0.241	0.0	0.111	0.04	0.0	0.0	0.6	0.083	0.182	0.1	0.0
1783	AT1G67500	RI	0.0	0.333	0.0	0.067	0.091	1.0	0.0	0.5		0.0	0.556	0.4	0.143	1.0
1784	AT2G40260	RI	1.0	0.2	0.0	0.529	0.5		0.429	0.0		0.0	0.667	0.0	0.333	1.0
1785	AT1G78290	RI	0.684	0.744	0.444	0.802	0.5	0.583	0.521	0.616	0.429	0.643	0.684	0.522	0.508	0.533
1786	AT5G08120	RI	0.091	0.148	0.246	0.093	0.102	0.0	0.119	0.165	0.021	0.037	0.067	0.1	0.042	0.158
1787	AT5G63870	RI	0.022	0.034	0.103	0.091	0.0	0.0	0.069	0.039	0.022	0.0	0.032	0.179	0.083	0.118
1788	AT1G21350	RI	1.0	0.0	1.0	1.0	1.0		1.0	0.667	0.333		1.0	1.0	1.0	0.5
1789	AT4G12720	RI	0.286	0.084	0.16	0.078	0.022	0.04	0.125	0.168	0.043	0.115	0.065	0.099	0.093	0.061
1790	AT1G65070	RI	0.4	0.176	1.0	0.44	0.091	0.333	0.509	0.2	0.091	1.0	0.455	0.529	1.0	0.6
1791	AT2G17150	RI	0.667	0.176	0.0	0.333	0.273	0.333	0.538	0.2	0.333	0.091	0.217	0.12	0.312	0.412
1792	AT2G17150	RI	0.4	0.2	0.524	0.5	0.231	0.0	0.29	0.4	0.5	0.667	0.733	0.524	0.333	0.231
1793	AT1G52220	RI	0.115	0.091	0.135	0.123	0.07	0.111	0.044	0.121	0.055	0.094	0.1	0.064	0.046	0.057
1794	AT2G20750	RI	0.0	0.143	0.297	0.241	0.2	0.333	0.077	0.429	0.333	0.0	0.13	0.357	0.235	0.25
1795	AT1G79450	RI		0.333	0.0	0.273			0.059	0.0	0.2	0.0	0.143	0.143	0.167	0.2
1796	AT1G70290	RI	0.985	0.993	1.0	1.0	0.989	1.0	1.0	1.0	0.98	1.0	1.0	1.0	0.987	1.0
1797	AT4G37432	RI	0.0	0.333	0.182	0.282	0.0	0.333	0.333	0.455	0.25	0.0	0.357	0.273	0.368	0.167
1798	AT1G15772	RI			0.5					1.0		1.0			1.0	
1801	AT3G26890	RI	0.667	0.524	0.583	0.727	0.636	1.0	0.84	0.474	0.571	0.375	0.727	0.429	0.583	0.5
1802	AT1G63940	RI	0.024	0.043	0.031	0.167	0.03	0.125	0.108	0.136	0.03	0.038	0.152	0.055	0.029	0.041
1804	AT1G63900	RI	0.204	0.146	0.041	0.079	0.035	0.114	0.196	0.105	0.093	0.255	0.215	0.162	0.093	0.0
1805	AT1G63860	RI	0.2	0.353	0.667	0.333	0.5	1.0	0.6	0.333	0.0	0.5	0.44	0.2	0.5	0.529
1807	AT1G63855	RI	1.0	0.684	1.0	0.333	1.0	0.556	1.0	0.826	1.0	1.0	0.714	0.909	1.0	1.0
1808	AT1G63855	RI	0.091	0.538	0.364	0.351	0.143	0.2	0.323	0.333	0.077	0.185	0.344	0.282	0.487	0.294
1810	AT1G63670	RI	1.0	1.0	1.0	0.556	1.0		1.0	0.6		1.0		0.0	0.333	1.0
1811	AT3G54930	RI			0.333	0.2	0.0		0.0	0.0		1.0	0.0	1.0	0.0	0.0
1812	AT3G17660	RI	1.0	0.333	0.5	0.0	0.0	1.0	0.125	0.429	0.0	0.333	0.444	0.1	0.231	0.0
1813	AT1G63610	RI	0.0	0.111	0.04	0.133	0.091	0.0	0.053	0.03	0.043	0.043	0.083	0.143	0.071	0.182
1814	AT1G63490	RI	0.667	0.6	0.636	0.44	0.286	0.5	0.565	0.217	0.667	0.0	0.417	1.0	0.415	0.111
1815	AT1G60440	RI	0.333	0.481	0.353	0.276	0.556	0.0	0.714	0.526	0.125	0.091	0.191	0.259	0.231	0.238
1816	AT2G47620	RI	0.0	0.222	0.304	0.148	0.059	0.0	0.211	0.222	0.0	0.0	0.13	0.182	0.154	0.238
1817	AT1G63410	RI	0.0		0.0	0.0	0.333		0.0		0.0		0.0	0.0	0.0	
1818	AT3G53200	RI	0.0	0.0	0.111	0.333	0.0	0.0	0.529	0.0	1.0	0.2	0.125	0.0	0.304	0.0
1819	AT1G65270	RI	0.727	1.0	0.714	0.594	0.6	0.714	0.75	0.846	1.0	0.895	0.923	0.867	0.792	0.652
1820	AT1G65270	RI	0.579	0.76	0.5	0.736	0.5	0.714	0.586	0.592	0.538	0.833	0.542	0.657	0.524	0.556
1821	AT1G71696	RI	1.0	1.0	0.571	0.273	0.0	1.0	0.125	0.529	1.0	0.333	0.714	1.0	0.364	0.75
1822	AT5G26140	RI			1.0	1.0				1.0	0.0		1.0			
1823	AT1G63100	RI		0.0	1.0	1.0	1.0		0.333		0.0		1.0	1.0	1.0	0.0
1824	AT2G04740	RI	0.077	0.467	0.308	0.241	0.182	0.0	0.429	0.182	0.167	0.0	0.556	0.333	0.28	0.111
1825	AT2G04740	RI	0.111	0.0	0.167	0.0	0.083	0.0	0.182	0.053	0.0	0.111	0.25	0.111	0.077	0.0
1826	AT1G62660	RI	0.026	0.094	0.07	0.073	0.091	0.125	0.057	0.049	0.039	0.036	0.093	0.041	0.043	0.056
1827	AT1G62660	RI	0.037	0.06	0.048	0.037	0.029	0.069	0.056	0.035	0.049	0.0	0.071	0.012	0.031	0.037
1828	AT2G32760	RI	1.0	0.333	0.692	0.297	0.111	0.667	0.583	0.333	0.25	0.667	0.286	0.176	0.385	1.0
1829	AT2G32760	RI	0.714	0.75	0.692	0.875	0.25	1.0	0.583	0.857	1.0	0.333	0.75	0.714	0.5	0.4
1830	AT5G23060	RI	0.478	0.619	0.463	0.429	0.81	0.333	0.556	0.682	0.267	0.643	0.485	0.415	0.304	0.238
1831	AT1G79070	RI	1.0	1.0	1.0	0.909	1.0	1.0	1.0	1.0	1.0	1.0	1.0	1.0	1.0	1.0
1832	AT1G62305	RI	0.0	0.0	0.167	0.3	0.0	0.0	0.294	0.143	0.143	0.692	0.167	0.111	0.333	0.0
1833	AT1G62290	RI	0.0	0.0	0.0	0.0	0.0	0.0	0.0	0.0	0.0	0.0	0.0	0.111	0.043	0.0
1834	AT1G62290	RI	0.0	0.2	0.0	0.0	0.0		0.0	0.0	0.0	0.0	0.0	0.048	0.0	0.0
1836	AT5G09175	RI	1.0	1.0	1.0	1.0	0.6		1.0	1.0	1.0	1.0	1.0	1.0	1.0	1.0
1837	AT5G09175	RI	1.0	0.75	0.571	0.667	0.5		1.0	1.0	1.0	1.0	1.0	0.429	0.6	1.0
1838	AT3G18140	RI	0.033	0.007	0.07	0.041	0.057	0.0	0.048	0.025	0.051	0.014	0.1	0.007	0.05	0.0
1839	AT2G47500	RI	0.0	0.067	0.061	0.1	0.059	0.0	0.056	0.136	0.0	0.2	0.149	0.017	0.074	0.0
1840	AT1G61990	RI	1.0	1.0	1.0	1.0	1.0		1.0	0.895	1.0	1.0	0.854	1.0	1.0	1.0
1842	AT1G48360	RI	0.0	0.388	1.0	0.403	0.0		0.559	0.253	0.0		0.717	0.67	1.0	0.503
1844	AT1G48360	RI	0.0	0.0	0.0	0.0	0.0		0.0	0.0	0.2		0.0	0.0	0.167	0.0
1845	AT1G48360	RI	0.0		0.6	0.0	0.0		0.333	0.111			0.0	0.333	0.333	0.333
1846	AT4G16670	RI	0.457	0.45	0.263	0.252	0.5	0.566	0.355	0.352	0.392	0.342	0.315	0.433	0.217	0.352
1847	AT1G61890	RI	0.095	0.083	0.132	0.074	0.04	0.091	0.134	0.079	0.03	0.021	0.105	0.014	0.119	0.091
1848	AT1G61660	RI	0.133	0.0	0.159	0.128	0.149	0.097	0.203	0.104	0.062	0.034	0.151	0.143	0.143	0.077
1849	AT1G61660	RI	0.211	0.103	0.35	0.218	0.2	0.13	0.37	0.146	0.185	0.188	0.153	0.111	0.271	0.172
1850	AT1G61180	RI	0.106	0.135	0.123	0.113	0.1	0.125	0.163	0.143	0.137	0.238	0.165	0.214	0.147	0.091
1852	AT1G73990	RI	0.0	0.25	0.3	0.385	0.158	0.333	0.241	0.158	0.2	0.2	0.268	0.214	0.36	0.538
1853	AT3G45020	RI			1.0	0.0	1.0		1.0	1.0		1.0	1.0	1.0		1.0
1854	AT1G61240	RI	0.0	0.158	0.091	0.185	0.0	0.0	0.106	0.158	0.043	0.143	0.222	0.111	0.05	0.0
1855	AT5G51620	RI	0.63	0.632	0.852	0.775	0.571	0.8	0.838	0.781	0.571	0.75	0.692	0.842	0.705	0.882
1856	AT1G63130	RI	1.0	1.0	1.0	0.684	1.0	1.0	0.889	1.0	1.0	0.5	1.0	0.765	0.75	0.5
1857	AT1G61150	RI	0.438	0.5	0.529	0.551	0.8	0.5	0.686	0.587	0.9	0.8	0.755	0.66	0.444	0.4
1858	AT1G61150	RI	0.154	0.151	0.138	0.131	0.02	0.062	0.158	0.13	0.053	0.241	0.099	0.075	0.106	0.074
1859	AT3G26100	RI	0.188	0.127	0.12	0.175	0.115	0.19	0.118	0.08	0.067	0.071	0.081	0.082	0.048	0.088
1860	AT3G26100	RI	1.0	1.0	1.0	1.0	1.0	1.0	0.647	0.429	0.6	1.0	0.692	1.0	1.0	1.0
1861	AT3G26100	RI	0.469	0.459	0.656	0.647	0.414	0.474	0.742	0.496	0.477	0.762	0.6	0.707	0.551	0.52
1862	AT3G03500	RI		0.0		0.0			0.333			0.0	0.0		0.0	
1863	AT3G03500	RI		0.0	0.0	0.333			1.0	1.0	0.0	0.0	0.0		0.333	
1864	AT1G60940	RI	0.757	0.723	0.675	0.764	0.795	0.862	0.911	0.762	0.868	0.681	0.729	0.731	0.805	0.841
1865	AT1G60787	RI							1.0	1.0					0.0	
1867	AT3G29290	RI	0.333	0.5	0.0	0.226	0.0	0.333	0.133	0.636	0.143	0.143	0.467	1.0	0.5	0.2
1868	AT3G29290	RI	0.2	0.818	0.714	0.273	0.6	1.0	1.0	0.667	0.2	1.0	0.867	0.571	0.333	1.0
1870	AT4G31570	RI	1.0	0.679	0.899	0.928	0.789	1.0	0.948	0.89	0.822	0.724	0.964	0.755	0.929	0.926
1871	AT1G60560	RI	1.0	1.0	1.0	0.857	1.0	1.0	1.0	0.778	1.0	1.0	1.0	1.0	1.0	0.714
1872	AT1G78870	RI	0.053	0.056	0.029	0.082	0.007	0.016	0.054	0.048	0.018	0.031	0.032	0.059	0.027	0.027
1873	AT1G78870	RI	0.061	0.075	0.185	0.144	0.14	0.148	0.181	0.177	0.08	0.108	0.182	0.117	0.122	0.063
1874	AT1G07820	RI	0.533	0.333	0.32	0.574	0.44	0.364	0.52	0.472	0.429	0.455	0.679	0.458	0.429	0.161
1875	AT2G44065	RI	1.0	0.556	0.862	1.0	0.429	1.0	0.75	0.778	1.0	1.0	0.818	1.0	0.652	0.524
1876	AT3G27990	RI	1.0	1.0	1.0	1.0	1.0	1.0	1.0	0.714	1.0	1.0	1.0	1.0	0.75	1.0
1877	AT3G27990	RI	0.5	0.231	0.167	0.238	1.0	0.5	1.0	0.273	1.0	0.0	0.4	0.6	0.231	0.333
1878	AT3G27990	RI	1.0	1.0	1.0	1.0	0.333	1.0	1.0	1.0	1.0	1.0	1.0	1.0	0.818	1.0
1879	AT1G72500	RI	0.188	0.083	0.355	0.146	0.143	0.2	0.234	0.077	0.125	0.0	0.143	0.086	0.2	0.217
1882	AT5G43310	RI	0.0	0.037	0.0	0.0	0.0	0.097	0.024	0.045	0.043	0.0	0.029	0.01	0.0	0.032
1883	AT5G43310	RI	0.111	0.071	0.022	0.079	0.0	0.0	0.133	0.08	0.059	0.071	0.162	0.077	0.079	0.111
1884	AT5G43310	RI	0.167	0.091	0.102	0.179	0.188	0.2	0.093	0.147	0.037	0.125	0.053	0.179	0.098	0.067
1885	AT5G43310	RI	0.0	0.029	0.169	0.15	0.0	0.059	0.084	0.068	0.12	0.032	0.032	0.094	0.029	0.12
1886	AT1G60200	RI	0.838	0.778	0.846	0.88	0.818	0.889	0.864	0.844	0.75	0.622	0.837	0.827	0.86	0.6
1887	AT1G60200	RI	0.032	0.123	0.222	0.229	0.034	0.2	0.362	0.179	0.13	0.263	0.163	0.258	0.35	0.333
1888	AT1G60140	RI	0.122	0.153	0.159	0.187	0.124	0.161	0.187	0.257	0.137	0.146	0.189	0.177	0.12	0.208
1889	AT1G60140	RI	1.0	0.875	1.0	0.81	1.0	1.0	1.0	0.778	1.0	1.0	1.0	1.0	1.0	1.0
1890	AT4G02120	RI	0.275	0.378	0.533	0.304	0.228	0.515	0.385	0.482	0.399	0.21	0.166	0.392	0.333	0.21
1891	AT4G02120	RI	0.095	0.077	0.134	0.126	0.021	0.083	0.16	0.186	0.019	0.13	0.12	0.154	0.076	0.212
1892	AT4G02120	RI	1.0	1.0	1.0	0.833	1.0		0.81	1.0	1.0	1.0	1.0	1.0	1.0	1.0
1893	AT4G02120	RI	0.444	0.091	0.121	0.136	0.143	0.111	0.275	0.169	0.0	0.0	0.055	0.108	0.165	0.0
1894	AT1G30755	RI	0.2	0.091	0.182	0.185	0.25	0.5	0.333	0.111	0.5	0.6	0.455	0.231	0.077	0.167
1895	AT1G30755	RI	0.333	0.0	0.333	0.1	0.5	0.143	0.0	0.294	0.0	1.0	0.5	0.333	0.143	0.077
1897	AT3G05600	RI	1.0		0.787	1.0	1.0		0.826	0.888	1.0	0.0	0.787	1.0	0.725	1.0
1899	AT3G46500	RI		0.333		1.0			1.0	0.333	1.0	1.0	0.0	0.385	0.0	
1900	AT3G46500	RI	0.0	1.0	0.214	0.0		1.0	0.0	0.0		1.0	0.0	0.0		0.0
1901	AT3G46500	RI		0.333	0.333	0.0		0.333	0.0	0.0		0.333	0.0	0.5		
1902	AT3G46500	RI		0.0	0.0	0.0	0.0		0.0	0.0	0.0	0.0	0.0	0.333	0.273	1.0
1903	AT3G46500	RI		1.0	0.0	0.2		0.0	0.636	0.273		0.0	0.2	0.333	0.455	0.75
1904	AT4G27320	RI	0.026	0.045	0.061	0.071	0.045	0.15	0.085	0.024	0.026	0.057	0.069	0.056	0.028	0.011
1905	AT1G79630	RI	1.0	0.0	0.75	0.692	1.0	1.0	0.75	0.467	0.333	1.0	0.778	1.0	0.636	1.0
1906	AT1G79630	RI	1.0	1.0	1.0	0.778	0.5	0.5	0.684	0.571	1.0	1.0	0.684	1.0	0.0	1.0
1907	AT1G79630	RI	1.0	1.0	1.0	1.0	1.0	1.0	1.0	1.0	1.0	1.0	0.778	1.0	1.0	1.0
1912	AT1G22280	RI	0.1	0.0	0.116	0.145	0.0	0.059	0.143	0.0	0.0	0.04	0.036	0.077	0.053	0.333
1913	AT5G43130	RI	0.021	0.103	0.127	0.073	0.111	0.1	0.121	0.124	0.067	0.086	0.093	0.188	0.125	0.04
1915	AT2G28470	RI	0.778	0.913	1.0	0.919	1.0	1.0	0.955	0.946	0.8	0.905	1.0	0.887	0.929	0.846
1916	AT2G28470	RI	0.429	0.667	0.547	0.458	0.543	0.385	0.672	0.705	0.647	0.846	0.543	0.569	0.667	0.514
1917	AT5G43910	RI	0.333	1.0	0.333	0.455	1.0	1.0	0.714	1.0	0.333	0.75	1.0	1.0	0.25	0.0
1919	AT5G43910	RI	0.0	0.0	0.2	0.143	0.0	0.333	0.143	0.0	0.0	0.067	0.037	0.053	0.0	0.0
1920	AT1G11960	RI	0.0	1.0	0.2	0.086	0.059	0.0	0.163	0.04	0.143	0.143	0.625	0.143	0.111	0.0
1921	AT1G59560	RI	0.333	0.0	0.0	0.077	0.0		0.091	0.0			0.0	0.0	1.0	
1923	AT4G21410	RI	0.029	0.063	0.144	0.105	0.0	0.186	0.108	0.101	0.063	0.059	0.067	0.251	0.137	0.067
1925	AT5G06980	RI	0.026	0.068	0.044	0.084	0.081	0.065	0.061	0.043	0.05	0.027	0.089	0.071	0.078	0.077
1927	AT5G56020	RI	0.316	0.3	0.257	0.355	0.407	0.2	0.52	0.48	0.286	0.294	0.623	0.571	0.684	0.167
1929	AT1G20890	RI	0.154	0.0	0.116	0.009	0.043	0.25	0.043	0.071	0.2	0.103	0.061	0.0	0.018	0.231
1930	AT1G68580	RI	0.81	0.556	0.8	0.36	0.556	0.6	0.756	1.0	0.75	0.286	0.524	0.704	0.543	0.833
1931	AT1G68580	RI	1.0	0.899	1.0	0.972	0.978	1.0	0.947	0.974	0.979	0.912	0.99	0.923	0.934	0.973
1932	AT5G14210	RI	0.0	0.182	0.294	0.241	0.273		0.44	0.143	0.0	0.0	0.273	0.636	0.161	0.2
1933	AT4G00240	RI	0.0	1.0		1.0	1.0	1.0	0.667	1.0		1.0	1.0			1.0
1934	AT5G01670	RI	0.333	0.0	0.286	0.125	0.111	0.2	0.133	0.1	0.2	0.091	0.167	0.077	0.053	0.273
1935	AT5G38780	RI	0.0	0.143	1.0	0.0			0.0	0.5	1.0		0.0		0.2	
1936	AT1G01100	RI	0.98	0.983	0.967	0.976	0.977	0.977	0.985	0.985	0.978	0.962	0.978	0.979	0.988	0.982
1937	AT1G56540	RI			0.176	0.714	0.5		0.333	0.4		0.0	0.333	1.0	0.4	
1938	AT2G30340	RI			1.0		1.0	0.333	0.333						1.0	
1939	AT1G72770	RI	0.333	0.458	0.531	0.496	0.333	0.182	0.558	0.558	0.349	0.357	0.63	0.457	0.387	0.415
1940	AT5G45472	RI	0.714	0.759	0.647	0.706	0.833	0.714	0.746	0.673	0.875	0.545	0.833	0.946	0.869	1.0
1941	AT5G45472	RI	1.0	1.0	1.0	0.982	1.0	1.0	1.0	1.0	1.0	1.0	1.0	1.0	1.0	1.0
1942	AT1G56230	RI	0.339	0.17	0.0	0.146		0.204	0.102	0.162	0.255	0.0	0.114	0.204	0.204	0.204
1943	AT1G56230	RI	0.0	0.273	0.077	0.2	0.2	0.5	0.25	0.412	0.111	0.25	0.172	0.077	0.176	0.167
1944	AT5G66005	RI	0.0	0.0	0.111	0.091	0.0		0.0	0.111	0.0	0.0	0.0	0.0	0.0	
1945	AT5G66005	RI	0.5	0.0	0.2	0.0	0.5		0.333	0.091		0.0	0.0	0.6	1.0	0.0
1946	AT5G66005	RI	0.2		0.333	1.0	1.0		0.25	0.5		0.2	1.0	1.0	0.0	1.0
1947	AT5G66005	RI	1.0		1.0	1.0	1.0		1.0	1.0		1.0	1.0	0.5		1.0
1948	AT5G66005	RI	0.143	0.0	0.333	0.625	1.0		0.333	0.286	0.0	0.111	0.333	0.5	0.067	0.5
1950	AT1G56220	RI	0.398	0.421	0.437	0.46	0.392	0.407	0.509	0.437	0.336	0.331	0.431	0.478	0.409	0.395
1951	AT2G15890	RI	0.957	0.962	0.969	0.944	0.952	0.986	0.984	0.973	0.964	0.955	0.977	0.985	0.973	0.949
1952	AT1G05180	RI	0.167	0.13	0.161	0.0	0.222	0.0	0.077	0.042	0.077	0.0	0.189	0.027	0.04	0.04
1953	AT1G05180	RI	1.0	1.0	1.0	0.974	1.0	1.0	1.0	1.0	1.0	1.0	1.0	1.0	1.0	0.929
1955	AT3G57470	RI	0.714	0.867	0.429	0.677	0.429	1.0	0.68	1.0	0.833	0.333	0.8	0.538	0.913	0.429
1956	AT3G57470	RI	0.12	0.059	0.125	0.135	0.238	0.2	0.109	0.126	0.31	0.0	0.098	0.159	0.072	0.1
1959	AT2G40340	RI	0.0				1.0	1.0	0.333	0.0	1.0		1.0	1.0	0.0	1.0
1960	AT5G23760	RI	0.077	0.094	0.024	0.019	0.1	0.048	0.1	0.143	0.097	0.0	0.029	0.278	0.016	0.032
1961	AT4G11970	RI	0.333	0.75	0.636	0.565	0.667	0.6	0.652	0.619	0.5	0.333	0.6	0.385	1.0	0.667
1962	AT1G55750	RI	0.125	0.2	0.467	0.278	0.333	1.0	0.429	0.211	0.077	0.0	0.481	0.333	0.176	0.333
1963	AT1G55750	RI	1.0	1.0	1.0	0.8	1.0	1.0	1.0	1.0	1.0	0.0	0.778	1.0	1.0	1.0
1964	AT1G55750	RI	0.111	0.122	0.034	0.111	0.176	0.077	0.158	0.111	0.167	0.111	0.154	0.189	0.184	0.111
1965	AT5G18245	RI	1.0	1.0	1.0	0.733	1.0	1.0	1.0	0.6	1.0	1.0	0.857	1.0	1.0	1.0
1966	AT5G18245	RI	0.6	0.636	0.583	0.622	0.625	0.429	0.59	0.455	0.818	1.0	0.389	0.481	0.786	0.579
1967	AT5G18245	RI	1.0	0.75	0.419	0.677	1.0	1.0	0.667	0.55	0.667	1.0	0.628	0.75	0.727	0.75
1968	AT5G18245	RI	1.0	1.0	0.4	0.946	1.0	0.8	1.0	0.667	1.0	0.778	0.871	1.0	0.846	1.0
1969	AT5G18245	RI	0.714	1.0	0.941	0.709	1.0	1.0	1.0	0.929	0.8	1.0	1.0	0.838	0.875	1.0
1970	AT1G25280	RI	0.053	0.0	0.019	0.093	0.024	0.0	0.138	0.218	0.0	0.067	0.103	0.04	0.099	0.091
1971	AT1G55520	RI	0.2	0.129	0.049	0.113	0.111	0.043	0.176	0.131	0.135	0.152	0.258	0.2	0.162	0.067
1972	AT1G55500	RI	0.0	0.0	0.0	0.091	0.2	0.0	0.1	0.333	0.111	0.231	0.103	0.0	0.2	0.0
1973	AT1G55500	RI							1.0	1.0	1.0	1.0	0.333		1.0	
1974	AT3G19440	RI		0.0	0.0	0.0			0.0	0.333		0.5	0.667		0.0	0.0
1975	AT1G06110	RI	0.015	0.02	0.033	0.013	0.023	0.0	0.038	0.022	0.038	0.0	0.029	0.024	0.029	0.129
1976	AT1G55940	RI	0.0	1.0	1.0		1.0		1.0	1.0		1.0	0.0	1.0		1.0
1977	AT3G21260	RI	0.867	0.778	0.84	0.898	0.778	0.846	0.979	0.886	1.0	0.818	0.962	0.931	0.818	1.0
1978	AT5G15550	RI	0.167	0.0	0.2	0.222	0.143	0.333	0.143	0.091		0.0	0.111	0.0	0.273	0.0
1981	AT5G25770	RI	0.909	0.837	0.889	0.9	0.9	1.0	0.902	1.0	0.857	0.556	0.972	1.0	0.923	1.0
1982	AT5G25770	RI	0.882	1.0	1.0	1.0	1.0	1.0	0.925	1.0	1.0	1.0	1.0	1.0	1.0	1.0
1983	AT5G05310	RI	1.0	1.0	0.833	0.647	0.25	0.4	0.704	0.6	0.2	0.8	0.688	0.636	0.667	0.667
1984	AT5G05310	RI	0.333	0.077	0.182	0.349	0.333	0.2	0.378	0.333	0.143	0.429	0.419	0.4	0.125	0.167
1985	AT5G05310	RI	0.671	0.737	0.298	0.527	0.298	0.505	0.62	0.731	1.0	0.897	0.633	0.813	0.684	1.0
1986	AT1G73390	RI	0.083	0.067	0.162	0.099	0.0	0.0	0.148	0.017	0.0	0.0	0.033	0.0	0.143	0.05
1987	AT3G26510	RI	0.718	0.764	0.678	0.601	0.674	0.501	0.749	0.663	0.613	0.58	0.799	0.743	0.669	0.75
1988	AT3G26510	RI	0.535	0.552	0.573	0.779	0.754	0.527	0.544	0.771	0.645	0.667	0.632	0.69	0.681	0.647
1989	AT3G26510	RI	0.205	0.245	0.145	0.169	0.081	0.143	0.154	0.126	0.137	0.135	0.255	0.129	0.193	0.196
1990	AT3G49210	RI	0.143	0.143	0.238	0.294	0.667	0.333	0.119	0.111	0.286	0.2	0.2	0.143	0.158	0.385
1991	AT4G30190	RI	0.0	0.027	0.02	0.014	0.003	0.03	0.019	0.009	0.006	0.012	0.014	0.013	0.007	0.021
1992	AT1G04985	RI	0.15	0.143	0.12	0.173	0.111	0.241	0.253	0.205	0.128	0.174	0.189	0.154	0.1	0.118
1993	AT1G29630	RI			0.0	0.0	0.0		0.0			0.333				
1994	AT1G17930	RI	0.0	0.2	0.455	0.111	0.143	0.0	0.273	0.167	0.2	0.0	0.0	0.053	0.6	0.5
1995	AT1G54920	RI	0.051	0.0	0.136	0.076	0.0	0.0	0.098	0.072	0.055	0.065	0.098	0.041	0.074	0.061
1997	AT3G13030	RI	0.778	0.636	0.667	0.96	0.857	0.25	0.947	0.882	0.636	1.0	0.875	1.0	0.902	0.81
1998	AT4G37550	RI	0.036	0.057	0.038	0.056	0.094	0.0	0.043	0.075	0.0	0.036	0.022	0.1	0.013	0.014
1999	AT4G37550	RI	0.182	0.111	0.059	0.106	0.023	0.1	0.218	0.078	0.0	0.037	0.225	0.143	0.143	0.132
2000	AT1G28330	RI	0.189	0.266	0.251	0.247	0.224	0.23	0.294	0.276	0.192	0.208	0.283	0.22	0.187	0.24
2001	AT1G28330	RI	0.17	0.152	0.19	0.207	0.199	0.122	0.262	0.171	0.159	0.188	0.202	0.138	0.173	0.16
2003	AT3G16520	RI	1.0	1.0	1.0	1.0	0.909	1.0	1.0	1.0	1.0	1.0	1.0	1.0	1.0	0.905
2005	AT1G54390	RI	0.273	0.071	0.214	0.269	0.135	0.333	0.333	0.25	0.2	0.231	0.173	0.083	0.169	0.25
2006	AT1G54390	RI	0.143	0.231	0.081	0.058	0.0	0.143	0.149	0.03	0.13	0.091	0.053	0.032	0.029	0.143
2007	AT1G54390	RI	0.143	0.083	0.289	0.235	0.189	0.286	0.246	0.091	0.333	0.286	0.273	0.167	0.2	0.029
2008	AT1G54360	RI	0.0	0.07	0.452	0.164	0.208	0.062	0.223	0.091	0.344	0.062	0.058	0.29	0.193	0.173
2009	AT4G30630	RI	0.13	0.259	0.212	0.275	0.333	0.143	0.149	0.164	0.2	0.231	0.192	0.12	0.125	0.333
2011	AT1G54217	RI		1.0		1.0			1.0	0.333			1.0	1.0	1.0	
2012	AT4G04500	RI	0.0	0.0		0.0				0.336	0.336		0.0		0.0	
2014	AT1G73280	RI		1.0	0.143	0.0	0.0		0.067	0.143	1.0	0.143	0.0	1.0	0.0	1.0
2015	AT1G73280	RI		0.0	0.0	0.0	0.35		0.212	1.0	0.0	0.0	0.0	0.265	0.35	0.0
2016	AT5G06690	RI	0.109	0.191	0.14	0.175	0.115	0.153	0.136	0.122	0.229	0.211	0.236	0.145	0.134	0.167
2017	AT5G06690	RI	1.0	1.0	1.0	0.877	1.0	0.778	1.0	1.0	1.0	1.0	0.962	1.0	1.0	1.0
2018	AT5G06690	RI	0.09	0.211	0.177	0.149	0.1	0.147	0.202	0.205	0.149	0.209	0.228	0.195	0.085	0.172
2019	AT1G54020	RI				0.0							0.336			
2020	AT1G53940	RI		0.111	0.0	0.0	0.0		0.167		0.0	0.0	0.0	0.0	1.0	
2023	AT3G60590	RI	1.0	1.0	1.0	0.974	0.941	1.0	0.905	1.0	0.913	1.0	0.839	0.905	0.92	1.0
2024	AT1G58410	RI	1.0	1.0	0.667	0.75	1.0		0.6	1.0	1.0	1.0	0.6	1.0	1.0	0.667
2026	AT5G56850	RI	1.0	1.0	1.0	0.818	1.0		1.0	1.0	1.0	1.0	1.0	1.0	0.8	1.0
2027	AT5G56850	RI	0.0		1.0	0.111							1.0		0.0	
2028	AT2G27060	RI	1.0	0.755	1.0	0.893	0.85	0.885	0.935	0.952	1.0	1.0	0.907	0.832	0.828	0.919
2029	AT5G66070	RI	0.505	0.145	0.561	0.226	0.234	0.0	0.405	0.145	0.0	0.0	0.38		0.781	0.605
2030	AT5G66070	RI	0.636	0.13	0.263	0.818	0.263	1.0	0.418	0.417	0.143	0.091	0.368	0.333	0.407	0.385
2032	AT3G50040	RI			0.0			0.0	0.5	0.0		0.0		0.0	0.0	
2033	AT3G11950	RI			0.5	1.0	1.0		0.6	0.455	0.0	0.0	0.6	1.0	0.429	1.0
2034	AT3G11950	RI			1.0	1.0	1.0		1.0	0.468	1.0	1.0	0.779	1.0	1.0	0.0
2035	AT5G13240	RI	0.263	0.2	0.098	0.124	0.023	0.0	0.095	0.067	0.027	0.077	0.07	0.111	0.083	0.067
2036	AT1G10820	RI	0.889	1.0	1.0	1.0	0.909	0.714	1.0	0.875	1.0	1.0	1.0	0.882	1.0	1.0
2038	AT1G75380	RI	0.04	0.028	0.03	0.04	0.004	0.017	0.028	0.045	0.011	0.015	0.03	0.018	0.021	0.04
2039	AT1G53090	RI	0.143	0.455	0.467	0.333	0.333	1.0	0.4	0.75	1.0		0.692	0.333	0.333	1.0
2040	AT5G25630	RI	0.333	0.474	0.2	0.265	0.429	0.375	0.607	0.273	0.25	0.1	0.365	0.28	0.25	0.182
2041	AT1G53040	RI	0.048	0.059	0.053	0.261	0.111	0.333	0.049	0.122	0.091	0.3	0.045	0.03	0.0	0.037
2042	AT1G53025	RI		0.75	0.75	1.0	1.0	0.778	1.0	0.714	1.0	0.0	0.818	1.0	0.714	0.778
2043	AT3G61710	RI	0.0	0.143	0.176	0.2	0.07	0.167	0.182	0.096	0.071	0.083	0.111	0.128	0.125	0.444
2044	AT3G61710	RI	0.12	0.385	0.231	0.123	0.077	0.0	0.28	0.094	0.0	0.077	0.138	0.191	0.091	0.053
2047	AT5G15390	RI	0.241	0.132	0.233	0.217	0.126	1.0	0.178	0.575	0.0	0.0	0.253	0.47	0.297	1.0
2048	AT4G14410	RI	0.6	1.0	0.75	0.818	0.556		0.688	0.857	0.818	1.0	0.75	0.636	0.412	0.778
2049	AT1G61850	RI	0.214	0.2	0.176	0.296	0.152	0.143	0.148	0.186	0.111	0.032	0.188	0.231	0.043	0.118
2051	AT5G59980	RI	0.0	1.0	0.6	0.556	0.333	0.0	1.0	0.6	1.0	1.0	1.0	1.0	1.0	1.0
2053	AT1G67080	RI	0.221	0.203	0.356	0.26	0.203	0.145	0.122	0.495	0.38	0.277	0.321	0.338	0.106	0.218
2054	AT2G20790	RI	0.072	0.112	0.091	0.144	0.091	0.386	0.025	0.04	0.0	0.227	0.185	0.172	0.193	0.0
2057	AT3G50380	RI	0.826	0.412	0.73	0.967	0.818	1.0	0.744	0.875	0.895	1.0	0.765	1.0	0.568	0.909
2058	AT1G52730	RI	0.545	0.75	0.657	0.704	0.75	0.833	0.591	0.556	0.6	1.0	0.8	0.75	0.746	0.833
2059	AT1G76990	RI	0.6	1.0	0.529	0.692	1.0	0.2	0.857	0.84	1.0	0.778	0.815	0.636	0.929	1.0
2060	AT2G18060	RI	0.0		1.0				1.0	0.6				1.0	0.0	
2061	AT3G44530	RI	0.059	0.0	0.143	0.2	0.2	0.0	0.5	0.067	0.333	0.5	0.25	0.333	0.241	0.0
2062	AT1G52540	RI	0.106	0.097	0.071	0.172	0.0	0.048	0.122	0.07	0.333	0.091	0.107	0.019	0.137	0.333
2063	AT5G24670	RI	0.074	0.101	0.056	0.114	0.022	0.091	0.073	0.069	0.0	0.05	0.075	0.011	0.057	0.164
2064	AT2G47410	RI	0.6	0.333	0.765	0.565	0.5	1.0	0.882	0.412	0.333	1.0	0.733	0.667	0.714	0.556
2065	AT2G47410	RI	0.6	0.086	0.52	0.263	1.0	0.25	0.5	0.412	0.273	0.429	0.385	0.75	0.172	0.238
2066	AT1G17040	RI	0.0	0.113	0.0	0.0	0.0	0.0	0.203	0.0	0.0	0.0	0.338	0.203	0.505	
2067	AT4G03440	RI		1.0	0.5	0.538	0.333	0.0	0.636	0.0	1.0	0.0	0.111	0.25	0.333	0.6
2068	AT1G54820	RI	1.0	1.0	0.0	0.167			0.0	1.0		1.0	1.0	0.0	0.0	0.0
2069	AT1G54820	RI	0.0		0.333	0.143	0.0		0.143	0.0	0.0		1.0	0.778	0.2	0.0
2070	AT1G51890	RI		0.0			0.0	0.347	0.0	0.347		0.0	0.0	0.0	0.0	0.0
2071	AT1G51890	RI	0.0	0.333	0.0	0.091		0.0	0.053	0.0			0.0	0.0	0.091	0.0
2072	AT1G51890	RI	1.0	1.0	1.0	1.0	1.0	1.0	1.0	1.0	1.0	1.0	0.8	1.0	1.0	1.0
2074	AT2G01900	RI	1.0	0.429	0.714	0.286	0.0	1.0	0.333	0.143	1.0	1.0	0.524	1.0	1.0	0.2
2075	AT2G40435	RI	0.0	0.0	0.0	0.143			0.2			0.0	0.0	0.2	0.0	0.0
2078	AT1G51645	RI	0.0	0.455	0.429	0.467	0.333	0.25	0.6	0.455	0.556		0.385	0.3	0.333	0.0
2079	AT1G51620	RI	0.0		0.6	1.0	1.0	0.0	0.0	1.0	1.0	1.0	1.0	1.0	1.0	0.0
2080	AT1G64625	RI	0.0	0.0	1.0		0.0		0.0	0.0			0.0		0.0	0.0
2081	AT1G19430	RI	0.333	0.077	0.185	0.143	0.0	0.0	0.106	0.027	0.2	0.04	0.077	0.158	0.034	0.067
2082	AT1G79520	RI	0.2	0.2	0.333	0.343	0.25	0.429	0.347	0.643	0.368	0.714	0.517	0.467	0.536	0.185
2083	AT1G79520	RI	0.111	0.2	0.111	0.081	0.6	1.0	0.156	0.391	0.2	0.25	0.2	0.263	0.5	0.333
2084	AT2G20585	RI	0.333	1.0	0.5	0.667	0.5	0.0	0.75	0.111	1.0	0.2	1.0	1.0	0.167	1.0
2085	AT2G20585	RI	1.0	0.2	0.571	0.857	1.0	0.25	0.6	0.167	0.0	0.2	0.286	0.333	0.333	0.5
2086	AT2G20585	RI	0.294		0.333	0.333	1.0	0.333	0.273	0.636	0.0	0.143	0.467	0.667	0.2	0.143
2087	AT5G11330	RI	0.059	0.029	0.055	0.171	0.143	0.043	0.107	0.109	0.043	0.135	0.117	0.111	0.117	0.071
2088	AT2G13800	RI	0.071	0.47	0.262	0.262	0.21	0.347	0.151	0.132	0.062	0.117	0.237	0.0	0.21	0.21
2089	AT4G04880	RI	0.0	0.111	0.167	0.111	0.273		0.273	0.0	0.2	0.2	0.059	0.111	0.102	0.2
2090	AT4G04880	RI	0.375	0.0	0.333	0.143	0.231	0.0	0.143	0.282	0.0	0.167	0.0	0.308	0.059	0.143
2092	AT5G28770	RI	0.088	0.148	0.026	0.092	0.054	0.093	0.122	0.032	0.085	0.041	0.055	0.055	0.077	0.091
2093	AT5G28770	RI	0.139	0.055	0.059	0.061	0.044	0.07	0.062	0.082	0.033	0.012	0.146	0.055	0.096	0.148
2095	AT2G03140	RI		0.333	0.429	0.76	1.0		0.304	0.2		0.333	0.176	0.846	0.273	0.2
2096	AT2G03140	RI	0.2	1.0	0.333	0.917	0.5		0.765	0.571		0.333	0.263	0.4	0.158	1.0
2097	AT2G03140	RI	0.0	0.0	0.692	0.067	0.333	1.0	0.167	1.0	1.0	1.0	0.429	0.25	0.429	0.333
2098	AT4G12020	RI	0.167	0.5	0.5	0.2		1.0	0.333	0.12	0.467	0.286	0.133	0.167	0.167	0.0
2099	AT4G12020	RI	1.0	1.0	1.0	0.5	1.0	1.0	0.778	1.0	1.0	1.0	1.0	1.0	1.0	
2100	AT4G12020	RI	0.143	0.6	0.333	0.091	0.6	0.6	0.226	0.238	0.5	0.333	0.071	0.091	0.111	0.0
2104	AT1G18750	RI	0.333	0.0	0.0	0.176	0.0	0.0	0.2	0.2		0.143	0.0	0.0		0.0
2106	AT1G27960	RI	0.385	0.778	0.6	0.375	1.0	0.143	0.455	0.667	1.0	0.0	0.2	0.111	0.625	0.5
2107	AT4G10120	RI	0.111	0.143	0.0	0.238	1.0	0.0	0.368	1.0	0.25	0.333	0.625	0.077	0.556	0.714
2108	AT4G10120	RI	0.0	0.061	0.034	0.097	0.0	0.0	0.222	0.0	0.045	0.0	0.133	0.0	0.067	0.158
2109	AT1G18670	RI	0.167	0.154	0.286	0.263	0.111	0.0	0.333	0.308	0.143	0.067	0.182	0.238	0.143	0.059
2111	AT1G30080	RI			0.0	0.2	0.0		0.0		0.0	0.0		0.0	0.0	0.2
2114	AT1G56550	RI	0.0	0.0	1.0	0.0		0.333	0.053	0.143	1.0	0.125	0.167	0.143	0.0	0.091
2115	AT1G18470	RI	0.029	0.079	0.059	0.059	0.0	0.0	0.221	0.066	0.04	0.0	0.094	0.0	0.043	0.0
2116	AT5G11380	RI	0.667	0.818	1.0	0.857	1.0	1.0	1.0	1.0	1.0	1.0	1.0	0.818	1.0	1.0
2117	AT5G11380	RI	0.0	0.333	0.5	0.2			0.5	0.846	1.0	1.0	1.0	1.0	0.714	0.0
2118	AT5G11380	RI	0.0	0.0	0.667	0.067	0.0		0.167	0.4	0.2	0.4	0.5	0.273	0.333	0.0
2119	AT1G72970	RI	1.0	1.0	1.0	1.0	1.0	1.0	1.0	0.975	1.0	1.0	1.0	0.952	1.0	1.0
2120	AT1G18400	RI	0.118	0.085	0.129	0.06	0.022	0.167	0.193	0.108	0.043	0.122	0.125	0.102	0.041	0.152
2123	AT1G08810	RI	0.25	0.0	0.111	0.75	0.0		0.2	0.0	0.0	0.0	0.385	0.5	0.429	0.0
2125	AT4G14520	RI	0.714	0.5	0.091	0.6		0.0	0.6	0.333	0.0	0.0	0.053	0.0	0.222	0.25
2126	AT4G14520	RI	0.2	0.429	1.0	0.0	0.143	0.0	0.6	0.429	0.0	0.0	0.273	0.0	0.5	1.0
2127	AT4G14520	RI	0.667	1.0	1.0	0.176	0.111	0.0	0.583	0.5	0.0		0.5	0.0	0.333	1.0
2128	AT4G14520	RI	0.143	1.0	0.667	0.0	0.059	0.0	0.231	0.067	0.0	0.333	0.455	0.0	0.333	0.0
2129	AT5G60930	RI	0.0	1.0	0.0		0.0		0.143	0.0		0.0	0.333	0.0	0.0	0.0
2130	AT3G28700	RI	0.0		1.0	0.152			0.0	0.35	0.0	0.0	0.35	0.0	0.063	
2131	AT1G33270	RI	0.25	0.111	0.294	0.333	0.5	0.0	0.379	0.348	0.1	0.238	0.481	0.4	0.333	0.304
2132	AT3G30305	RI	1.0		0.2	0.667		0.0	0.333			1.0	0.385	0.429		1.0
2134	AT5G51370	RI	0.342	0.0	0.207	0.229	0.115	0.0	0.0	0.094	0.51	1.0	0.172	0.0	0.172	0.342
2135	AT1G69250	RI	0.231	0.176	0.571	0.19	0.158	0.5	0.35	0.407	0.2	0.25	0.25	0.63	0.277	0.111
2136	AT1G07780	RI	0.0	1.0	0.25	0.0		0.0	0.0				0.0			1.0
2137	AT1G07780	RI	0.0	0.0	0.333	0.25	0.333	1.0	0.6	0.143	0.2	0.5	0.273	0.75	0.167	0.0
2139	AT1G69450	RI	0.659	0.609	0.6	0.446	0.744	0.652	0.6	0.726	0.436	0.349	0.52	0.475	0.386	0.583
2145	AT3G05165	RI	0.157	0.06	0.116	0.089	0.108	0.188	0.148	0.086	0.195	0.094	0.107	0.056	0.066	0.051
2146	AT3G05165	RI	0.8	1.0	0.857	1.0	0.833	1.0	0.927	0.864	1.0	0.8	1.0	1.0	0.75	1.0
2147	AT1G02990	RI	1.0	1.0	1.0	1.0	1.0	0.333	1.0	1.0	1.0	1.0	0.81	1.0	0.889	0.8
2148	AT1G02990	RI	1.0	1.0	1.0	1.0	1.0	1.0	1.0	1.0	1.0	1.0	0.917	1.0	1.0	1.0
2149	AT1G33110	RI	0.0	0.0	0.333	0.263	0.0	0.5	0.273	0.0		0.0	0.25		0.0	
2150	AT1G15060	RI	0.091	0.03	0.385	0.053	0.2	0.091	0.119	0.217	0.167	0.059	0.087	0.241	0.103	0.0
2152	AT1G14710	RI	0.118	0.214	0.2	0.094	0.053	0.053	0.087	0.2	0.455	0.037	0.333	0.394	0.357	0.067
2153	AT1G06710	RI	0.714		1.0	0.667	1.0	1.0	0.636	1.0	1.0		0.091	0.0	1.0	
2155	AT1G06710	RI	1.0		1.0	0.333	1.0		1.0	0.5	0.0	0.0	1.0	0.0	1.0	
2156	AT1G06710	RI	1.0		0.5	1.0	1.0	1.0	1.0	1.0		1.0	1.0	1.0	1.0	
2157	AT1G06710	RI	0.0	0.0	1.0	0.5	0.333	1.0	0.778	1.0		1.0	0.333	0.5		
2158	AT1G06710	RI	0.5		1.0	0.273	0.333	0.333	0.0	0.4	0.0		0.5	0.0	0.0	
2160	AT1G55110	RI	1.0	1.0	1.0	1.0	1.0	1.0	1.0	1.0	1.0	0.714	1.0	1.0	1.0	1.0
2161	AT1G55110	RI	0.077	0.0	0.034	0.13	0.176	0.105	0.186	0.1	0.091	0.0	0.28	0.037	0.079	0.077
2162	AT1G16540	RI	0.0	0.148	0.439	0.238	0.61	0.0	0.342	0.207	0.0	0.0	0.182	0.0	0.08	0.0
2163	AT1G16540	RI	0.147	0.0	0.115	0.137	0.129	0.0	0.468	0.22	0.341	0.171	0.162	0.086	0.508	0.205
2164	AT2G05520	RI	1.0	1.0	1.0	1.0	1.0	1.0	0.975	1.0	1.0	1.0	1.0	1.0	1.0	1.0
2165	AT2G05520	RI	1.0	1.0	0.94	1.0	0.887	1.0	1.0	1.0	1.0	1.0	1.0	0.967	1.0	1.0
2166	AT1G72840	RI	0.429	0.455	0.333	0.048	0.143	0.273	0.474	0.455	0.5	0.0	0.2	0.7	0.0	0.333
2167	AT2G29680	RI		0.0	0.0	1.0			0.0	0.0	0.0	0.0	0.0	0.0	0.0	0.2
2168	AT3G61010	RI	0.6	0.25	0.105	0.072	0.0	0.0	0.057	0.081	0.0	0.048	0.184	0.075	0.115	0.2
2169	AT3G61010	RI	0.727	0.689	0.636	0.672	0.535	0.727	0.767	0.697	0.444	0.6	0.625	0.673	0.774	0.733
2170	AT1G24240	RI	0.2	0.167	0.111	0.053	0.143	0.0	0.034	0.25	0.0	0.091	0.2	0.077	0.022	0.429
2173	AT3G58220	RI	0.5	0.419	0.484	0.541	0.286	0.2	0.419	0.4	0.222	0.4	0.474	0.571	0.611	0.455
2176	AT1G16040	RI	1.0	0.889	1.0	1.0	1.0	1.0	1.0	1.0	1.0	1.0	1.0	1.0	1.0	1.0
2177	AT5G08580	RI	0.143	0.273	0.273	0.191	0.429	0.5	0.278	0.333	0.333	0.333	0.091	0.391	0.267	0.143
2178	AT1G09710	RI	0.0	0.037	0.091	0.231	0.143	0.143	0.385	0.182	0.0	0.077	0.125	0.067	0.25	0.125
2179	AT3G25790	RI	0.0	0.0	0.0	0.0	0.0		0.333	0.143		0.0	0.0	1.0	0.0	
2180	AT5G03900	RI	0.4	0.083	0.2	0.058	0.077	0.538	0.235	0.231	0.097	0.2	0.31	0.13	0.099	0.143
2181	AT2G28060	RI	0.286	0.25	0.429	0.347	0.286	0.538	0.267	0.217	0.133	0.2	0.317	0.238	0.4	0.3
2182	AT1G50120	RI	0.429	0.167	0.161	0.088	0.25	0.5	0.2	0.364	0.167	0.143	0.412	0.188	0.182	0.667
2183	AT1G16250	RI	0.222	0.467	0.391	0.319	0.25	0.667	0.463	0.185	0.176	0.238	0.412	0.243	0.211	0.154
2184	AT1G69520	RI	1.0	0.5	1.0	0.391	1.0	0.0	0.25	1.0	0.333	0.0	0.5	1.0	0.0	1.0
2185	AT4G34610	RI	0.0	0.111	0.333	0.25		0.0	0.5	0.167	0.0	0.2	0.143	0.333	0.111	0.143
2186	AT2G26070	RI	0.125	0.125	0.2	0.226	0.0	0.0	0.241	0.286	0.0	0.167	0.048	0.143	0.15	0.0
2187	AT3G47550	RI	0.225	0.166	0.205	0.285	0.147	0.115	0.418	0.408	0.0	0.171	0.368	0.194	0.133	0.162
2188	AT1G17970	RI	0.182	0.357	0.278	0.308	0.143	0.429	0.478	0.25	0.2	0.263	0.194	0.391	0.118	0.059
2189	AT1G16020	RI	0.333	1.0	0.4	0.636	0.0		0.692	1.0		0.0	0.2	0.2	0.333	1.0
2190	AT2G40070	RI	0.0	0.2	0.154	0.067	0.043	0.143	0.381	0.091	0.0	0.158	0.143	0.143	0.176	0.294
2192	AT1G22640	RI	0.073	0.152	0.069	0.095	0.125	0.12	0.152	0.084	0.152	0.143	0.103	0.098	0.14	0.138
2193	AT2G17320	RI	0.372	0.234	0.102	0.07	0.228	0.228	0.056	0.105	0.129	0.187	0.056	0.041	0.321	0.0
2194	AT3G55510	RI	0.0	0.0	0.0	0.333	0.0	1.0	0.04	0.444	1.0	0.0	0.2	0.2	0.286	0.0
2195	AT1G15790	RI	0.071	0.333	0.273	0.138	0.286	0.0	0.22	0.032	0.263	0.4	0.231	0.118	0.2	0.25
2196	AT1G15790	RI	0.0	0.4	1.0	0.75	0.111		0.304	0.077	0.429	0.429	0.4	1.0	0.176	0.6
2197	AT1G67710	RI	0.035	0.232	0.084	0.239	0.0	0.077	0.059	0.084	0.091	0.0	0.0	0.0	0.07	0.0
2198	AT1G67710	RI	0.143	0.0	0.214	0.077	0.091	0.2	0.133	0.103	0.053	0.333	0.029	0.231	0.255	0.0
2199	AT1G67520	RI				0.08					0.0	0.0			1.0	
2201	AT1G67520	RI		1.0	1.0	1.0			1.0	1.0	1.0	1.0	1.0	0.5	1.0	1.0
2203	AT1G67520	RI			1.0				1.0				1.0	1.0	0.0	1.0
2204	AT3G14190	RI	0.2	1.0	0.143	0.143	0.0	0.333	0.2	0.263		0.0	0.1	0.0	0.143	0.167
2205	AT1G15490	RI	0.0	0.0	0.0	0.0	0.0	0.0	0.278		0.339	0.0	0.0	0.093	0.0	0.0
2206	AT1G15490	RI	0.0	0.111	1.0	0.4		1.0	0.667	0.25	0.0	0.0	0.167		0.4	
2207	AT1G15490	RI	0.0	0.2	1.0	0.5	0.0	1.0	0.667	0.429	0.0	0.0	0.333	0.0	0.5	0.0
2208	AT5G56650	RI	0.294	0.579	0.136	0.407	0.172	0.067	0.275	0.239	0.333	0.538	0.262	0.125	0.389	0.474
2209	AT1G05860	RI	0.263	0.474	0.444	0.574	0.12	0.444	0.37	0.696	0.778	0.375	0.347	0.75	0.368	0.467
2210	AT1G24265	RI	0.606	1.0	0.339	0.204			0.339	1.0		0.0	1.0	1.0	0.673	0.72
2212	AT1G49040	RI	0.2	0.478	0.333	0.214	0.182	0.059	0.259	0.191	0.067	0.182	0.2	0.138	0.133	0.263
2213	AT1G02880	RI	0.667	1.0	1.0	1.0	1.0		1.0	1.0	1.0		0.778	1.0	1.0	1.0
2214	AT1G02880	RI	0.5	0.111	0.267	0.257	0.6	0.0	0.189	0.429	1.0	0.0	0.212	0.13	0.25	0.111
2215	AT5G01770	RI			0.0	0.2	1.0		0.75	0.0	0.0	0.333	0.167	0.0	0.0	1.0
2217	AT2G04800	RI	1.0	0.0	1.0	0.818	1.0	1.0	1.0	1.0	0.0	1.0	0.857	0.714	0.875	1.0
2218	AT2G04800	RI	0.091	0.0	0.091	0.234	0.1	0.6	0.407	0.182	0.0	0.12	0.127	0.212	0.319	0.2
2219	AT1G69420	RI	1.0	1.0	0.959	1.0	1.0	1.0	1.0	1.0	1.0	1.0	1.0	1.0	0.949	0.867
2222	AT1G77800	RI	0.6	0.826	0.684	0.667	0.867	0.75	0.714	0.8	0.6	0.529	0.533	0.875	0.744	0.667
2223	AT1G77800	RI	0.455	1.0	0.867	1.0	1.0	0.778	1.0	0.923	1.0	1.0	1.0	0.939	0.957	0.875
2224	AT1G14970	RI		0.5	0.429	0.5	1.0	0.0	0.778	1.0	0.429	1.0	0.4	1.0	0.0	0.0
2225	AT4G35020	RI	0.3	0.0	0.073	0.082	0.158	0.176	0.103	0.07	0.048	0.125	0.108	0.215	0.011	0.143
2227	AT1G67792	RI	0.2	0.143	0.0	0.231	0.0		0.091	0.571	1.0	1.0	0.0	0.6	1.0	0.0
2228	AT1G67792	RI	1.0	0.5	1.0	0.333	0.5	0.5	0.875	0.529	1.0	1.0	0.778	0.857	1.0	0.556
2229	AT1G14530	RI	0.0	0.0	0.333	0.0	0.0		0.368	0.0	0.0	0.0	0.4	0.0	0.25	0.0
2230	AT5G16180	RI	0.083	0.067	0.067	0.047	0.2	0.25	0.231	0.071	0.2	0.0	0.105	0.217	0.36	0.0
2231	AT1G05950	RI	0.0	0.0	0.0	0.467	0.0	0.0	0.333	0.158	0.0	0.0	0.231	0.2	0.0	
2232	AT1G05950	RI	0.207	0.0	0.115	0.61	0.0		0.723	0.294		0.0	0.148	0.0	0.13	0.0
2233	AT1G05950	RI	1.0	0.0	0.333	0.6	0.0		0.714	0.6			0.333	0.333	1.0	
2234	AT2G26540	RI	0.0	0.0	0.333	0.083	0.0		0.053	0.333	0.0	0.333	0.053	0.167	0.333	0.333
2235	AT5G58690	RI	1.0	0.834	1.0	1.0	1.0	1.0	0.847	1.0	0.819		0.602	1.0	1.0	1.0
2236	AT1G30130	RI	0.0	0.267	0.407	0.186	0.167	0.143	0.36	0.32	0.333	0.4	0.318	0.333	0.172	0.333
2240	AT1G14240	RI		1.0	1.0	1.0			1.0		1.0	1.0	1.0	0.5	1.0	1.0
2243	AT1G49730	RI	1.0	1.0	0.922	0.947	1.0	1.0	0.948	1.0	0.93	1.0	1.0	0.974	1.0	1.0
2244	AT1G49730	RI	0.2	0.222	0.123	0.135	0.2	0.0	0.14	0.073	0.043	0.0	0.062	0.143	0.194	0.25
2245	AT1G14170	RI	0.818	0.909	1.0	1.0	1.0	1.0	1.0	1.0	1.0	1.0	1.0	1.0	1.0	1.0
2246	AT1G14170	RI	0.636	0.895	0.351	0.705	0.9	0.538	0.672	0.4	0.846	0.412	0.895	0.415	0.619	0.357
2249	AT2G47890	RI	0.0	0.0		0.0	0.0		0.25	0.0	0.0	0.0	0.0	0.0	0.0	0.333
2252	AT1G08620	RI	0.6	0.667	0.8	0.44	0.733	0.2	0.684	0.4	0.429	0.143	0.471	0.364	0.231	0.538
2253	AT1G08620	RI	0.0	0.111	0.055	0.068	0.059	0.077	0.062	0.032	0.034	0.045	0.098	0.081	0.059	0.059
2256	AT5G21222	RI		1.0	1.0	1.0	0.714		0.81	1.0	1.0	1.0	1.0	1.0	1.0	1.0
2257	AT3G56300	RI	1.0		1.0	1.0			1.0	1.0		1.0	1.0	0.6		1.0
2258	AT2G38170	RI	0.064	0.07	0.064	0.045	0.052	0.052	0.079	0.059	0.026	0.045	0.073	0.054	0.04	0.083
2259	AT3G47630	RI	0.0	0.111	0.059	0.13	0.0	0.091	0.125	0.0	0.0	0.0	0.053	0.217	0.135	0.0
2260	AT3G47630	RI		1.0		1.0	0.0		0.111	1.0	1.0	1.0	0.429	1.0	1.0	1.0
2261	AT1G56145	RI	0.0	0.048	0.0	0.0	0.091	0.0	0.048	0.0	0.0	0.067	0.103	0.182	0.0	0.0
2262	AT1G13920	RI	0.204		0.0	0.291		0.0	0.0	1.0			0.0	0.0	0.507	0.339
2263	AT1G13920	RI	1.0	0.0	0.143	0.0	0.0		0.143	1.0		0.333	0.2	0.0	0.0	0.0
2264	AT5G11350	RI	0.0	0.296	0.07	0.108	0.0	0.0	0.168	0.07	0.087	0.282	0.154	0.08	0.095	0.116
2265	AT1G06060	RI	0.211	0.111	0.228	0.085	0.038	0.071	0.182	0.103	0.091	0.1	0.197	0.118	0.119	0.171
2266	AT1G13770	RI	0.0	0.0	0.143	0.118	0.0	0.111	0.152	0.077	0.0	0.0	0.333	0.2	0.294	0.429
2267	AT1G13770	RI	0.0	0.25	0.3	0.171	0.333	0.333	0.176	0.185	0.0	0.0	0.143	0.524	0.2	0.429
2269	AT5G12420	RI		0.0	0.0	0.0	0.0		0.25	0.0	0.0	0.0	0.0	0.0	0.0	0.0
2270	AT1G07980	RI	0.0	0.067	0.067	0.111	0.143	0.25	0.294	0.163	0.0	0.5	0.3	0.043	0.257	0.176
2271	AT1G56520	RI	1.0	1.0	0.25	0.778	0.5	1.0	1.0	1.0	1.0		1.0	1.0	1.0	1.0
2274	AT5G06800	RI		0.2	1.0	1.0			1.0	1.0	1.0		0.111	0.667	0.0	1.0
2275	AT5G06800	RI	0.0	0.143	0.2	0.103	0.0	0.0	0.333	0.053	0.25	0.0	0.0	0.5	0.0	0.25
2276	AT4G32780	RI	0.0		0.333	0.111	0.0		0.111	0.0		0.0	0.6	0.25	0.125	0.0
2277	AT5G24310	RI		0.0	0.0	0.0	0.0	0.0	0.25	0.091	0.333	0.0	0.2	0.125	0.0	0.0
2278	AT1G19870	RI	0.188	0.118	0.172	0.142	0.103	0.1	0.201	0.137	0.093	0.1	0.231	0.209	0.236	0.136
2279	AT5G59220	RI	0.0	0.143	0.1	0.057	0.0	0.0	0.116	0.07	0.0	0.0	0.042	0.059	0.082	0.158
2280	AT5G19070	RI	0.176	0.067	0.125	0.164	0.0	0.067	0.163	0.091	0.2	0.091	0.053	0.056	0.059	0.231
2282	AT3G18850	RI	1.0	1.0	1.0	0.956	1.0	1.0	1.0	1.0	1.0	1.0	1.0	1.0	1.0	1.0
2283	AT3G18850	RI	1.0	0.0	0.0	0.091	0.0		0.6	0.111		0.0	0.429	0.273	0.6	1.0
2285	AT5G61910	RI	1.0	1.0	1.0	1.0	1.0	1.0	1.0	1.0	0.867	1.0	1.0	1.0	1.0	1.0
2286	AT1G80650	RI	0.385	0.333	0.152	0.5	0.462	0.429	0.205	0.412	0.133	0.143	0.259	0.429	0.379	0.111
2287	AT1G80650	RI	1.0	0.846	0.75	0.778	1.0	0.667	1.0	0.727	0.714	0.455	0.714	0.875	0.684	1.0
2288	AT1G14560	RI	1.0	0.333	0.333	0.364	0.5	0.0	0.444	0.13	0.0	0.429	0.273	0.529	0.238	0.333
2291	AT4G29550	RI			0.333										0.0	
2292	AT3G27610	RI	1.0	0.176	0.077	0.111	0.556	0.143	0.268	0.2	0.4	0.0	0.184	0.053	0.111	0.231
2293	AT3G27610	RI	1.0	1.0	1.0	1.0	0.5		1.0	1.0	1.0		0.286	0.333	1.0	1.0
2294	AT3G27610	RI	0.636	0.282	0.429	0.294	0.111	0.429	0.641	0.579	0.222	0.333	0.294	0.238	0.25	0.333
2295	AT3G27610	RI	0.429	0.385	0.818	0.5	0.333	0.333	0.488	0.636	0.333	0.267	0.333	0.714	0.517	0.471
2296	AT3G27610	RI	1.0	0.4	0.739	0.923	1.0	1.0	0.846	1.0	1.0	1.0	0.926	1.0	1.0	1.0
2297	AT1G09730	RI	0.073	0.059	0.0	0.1	0.034	0.143	0.148	0.049	0.0	0.103	0.149	0.107	0.143	0.0
2298	AT2G38010	RI	0.0			0.0		0.5	0.25	0.0	0.0	0.0	0.0		0.5	0.0
2300	AT1G80380	RI	0.079	0.137	0.103	0.064	0.047	0.053	0.095	0.078	0.087	0.081	0.114	0.065	0.056	0.087
2301	AT1G80380	RI	0.09	0.109	0.119	0.097	0.095	0.069	0.092	0.119	0.134	0.109	0.109	0.103	0.029	0.085
2302	AT1G80380	RI	0.032	0.023	0.029	0.058	0.159	0.033	0.13	0.035	0.108	0.041	0.066	0.048	0.048	0.089
2303	AT5G15790	RI	0.0	0.0	0.2	0.05	0.0	0.333	0.0	1.0		0.0	0.231	0.333	0.25	1.0
2304	AT5G27560	RI	1.0	1.0	1.0	0.0	1.0	1.0	1.0	1.0	1.0	1.0	1.0	1.0	1.0	
2305	AT5G65140	RI	0.0	0.0	0.5	0.25	0.0		0.333	0.0	0.0		0.0	0.0	0.0	
2307	AT1G42540	RI		0.6	0.2	0.333	0.0	0.0	0.111	0.2	0.0	0.0	0.25	1.0	0.125	0.333
2308	AT1G42540	RI		1.0	1.0			0.0	1.0	1.0			1.0	0.2	1.0	1.0
2309	AT1G42540	RI	0.333	0.636	0.286	0.167	0.25	0.0	0.28	0.273	0.5	0.2	0.357	0.333	0.351	0.667
2310	AT3G20270	RI	0.167	0.0	0.125	0.048	0.0	0.0	0.263	0.214	0.0	0.0	0.111	0.0	0.25	0.143
2311	AT3G20270	RI	0.0	0.126	0.335	0.088	0.0	0.201	0.134	0.101	0.101	0.177	0.051	0.0	0.0	0.335
2313	AT1G77320	RI	0.0	0.0	0.0	0.125	0.0	0.0	0.429	0.0	0.5	0.0	0.143	0.0	0.091	0.5
2314	AT5G16630	RI	0.2	0.222	0.357	0.12	0.333	0.5	0.259	0.167	0.143	0.0	0.333	0.25	0.212	0.143
2315	AT5G07740	RI	0.333	0.286	0.5	0.111	0.176	0.0	0.333	0.167	0.333	1.0	0.278	0.385	0.158	0.2
2318	AT5G36930	RI	0.0	0.0	1.0	0.0		0.0	0.0	0.25	0.0		1.0	0.0	0.286	0.0
2319	AT4G31115	RI	0.226	0.277	0.152	0.187	0.338	0.242	0.216	0.351	0.156	0.0	0.254	0.389	0.1	0.216
2320	AT5G05700	RI	0.077	0.16	0.101	0.049	0.097	0.273	0.114	0.111	0.032	0.034	0.137	0.242	0.101	0.2
2321	AT1G05960	RI			0.5					0.0			1.0		1.0	
2323	AT3G02510	RI	0.0	0.125	0.0	0.226	0.217	0.0	0.189	0.125	0.0	0.0	0.032	0.067	0.0	0.0
2324	AT3G02510	RI	0.0	0.077	0.125	0.083	0.176	0.0	0.429	0.333	0.231	0.5	0.333	0.5	0.455	0.091
2325	AT2G42010	RI	0.0	0.077	0.091	0.182	0.235	0.083	0.067	0.111	0.412	0.111	0.132	0.086	0.148	0.158
2326	AT1G66460	RI		0.0	0.0	0.5			0.0				0.0	0.0		
2327	AT5G35620	RI	0.017	0.037	0.038	0.026	0.022	0.143	0.085	0.03	0.0	0.064	0.032	0.017	0.059	0.042
2330	AT1G50410	RI	1.0	0.75	0.778	0.6	0.8	0.5	0.644	0.538	0.231	0.455	0.697	0.2	0.256	0.571
2332	AT1G05000	RI		0.0	0.667	0.333	1.0		1.0	1.0			0.571	0.0	1.0	1.0
2333	AT2G39410	RI	1.0	0.333	0.333	0.167		1.0	1.0	0.0	0.0	0.6	0.111	0.077	0.2	0.429
2334	AT4G11670	RI	0.111	0.6	0.5	0.273	0.4	0.333	0.3	0.36	0.333	0.125	0.125	0.294	0.5	0.429
2335	AT4G11670	RI	0.333	0.385	0.478	0.391	0.556	0.5	0.471	0.667	0.143	0.333	0.484	0.304	0.273	0.368
2336	AT4G29230	RI	0.0	0.0	0.0	0.0	1.0		0.0	0.2	0.0	0.0	0.0	0.0	0.0	0.0
2337	AT1G63480	RI	0.333	1.0	1.0	1.0	1.0	1.0	1.0	1.0			1.0	1.0		0.333
2338	AT1G63480	RI	1.0	1.0	1.0	0.556	1.0	0.333	0.8	0.6			1.0	1.0		1.0
2339	AT1G63480	RI	1.0	1.0	0.714	0.0	1.0		1.0	0.455		1.0	0.714	1.0	0.75	1.0
2340	AT1G04990	RI	0.333	0.263	0.186	0.167	0.478	0.111	0.212	0.191	0.2	0.455	0.227	0.256	0.156	0.13
2341	AT3G01980	RI	0.044	0.388	0.163	0.421	0.266	0.336	0.582	0.135	0.533	0.0	0.336	0.202	0.411	0.101
2342	AT3G01980	RI	0.4	0.333	0.1	0.3	0.182	0.143	0.515	0.143	0.6	0.12	0.524	0.28	0.333	0.294
2343	AT3G01980	RI	0.867	0.846	0.913	0.765	0.789	0.714	0.633	0.826	0.68	0.667	0.659	0.72	0.676	0.636
2344	AT1G12260	RI	1.0	1.0	1.0	1.0	0.0		0.333	0.6	0.333	0.2	1.0	1.0	0.455	1.0
2345	AT3G11720	RI	1.0	1.0	0.6	0.778	0.333	0.556	0.714	0.75	1.0	1.0	0.619	0.765	0.778	0.8
2346	AT1G12200	RI	0.032	0.0	0.071	0.111	0.053	0.111	0.105	0.062	0.091	0.0	0.0	0.032	0.12	0.0
2347	AT4G03115	RI	0.0	0.25	0.077	0.333	0.2	1.0	0.189	0.0	1.0	1.0	0.5	0.5	0.125	1.0
2348	AT4G03115	RI	0.0	1.0		0.714	1.0	1.0	0.333	0.0		1.0	0.8	1.0	1.0	1.0
2349	AT1G64680	RI	0.0	0.294	0.071	0.314	0.143	0.0	0.026	0.0	0.0	0.0	0.02	0.172	0.111	0.0
2350	AT5G26910	RI	0.176	0.077	0.286	0.119	0.167	0.0	0.043	0.36	0.176	0.429	0.243	0.2	0.059	0.2
2351	AT2G40820	RI	0.286	0.04	0.2	0.18	0.067	0.067	0.333	0.119	0.0	0.111	0.133	0.244	0.212	0.143
2352	AT1G11880	RI	0.502	0.168	0.0	0.077	0.0		0.091	0.0		0.0	0.0	0.502	0.287	1.0
2355	AT1G21400	RI	0.04	0.113	0.094	0.074	0.068	0.078	0.127	0.049	0.051	0.038	0.082	0.085	0.065	0.092
2358	AT1G70630	RI	1.0	1.0	0.0	1.0	1.0	1.0	0.5	1.0		1.0	1.0	0.667	1.0	
2359	AT1G23360	RI	0.231	0.429	0.5	0.75	0.6	0.286	0.378	0.391	0.0	0.6	0.467	0.2	0.333	0.5
2360	AT1G10470	RI	0.125	0.221	0.156	0.107	0.12	0.094	0.132	0.103	0.136	0.021	0.139	0.099	0.026	0.227
2361	AT1G10470	RI	0.938	0.884	1.0	0.981	1.0	1.0	1.0	1.0	1.0	1.0	1.0	1.0	1.0	1.0
2362	AT1G15520	RI			1.0		1.0			1.0			0.0	1.0	1.0	0.5
2363	AT1G11660	RI		1.0	1.0			1.0	1.0	0.333	1.0		1.0		1.0	
2364	AT1G11660	RI	1.0	0.858	0.863	0.94	1.0	0.702	0.799	0.817	0.938	1.0	1.0	0.945	0.817	1.0
2366	AT4G30130	RI	1.0	1.0	1.0	1.0	1.0	1.0	1.0	1.0	1.0	0.674	1.0	1.0	1.0	0.674
2367	AT1G77890	RI	0.2	0.5	0.25	0.1	0.111	0.5	0.071	0.442	0.0	0.167	0.28	0.286	0.226	0.0
2369	AT5G14850	RI	1.0	0.222	0.2	0.0	0.0	0.0	0.143	0.167	0.0	0.091	0.0	0.333	1.0	0.2
2370	AT5G14850	RI		0.2	0.2	0.429	0.0	0.0	0.5	0.0	0.333	0.0	0.037	0.333	0.0	
2372	AT3G59970	RI	0.0	0.051	0.034	0.031	0.03	0.0	0.075	0.0	0.04	0.0	0.027	0.036	0.029	0.033
2373	AT1G11940	RI	0.0	0.143	0.143	0.25	0.0	0.0	0.385	0.053	0.0	1.0	0.0	0.231	0.091	0.0
2374	AT1G05830	RI	0.038	0.133	0.044	0.145	0.203	0.203	0.049	0.138	0.093	0.0	0.0	0.113	0.139	0.203
2377	AT1G21320	RI			0.0	0.0									0.2	
2378	AT1G11280	RI	1.0	0.368	0.556	0.417	0.0	1.0	0.882	0.6	0.6	0.333	0.733	0.8	0.4	0.478
2379	AT1G47278	RI	1.0	1.0	0.857	0.6	1.0		1.0	1.0		1.0	1.0	1.0	1.0	1.0
2380	AT2G36740	RI	0.2	0.0	0.097	0.059	0.0	0.231	0.25	0.226	0.077	0.0	0.2	0.2	0.1	0.077
2381	AT3G28460	RI	0.0	0.0	0.143	0.032	0.0	0.0	0.2	0.1	0.0	0.0	0.0	0.091	0.0	0.429
2382	AT5G02860	RI	1.0	1.0	0.25	0.091	0.333		0.692	0.429	0.0	0.0	1.0	0.556	1.0	0.333
2383	AT5G02860	RI	0.5	1.0	0.333	0.2	0.333	0.0	0.524	0.714			0.636	1.0	0.833	0.333
2384	AT5G01850	RI	0.277	0.169	0.338	0.234	0.145		0.113	0.29	0.0	0.203	1.0	0.234	0.203	0.0
2385	AT3G22425	RI	0.0	0.0	0.111	0.086	0.0		0.0	0.0	0.333	0.0	0.158	0.043	0.083	0.0
2386	AT5G27220	RI	0.0	1.0	1.0	0.6	0.6		1.0	1.0	1.0		1.0	1.0	1.0	1.0
2387	AT3G11930	RI	0.029	0.05	0.035	0.047	0.034	0.015	0.072	0.048	0.051	0.024	0.03	0.04	0.033	0.04
2388	AT1G69530	RI	0.054	0.057	0.056	0.056	0.024	0.0	0.103	0.066	0.014	0.026	0.089	0.059	0.047	0.026
2389	AT1G69530	RI	1.0	0.932	0.986	0.97	0.953	1.0	0.935	0.957	0.931	1.0	0.943	0.945	0.961	0.982
2390	AT1G69530	RI	1.0	0.953	1.0	0.993	0.949	1.0	0.947	0.973	1.0	0.97	1.0	1.0	0.989	1.0
2391	AT1G11070	RI	1.0		0.333	0.778	1.0		0.0	1.0	1.0		0.6	1.0	0.333	1.0
2392	AT1G11070	RI		0.0	0.0	1.0	1.0		0.5		0.0	1.0	0.2	0.429	1.0	1.0
2393	AT3G13300	RI	0.683	0.782	0.594	0.613	0.556	0.524	0.705	0.794	0.458	0.758	0.612	0.73	0.675	0.7
2394	AT3G13300	RI	0.02	0.036	0.032	0.106	0.061	0.0	0.067	0.048	0.023	0.013	0.092	0.054	0.031	0.065
2395	AT2G03640	RI	0.73	0.604	0.756	0.618	0.721	0.707	0.745	0.652	0.605	0.545	0.652	0.459	0.753	0.739
2396	AT2G03640	RI	0.269	0.286	0.358	0.268	0.31	0.234	0.38	0.323	0.338	0.243	0.263	0.242	0.241	0.355
2397	AT1G10990	RI	1.0	0.0		0.2	0.0		0.111	1.0		0.091	0.333	0.667	0.25	
2398	AT1G10920	RI	0.0	0.25	1.0	0.333	0.2	1.0	1.0	0.467	0.0	0.333	0.636	0.0	1.0	0.333
2399	AT1G10920	RI		0.0	0.333	0.429	0.6			0.333	1.0		0.778	0.333	0.467	
2401	AT3G57780	RI	0.0	0.158	0.037	0.181	0.0	0.077	0.138	0.067	0.143	0.0	0.107	0.12	0.0	0.231
2402	AT1G34844	RI	0.429	0.5	0.143	0.8	0.6	1.0	0.647	0.222	0.0	1.0	0.6	0.714	0.6	0.333
2403	AT1G34844	RI	0.2	0.429	0.167	0.379	0.111	1.0	0.556	0.375	0.556	0.143	0.282	0.238	0.3	0.2
2407	AT5G22010	RI	0.429	0.455	0.4	0.2	0.04	0.333	0.244	0.25	0.059	0.333	0.333	0.043	0.143	0.571
2409	AT1G31860	RI	0.0	0.0	0.086	0.021	0.0	0.0	0.102	0.095	0.0	0.0	0.149	0.04	0.16	0.286
2410	AT1G10650	RI	0.077	0.0	0.25	0.1	0.067	0.0	0.056	0.0	0.0	0.0	0.083	0.0	0.048	0.0
2411	AT1G26730	RI	1.0	0.333	0.6	0.333	1.0	1.0	1.0	0.5	1.0	0.2	0.333		0.273	0.0
2412	AT5G39720	RI							0.333				0.0			0.0
2413	AT2G04360	RI	0.106	0.0	0.175	0.347	0.233	0.166	0.242	0.076	0.21	0.242	0.122	0.042	0.275	0.347
2414	AT2G04360	RI	0.273	0.333	0.333	0.478	0.273	0.333	0.571	0.444	0.6	0.4	0.429	0.333	0.2	0.5
2415	AT1G31600	RI	0.5	0.704	0.769	0.897	0.714	1.0	0.767	0.61	1.0	0.6	0.83	0.812	0.676	0.6
2416	AT1G13580	RI	0.0	0.0	0.0	0.0	0.0	0.0	0.1	0.0	0.0		0.0	0.0	0.0	0.0
2417	AT1G13580	RI	1.0	1.0	1.0	0.176			1.0	1.0	0.0		1.0	0.714	0.333	
2418	AT3G17120	RI	1.0	1.0	1.0	1.0	1.0		0.333	1.0	1.0		1.0	1.0	1.0	1.0
2419	AT3G17120	RI			0.0	0.333			0.733	0.5	0.143	0.333	1.0	1.0	0.0	
2420	AT2G01350	RI	0.083	0.238	0.375	0.138	0.25	0.5	0.091	0.15	0.0	0.2	0.095	0.333	0.105	0.2
2423	AT1G28580	RI	0.089	0.161	0.176	0.129	0.042	0.152	0.165	0.18	0.098	0.084	0.152	0.077	0.135	0.122
2424	AT1G18440	RI	0.067	0.067	0.4	0.04	0.0	0.2	0.31	0.083	0.0	0.091	0.154	0.111	0.176	0.294
2425	AT1G25420	RI	0.104	0.236	0.133	0.25	0.149	0.294	0.432	0.175	0.189	0.095	0.179	0.149	0.135	0.231
2426	AT1G25420	RI	0.0	0.227	0.253	0.072	0.08	0.075	0.232	0.095	0.053	0.208	0.085	0.069	0.084	0.171
2427	AT5G24080	RI			0.0								1.0		1.0	
2428	AT5G24080	RI	0.0			0.0									1.0	
2429	AT1G10450	RI	0.182	0.25	0.257	0.186	0.091	0.25	0.261	0.034	0.0	0.25	0.364	0.13	0.133	0.154
2430	AT3G49160	RI	1.0	1.0	0.684	0.929	1.0	0.571	1.0	0.913	1.0	1.0	0.8	1.0	0.75	0.75
2431	AT3G49160	RI	1.0	1.0	1.0	1.0	1.0	1.0	1.0	0.896	1.0	1.0	1.0	1.0	1.0	1.0
2432	AT1G49630	RI	1.0	0.2	1.0	1.0	1.0	0.5	1.0	1.0	1.0	1.0	0.778	1.0	1.0	
2433	AT2G24600	RI	1.0	0.0	0.6	0.667	1.0	1.0	0.667	0.81		1.0	0.875	0.429	0.778	0.667
2434	AT1G10240	RI		0.0	0.5	0.067	0.25	1.0	0.3	0.0	0.333		0.444	0.333	0.571	0.0
2435	AT5G06260	RI	0.038	0.158	0.043	0.083	0.125	0.0	0.031	0.077	0.0	0.0	0.129	0.067	0.016	0.0
2436	AT4G34390	RI	0.792	1.0	0.938	0.873	1.0	0.852	0.89	0.939	0.778	1.0	0.818	0.949	0.855	0.946
2437	AT1G07119	RI	1.0	1.0	1.0	0.5	1.0	1.0	1.0	1.0			1.0	0.5		
2438	AT1G07119	RI	0.0	1.0	1.0	0.333		1.0	0.333	0.0		1.0	0.2	0.0	1.0	0.5
2439	AT5G57960	RI	0.0	0.368	0.167	0.133	0.0	0.25	0.375	0.086	0.0	0.333	0.12	0.0	0.143	0.091
2440	AT1G10070	RI	0.59	0.566	0.609	0.573	0.593	0.6	0.716	0.675	0.583	0.641	0.765	0.701	0.618	0.623
2441	AT1G10070	RI	0.187	0.237	0.251	0.286	0.227	0.313	0.328	0.246	0.184	0.218	0.289	0.255	0.323	0.241
2442	AT1G09890	RI	0.0							0.0	0.0	0.333	0.0			0.0
2445	AT4G02760	RI	1.0	1.0	0.2	0.5	0.333		0.625	1.0		1.0	1.0	1.0	1.0	1.0
2446	AT2G47000	RI	0.0	0.12	0.097	0.058	0.062	0.0	0.014	0.162	0.03	0.067	0.053	0.167	0.024	0.1
2447	AT2G47000	RI	0.02	0.034	0.064	0.069	0.172	0.0	0.105	0.107	0.152	0.091	0.107	0.057	0.056	0.143
2448	AT2G47000	RI	0.125	0.143	0.263	0.119	0.222	0.333	0.13	0.156	0.286	0.615	0.171	0.091	0.455	0.097
2449	AT1G14685	RI	0.5	1.0	1.0	0.714	1.0	0.333	0.724	0.714	0.75	1.0	0.826	0.909	0.875	1.0
2450	AT3G13050	RI		1.0	0.0	1.0	1.0		0.75	1.0				0.333	0.6	
2452	AT4G11560	RI	0.2	0.083	0.2	0.209	0.0	0.0	0.368	0.2	0.2	0.0	0.231	0.214	0.185	0.25
2453	AT1G04950	RI	1.0	1.0	1.0	0.769	1.0	1.0	0.6	1.0		1.0	0.882	1.0	0.667	1.0
2454	AT2G40800	RI	0.053	0.086	0.314	0.07	0.167	0.429	0.282	0.234	0.176	0.125	0.347	0.333	0.116	0.053
2455	AT4G31600	RI		0.25	0.0	0.067	0.0	0.0	0.0	0.0	0.2	0.333	0.067	0.111	0.0	0.091
2456	AT1G09660	RI	0.035	0.155	0.126	0.024	0.023	0.0	0.063	0.048	0.165	0.108	0.031	0.122	0.042	0.162
2457	AT1G09660	RI	0.251	0.126	0.209	0.176	0.223	0.091	0.37	0.274	0.053	0.091	0.409	0.251	0.209	0.048
2458	AT2G31865	RI	0.429	0.0	0.0	0.0	0.333	1.0	0.714	0.0	1.0		0.429	1.0	0.25	0.333
2459	AT2G31865	RI	1.0				1.0	1.0	1.0		0.676	0.0	0.439	1.0	0.0	0.0
2460	AT1G29700	RI	0.0	0.333	0.0	0.0	0.0	0.0	0.5	0.0	0.667	0.0	0.0	0.0	0.231	0.0
2461	AT4G02830	RI	0.333	0.0	0.143	0.333	1.0		0.25	0.333			0.714	0.0	0.5	0.0
2462	AT2G45240	RI	0.059	0.026	0.083	0.05	0.0	0.062	0.14	0.128	0.222	0.0	0.099	0.149	0.079	0.0
2463	AT5G45830	RI	1.0	0.667	1.0	1.0	0.556	0.333	1.0	1.0		1.0	0.714	0.6	0.5	1.0
2464	AT5G45830	RI	0.778	0.556	0.857	0.684	1.0	1.0	0.474	0.818	0.273	1.0	0.733	1.0	1.0	1.0
2465	AT1G76320	RI	0.714	1.0	1.0	1.0		1.0	0.867	0.733	1.0	1.0	0.833	1.0	1.0	1.0
2466	AT1G76320	RI	0.2	0.25	0.12	0.222	0.0	0.25	0.211	0.294	0.077	0.04	0.294	0.13	0.36	0.467
2467	AT1G76320	RI	1.0	1.0	1.0	0.941	1.0	1.0	0.943	1.0	1.0	1.0	1.0	1.0	1.0	1.0
2468	AT5G14090	RI	0.111	0.106	0.158	0.14	0.4	0.167	0.305	0.119	0.111	0.111	0.231	0.148	0.085	0.333
2469	AT1G07990	RI	0.091	0.226	0.231	0.253	0.212	0.067	0.292	0.111	0.111	0.154	0.156	0.222	0.382	0.4
2470	AT3G22845	RI	0.163	0.091	0.103	0.147	0.065	0.137	0.102	0.096	0.091	0.081	0.112	0.081	0.096	0.067
2471	AT3G60510	RI	0.091	0.143	0.167	0.0	0.0	0.0	0.122	0.105	0.25	0.0	0.0	0.0	0.182	0.0
2472	AT1G11000	RI	0.333	0.158	0.286	0.045	0.143	0.111	0.077	0.1	0.043	0.273	0.029	0.067	0.143	0.0
2473	AT3G07130	RI	0.2	0.0	0.2	0.75	0.167	0.0	0.111	0.059	0.333	0.0	0.111	0.0	0.0	0.0
2474	AT1G05320	RI	1.0		0.6	1.0	0.0	0.0	0.273	0.25	0.0		0.263	0.429	0.0	1.0
2475	AT1G05320	RI	0.2	0.0	0.111	0.0	0.077	0.231	0.043	0.043		0.333	0.154	0.034	0.176	0.111
2476	AT1G67800	RI	0.333	0.0	0.333	0.2	0.0	0.0	0.214	0.0	0.0	0.2	0.231	0.13	0.167	0.0
2477	AT1G55310	RI	0.736	0.558	0.596	0.689	0.797	0.667	0.779	0.824	0.651	0.818	0.655	0.656	0.571	0.69
2478	AT1G66020	RI	0.0	0.0	0.2	0.0	1.0	0.0	0.0	1.0		0.5	1.0	1.0	0.0	
2479	AT5G60940	RI	0.0	1.0	0.333	0.333		0.0	0.25	0.5	0.6	1.0	0.444	0.867	0.2	0.75
2480	AT5G16390	RI	0.087	0.065	0.026	0.082	0.057	0.172	0.089	0.021	0.087	0.073	0.07	0.122	0.035	0.1
2481	AT3G46130	RI	1.0	0.928	0.944	1.0	1.0	1.0	1.0	1.0	1.0	1.0	1.0	1.0	0.973	0.833
2483	AT5G25040	RI	0.0	0.111	0.333	0.0			0.0	0.0	0.0	0.0	0.167	0.333	0.0	1.0
2484	AT5G25040	RI	1.0	1.0	0.8	0.895	0.429	1.0	1.0	1.0	1.0	1.0	0.538	1.0	0.882	1.0
2485	AT5G25040	RI	1.0	0.846	1.0	1.0	1.0	1.0	0.913	1.0	1.0	1.0	1.0	1.0	1.0	1.0
2486	AT3G09360	RI	0.0	1.0	0.333	0.222	0.2	0.6	0.778	0.5	0.5	0.0	0.0	0.2	0.158	0.2
2487	AT1G75760	RI	0.032	0.111	0.236	0.172	0.067	0.083	0.184	0.091	0.167	0.029	0.093	0.077	0.14	0.133
2488	AT1G75760	RI	0.029	0.072	0.114	0.032	0.114	0.041	0.146	0.108	0.054	0.0	0.067	0.093	0.114	0.0
2489	AT3G13225	RI	0.75	1.0	1.0	0.76	1.0	1.0	0.793	0.938	1.0	1.0	0.923	0.625	0.684	0.818
2492	AT1G14750	RI							1.0					1.0	0.333	
2493	AT1G73320	RI		0.0	0.0	0.375	0.0	0.0	0.238	0.143	0.0	0.0	0.059	0.0	0.0	0.0
2494	AT5G19430	RI	0.833	1.0	1.0	1.0	1.0	1.0	1.0	1.0	1.0	1.0	1.0	1.0	1.0	1.0
2495	AT5G19430	RI	0.6	0.6	1.0	0.529	1.0	1.0	0.556	0.5			0.273	0.667	0.0	0.333
2497	AT1G24040	RI	0.059	0.333	0.368	0.148	0.053	0.333	0.379	0.419	0.111	0.4	0.111	0.4	0.394	0.273
2498	AT5G51410	RI	0.533	0.882	0.773	0.735	0.81	0.692	0.548	0.8	0.75	0.867	0.791	0.944	0.846	0.739
2499	AT1G16460	RI	0.0	0.034	0.073	0.131	0.046	0.235	0.124	0.057	0.025	0.032	0.064	0.072	0.071	0.019
2500	AT3G19460	RI	0.0	0.094	0.017	0.069	0.034	0.0	0.062	0.1	0.143	0.053	0.123	0.129	0.029	0.0
2501	AT3G19460	RI	0.176	0.44	0.211	0.122	0.294	0.5	0.415	0.282	0.1	0.4	0.429	0.273	0.375	0.0
2502	AT3G19460	RI	0.077	0.176	0.385	0.156	0.0	0.0	0.163	0.22	0.333	0.429	0.125	0.22	0.061	0.556
2503	AT2G36305	RI	0.0		0.0	0.091	0.0	0.0	0.167	0.0	0.25	0.0	0.091	0.0	0.25	0.0
2504	AT4G38090	RI	0.067	0.018	0.125	0.132	0.0	0.4	0.226	0.067	0.029	0.2	0.125	0.067	0.099	0.0
2505	AT4G38090	RI	0.408	0.1	0.194	0.312	0.256	0.341	0.368	0.268	0.115	0.293	0.381	0.341	0.431	0.205
2506	AT1G05940	RI	0.111	0.364	0.257	0.258	0.1	0.1	0.132	0.16	0.231	0.143	0.219	0.185	0.13	0.273
2507	AT1G05940	RI	0.333	0.077	0.0	0.353	0.13	1.0	0.438	0.273	0.0	0.333	0.4	0.143	0.172	0.333
2508	AT1G08210	RI	0.0	0.0	0.0	0.069	0.0	0.0	0.019	0.034	0.0	0.045	0.017	0.0	0.01	0.0
2510	AT3G05310	RI		1.0		1.0				1.0		1.0	1.0	0.0	1.0	1.0
2511	AT1G51790	RI				1.0								0.0		
2512	AT1G06080	RI	0.036	0.091	0.022	0.074	0.0	0.0	0.054	0.057	0.0	0.038	0.017	0.022	0.031	0.048
2513	AT1G55200	RI	1.0	1.0	1.0	1.0	1.0	1.0	1.0	1.0		1.0	1.0	1.0	0.0	1.0
2514	AT1G33400	RI	0.333	0.556	0.429	0.364	0.5	0.5	0.538	0.143	0.5	0.6	0.333	0.333	0.333	0.556
2515	AT5G08500	RI	0.571	0.444	0.263	0.302	0.143	0.111	0.491	0.429	0.12	0.25	0.348	0.217	0.224	0.158
2517	AT4G19500	RI	0.84	0.722	0.692	0.706	0.545	0.714	0.644	0.831	0.667	0.6	0.727	0.65	0.667	0.769
2518	AT3G54890	RI	0.0	0.003	0.005	0.004	0.003	0.0	0.007	0.003	0.0	0.0	0.006	0.003	0.005	0.005
2521	AT5G17690	RI	0.12	0.1	0.0	0.067	0.0	0.231	0.304	0.222	0.1	0.053	0.368	0.13	0.0	0.0
2522	AT1G72855	RI	1.0	0.515	1.0	0.865	0.761	0.347	1.0	0.835	1.0	0.865	0.895	1.0	1.0	1.0
2523	AT1G72855	RI	0.111	0.455	0.556	0.514	0.167	0.333	0.333	0.6	1.0	0.429	0.545	0.5	0.444	0.556
2524	AT3G05685	RI	0.0	0.5	0.111	0.111	0.0	1.0	0.333	0.0		0.0	0.0	0.111	0.28	0.0
2526	AT3G51360	RI							0.333	1.0		0.0	1.0	1.0		1.0
2528	AT3G51360	RI		1.0	0.0	0.333			1.0	1.0			0.4		0.5	
2529	AT3G51360	RI		0.333	1.0	1.0			0.25	1.0			0.75	1.0	1.0	
2531	AT1G07650	RI	0.931	0.968	0.9	0.861	0.8	0.855	0.975	0.91	0.905	0.957	0.851	0.928	0.917	0.816
2533	AT2G18750	RI	0.448	0.5	0.5	0.645	0.333	0.5	0.646	0.52	0.31	0.333	0.508	0.588	0.388	0.565
2534	AT2G18750	RI	0.778	0.588	0.714	0.839	0.583	0.7	0.844	0.607	0.556	0.765	0.815	0.689	0.786	0.625
2535	AT1G65040	RI	0.488	0.632	0.741	0.69	0.656	0.747	0.726	0.669	0.785	0.879	0.785	0.439	0.889	0.689
2536	AT1G65040	RI	0.9	0.939	0.895	0.882	1.0	1.0	0.949	0.975	0.943	1.0	0.943	1.0	0.846	0.923
2537	AT4G27745	RI	0.778	0.68	0.882	0.898	0.6	1.0	0.917	0.86	0.571	0.889	0.806	0.769	0.778	1.0
2538	AT5G04840	RI	0.0	0.667	0.0	1.0	1.0	1.0	0.333	0.0	0.0		0.333	0.429	0.143	0.0
2539	AT1G03060	RI	1.0	0.838	0.92	0.879	0.923	1.0	0.971	0.872	1.0	0.846	0.771	0.745	0.889	1.0
2540	AT1G24460	RI	0.0	0.0	0.1	0.067	0.167	0.0	0.0	0.059	0.0	0.0	0.053	0.0	0.125	0.0
2541	AT3G13970	RI	0.5	0.333	1.0	1.0	1.0	1.0	0.25	1.0	1.0	1.0	1.0	0.333	1.0	
2542	AT3G13970	RI	0.143	0.125	0.231	0.182	0.0	0.333	0.0	0.333	0.143	0.5	0.2	0.25	0.111	0.0
2543	AT1G09160	RI	0.7	0.6	0.6	0.623	0.467	0.333	0.636	0.758	0.238	1.0	0.545	0.476	0.321	0.565
2544	AT5G26680	RI	0.333	0.333	0.6	0.091		1.0	0.846	0.5		0.714	0.75	0.5	1.0	1.0
2545	AT5G26680	RI	0.2	0.333	0.429	0.5	1.0	1.0	0.846	1.0		1.0	1.0	1.0	1.0	0.333
2546	AT1G10520	RI			1.0	1.0				1.0				1.0	0.0	0.0
2548	AT5G20220	RI	0.4	0.238	0.12	0.346	0.467	0.231	0.05	0.31	0.286	0.067	0.455	0.12	0.4	0.333
2549	AT1G14580	RI		1.0	0.25	0.167	0.0	1.0	0.273	0.0	0.0	0.111	1.0	1.0	0.0	0.333
2551	AT5G40550	RI	0.333	0.0	0.185	0.259	0.0	0.0	0.185	0.111	1.0	0.077	0.071	0.0	0.308	0.0
2552	AT1G16820	RI			1.0	0.684	0.333	0.5	1.0	1.0	1.0		1.0	1.0	1.0	1.0
2553	AT5G06710	RI	0.333	0.333	1.0	0.053	0.0	0.2	0.273	0.0	0.0	0.2	0.333	0.0	0.0	0.0
2554	AT1G68080	RI	1.0	1.0	0.714	1.0	1.0	1.0	1.0	1.0	1.0	1.0	1.0	1.0	1.0	1.0
2555	AT1G12740	RI				0.333								1.0		
2556	AT1G12740	RI		0.0		0.333	0.0		0.0	0.0		0.0	0.0	0.333		
2557	AT1G79950	RI	0.2	0.077	0.125	0.455	0.143	1.0	0.158	0.455	0.0	0.25	0.379	0.364	0.222	0.556
2558	AT1G79950	RI	1.0	1.0	0.333	1.0	0.2	1.0	0.429	0.2	0.0	0.5	1.0	1.0	1.0	0.5
2559	AT1G79950	RI	0.0	0.4	0.091	0.091	0.125	0.333	0.154	0.455	0.0	1.0	0.294	0.161	0.308	0.125
2560	AT1G79950	RI	0.0	0.714	1.0	1.0	0.5	1.0	0.714	1.0		1.0	0.667	1.0	1.0	0.2
2561	AT5G47380	RI	0.556	0.5	0.75	0.333	0.429	1.0	0.412	0.714	1.0	0.0	0.5	0.467	0.333	1.0
2562	AT5G47380	RI	1.0	0.512	1.0	1.0	1.0	1.0	1.0	1.0	0.344		0.567	1.0	1.0	0.44
2563	AT1G66930	RI				0.0			1.0			1.0	1.0			1.0
2564	AT5G40820	RI	0.6		0.5	0.143	0.0	1.0	0.667	1.0			0.0	1.0	1.0	
2565	AT3G28130	RI	0.2	0.0	0.048	0.091	0.2	0.143	0.077	0.143	0.333	0.059	0.267	0.2	0.067	0.143
2566	AT3G28130	RI	0.143	0.067	0.158	0.122	0.053	0.0	0.127	0.217	0.077	0.077	0.111	0.048	0.074	0.071
2567	AT1G01520	RI	0.0	0.0	0.5		0.0			1.0			1.0	0.5	0.333	1.0
2568	AT1G01520	RI			0.0	0.0		0.0	0.5	0.5			0.0		0.714	1.0
2569	AT1G01520	RI		0.0	0.2	1.0		1.0	0.0	0.5			0.0		0.714	
2570	AT3G11440	RI	0.25	0.0	0.143	0.826	0.111	0.0	0.692	0.333	0.0	0.091	0.333	0.667	0.6	0.167
2571	AT5G49710	RI	0.038	0.069	0.076	0.073	0.126	0.091	0.08	0.13	0.025	0.053	0.039	0.029	0.086	0.014
2572	AT1G58350	RI	0.5	0.524	0.4	0.733	0.467	0.6	0.579	0.667	0.5	0.5	0.586	0.667	0.286	0.5
2573	AT1G58350	RI	1.0	0.333	1.0	0.6	0.667	1.0	0.882	0.8	1.0	1.0	1.0	1.0	0.0	0.5
2574	AT1G14700	RI	0.222	0.088	0.074	0.094	0.057	0.1	0.101	0.111	0.103	0.077	0.095	0.083	0.049	0.061
2575	AT1G22370	RI	0.75	0.231	0.333	0.182	0.6	0.667	0.81	0.8	0.143	0.333	0.333	0.6	0.333	0.429
2576	AT1G47570	RI	0.091	0.0	0.0	0.188	0.111	0.0	0.027	0.19	0.25	0.059	0.0	0.077	0.294	0.091
2577	AT1G03430	RI	0.143	0.333	0.212	0.075	0.111	0.2	0.216	0.085	0.077	0.133	0.263	0.095	0.07	0.385
2578	AT5G08100	RI	0.0	0.062	0.108	0.049	0.091	0.0	0.143	0.078	0.0	0.333	0.083	0.182	0.041	0.111
2579	AT1G04300	RI	0.171	0.099	0.2	0.232	0.154	0.152	0.211	0.158	0.158	0.122	0.163	0.258	0.158	0.241
2580	AT1G04300	RI	0.867	0.833	1.0	0.8	0.429	1.0	1.0	0.619	0.667	0.455	0.923	0.714	0.789	1.0
2581	AT1G04300	RI	0.455	0.364	0.532	0.345	0.333	0.172	0.356	0.347	0.03	0.182	0.387	0.333	0.36	0.308
2583	AT5G40810	RI	0.037	0.086	0.074	0.017	0.03	0.054	0.109	0.036	0.073	0.017	0.023	0.068	0.023	0.014
2584	AT1G77460	RI	0.667	1.0	0.1	0.308	0.0	0.143	0.25	1.0	0.0	0.429	0.0	0.556	0.259	0.143
2585	AT1G04500	RI			0.333					1.0	0.0		0.0	0.2	0.0	
2587	AT4G21770	RI	0.25	0.0	0.0	0.067	0.0	0.0	0.067	0.25	0.0	0.143	0.0	0.0	0.053	
2588	AT5G28850	RI	0.0	0.059	0.0	0.079	0.04	0.053	0.057	0.091	0.032	0.0	0.023	0.016	0.044	0.056
2590	AT1G16710	RI	0.364	0.267	0.077	0.107	0.0	0.0	0.057	0.03	0.0	0.0	0.176	0.0	0.083	0.25
2591	AT1G16710	RI	0.158	0.111	0.333	0.224	0.273	0.0	0.35	0.236	0.026	0.273	0.164	0.133	0.208	0.2
2593	AT1G01540	RI	0.163	0.104	0.172	0.124	0.075	0.072	0.184	0.088	0.082	0.157	0.117	0.203	0.107	0.134
2594	AT5G49840	RI	0.059	0.0	0.0	0.07	0.029	0.062	0.158	0.045	0.029	0.091	0.12	0.143	0.13	0.226
2595	AT3G01860	RI	0.0	0.0	0.222	0.04	0.333	0.25	0.0	0.059	0.0	0.0	0.333	0.5	0.158	0.0
2599	AT1G31050	RI	0.167	0.0	1.0		0.0		1.0			0.2	0.333	0.333	0.1	1.0
2601	AT1G31050	RI	0.0	0.0	1.0	0.0	0.0		0.0	0.1	0.333	0.0	0.091		0.185	0.5
2602	AT1G12860	RI	0.0		0.333	0.333	0.333		0.2	0.391	0.0	0.0	0.333	0.2	0.143	0.333
2603	AT1G67420	RI	0.0	0.266	0.449	0.083	0.0	0.0	0.134	0.266	1.0	0.214	0.0	0.0	0.449	0.0
2605	AT1G44750	RI	0.3	0.304	0.5	0.25	0.143	0.429	0.551	0.317	0.13	0.4	0.5	0.25	0.25	0.333
2606	AT1G14520	RI	0.0	0.067	0.1	0.0	0.043	0.0	0.094	0.02	0.0	0.0	0.0	0.043	0.0	0.059
2607	AT1G14520	RI	1.0	1.0	1.0	0.944	0.867	1.0	0.909	0.947	1.0	1.0	1.0	1.0	1.0	1.0
2608	AT5G20360	RI	0.231	0.538	0.185	0.462	0.143	0.2	0.333	0.444	0.0	0.0	0.231	0.2	0.317	0.304
2611	AT1G77110	RI	0.0	0.2				0.0	0.5	0.2		0.0	0.0	0.0	0.2	0.0
2612	AT1G03180	RI	0.0	1.0	0.2	1.0			0.5	1.0	1.0		0.333	0.2	0.333	1.0
2615	AT5G14200	RI	0.0	0.071	0.042	0.033	0.0	0.077	0.036	0.027	0.032	0.0	0.017	0.055	0.012	0.037
2617	AT1G03070	RI		0.0	0.333				0.0	1.0			1.0		0.0	
2618	AT1G03070	RI			1.0					1.0			1.0	0.0	0.0	
2619	AT2G30350	RI	0.083	0.0	0.0	0.182	0.0	0.077	0.4	0.143	0.0	0.0	0.391	0.086	0.333	0.043
2621	AT1G79570	RI	0.2	0.209	0.02	0.231	0.167	0.059	0.312	0.138	0.0	0.04	0.216	0.348	0.241	0.25
2622	AT4G20350	RI	0.333		1.0		1.0	0.0	1.0		1.0		1.0	1.0	1.0	
2623	AT4G20350	RI	1.0	1.0	0.8	1.0	1.0		1.0	1.0	1.0	1.0	0.5	1.0	0.8	1.0
2624	AT4G20350	RI	0.333		0.6	0.2	0.333		1.0	0.0	1.0		1.0	0.556	0.364	
2625	AT1G15860	RI	0.16	0.125	0.286	0.086	0.222	0.833	0.288	0.127	0.245	0.056	0.297	0.229	0.209	0.241
2626	AT3G50670	RI	0.259	0.353	0.483	0.411	0.265	0.2	0.436	0.484	0.235	0.292	0.487	0.435	0.342	0.333
2627	AT5G17270	RI		1.0	0.556	0.333	0.5	0.333	0.143	0.2	0.0	1.0	0.6	0.6	1.0	0.25
2628	AT1G02850	RI	0.566	0.753	0.842	0.923	0.735	0.54	0.837	0.871	0.772	0.723	0.849	0.765	0.772	0.709
2629	AT1G02850	RI	0.6	0.75	0.86	0.612	0.633	0.667	0.686	0.577	0.531	0.644	0.5	0.686	0.652	0.862
2630	AT1G02850	RI	0.153	0.206	0.284	0.216	0.35	0.032	0.185	0.185	0.104	0.138	0.223	0.241	0.093	0.347
2632	AT1G01920	RI	0.083	0.027	0.029	0.094	0.067	0.059	0.222	0.03	0.143	0.0	0.163	0.15	0.111	0.059
2633	AT1G08460	RI	0.042	0.022	0.059	0.043	0.018	0.027	0.056	0.064	0.037	0.025	0.102	0.016	0.037	0.123
2634	AT5G05800	RI	0.647	0.417	0.5	0.333	0.368	0.167	0.545	0.091	0.6	0.0	0.385	0.515	0.556	0.556
2635	AT5G05800	RI	0.289	0.286	0.243	0.237	0.265	0.172	0.222	0.391	0.15	0.081	0.2	0.224	0.271	0.273
2636	AT5G05800	RI	1.0	0.933	1.0	1.0	1.0	1.0	0.882	0.939	0.756	1.0	0.961	1.0	1.0	0.756
2637	AT4G02150	RI	0.037	0.0	0.125	0.014	0.0	0.0	0.143	0.0	0.0	0.0	0.064	0.026	0.036	0.143
2639	AT5G17060	RI	0.333	0.286	0.8	0.176	0.0	0.0	0.5	0.13	1.0	0.0	0.048	0.0	0.167	0.333
2640	AT3G26680	RI			1.0	0.6	1.0	1.0	1.0	1.0		1.0	0.692	1.0	0.579	1.0
2641	AT1G19360	RI	0.882	0.953	0.957	0.949	1.0	1.0	1.0	0.947	1.0	1.0	0.947	0.767	0.906	1.0
2642	AT2G34020	RI	0.333		0.25		0.0		0.0	0.0	0.0	0.0	1.0	0.0	0.2	0.0
2643	AT2G35940	RI	0.241	0.379	0.4	0.306	0.111	0.467	0.417	0.344	0.417	0.182	0.352	0.317	0.368	0.524
2644	AT1G07170	RI			0.6	0.75	1.0		1.0			1.0	1.0	0.5	1.0	1.0
2645	AT1G07170	RI	1.0	0.0	1.0	0.6			0.5	0.667	1.0	0.0	1.0	1.0		0.5
2646	AT4G02460	RI	0.0	0.0	0.0	0.0	0.333	0.2	0.429	0.0	1.0	0.0	1.0	0.0	0.043	1.0
2647	AT1G02840	RI	0.075	0.041	0.138	0.051	0.061	0.029	0.105	0.103	0.04	0.102	0.078	0.083	0.079	0.096
2648	AT1G02840	RI	1.0	1.0	1.0	1.0	1.0	1.0	1.0	1.0	1.0	1.0	1.0	1.0	0.976	1.0
2649	AT5G03120	RI	0.055	0.045	0.07	0.065	0.074	0.136	0.085	0.069	0.043	0.041	0.065	0.071	0.027	0.059
2650	AT5G17700	RI		1.0					0.0	0.0			1.0			
2651	AT1G61430	RI	0.333	0.0	0.0	0.294		1.0	0.111	0.333			0.2	1.0	0.0	
2652	AT1G61430	RI	1.0	0.143	0.455	0.0		0.333	0.273	0.556		0.0	0.4	0.333	0.0	0.5
2653	AT1G61430	RI	0.333	0.0	0.5	0.333	1.0	0.0	0.143	1.0	0.143		0.429		1.0	1.0
2655	AT1G61430	RI		1.0		1.0		1.0	0.6	1.0	1.0			1.0		1.0
2656	AT5G03770	RI	0.0	0.0	0.111	0.231	0.5	1.0	0.294	0.222	0.077	0.0	0.5	0.0	0.077	0.0
2657	AT1G02650	RI		0.333	0.143	0.176	0.5	1.0	0.308	0.043	0.0	0.0	0.0	0.2	0.273	0.2
2658	AT1G32200	RI	0.6	0.167	0.111	0.355	0.167	0.143	0.419	0.467	0.143	0.2	0.394	0.091	0.128	0.412
2659	AT1G11270	RI	1.0	1.0	1.0	1.0	1.0	1.0	1.0	0.917	1.0	1.0	1.0	0.636	1.0	1.0
2660	AT3G62190	RI	0.158	0.2	0.254	0.167	0.053	0.059	0.149	0.042	0.2	0.0	0.089	0.13	0.098	0.071
2661	AT1G76940	RI	0.2	0.5	0.184	0.284	0.25	0.176	0.256	0.463	0.172	0.067	0.349	0.163	0.267	0.294
2663	AT4G22200	RI	0.333	1.0	0.444	0.2	0.286	0.0	0.5	0.5	0.2	0.333	0.333	0.0	0.143	0.6
2664	AT5G03570	RI	0.0	0.143		0.2			0.0	0.0	0.0	0.0	0.111	0.0	0.176	0.0
2666	AT1G23330	RI		0.111	0.385	0.056	0.2	0.0	0.0	0.111	0.0	0.0	0.0	0.067	0.077	0.333
2667	AT3G46960	RI	0.333	0.714	0.75	1.0		1.0	1.0	1.0	1.0	1.0	0.8	1.0	1.0	1.0
2668	AT3G46960	RI	0.091	0.273	0.529	0.172	0.0	0.2	0.442	0.222	1.0	0.25	0.684	0.333	0.241	0.25
2671	AT4G32350	RI	0.1	0.3	0.268	0.209	0.048	0.0	0.2	0.0	0.333	0.2	0.31	0.118	0.0	0.0
2673	AT1G01860	RI	0.25	1.0	0.556	0.358	0.429	0.2	0.455	0.429	0.2	0.5	0.167	0.455	0.241	0.364
2674	AT1G27370	RI	0.333	0.13	0.375	0.231	0.25	1.0	0.2	0.5	0.333	0.0	0.368	0.2	0.182	0.0
2675	AT1G27370	RI	1.0	1.0	0.667	0.579	0.714	1.0	0.833	1.0	1.0	0.5	0.806	1.0	1.0	0.765
2676	AT1G27370	RI	1.0	1.0	0.8	0.442	0.778	1.0	0.538	0.857	1.0	0.111	0.795	0.778	0.481	1.0
2677	AT5G07940	RI	0.765	0.25	0.684	0.176	0.6	0.0	0.422	0.349	0.273	0.0	0.2	0.45	0.423	0.0
2680	AT1G08070	RI		0.6	0.5	1.0	1.0	0.5	0.0	1.0		1.0		1.0	0.429	
2682	AT5G01910	RI			0.2	0.6	0.0		0.0	0.0			0.0	0.0	0.077	0.0
2683	AT1G06630	RI	1.0			1.0		1.0	1.0	1.0		1.0	0.714		1.0	1.0
2684	AT1G06630	RI	0.048	0.0	0.073	0.0	0.032	0.0	0.026	0.094	0.03	0.0	0.02	0.04	0.0	0.0
2685	AT1G06630	RI	0.0	0.06	0.119	0.051	0.071	0.0	0.084	0.048	0.078	0.038	0.083	0.021	0.126	0.184
2686	AT1G06630	RI	0.217	0.0	0.2	0.156	0.125	0.13	0.077	0.055	0.0	0.143	0.042	0.097	0.154	0.077
2687	AT1G80770	RI	0.633	0.408	0.383	0.187	0.508	0.341	0.429	0.379	0.307	0.237	0.442	0.564	0.437	0.49
2688	AT1G80770	RI	0.75	1.0	1.0	0.538	1.0	1.0	0.895	1.0	1.0	1.0	0.9	1.0	0.6	0.8
2689	AT1G80770	RI	0.091	0.097	0.05	0.036	0.0	0.143	0.231	0.059	0.111	0.176	0.238	0.0	0.029	0.043
2690	AT1G01490	RI	1.0	1.0	1.0	1.0	1.0	1.0	1.0	1.0	1.0	1.0	1.0	1.0	0.9	1.0
2691	AT1G01490	RI	0.125	0.125	0.072	0.116	0.046	0.053	0.158	0.045	0.064	0.069	0.074	0.135	0.069	0.113
2692	AT1G01490	RI	0.909	0.588	0.726	0.722	0.889	0.833	0.857	0.803	0.857	0.674	0.867	0.6	0.654	0.886
2693	AT1G72420	RI	0.25	1.0	0.6	0.667	1.0	1.0	0.231	0.667	1.0	0.2	1.0	0.25	1.0	1.0
2695	AT5G67440	RI	0.154	0.048	0.0	0.22	0.167	0.077	0.094	0.115	0.125	0.027	0.15	0.081	0.172	0.077
2696	AT3G05030	RI	0.0	0.333	0.25	0.154	1.0	0.091	0.125	0.429	0.111	1.0	0.467	0.5	0.333	0.0
2697	AT1G22300	RI	0.029	0.037	0.019	0.041	0.012	0.016	0.023	0.027	0.049	0.03	0.024	0.046	0.007	0.013
2698	AT5G66210	RI	0.062	0.183	0.183	0.215	0.123	0.167	0.372	0.241	0.108	0.042	0.222	0.374	0.339	0.214
2699	AT5G66210	RI	0.143	0.292	0.402	0.264	0.13	0.333	0.471	0.271	0.152	0.217	0.34	0.294	0.333	0.358
2702	AT3G19150	RI	0.111	0.167	0.111	0.16	0.0	0.5	0.375	0.273	0.333	0.0	0.444	0.429	0.5	0.25
2703	AT1G01380	RI	0.091	0.333	0.333	0.2	0.333		0.0	0.0	0.0	0.0		0.0	1.0	0.0
2704	AT3G29760	RI	1.0	1.0	1.0	1.0	0.6	0.778	1.0	1.0	1.0	1.0	1.0	1.0	0.895	0.75
2705	AT3G29760	RI	0.455	0.222	0.467	0.714	0.5	0.714	0.556	0.286	0.273	0.333	0.333	0.75	0.333	0.75
2706	AT4G25440	RI	0.0	0.385	0.6	0.4	0.556	0.714	0.765	0.36	0.2	0.333	0.636	1.0	0.273	0.091
2708	AT1G35340	RI	0.25	0.293	0.032	0.358	0.415	0.347	0.314	0.378	0.111	0.285	0.319	0.242	0.202	0.117
2709	AT1G35340	RI	0.2	0.455	0.368	0.163	0.4	0.333	0.405	0.2	0.091	0.222	0.029	0.317	0.226	0.125
2710	AT1G35340	RI	0.086	0.128	0.057	0.158	0.179	0.0	0.143	0.114	0.133	0.0	0.216	0.269	0.127	0.034
2711	AT1G35340	RI	0.143	0.238	0.208	0.091	0.125	0.0	0.185	0.3	0.118	0.273	0.261	0.13	0.125	0.143
2712	AT5G14060	RI	0.077	0.0	0.333	0.031	0.0	0.059	0.2	0.03	0.0	0.0	0.091	0.143	0.045	0.04
2713	AT1G73875	RI	0.2	0.13	0.077	0.081	0.0	1.0	0.238	0.167	0.429	0.0	0.217	0.529	0.176	0.6
2714	AT1G71410	RI	0.846	0.818	0.556	0.692	0.667	1.0	0.857	0.714	0.636	1.0	0.846	1.0	0.826	0.778
2715	AT2G24350	RI	0.0	1.0		1.0	1.0	1.0	0.5	1.0	0.0		1.0	1.0		
2716	AT5G08535	RI	0.091	0.333	0.0	0.143	0.2	0.25	0.364	0.5	0.0	0.333	0.1	0.25	0.0	1.0
2717	AT5G08535	RI	0.429	0.429	0.125	0.297	0.231	1.0	0.412	0.29	0.0	0.714	0.368	0.31	0.1	0.375
2718	AT5G08535	RI	0.667	0.6	1.0	0.84	0.4	0.5	0.786	0.385	0.0	1.0	0.333	0.6	0.273	0.667
2719	AT1G01290	RI	0.176	0.189	0.259	0.164	0.143	0.222	0.233	0.2	0.333	0.333	0.102	0.304	0.143	0.333
2720	AT1G08800	RI	0.091	0.106	0.091	0.163	0.176	0.263	0.016	0.082	0.0	0.368	0.216	0.059	0.046	0.0
2721	AT3G05270	RI	1.0	0.692	0.9	0.762	0.5	1.0	0.571	0.76	1.0	0.833	0.622	0.733	0.935	1.0
2722	AT3G05270	RI	0.133	0.448	0.478	0.254	0.5	0.5	0.179	0.152	0.5	0.368	0.283	0.25	0.227	0.273
2723	AT3G07980	RI	1.0	1.0	0.821	0.939	1.0	1.0	1.0	1.0	0.821	1.0	1.0	0.793	1.0	1.0
2724	AT1G06470	RI	0.895	1.0	1.0	1.0	1.0	1.0	1.0	0.875	1.0	1.0	1.0	1.0	0.962	1.0
2725	AT1G06470	RI	1.0	1.0	1.0	0.939	0.919	1.0	1.0	0.946	0.919	1.0	1.0	0.87	1.0	0.922
2726	AT1G01650	RI	0.083	0.086	0.077	0.169	0.0	0.067	0.077	0.094	0.034	0.0	0.1	0.13	0.091	0.077
2728	AT1G23800	RI	0.1	0.067	0.31	0.353	0.043	0.0	0.057	0.333	0.0	0.167	0.153	0.167	0.065	0.083
2729	AT1G12250	RI	0.059	0.2	0.25	0.152	0.385	0.0	0.333	0.333	0.5	0.143	0.333	0.067	0.048	0.385
2730	AT1G03080	RI	0.167	0.167	0.419	0.154	0.097	0.385	0.417	0.226	0.4	0.429	0.489	0.25	0.362	0.667
2731	AT1G03080	RI	0.083	0.25	0.212	0.192	0.125	0.2	0.203	0.167	0.143	0.355	0.352	0.118	0.176	0.429
2732	AT5G63220	RI	0.161	0.161	0.145	0.171	0.041	0.641	0.254	0.234	0.078	0.0	0.169	0.286	0.08	0.161
2733	AT5G59470	RI	1.0	0.474	0.917	0.739	1.0	1.0	0.667	1.0	1.0	1.0	0.652	0.895	0.667	0.571
2734	AT5G63760	RI	1.0	1.0	1.0	1.0	1.0	1.0	1.0	1.0	1.0	1.0	0.947	1.0	1.0	1.0
2735	AT4G12460	RI	1.0	1.0	0.333	1.0			1.0	1.0	1.0		1.0	1.0	1.0	1.0
2736	AT4G12460	RI	0.333	0.235	0.152	0.265	0.375	0.2	0.4	0.306	0.25	0.333	0.444	0.429	0.2	0.455
2737	AT4G12460	RI	0.6	1.0	1.0	0.769	1.0	1.0	0.875	1.0	1.0	1.0	0.875	0.882	1.0	1.0
2738	AT4G12460	RI	0.875	1.0	0.892	0.938	1.0	1.0	0.887	1.0	1.0	0.556	0.947	0.852	1.0	0.931
2739	AT4G28820	RI	0.333	0.333	0.0	0.053	0.0	0.0	0.083	0.091	0.333	0.0	0.25	0.25	0.0	0.0
2740	AT1G73470	RI	0.2	0.286	0.273	0.263	0.556	0.273	0.379	0.375	0.385	0.143	0.481	0.429	0.379	0.263
2741	AT5G41150	RI	0.0	0.0	0.2	0.043	0.0	0.0	0.133	0.0	0.053	0.0	0.1	0.125	0.128	0.333
2742	AT5G41150	RI	0.176	0.333	0.385	0.2	0.6	1.0	0.048	0.125	0.143	0.273	0.29	0.714	0.1	0.2
2743	AT4G03000	RI		1.0	0.2	0.5	0.5		0.429	1.0			0.0		0.0	
2744	AT4G03000	RI	0.1	0.062	0.231	0.143	0.0	0.0	0.2	0.091	0.143	0.0	0.057	0.158	0.053	0.03
2745	AT4G03000	RI	1.0	0.333	1.0	1.0	1.0		1.0	1.0	1.0		1.0	1.0	1.0	1.0
2746	AT1G30545	RI	0.605	0.0	0.338	0.078	0.203	0.0	0.671	0.584		0.0	0.86	0.0	0.697	1.0
2747	AT5G55490	RI	0.0	1.0	1.0	1.0			1.0	1.0	1.0	1.0	1.0	1.0	1.0	1.0
2748	AT5G55490	RI	0.5	1.0	1.0	1.0	1.0	1.0	1.0	0.778	1.0	1.0	1.0	1.0	1.0	1.0
2749	AT5G55490	RI	1.0	0.846	1.0	1.0	1.0		1.0	1.0			1.0	1.0	1.0	
2750	AT4G31890	RI		0.273	0.467	0.2	0.0	1.0	0.385	0.333	0.333	0.0	0.2	0.5	0.067	0.429
2752	AT1G23480	RI	0.125	0.152	0.07	0.146	0.053	0.25	0.134	0.065	0.12	0.176	0.163	0.148	0.149	0.231
2754	AT5G03560	RI	1.0	1.0	1.0	0.81	1.0	0.333	0.846	1.0	1.0	1.0	0.765	0.733	1.0	0.8
2755	AT5G36290	RI	0.181	0.207	0.325	0.251	0.378	0.319	0.281	0.183	0.256	0.257	0.337	0.351	0.218	0.322
2756	AT1G73310	RI	0.273	0.25	0.143	0.545	0.333	0.0	0.257	0.368	0.333	1.0	0.2	0.182	0.19	0.333
2757	AT2G19080	RI	0.222	0.043	0.222	0.056	0.185	0.0	0.226	0.154	0.0	0.111	0.171	0.12	0.333	0.0
2758	AT2G21940	RI	0.158	0.5	0.143	0.435	0.231	0.333	0.423	0.262	0.714	0.0	0.341	0.378	0.303	0.294
2760	AT1G63295	RI	0.0	0.0	0.0		0.0	0.0	0.333	0.0	0.0	0.0	0.0	0.067		
2761	AT3G48500	RI	0.2	0.0	0.059	0.176	0.0	0.0	0.077	0.0	0.048	0.0	0.067	0.053	0.0	0.111
2762	AT2G47020	RI	0.5	0.091	0.333	0.353	1.0	0.6	0.31	0.222	0.333	0.0	0.0	0.5	0.091	0.636
2763	AT1G11340	RI	1.0						1.0	1.0	0.0					
2764	AT1G08320	RI	0.0	0.6	0.273	0.209	1.0	1.0	0.231	0.273	0.385	0.111	0.357	0.2	0.111	0.333
2765	AT1G48520	RI	0.069	0.049	0.072	0.136	0.069	0.115	0.181	0.129	0.28	0.0	0.124	0.041	0.052	0.171
2767	AT1G11790	RI	0.0	0.0	0.0	0.0	0.0	0.0	0.0	0.143	1.0		0.0	0.0	0.0	0.25
2768	AT4G24580	RI	1.0	1.0	0.67	1.0	1.0	0.603	1.0	1.0		0.0	0.432	0.503	0.503	1.0
2769	AT4G24580	RI	0.333	1.0	1.0	1.0			1.0	1.0	1.0	1.0	1.0	0.5		1.0
2770	AT4G24580	RI			1.0				0.0	1.0					1.0	
2771	AT1G55870	RI	0.2	1.0	0.25	0.0		1.0	0.333	0.333		0.333	0.0	0.167	0.111	0.143
2772	AT1G01355	RI		1.0	1.0	1.0	1.0		1.0	0.668	1.0	1.0	1.0	0.502	1.0	1.0
2773	AT1G51380	RI	0.0		1.0		0.0		0.0		0.0		0.667		1.0	
2774	AT1G51380	RI	0.0		1.0	0.0			1.0	0.333	0.2	0.333	0.2	0.0	0.0	
2775	AT2G23780	RI	0.867	1.0	0.964	1.0	1.0	1.0	1.0	1.0	1.0	1.0	1.0	0.935	1.0	1.0
2776	AT2G47920	RI	1.0	0.6	0.75	1.0	1.0	1.0	1.0	0.882	0.333	1.0	1.0	0.667	1.0	0.692
2779	AT5G11030	RI	0.143	0.0	0.368	0.172	0.067	0.0	0.625	0.043	1.0	0.059	0.032	0.048	0.1	0.2
2780	AT5G09850	RI	0.882	0.833	1.0	1.0	0.714	1.0	0.831	0.862	1.0	1.0	0.806	1.0	1.0	0.8
2781	AT1G61640	RI	0.167	0.2	0.0	0.143	0.0	0.0	0.133	0.176	0.0		0.043	0.0	0.25	0.0
2782	AT1G61640	RI	0.0	0.0	0.067	0.5	0.444	0.333	0.667	0.12	0.0	0.0	0.043	0.111	0.2	
2783	AT1G05470	RI	0.0	0.0	0.333	0.25	0.091	0.167	0.4	0.077	0.0	0.25	0.0	0.0	0.0	
2784	AT1G05750	RI	0.714	0.333	0.714	0.882	0.778	1.0	0.667	0.778	1.0		0.714	0.8	1.0	1.0
2785	AT1G25550	RI	0.12	0.085	0.176	0.123	0.115	0.094	0.175	0.105	0.097	0.099	0.169	0.193	0.112	0.224
2786	AT1G80360	RI	0.28	0.238	0.571	0.36	0.6		0.6	0.143	0.091	0.2	0.294	0.556	0.455	0.429
2787	AT5G60580	RI	0.2	0.13	0.179	0.129	0.25	0.556	0.206	0.448	0.13	0.25	0.18	0.278	0.367	0.579
2790	AT1G80170	RI	0.0	0.25	0.2	0.214	0.385		0.333	0.273	0.0	0.273	0.467	0.091	0.238	0.143
2791	AT2G29320	RI	1.0	0.2	0.333	0.294	0.0		0.36	1.0	0.0		0.25	0.286	0.0	
2792	AT2G20440	RI	0.0	0.091	0.077	0.048	0.0	0.5	0.6	0.067	0.059	0.429	0.185	0.0	0.2	0.25
2793	AT1G05785	RI	0.0	1.0	0.667	0.143	0.2		0.636	0.125	0.333	0.143	0.385		0.125	1.0
2794	AT1G05785	RI	0.182	1.0	0.172	0.261	0.111	0.0	0.375	0.152	0.0	0.2	0.6	0.0	0.125	0.077
2795	AT1G05785	RI	0.0	0.368	0.053	0.083	0.176	0.0	0.2	0.053	0.0	0.0	0.032	0.294	0.2	0.111
2796	AT1G05785	RI	0.0	0.167	0.158	0.057	0.0	0.2	0.185	0.069	0.25	0.0	0.161	0.0	0.194	0.25
2797	AT2G31580	RI	0.167	0.333	0.143	0.214	0.111	0.6	0.238	0.333	0.167	0.077	0.097	0.13	0.161	0.0
2798	AT1G13940	RI	0.769	1.0	1.0	0.889	1.0	1.0	1.0	0.818	1.0	1.0	1.0	0.917	0.778	1.0
2799	AT5G22500	RI	0.006	0.043	0.021	0.036	0.021	0.043	0.097	0.045	0.007	0.011	0.042	0.013	0.032	0.0
2800	AT1G61810	RI	0.0	0.0	0.0	0.091	0.0	0.0	0.2	0.12	0.2	0.0	0.091	0.0	0.1	0.0
2801	AT1G52310	RI	0.097	0.062	0.128	0.233	0.12	0.167	0.127	0.261	0.222	0.143	0.097	0.436	0.28	0.314
2802	AT1G61560	RI	1.0	0.333	0.294	0.0	0.0	0.0	0.368	0.273	0.0	0.0	0.111	0.333	0.0	1.0
2803	AT1G61560	RI	0.429	0.833	0.333	0.111	0.2		0.333	0.161		0.0	0.143	0.053	0.0	0.333
2804	AT1G61560	RI	1.0	1.0	1.0	1.0	1.0		1.0	1.0			0.789	1.0	1.0	1.0
2805	AT1G61560	RI	0.0	1.0	0.2	0.043	0.0		0.273	0.778			0.391	0.429	0.0	0.0
2806	AT5G09330	RI	0.2	0.44	0.222	0.348	0.333	0.091	0.742	0.231	0.0	0.385	0.517	0.412	0.25	0.0
2807	AT4G36000	RI	1.0		1.0	1.0			1.0	1.0	0.333		1.0	0.667	1.0	
2808	AT1G37150	RI			0.0	0.0			0.0	0.0	0.0		1.0	0.4	0.0	
2812	AT5G48657	RI	0.0	0.202	0.0	0.169	0.0		0.336	0.145	0.0	0.503	0.068	0.0	0.0	0.092
2813	AT1G13090	RI	0.176	0.094	0.111	0.1	0.25	0.0	0.238	0.114	0.0	0.056	0.155	0.043	0.103	0.031
2814	AT1G68862	RI	0.5	0.556	1.0	0.789	0.429	1.0	0.5	0.833	1.0	1.0	0.273	0.714	0.529	0.714
2815	AT1G02090	RI	0.231	0.625	0.7	0.588	0.636	0.167	0.429	0.8	0.385	0.231	0.304	0.167	0.576	1.0
2816	AT1G02090	RI	0.091	0.222	0.318	0.212	0.214	0.091	0.179	0.44	0.143	0.043	0.143	0.0	0.16	0.2
2817	AT2G39310	RI	1.0	1.0	1.0	0.992	1.0	1.0	1.0	1.0	1.0	1.0	1.0	1.0	1.0	1.0
2818	AT3G12940	RI	0.2	0.692	0.5	0.556	0.714	0.5	0.778	0.789	1.0	0.429	0.4	0.412	0.385	1.0
2819	AT3G12940	RI	1.0	1.0	0.905	0.767	1.0	1.0	0.867	0.898	0.857	1.0	0.875	1.0	0.857	1.0
2820	AT1G01220	RI	0.6	0.429	0.0	0.692	0.0		0.5	0.263	1.0		0.556	0.143	0.667	0.111
2821	AT1G01220	RI	1.0	1.0		1.0				0.636	1.0		0.6	1.0	1.0	
2822	AT1G01220	RI	0.26	0.0	0.198	0.398	0.0	0.117	0.096	0.15	1.0	0.096	0.07	0.174	0.126	0.209
2823	AT1G77480	RI	0.143	0.135	0.333	0.182	0.13	0.0	0.242	0.161	0.368	0.429	0.515	0.211	0.062	0.182
2824	AT5G46490	RI	1.0	1.0	0.818	1.0	0.6	1.0	1.0	1.0	1.0	1.0	1.0	1.0	1.0	1.0
2825	AT5G46490	RI	0.0	0.0	1.0	0.429	1.0	0.0	0.6	0.2	0.2	1.0	0.2	0.333	1.0	1.0
2826	AT5G46490	RI		1.0	1.0	0.667	0.667	1.0	1.0	1.0		1.0	1.0	1.0	1.0	
2827	AT1G32230	RI	0.047	0.063	0.059	0.036	0.036	0.029	0.073	0.078	0.04	0.023	0.075	0.044	0.071	0.042
2829	AT3G05190	RI	0.0		0.0			0.0					0.111	1.0	0.0	
2831	AT4G00930	RI	0.0	0.0	0.0	0.273	0.0	0.0	0.692	0.286	0.143		0.273	0.0	0.333	0.091
2832	AT4G00930	RI	1.0		0.333	0.1	0.0	0.0	0.2	0.167	0.0	0.0	0.111	0.0	0.2	0.091
2834	AT1G02260	RI	0.636	0.8	0.333	0.379	0.5	0.2	0.333	0.29	0.385	0.714	0.333	0.571	0.556	0.667
2835	AT4G38950	RI		1.0				1.0	1.0						0.333	1.0
2837	AT4G38950	RI	0.0	1.0		1.0									0.2	
2838	AT3G18750	RI				0.111				0.0			0.0	0.667	1.0	0.0
2839	AT1G77930	RI	0.077	0.167	0.185	0.116	0.067	0.0	0.161	0.231	0.118	0.111	0.17	0.0	0.273	0.412
2840	AT3G54770	RI	0.077	0.273	0.1	0.238	0.0		0.152	0.286	0.0	0.333	0.143	0.1	0.03	0.0
2841	AT1G02145	RI	0.05	0.316	0.342	0.273	0.13	0.148	0.5	0.287	0.0	0.581	0.61	0.342	0.285	0.566
2842	AT1G11710	RI	1.0	1.0		1.0	1.0	1.0	1.0	1.0	0.5	1.0	1.0	1.0	0.8	1.0
2845	AT4G24250	RI	1.0	0.0	0.333					0.0					1.0	
2846	AT1G04280	RI	0.25	0.31	0.143	0.298	0.083	0.111	0.237	0.136	0.143	0.158	0.15	0.211	0.238	0.286
2847	AT1G01060	RI	0.333	0.096	0.216	0.122	0.154	0.263	0.262	0.2	0.176	0.135	0.273	0.16	0.143	0.167
2848	AT1G01060	RI	0.182	0.077	0.091	0.148	0.067	0.091	0.106	0.2	0.0	0.043	0.211	0.106	0.053	0.111
2849	AT1G34380	RI	0.75	1.0	0.429	1.0	0.6		0.4	0.455	0.0	0.333	0.333	1.0	0.412	0.333
2851	AT1G27770	RI	0.261	0.355	0.524	0.305	0.323	0.2	0.554	0.531	0.188	0.297	0.457	0.405	0.368	0.417
2852	AT5G07400	RI	0.5	0.5		1.0	0.2			1.0	1.0	0.556	1.0	0.6	1.0	0.2
2853	AT5G07400	RI	1.0	0.0	1.0	1.0	0.333	1.0	1.0	0.714	1.0	0.667	0.556	0.714	0.667	0.0
2854	AT5G07400	RI		0.2	1.0	0.556	0.2	1.0	1.0	1.0			0.6	0.0	0.5	1.0
2855	AT3G46930	RI	0.5	0.6	1.0	0.6	1.0	0.333	0.526	0.81	1.0	1.0	0.765	0.5	0.818	0.6
2857	AT3G46930	RI	0.0	0.714	1.0	0.1	1.0	0.0	0.037	0.0	0.0	0.6	0.2	0.158	0.111	0.333
2858	AT1G08550	RI	0.0	0.25	0.333	0.467	0.286	0.0	0.588	0.667	0.059	0.2	0.263	0.44	0.357	0.429
2859	AT1G17920	RI				1.0	0.2			0.333				0.714	0.333	1.0
2860	AT1G05870	RI	0.846	0.833	0.959	0.924	0.867	1.0	0.885	1.0	0.867	0.7	0.75	0.688	0.956	0.647
2861	AT1G05870	RI	0.5	0.739	0.652	0.815	1.0	0.556	0.875	0.765	0.714	0.444	0.657	0.917	0.581	0.724
2862	AT1G05870	RI	0.4	0.304	0.268	0.349	0.111	0.2	0.356	0.362	0.238	0.143	0.306	0.333	0.22	0.316
2863	AT1G05870	RI	0.778	0.25	0.5	0.58	0.625	0.636	0.596	0.631	0.733	0.286	0.607	0.714	0.584	0.455
2864	AT1G05870	RI	1.0	0.429	0.765	0.934	1.0	1.0	0.848	1.0	0.895	0.846	0.822	0.842	0.968	1.0
2867	AT1G04200	RI	0.2	0.238	0.111	0.149	0.333	0.2	0.256	0.051	0.25	0.111	0.158	0.571	0.184	0.25
2868	AT1G04200	RI	0.08	0.065	0.102	0.109	0.03	0.067	0.1	0.105	0.125	0.043	0.111	0.045	0.093	0.188
2869	AT1G02910	RI	0.111	0.167	0.184	0.075	0.231	0.0	0.108	0.057	0.13	0.222	0.082	0.182	0.038	0.043
2871	AT1G55960	RI	1.0	1.0	0.95	0.938	1.0	1.0	1.0	1.0	1.0	1.0	1.0	1.0	1.0	1.0
2872	AT5G36220	RI	0.0	1.0		0.25	0.0	1.0	0.143	0.429	0.0	0.2	0.2	0.231	0.667	0.2
2873	AT5G01730	RI	0.6	0.2	0.429	0.556	0.333	0.067	0.273	0.2	0.0	0.0	0.333	1.0	0.077	0.0
2874	AT1G49360	RI	0.176	0.333	0.304	0.3	0.4	0.333	0.29	0.529	0.2	0.333	0.111	0.412	0.261	0.217
2875	AT1G49360	RI	0.2	0.245	0.455	0.288	0.304	0.231	0.273	0.412	0.412	0.556	0.452	0.548	0.228	0.36
2876	AT1G15240	RI	0.333	0.474	0.286	0.286	0.333	0.333	0.474	0.22	0.6	0.778	0.515	0.481	0.133	0.385
2877	AT5G15630	RI		0.75	0.778	1.0	0.0	0.0	0.0	0.333	0.333		0.714	0.6	0.333	0.25
2878	AT1G10910	RI	0.63	0.721	0.746	0.667	0.677	0.7	0.677	0.775	0.615	0.783	0.651	0.593	0.595	0.6
2879	AT4G00020	RI		0.0	0.0	0.059		0.0	0.2	0.333		0.0	0.0	0.0	0.0	0.0
2880	AT4G00020	RI	0.0		0.0	0.0	0.0	0.0	0.0	0.0		0.0	0.0	0.0	0.333	0.0
2881	AT4G00020	RI	0.0	0.0	0.176	0.333	0.0		0.4	0.0		0.0	0.143	0.111	1.0	0.0
2883	AT1G11160	RI	0.0	0.0			0.333		0.0				1.0			
2884	AT3G17609	RI				0.0	0.0		1.0		0.336		0.0	0.0	0.336	
2885	AT3G17609	RI	1.0			1.0	1.0	1.0		1.0	1.0		0.333		0.167	1.0
2886	AT1G35780	RI	0.0	0.214	0.226	0.2	0.062	0.077	0.233	0.091	0.037	0.294	0.227	0.211	0.159	0.167
2887	AT1G18620	RI	1.0	0.905	1.0	1.0	1.0	0.889	1.0	1.0	0.905	1.0	1.0	0.769	0.946	1.0
2888	AT1G18620	RI	0.148	0.231	0.241	0.218	0.125	0.263	0.244	0.3	0.211	0.216	0.357	0.189	0.243	0.385
2889	AT1G18620	RI	1.0	1.0	0.982	0.99	0.968	0.943	0.972	0.961	0.92	0.971	0.966	0.933	0.956	0.907
2891	AT1G80210	RI	0.5	0.088	0.314	0.277	0.053	0.294	0.358	0.224	0.097	0.091	0.424	0.333	0.171	0.241
2892	AT1G08660	RI	0.333	0.739	0.452	0.352	0.429	0.368	0.634	0.286	0.209	0.2	0.362	0.397	0.395	0.5
2894	AT1G16560	RI	1.0	1.0	0.714	0.556		1.0	0.091	1.0	0.2	1.0	0.778	1.0	0.5	
2895	AT1G16560	RI	1.0	1.0	1.0	1.0	1.0	1.0	1.0	1.0	1.0	1.0	0.857	1.0	1.0	1.0
2896	AT1G16560	RI	1.0	1.0	1.0	0.818	1.0	1.0	0.68	0.75	1.0	1.0	1.0	1.0	0.375	0.636
2897	AT1G16560	RI	1.0	1.0	1.0	1.0	1.0	1.0	0.739	1.0	1.0	1.0	1.0	0.6	1.0	1.0
2898	AT1G20696	RI	0.032	0.007	0.033	0.016	0.008	0.014	0.059	0.022	0.024	0.0	0.039	0.033	0.013	0.032
2899	AT1G20696	RI	0.018	0.03	0.013	0.02	0.011	0.016	0.024	0.018	0.006	0.018	0.019	0.017	0.018	0.023
2901	AT5G60600	RI	0.021	0.132	0.103	0.07	0.104	0.0	0.043	0.013	0.143	0.033	0.053	0.089	0.067	0.038
2902	AT5G45560	RI	0.6	1.0	0.833	0.2	1.0		1.0	0.167	0.5	0.667	0.636	0.5	0.6	0.0
2903	AT5G15070	RI			0.333	1.0	0.0			1.0	1.0	0.0			0.0	1.0
2905	AT5G15070	RI		0.0	0.111			1.0	0.125	1.0	0.0	0.0	0.0	0.0	1.0	0.0
2906	AT1G10060	RI	0.059	0.022	0.0	0.129	0.333	0.043	0.217	0.032	0.0	0.067	0.111	0.103	0.0	0.0
2907	AT1G19970	RI	0.0		0.0	0.0	0.333		0.2	0.0	0.0	0.0	0.0	0.0	0.0	0.111
2908	AT1G01700	RI	1.0	1.0	1.0	1.0	1.0	1.0	0.913	0.818	1.0	1.0	1.0	1.0	1.0	0.333
2909	AT1G01700	RI		1.0	1.0	1.0	1.0		1.0	0.9			1.0	1.0	1.0	0.75
2913	AT3G57930	RI	0.116	0.188	0.192	0.226	0.25	0.103	0.356	0.2	0.22	0.143	0.138	0.44	0.084	0.043
2914	AT4G31408	RI	0.636	0.636	1.0	1.0	0.778		0.684	0.882	1.0	0.429	0.909	1.0	1.0	0.667
2915	AT1G46480	RI	0.0	0.333	0.273	0.143	0.111		0.455	0.0	0.0	0.0	0.0	0.0	0.111	0.0
2916	AT1G16060	RI	0.0	0.0	0.5		0.667	1.0	0.2	0.091	0.0		0.6	0.143	0.0	0.0
2917	AT1G16060	RI		1.0	1.0	0.5	1.0	0.333	1.0	0.0			1.0	0.333	0.0	0.111
2918	AT4G31150	RI	1.0	1.0	0.565	0.6	0.556	1.0	0.632	0.643	0.4	0.6	0.44	0.875	0.789	0.4
2919	AT4G31150	RI	0.2	0.25	0.429	0.373	0.125	0.0	0.385	0.081	0.263	0.455	0.062	0.091	0.136	0.294
2920	AT4G31150	RI	1.0	1.0	0.641	0.309	0.203	0.203	0.422	0.505	0.0	0.254	0.588	0.229	0.46	0.338
2922	AT1G05590	RI	0.143	0.0	0.0	0.0	0.0	0.0	0.0	0.091	0.2	0.0	0.0	0.2	0.2	0.0
2923	AT4G22890	RI	0.0	0.0	0.05	0.036	0.0	0.0	0.115	0.013	0.0	0.0	0.0	0.132	0.037	0.071
2924	AT1G54650	RI	0.0	0.2	0.111	0.6	0.111		0.2	0.0		0.6	0.4	0.111	0.2	0.385
2925	AT1G04945	RI	0.714	1.0	1.0	1.0	1.0	1.0	0.833	0.818	1.0	0.25	1.0	0.692	0.714	1.0
2926	AT1G55610	RI	0.0	0.0	0.5	0.0	0.0	0.333	1.0	0.0		0.6	0.714		0.4	0.333
2927	AT1G29380	RI	0.2	1.0	0.5	0.636	1.0	0.333	1.0	1.0	1.0	0.333	0.5	1.0	0.538	1.0
2929	AT5G05610	RI	0.062	0.2	0.212	0.178	0.107	0.6	0.187	0.138	0.188	0.407	0.159	0.319	0.242	0.185
2930	AT4G09760	RI	0.2	0.227	0.158	0.143	0.211	0.231	0.245	0.111	0.094	0.111	0.247	0.137	0.038	0.111
2932	AT2G27110	RI	0.524	0.545	0.923	0.556	0.75	1.0	0.818	0.933	0.429	1.0	0.725	0.688	0.727	0.52
2933	AT2G27110	RI	0.143	0.067	0.2	0.636	0.429	0.0	0.238	0.529	0.143	0.143	0.333	0.333	0.263	0.0
2934	AT4G12850	RI	0.5	1.0	1.0	0.857	1.0	1.0	1.0	1.0	1.0	1.0	1.0	1.0	1.0	0.333
2935	AT1G78750	RI		1.0	1.0	1.0	0.0		1.0				1.0		1.0	
2936	AT3G23560	RI	0.223	0.502	0.268	0.096	0.0	0.077	0.168	0.048	0.144	0.091	0.161	0.168	0.0	0.201
2937	AT1G65390	RI			0.0									0.2		
2938	AT1G65120	RI		0.0	1.0	0.0				0.5		0.0		1.0	1.0	0.5
2939	AT1G67850	RI	0.0	0.273	0.0	0.0	0.0	0.0	0.032	0.083	0.0		0.0	0.077	0.0	0.0
2940	AT5G58660	RI	0.0	0.077	0.0	0.061	0.059	0.0	0.064	0.059	0.0	0.0	0.2	0.167	0.17	0.0
2941	AT4G15090	RI	1.0	1.0	0.474	0.667	1.0	1.0	0.556	0.714	0.333	1.0	0.5	0.6	0.6	
2942	AT4G15090	RI	1.0	1.0	1.0	0.714	0.5	1.0	1.0	0.818	0.333	0.714	0.75	1.0	0.333	
2943	AT1G07840	RI	0.0	0.059	0.12	0.059	0.2	0.0	0.062	0.111	0.143	0.333	0.231	0.273	0.024	0.125
2944	AT1G16650	RI	1.0		0.5	1.0			0.5	0.0		1.0	0.75	0.556	0.667	0.333
2945	AT1G05900	RI	0.0	0.419	0.419	0.2	0.0	0.429	0.2	0.045	0.0	0.273	0.097	0.12	0.2	0.111
2946	AT1G16489	RI	0.6	1.0	1.0	0.5	1.0	1.0	1.0	1.0	1.0	1.0	1.0	0.556	1.0	0.2
2947	AT1G22430	RI	0.25	0.059	0.273	0.176	0.0	0.5	0.268	0.167	0.111	0.0	0.125	0.077	0.171	0.2
2948	AT1G22430	RI	0.333	1.0	1.0	1.0			1.0	0.75	1.0		1.0	1.0	1.0	1.0
2949	AT1G22430	RI	0.143	0.167	0.091	0.12	0.0	0.0	0.105	0.2	0.333	0.143	0.167	0.304	0.1	0.25
2950	AT1G78530	RI			0.0	1.0				0.0	0.0		0.0	0.0	0.143	
2951	AT1G05410	RI	1.0	1.0	1.0	0.964	0.947	1.0	0.957	1.0	1.0	0.926	1.0	1.0	0.969	0.917
2952	AT2G46980	RI	0.5	0.8	0.391	0.351	0.294	0.0	0.448	0.238	0.077	0.333	0.4	0.071	0.333	1.0
2953	AT2G46980	RI	0.52	0.286	0.692	0.209	0.333	0.333	0.677	0.25	0.75	0.5	0.44	0.417	0.133	0.625
2954	AT3G28100	RI	0.133	0.094	0.2	0.222	0.214	0.333	0.315	0.292	0.28	0.034	0.256	0.176	0.158	0.282
2955	AT3G28100	RI	0.077	0.02	0.2	0.131	0.053	0.0	0.143	0.03	0.167	0.059	0.195	0.106	0.219	0.333
2956	AT2G30580	RI	1.0	1.0	0.905	1.0	1.0	1.0	1.0	1.0	1.0	1.0	1.0	1.0	1.0	1.0
2957	AT2G30580	RI	0.333	0.0	0.273	0.111	0.0		0.333	0.294	0.0	0.0	0.167	0.0	0.0	0.0
2958	AT2G39130	RI	0.333	0.455	0.176	0.105		0.0	0.25	0.116	0.143	0.143	0.2	0.0	0.059	0.333
2959	AT4G30993	RI	0.182	0.13	0.231	0.241	0.182	0.235	0.307	0.25	0.125	0.095	0.222	0.19	0.2	0.2
2960	AT1G80245	RI	1.0	1.0	0.75	0.6	0.5	0.5	0.647	0.6	1.0	0.333	0.765	1.0	0.6	0.5
2961	AT1G80245	RI	0.143	0.5	0.556	0.455	0.25	0.333	0.294	0.143	0.333	0.2	0.556	0.5	0.2	0.143
2962	AT1G80245	RI	0.0	0.6	0.455	0.538	1.0	1.0	0.778	0.8	1.0	0.556	0.364	0.75	0.467	0.25
2963	AT1G17380	RI	0.5	0.0					0.2	0.0			0.333	0.143	0.0	1.0
2965	AT1G02205	RI	0.059	0.053	0.037	0.05	0.133	0.0	0.093	0.057	0.0	0.04	0.059	0.039	0.059	0.071
2966	AT1G02205	RI	0.0	0.0	0.019	0.0	0.0	0.0	0.013	0.077	0.091	0.0	0.01	0.056	0.03	0.167
2968	AT1G11450	RI			0.0		0.0		0.0	0.333		1.0	0.0			0.0
2969	AT1G11450	RI			0.0	0.0		0.0	0.4	1.0			0.5	0.0	0.0	0.0
2970	AT3G04380	RI		0.0	0.6				1.0			1.0	1.0		0.5	0.5
2971	AT2G02765	RI	0.333	0.353	0.259	0.415	0.143	0.2	0.206	0.397	0.333	0.647	0.49	0.556	0.143	0.2
2972	AT1G50280	RI	0.2	0.391	0.333	0.127	0.263	0.294	0.256	0.1	0.111	0.091	0.167	0.211	0.182	0.0
2973	AT5G22770	RI	0.714	0.867	0.571	0.704	0.647	1.0	0.556	0.8	0.833	0.833	0.758	0.3	0.871	0.5
2974	AT5G66240	RI	0.84	0.677	0.655	0.656	0.822	0.745	0.628	0.779	0.833	0.792	0.787	0.703	0.689	0.772
2975	AT5G40710	RI	0.167	0.091	0.043	0.071	0.667	0.143	0.308	0.116	0.2	1.0	0.135	0.2	0.167	0.0
2976	AT1G06820	RI		0.2	0.077	0.027	0.0		0.071	0.03	0.0	0.0	0.143	0.2	0.03	0.0
2977	AT1G06820	RI	0.067	0.364	0.152	0.146	0.0	0.333	0.111	0.119	0.286	0.333	0.226	0.029	0.129	0.154
2978	AT2G13650	RI	0.111	0.059	0.059	0.143	0.071	0.0	0.185	0.136	0.091	0.154	0.062	0.038	0.107	0.048
2979	AT2G13650	RI	0.6	1.0	1.0	0.846	1.0	1.0	1.0	0.84	0.833	0.778	0.84	0.895	1.0	1.0
2980	AT2G13650	RI	0.143	0.2	0.286	0.455	0.143	0.0	0.116	0.024	0.143	0.143	0.407	0.429	0.545	0.0
2981	AT4G29170	RI	0.0	0.0	0.333	0.0	0.0	0.0	0.0	0.176			1.0	0.333	0.0	0.333
2982	AT3G53880	RI	0.8	1.0	0.571	0.429	1.0		0.5	0.273	0.0	0.5	0.286	0.3	0.364	0.25
2984	AT3G16690	RI	0.077	0.286	0.241	0.094	0.143	0.0	0.2	0.222	0.385	0.231	0.292	0.086	0.2	0.2
2985	AT5G42560	RI	0.143	0.17	0.043	0.095	0.023	0.111	0.146	0.117	0.0	0.085	0.092	0.034	0.057	0.128
2986	AT5G05740	RI	0.067	0.158	0.12	0.2	0.0	0.0	0.191	0.163	0.037	0.333	0.133	0.355	0.333	0.0
2987	AT1G07728	RI	0.333	0.12	0.317	0.243	0.25	0.263	0.429	0.129	0.1	0.143	0.317	0.292	0.378	0.297
2988	AT1G03860	RI	0.0	0.085	0.067	0.048	0.0	0.0	0.047	0.023	0.0	0.021	0.078	0.064	0.04	0.071
2989	AT4G15840	RI	0.043	0.053	0.077	0.118	0.083	0.0	0.176	0.091	0.091	0.143	0.111	0.385	0.167	0.0
2990	AT2G46040	RI		1.0	1.0	1.0	1.0		1.0	0.143	0.0		0.091	1.0	0.5	0.0
2991	AT2G46040	RI	1.0	0.333	1.0	1.0	1.0		1.0	1.0	1.0		0.0	1.0		1.0
2993	AT5G15845	RI	1.0	0.986	0.987	0.982	1.0	0.973	0.981	0.989	0.966	0.976	0.98	0.984	0.991	0.976
2994	AT1G02270	RI	0.059	0.0	0.032	0.111	0.0		0.081	0.059	0.0	0.0	0.1	0.0	0.0	0.0
2995	AT4G25520	RI	0.25	0.455	0.429	0.368	0.333	0.0	0.576	0.647	1.0	0.455	0.615	0.333	0.692	0.556
2996	AT5G01010	RI	0.057	0.048	0.106	0.078	0.099	0.027	0.065	0.065	0.023	0.032	0.117	0.091	0.085	0.1
2997	AT1G22180	RI	0.0	0.333	0.125	0.209	0.0	1.0	0.071	0.111	0.0	0.167	0.071	0.6	0.143	0.0
2998	AT3G53830	RI		1.0	0.0	1.0					0.0	1.0	1.0		1.0	
2999	AT1G62560	RI	1.0	0.091	0.6	0.0			0.071	0.0	0.6	0.0	0.053	0.059	0.2	0.111
3001	AT1G09910	RI	0.0	0.161	0.333	0.167	0.222	0.067	0.405	0.158	0.217	0.0	0.137	0.25	0.246	0.385
3002	AT3G21240	RI	0.125	0.412	0.455	0.032	0.333		0.118	0.2	0.091	0.0	0.267	0.1	0.0	0.0
3003	AT1G19660	RI	0.014	0.011	0.006	0.015	0.006	0.016	0.025	0.022	0.014	0.025	0.021	0.013	0.012	0.017
3004	AT1G01560	RI	0.0	0.0	0.333	0.333		0.0	1.0	0.0		0.0		1.0	1.0	
3005	AT1G01560	RI		0.0	0.0	1.0	0.0		0.333	1.0		0.0				
3006	AT4G17890	RI	0.152	0.05	0.058	0.073	0.0	0.0	0.108	0.068	0.0	0.045	0.102	0.041	0.039	0.079
3007	AT1G07390	RI	1.0	1.0	1.0	1.0	1.0	1.0	1.0	0.939	1.0	1.0	1.0	1.0	1.0	1.0
3008	AT1G10657	RI				0.0			1.0					1.0	0.0	
3009	AT4G10360	RI	0.25	0.333	0.2	0.5	0.333	0.2	0.135	0.05	0.0	0.091	0.351	0.116	0.235	0.222
3010	AT4G10360	RI	1.0	0.5	0.714	0.308	0.538	0.333	0.5	0.333	0.0	0.143	0.714	0.667	0.636	0.143
3011	AT1G14690	RI	0.52	0.421	0.667	0.436	0.429	0.379	0.64	0.472	0.68	0.568	0.63	0.704	0.528	0.529
3012	AT1G18650	RI	0.286	0.13	0.207	0.138	0.089	0.095	0.316	0.111	0.057	0.137	0.132	0.208	0.147	0.096
3013	AT1G65960	RI	0.625	0.92	0.87	0.685	0.6	0.2	0.897	0.797	0.882	0.7	0.797	0.617	0.862	1.0
3014	AT1G65960	RI	0.019	0.022	0.027	0.034	0.019	0.013	0.044	0.032	0.031	0.022	0.034	0.032	0.027	0.022
3015	AT5G10320	RI	0.51	1.0		0.51	0.0		0.069	0.115	0.0		0.824	0.246	0.258	0.0
3016	AT5G10320	RI	0.5	0.0	1.0	0.2	0.0		0.0	0.333	0.0		0.692	0.125	0.0	0.0
3017	AT1G11592	RI	0.0	0.077	0.1	0.111	0.0	0.2	0.053	0.077	0.2	0.077	0.231	0.0	0.156	0.455
3019	AT3G04460	RI	0.167	0.333	0.333	0.064	0.0	0.273	0.5	0.212	0.286	0.0	0.091	0.259	0.091	0.273
3020	AT1G09195	RI	0.556	1.0	1.0	0.84	0.0	1.0	1.0	0.778	1.0	1.0	0.714	1.0	0.636	0.6
3021	AT1G09195	RI	0.5	0.429	1.0	0.739	0.0	1.0	0.818	0.615	0.5	0.333	0.429	0.273	0.444	0.4
3022	AT1G09195	RI	0.339	0.435	1.0	0.798	0.204	1.0	0.739	0.468	0.822	0.255	0.69	0.435	0.461	0.339
3023	AT1G09195	RI	0.667	0.333	1.0	1.0	0.429	1.0	0.846	1.0	1.0	0.5	1.0	0.75	1.0	0.5
3024	AT1G09195	RI	1.0	1.0	1.0	1.0	1.0	1.0	1.0	1.0	0.333	1.0	1.0	1.0	0.818	1.0
3025	AT1G09195	RI	1.0	1.0	1.0	1.0	1.0	1.0	0.765	1.0	1.0	1.0	1.0	1.0	1.0	1.0
3026	AT1G09195	RI	1.0	1.0	1.0	1.0	1.0	1.0	1.0	0.833	1.0	1.0	1.0	1.0	1.0	1.0
3027	AT1G09195	RI	0.333	0.25	0.241	0.833	0.429	0.5	0.419	0.444	0.2	0.286	0.067	0.429	0.231	0.2
3028	AT1G09195	RI	0.125	0.0	0.143	0.333	0.167	0.0	0.182	0.053	0.0	0.0	0.2	0.333	0.143	0.0
3029	AT1G09195	RI	0.333	0.636	0.158	0.073	0.0	0.143	0.032	0.214	0.143	0.0	0.135	0.778	0.273	0.333
3030	AT1G09195	RI	1.0	1.0	1.0	0.75	1.0	1.0	1.0	0.75	1.0	1.0	1.0	1.0	1.0	
3031	AT1G09195	RI	0.846	0.846	0.889	0.714	0.375	0.333	0.586	0.643	0.846	0.8	0.429	0.467	0.474	0.778
3032	AT1G73750	RI	0.273	0.102	0.176	0.128	0.2	0.1	0.317	0.13	0.086	0.111	0.289	0.25	0.171	0.455
3033	AT5G28080	RI	0.0	0.0	0.2	0.0	0.0	0.0	0.154	0.0	0.0	0.0	0.053	0.0	0.0	
3034	AT5G28080	RI	1.0	0.0	0.6	0.556	1.0	0.0	0.733	1.0	1.0	0.5	0.684	1.0	0.8	
3035	AT5G28080	RI	1.0		0.6	0.0	0.0	0.0	0.333	0.143	0.0	0.0	0.385	0.6	0.25	0.0
3036	AT5G28080	RI	1.0		1.0	1.0	1.0	1.0	1.0	1.0	1.0	1.0	0.7	1.0	0.667	
3037	AT5G28080	RI	1.0		1.0	1.0		1.0	1.0	1.0	0.333		1.0	1.0	1.0	
3038	AT5G28080	RI		0.0	0.111	0.143	0.0	0.6	0.226	0.25	1.0	0.25	0.048	0.0	0.0	0.0
3039	AT1G54440	RI	0.333	0.5	0.5	0.125	0.125	1.0	0.351	0.263	0.0	0.5	0.375	0.31	0.333	0.0
3043	AT4G02210	RI	0.25	0.182	0.389	0.462	0.111	0.2	0.273	0.351	0.143	0.273	0.154	0.714	0.176	0.286
3044	AT1G07620	RI	0.0		0.0	0.0	0.0		0.2	0.0	0.0	0.0	0.0	0.0		0.0
3045	AT5G56990	RI	0.0			1.0	0.0		0.0	0.0			0.0	0.333	0.0	0.0
3046	AT1G03905	RI	0.335	1.0	1.0	1.0		1.0	1.0	0.502	1.0	1.0	1.0	1.0	0.779	
3047	AT1G03905	RI	1.0	1.0	1.0	0.286		1.0	1.0	0.0	1.0	0.111	0.667	0.429	0.667	0.0
3048	AT1G03905	RI	1.0	0.6	1.0	1.0	0.0	1.0	0.667	0.0	0.2		0.333		0.333	
3049	AT1G22140	RI	0.355	0.358	0.208	0.447	0.31	0.273	0.247	0.311	0.419	0.333	0.412	0.176	0.235	0.412
3050	AT1G71720	RI	0.291	0.243	0.189	0.107	0.114	0.204	0.274	0.196	0.435	0.339	0.054	0.473	0.451	0.243
3051	AT1G56260	RI	0.143	0.2	0.111	0.0	0.0	0.0	0.333	0.125	0.0	0.0	0.333	0.2	0.0	0.0
3052	AT1G28610	RI	0.6	0.5	0.571	0.81	0.8	1.0	0.467	0.857	0.778	1.0	0.933	0.8	0.75	1.0
3053	AT1G14270	RI	0.385	0.167	0.059	0.161	0.158	0.2	0.533	0.333	0.333	0.333	0.278	0.185	0.364	0.333
3054	AT1G14270	RI	0.333	0.2	0.04	0.355	0.176	0.5	0.421	0.257	0.4	0.385	0.227	0.304	0.364	0.375
3055	AT1G14270	RI	0.0	0.026	0.085	0.091	0.059	0.0	0.167	0.057	0.043	0.097	0.071	0.048	0.118	0.062
3056	AT2G46060	RI	0.0	0.75	0.0	0.103	0.0	0.333	0.0	0.0	0.143	0.0	0.091	0.062	0.0	0.25
3057	AT1G31950	RI	1.0		0.2	1.0	1.0		1.0	1.0	1.0	1.0	0.333	1.0	1.0	1.0
3058	AT1G72175	RI	0.116	0.133	0.176	0.117	0.1	0.185	0.149	0.143	0.231	0.0	0.164	0.056	0.158	0.077
3059	AT3G29100	RI	0.273	0.0	0.0	0.106	0.333		0.083	0.053	0.333	0.1	0.143	0.0	0.0	0.333
3060	AT3G29100	RI	1.0	1.0	0.684	1.0	1.0		0.778	0.765	1.0	1.0	1.0	0.667	1.0	1.0
3061	AT2G30370	RI	1.0	1.0	0.5	0.0			1.0	1.0	0.5	1.0		1.0	0.667	1.0
3062	AT5G64520	RI	1.0	1.0	0.667	0.652	1.0	0.333	1.0	1.0	1.0	0.5	1.0	1.0		1.0
3063	AT5G64520	RI	1.0	0.2	0.778	1.0	0.6	1.0	0.692	0.6	1.0	1.0	0.75	0.714		1.0
3065	AT5G53620	RI	1.0	1.0	1.0	1.0	1.0	1.0	0.684	0.333	1.0	1.0	1.0	0.5	1.0	1.0
3066	AT5G53620	RI	0.429	0.44	0.29	0.333	0.238	0.077	0.333	0.03	0.2	0.091	0.17	0.1	0.238	0.333
3067	AT1G08230	RI	1.0	1.0	0.905	1.0	0.8	1.0	0.892	1.0	1.0	1.0	0.92	0.882	1.0	1.0
3068	AT1G08230	RI	0.556	0.677	0.6	0.383	0.286	0.714	0.628	0.761	0.765	0.5	0.578	0.667	0.667	0.692
3069	AT1G08230	RI	0.111	0.167	0.137	0.089	0.1	0.0	0.083	0.102	0.0	0.13	0.053	0.111	0.075	0.0
3070	AT4G16143	RI	0.121	0.103	0.16	0.13	0.113	0.072	0.217	0.151	0.093	0.176	0.236	0.197	0.139	0.149
3071	AT5G47510	RI	0.0	0.0		0.21	0.21		0.0	0.0	0.0		1.0	1.0	0.347	
3072	AT5G47510	RI	0.0	0.0	1.0	0.0		0.0	0.502	0.43	0.335		0.751	0.201		
3076	AT5G46910	RI	0.667	0.0	0.0	0.143			0.111	0.455		0.0	0.2	0.111	0.0	0.6
3077	AT5G06440	RI	0.172	0.22	0.132	0.242	0.12	0.0	0.224	0.152	0.091	0.3	0.186	0.346	0.046	0.176
3078	AT5G06440	RI	0.12	0.111	0.095	0.265	0.273	0.25	0.206	0.235	0.067	0.25	0.188	0.234	0.227	0.0
3079	AT5G06440	RI	0.455	0.333	0.273	0.512	0.714	0.667	1.0	0.714	0.6	0.667	0.7	0.455	0.32	
3080	AT1G45249	RI	1.0	1.0	0.913	0.939	1.0	1.0	1.0	0.76	0.778	1.0	0.935	0.867	0.833	1.0
3082	AT1G45249	RI	0.077	0.2	0.347	0.448	0.429	0.222	0.477	0.362	0.579	0.111	0.294	0.417	0.258	0.6
3083	AT1G45249	RI	1.0	1.0	0.76	0.769	1.0	0.778	0.95	0.786	1.0	0.8	0.939	1.0	0.882	0.789
3084	AT3G19570	RI	0.0	0.5	0.333	0.222	0.273	0.333	0.231	0.857	0.25	0.0	0.333	0.083	0.333	0.6
3085	AT3G19570	RI	0.0	0.167	0.429	0.111	0.0	0.6	0.2	0.2	0.0	0.0	0.273	0.3	0.091	0.077
3088	AT3G27340	RI	0.172	0.234	0.159	0.171	0.231	0.158	0.224	0.239	0.077	0.086	0.14	0.065	0.077	0.059
3090	AT3G04443	RI	1.0		1.0	1.0			1.0						0.333	
3091	AT1G18335	RI	0.502	1.0	1.0	1.0	1.0	1.0	1.0	1.0	1.0	1.0	1.0	1.0	1.0	1.0
3092	AT1G18335	RI	0.111	0.385	0.636	0.579	0.286	1.0	0.333	0.167	0.182	0.75	0.333	0.6	0.375	0.2
3093	AT1G08530	RI	0.0	0.273	0.273	0.143	1.0	0.2	0.364	0.231	0.0	0.0	0.12	0.333	0.286	0.176
3094	AT4G23570	RI	0.846	0.562	1.0	0.822	0.667	0.5	0.738	0.786	0.789	0.4	0.6	0.8	0.842	0.333
3095	AT5G20180	RI	1.0	1.0	0.6	0.429	0.0	0.0	0.75		1.0		0.333		1.0	0.143
3097	AT1G75390	RI	1.0	1.0	1.0	1.0	1.0	1.0	0.892	1.0	1.0	1.0	1.0	1.0	1.0	0.608
3098	AT1G31360	RI	0.0	0.333	0.286	1.0	0.2	1.0	0.36	0.429	0.0	0.25	0.6	1.0	0.6	0.385
3099	AT1G31360	RI	1.0	1.0	1.0	1.0	1.0		0.818	0.467	1.0		0.6	1.0	0.5	1.0
3100	AT1G31360	RI	0.273	0.273	0.5	0.5	0.0	1.0	0.647	0.257	0.2	0.25	0.3	0.455	0.143	0.2
3101	AT1G31360	RI	0.0	0.111	0.0	0.091	0.0		0.143	0.333	0.0	0.429	0.304	0.0	0.0	0.091
3102	AT3G25690	RI	1.0	0.969	1.0	1.0	0.952	1.0	1.0	1.0	1.0	1.0	1.0	0.973	1.0	1.0
3103	AT3G25690	RI	1.0	1.0	0.967	1.0	0.951	1.0	0.977	0.946	1.0	1.0	1.0	1.0	1.0	1.0
3104	AT3G16260	RI	0.2	0.429	0.111	0.0	0.143	0.333	0.28	0.214	0.0	0.25	0.294	0.12	0.077	0.077
3105	AT3G16260	RI	0.5	0.714	0.077	0.44	0.5	0.0	0.538	0.556	0.091	0.231	0.333	0.444	0.619	0.143
3107	AT1G08680	RI	1.0	1.0	1.0	1.0	1.0	1.0	1.0	1.0	0.969	1.0	1.0	1.0	1.0	1.0
3108	AT1G08710	RI	0.143	0.04	0.385	0.375	0.25	0.0	0.333	0.304	0.375	0.0	0.211	0.111	0.294	0.111
3109	AT1G08720	RI	0.154	0.0	0.037	0.099	0.111	0.0	0.103	0.046	0.12	0.083	0.091	0.214	0.034	0.077
3110	AT1G22310	RI	0.698	0.625	0.653	0.897	0.507	0.507	1.0	0.69	1.0	0.653	0.755	0.804	0.582	0.837
3111	AT2G25530	RI		0.0		1.0		0.0	0.0	0.5	0.0		0.0	0.333		
3112	AT2G22660	RI	0.028	0.043	0.14	0.103	0.084	0.107	0.2	0.066	0.048	0.085	0.127	0.046	0.056	0.067
3113	AT1G79880	RI	0.364	0.351	0.489	0.641	0.111	0.385	0.318	0.36	0.059	0.189	0.171	0.4	0.333	0.375
3114	AT5G47900	RI	0.0	0.0	0.0	0.5			1.0			0.111	0.333		0.2	0.0
3116	AT3G10572	RI	0.0	0.067	0.056	0.028	0.053	0.0	0.048	0.02	0.154	0.0	0.033	0.0	0.0	0.0
3117	AT1G16840	RI	0.091	0.053	0.082	0.092	0.077	0.0	0.103	0.095	0.02	0.074	0.094	0.064	0.057	0.132
3118	AT2G38780	RI	0.0	1.0	1.0	0.0	1.0		1.0	1.0	0.0	0.2	0.333	0.6	0.2	0.0
3119	AT2G38780	RI	0.0	1.0	1.0	0.0	0.2		0.111	0.375	0.0	0.143	0.364	0.273	0.5	0.0
3120	AT2G38780	RI	1.0	1.0	1.0	1.0		1.0	1.0	1.0	1.0		1.0	0.846	1.0	1.0
3121	AT2G38780	RI	0.0	0.5	0.647	0.714	0.5	0.667	0.4	0.429	0.091	0.0	0.381	0.467	0.263	0.111
3125	AT3G18900	RI					0.0	0.0	1.0	1.0					0.5	
3126	AT3G18900	RI			0.0	1.0				1.0			0.0	0.5	0.333	
3127	AT1G16825	RI	0.0	0.0	0.0	0.385	0.091		0.125	0.0	0.111	0.0	0.231	0.0	0.2	1.0
3129	AT2G34310	RI	0.25	0.143	0.2	0.579	1.0		0.375	0.368	1.0	0.2	0.333	0.714	0.375	0.5
3130	AT2G34310	RI	1.0	1.0	0.453	0.871	0.721	0.437	0.437	0.608	0.508	1.0	0.756	0.341	0.564	0.341
3132	AT5G11210	RI			1.0	1.0			1.0	1.0			0.333	1.0	1.0	
3135	AT3G25440	RI	1.0	1.0	1.0	1.0	1.0	1.0	1.0	0.818	1.0	1.0	1.0	1.0	1.0	
3136	AT3G25440	RI	0.0	0.566	0.207	0.115	0.0	0.0	0.258	0.294	0.148	0.0	0.0	0.13	0.172	0.0
3137	AT1G73460	RI	0.81	0.913	1.0	1.0	0.81	1.0	1.0	0.939	1.0	0.917	0.886	0.943	1.0	1.0
3138	AT3G27390	RI	0.185	0.24	0.053	0.094	0.034	0.143	0.227	0.04	0.238	0.174	0.171	0.125	0.077	0.1
3139	AT1G10890	RI	0.531	0.75	0.94	0.755	0.538	0.829	0.866	0.795	0.8	0.828	0.75	0.828	0.835	0.891
3140	AT1G10890	RI	1.0	0.618	0.957	0.849	0.826	0.882	0.875	0.85	0.805	0.8	0.909	0.932	0.932	0.773
3143	AT1G80810	RI	0.333	0.0	0.0	0.0	0.0	0.0	0.143	0.111	0.0	0.0	0.167	0.125	0.0	0.0
3144	AT1G07880	RI		1.0		0.0	0.0		1.0	0.333	0.0		1.0	0.2	0.0	
3145	AT5G06530	RI	0.07	0.045	0.12	0.042	0.0	0.03	0.14	0.081	0.045	0.103	0.07	0.179	0.074	0.033
3146	AT4G35040	RI	0.867	1.0	1.0	0.909	1.0	1.0	0.967	1.0	0.9	1.0	1.0	1.0	0.961	1.0
3147	AT4G35040	RI	0.333	1.0		0.867			1.0	1.0	1.0	0.6	0.714	1.0	1.0	1.0
3148	AT1G21810	RI			1.0					1.0	0.0		1.0			
3149	AT1G21810	RI				1.0	0.333		1.0	1.0	1.0		1.0	1.0		
3151	AT1G19800	RI	1.0	0.41	0.0	1.0	0.0		0.61	0.0		0.207	0.342		0.342	
3152	AT1G19800	RI	0.333	0.143	0.0	0.455	0.143	0.0	0.25		0.0	0.143	0.2	0.25	0.556	1.0
3153	AT1G03470	RI	1.0	1.0	1.0	1.0	1.0	1.0	1.0	0.667	1.0	1.0	1.0	1.0	1.0	1.0
3155	AT1G03470	RI	0.538	1.0	1.0	0.667	0.5	1.0	0.538	1.0	1.0	1.0	0.429	0.75	0.375	0.6
3156	AT1G03770	RI	0.0	1.0	0.059	0.081	0.0	0.0	0.286	0.0	0.0	0.0	0.385	0.0	0.333	0.0
3157	AT1G03770	RI	0.0	1.0	0.0	0.0	0.0		0.25	0.231	0.0	0.333	0.143	0.111	0.231	0.0
3158	AT1G34180	RI	0.067	0.25	0.6	0.217	0.333	0.0	0.263	0.143	0.0	0.1	0.444	0.143	0.067	0.0
3159	AT5G58370	RI	0.2	0.111	0.368	0.231	0.333	0.2	0.188	0.385	0.2	0.053	0.158	0.0	0.259	0.6
3160	AT3G44510	RI	0.0	1.0		0.111	0.0	1.0	0.0			0.0	0.5		0.0	
3161	AT3G44510	RI		0.0	1.0	0.0			1.0	0.2		1.0	1.0	1.0		
3162	AT5G11300	RI	1.0		0.143	0.2	0.0	0.0	0.385	0.143		0.0	0.111	0.0	0.0	0.0
3163	AT5G45170	RI	0.125	0.024	0.143	0.118	0.0	0.0	0.034	0.111	0.0	0.0	0.057	0.071	0.048	0.125
3165	AT1G20270	RI	0.0	0.167	0.053	0.0	0.0	0.0	0.2	0.1	0.0	0.333	0.12	0.053	0.062	0.143
3166	AT1G63260	RI	0.556	0.895	0.684	0.889	0.81	0.4	0.679	0.733	1.0	0.75	0.8	0.613	0.588	1.0
3167	AT1G63260	RI	1.0	0.481	0.696	0.537	0.745	0.455	0.714	0.738	0.6	0.6	0.7	0.667	0.571	0.619
3168	AT1G63260	RI	0.032	0.056	0.042	0.065	0.12	0.067	0.094	0.115	0.077	0.231	0.057	0.161	0.067	0.158
3169	AT1G63260	RI	0.091	0.086	0.379	0.241	0.067	0.091	0.133	0.103	0.5	0.2	0.116	0.037	0.381	0.125
3170	AT1G63260	RI	1.0	1.0	1.0	1.0	1.0	1.0	1.0	1.0	0.8	1.0	1.0	0.905	0.923	1.0
3171	AT1G44125	RI	1.0	0.636	1.0	0.75	0.5	1.0	1.0	1.0	0.5	0.333	0.905	1.0	1.0	1.0
3172	AT1G44125	RI	0.6	1.0	1.0	0.481	1.0	1.0	0.875	0.714	1.0	1.0	1.0	0.8	1.0	1.0
3173	AT1G44125	RI	0.0	0.667	0.25	0.684	1.0	0.0	0.316	0.8	0.6	1.0	0.75	1.0	0.5	0.5
3174	AT1G44125	RI	1.0	0.556	0.333	0.368	0.5	1.0	0.368	0.667	0.714	0.5	0.733	0.6	0.857	0.5
3175	AT1G44125	RI	1.0	1.0	1.0	1.0	1.0	1.0	0.867	1.0	1.0	1.0	1.0	0.429	1.0	1.0
3176	AT1G44125	RI	1.0	1.0	0.778	1.0	1.0	1.0	0.778	1.0	1.0	1.0	1.0	0.429	1.0	
3177	AT1G44125	RI	1.0	0.385	0.765	0.778	1.0	1.0	0.545	0.714	0.429	0.231	0.667	1.0	0.556	
3178	AT2G45500	RI	1.0	0.0	0.3	0.222	0.0	0.0	0.4	0.0	0.6	0.2	0.692	0.0	0.273	0.524
3179	AT2G45500	RI	0.333	0.0	0.733	0.172	0.111		0.235	0.231	0.333	0.231	0.379	0.2	0.444	0.75
3181	AT3G56830	RI	0.333		0.714	1.0	1.0	1.0	1.0	0.455	1.0	0.0	0.625	0.5	0.818	1.0
3182	AT3G56830	RI			1.0	0.6	0.0	0.2	1.0	1.0	0.6		0.733		0.636	0.0
3183	AT1G01080	RI	0.25	0.158	0.105	0.1	0.0	0.0	0.176	0.143	0.0	0.059	0.137	0.136	0.129	0.0
3185	AT5G37300	RI		0.091	0.385	0.167	0.333	0.0	0.048	0.0		0.0	0.048	0.0	0.053	0.0
3186	AT5G37300	RI		0.0	0.0	0.333			0.0	0.0	0.0		0.2	0.077	0.0	0.0
3187	AT1G20410	RI	0.375	1.0	0.852	0.909	1.0	1.0	1.0	1.0	1.0	1.0	0.923	0.935	0.846	1.0
3188	AT1G12520	RI	0.009	0.049	0.045	0.038	0.031	0.042	0.03	0.028	0.014	0.0	0.038	0.071	0.037	0.029
3189	AT1G12520	RI	0.129	0.219	0.105	0.134	0.12	0.25	0.152	0.091	0.103	0.05	0.132	0.097	0.149	0.175
3190	AT1G10900	RI		0.333	1.0	0.5	0.0	1.0	1.0	1.0	1.0	0.5	1.0	1.0	0.5	0.0
3191	AT1G10900	RI	0.2	0.333	0.125	0.385	0.0	1.0	0.333	0.25		1.0	0.13	0.429	0.2	0.0
3192	AT1G20490	RI	0.0	0.0		0.0				1.0			0.0		0.0	
3193	AT4G16920	RI	0.667	0.111	0.143	0.0	0.0	0.0	0.333	0.2	1.0	0.111	0.091	0.111	0.0	0.0
3194	AT4G16920	RI	0.0	0.143	0.111	0.091	0.333	0.0	0.143	0.385	0.0	0.0	0.067	1.0	0.231	0.0
3196	AT1G26200	RI	0.0		0.0	1.0				0.429	1.0		1.0		0.0	
3197	AT1G26200	RI				1.0				1.0	1.0		1.0		0.0	
3198	AT4G33000	RI	0.203	0.078	0.271	0.033	0.0	0.0	0.133	0.242	0.0	0.113	0.078	0.179	0.194	0.373
3199	AT4G33000	RI	0.5	0.231	0.304	0.547	0.714	1.0	0.483	0.364	0.833	0.2	0.459	0.176	0.273	0.333
3200	AT4G33000	RI	0.333	1.0	1.0	0.889	1.0	1.0	0.8	1.0	0.733	0.6	1.0	0.556	1.0	0.8
3201	AT4G33000	RI	0.5	0.111	0.188	0.13	0.056	0.4	0.091	0.116	0.053	0.0	0.073	0.045	0.135	0.333
3202	AT4G37460	RI	0.023	0.119	0.116	0.094	0.0	0.172	0.213	0.061	0.0	0.103	0.101	0.08	0.2	0.158
3203	AT1G15420	RI	0.257	0.067	0.083	0.041	0.0	0.0	0.048	0.052	0.0	0.027	0.195	0.082	0.085	0.1
3204	AT4G31200	RI	1.0	0.385	0.667	1.0	0.167		0.5	1.0			1.0	1.0	0.25	1.0
3205	AT4G31200	RI	1.0	1.0	1.0	1.0	1.0		1.0	1.0	0.0		0.75	1.0	1.0	1.0
3206	AT1G21560	RI		1.0	1.0	1.0	1.0	0.0	1.0	1.0	1.0	1.0	0.819	1.0	0.841	1.0
3207	AT1G21560	RI	0.333	0.048	0.091	0.128	0.0	0.0	0.44	0.125	0.0	0.0	0.083	0.143	0.111	0.333
3208	AT1G20700	RI	0.0	0.0	0.25	0.0		0.0	1.0	1.0	0.0		0.5	0.0	0.0	
3209	AT1G69840	RI	0.75	0.556	0.75	1.0	0.647	0.6	0.852	0.778	0.6	0.2	0.756	1.0	0.619	0.75
3210	AT3G06630	RI			1.0	0.0			1.0			0.0			0.0	
3212	AT3G06630	RI		1.0					0.333				0.0		0.0	
3213	AT1G16750	RI	0.636	1.0	0.5	0.36	0.0	1.0	0.36	0.25	0.5	0.333	0.368	0.077	0.25	0.75
3216	AT4G01440	RI	0.6	0.143	0.2	0.333	0.0	0.0	0.091	0.167	0.0	0.0	0.133	0.037	0.1	0.25
3217	AT4G01440	RI	0.2	0.143	0.034	0.059	0.0	0.0	0.04	0.059	0.0	0.0	0.086	0.0	0.0	0.111
3218	AT4G01440	RI	0.0	0.0	1.0	0.557	0.0		0.456	0.144	0.0	0.0	0.159	0.0	0.402	0.274
3219	AT2G43500	RI				1.0			0.0				0.0			1.0
3220	AT2G43500	RI	1.0			1.0			0.0						0.0	1.0
3221	AT2G43500	RI	1.0			0.5							0.0			0.333
3222	AT2G43500	RI				1.0		0.0	0.0				0.0		0.0	1.0
3223	AT5G46690	RI	0.333	0.2	0.0	0.111	0.333	0.0	0.176	0.0	0.111	1.0	0.5	0.231	0.333	0.077
3224	AT1G09023	RI		0.333	1.0	0.905			1.0	0.714	1.0	1.0	1.0	1.0	1.0	1.0
3225	AT1G09023	RI		1.0	1.0	0.684	1.0	0.333	1.0	0.556	1.0	1.0	1.0	0.6	0.714	0.6
3226	AT1G13860	RI		0.333	0.5	0.5	0.0		0.75	1.0	0.333	0.0	0.0	1.0	0.0	
3227	AT1G02670	RI	0.2	0.143	0.5	0.5	1.0	1.0		0.333	0.0		1.0		0.059	1.0
3228	AT1G02670	RI	1.0		0.0	0.333	1.0	0.0	0.412	0.5	0.0	1.0	0.25	0.0	0.2	0.0
3229	AT5G39380	RI		1.0		0.0	1.0		0.0	1.0	1.0		0.429		0.0	0.429
3230	AT1G49390	RI		0.0	0.336		0.0		0.0	0.0		0.336	0.603	1.0	1.0	
3233	AT3G12640	RI	1.0	1.0	1.0	0.921	1.0	1.0	0.901	1.0	1.0	1.0	1.0	1.0	1.0	1.0
3234	AT3G12640	RI	1.0	1.0	0.953	1.0	1.0	1.0	1.0	1.0	1.0	1.0	1.0	1.0	1.0	1.0
3235	AT1G21580	RI	0.407	0.25	0.52	0.423	0.333	0.333	0.583	0.415	0.2	0.25	0.429	0.31	0.471	0.312
3236	AT1G21580	RI	0.211	0.251	0.296	0.167	0.152	0.0	0.385	0.167	0.243	0.152	0.181	0.277	0.317	0.176
3237	AT1G21580	RI	0.215	0.54	0.232	0.21	0.144	0.059	0.353	0.229	0.502	0.0	0.393	0.296	0.223	0.751
3238	AT1G21610	RI	0.091	0.067	0.423	0.172	0.143	0.2	0.366	0.382	0.273	0.29	0.239	0.115	0.118	0.133
3239	AT1G21610	RI	0.034	0.04	0.263	0.163	0.111	0.143	0.25	0.349	0.053	0.135	0.3	0.394	0.108	0.259
3240	AT1G21610	RI	0.016	0.12	0.224	0.128	0.088	0.091	0.15	0.263	0.222	0.161	0.164	0.25	0.061	0.062
3241	AT1G52290	RI		0.056	0.046	0.412	0.0	1.0	0.417	0.556	0.0	0.616	0.263	0.211	0.287	0.0
3242	AT1G28260	RI	0.545	0.583	0.882	0.644	0.5	0.571	0.692	0.429	0.5	0.895	0.622	0.478	0.571	0.333
3243	AT4G02640	RI	0.2	0.5	0.286	0.159	0.2	0.5	0.387	0.676	0.125	0.231	0.317	0.394	0.114	0.5
3244	AT1G10170	RI	1.0	1.0	1.0	0.973	1.0	1.0	1.0	1.0	1.0	1.0	1.0	1.0	1.0	1.0
3245	AT3G26932	RI	0.167	0.571	0.429	0.296	0.25	1.0	0.355	0.545	0.333	0.6	0.565	0.143	0.778	0.4
3246	AT3G26932	RI	1.0	1.0	1.0	0.667	0.5	0.2	1.0	0.8	1.0	0.5	0.818	1.0	1.0	1.0
3248	AT3G61690	RI	0.871	0.7	0.941	0.971	1.0	1.0	0.806	1.0	1.0	1.0	0.909	0.946	0.968	0.889
3249	AT3G62860	RI	0.304	0.407	0.455	0.417	0.278	0.3	0.3	0.333	0.148	0.209	0.342	0.5	0.299	0.25
3250	AT5G57340	RI	0.368	0.429	0.342	0.519	0.524	0.5	0.518	0.543	0.389	0.548	0.338	0.451	0.262	0.424
3251	AT3G44670	RI	0.778	0.667	1.0	0.471	0.818	0.5	0.826	0.647	0.429	0.667	0.692	0.8	0.76	0.333
3252	AT3G11240	RI	0.333	0.167	0.556	0.333	0.333	0.5	0.235	0.333	0.231	0.143	0.182	0.333	0.143	0.2
3253	AT3G11240	RI	0.0	0.25	0.077	0.111	0.75		0.25	0.5	0.0	0.0	0.091	0.167	0.4	1.0
3254	AT1G49180	RI	0.778	0.818	0.727	0.636	0.571	0.538	0.902	0.913	0.6	0.714	0.733	0.467	0.846	0.875
3255	AT5G03250	RI		0.0			0.0		0.429					0.0		
3256	AT3G25530	RI	0.047	0.058	0.115	0.107	0.0	0.228	0.099	0.134	0.126	0.11	0.113	0.108	0.105	0.1
3257	AT4G00700	RI	0.0	1.0	0.333	1.0			1.0	1.0	1.0	0.0	0.8	0.714	0.571	0.333
3258	AT1G18730	RI	1.0	1.0	1.0	0.818			1.0	1.0			1.0	1.0		
3259	AT1G07420	RI	0.111	0.036	0.158	0.091	0.091	0.053	0.243	0.043	0.125	0.029	0.096	0.071	0.081	0.172
3260	AT5G24318	RI		0.333	0.2	1.0	1.0	1.0	1.0	0.8	0.5	1.0	1.0	0.455	0.0	
3261	AT1G47490	RI	0.123	0.244	0.108	0.136	0.25	0.25	0.343	0.271	0.16	0.172	0.247	0.208	0.279	0.357
3262	AT1G48175	RI	0.5	0.4	0.238	0.543	0.467	0.143	0.571	0.135	0.273	1.0	0.294	0.172	0.125	0.111
3263	AT1G48175	RI	0.143	0.238	0.455	0.545	0.333	0.0	0.6	0.571	0.5	0.0	0.161	0.077	0.154	0.0
3264	AT1G48175	RI		1.0	1.0	1.0	0.6	0.2	1.0	0.889			1.0	1.0	1.0	1.0
3265	AT1G48175	RI	0.333	0.467	0.481	0.6	1.0	1.0	0.833	0.488	0.333	0.0	0.739	0.429	0.44	0.25
3266	AT5G02200	RI	0.214	0.423	0.696	0.354	0.321	0.385	0.55	0.386	0.436	0.27	0.561	0.31	0.49	0.44
3267	AT1G72130	RI	1.0	1.0	1.0	1.0	1.0	1.0	0.818	1.0	1.0	1.0	0.852	1.0	0.931	1.0
3268	AT1G72130	RI	0.2	0.5	0.515	0.417	0.111	0.333	0.488	0.263	0.182	0.25	0.231	0.259	0.478	0.571
3269	AT2G02820	RI	0.167	0.176	0.0	0.119	0.158	0.0	0.04	0.036	0.077	0.077	0.065	0.015	0.082	0.0
3270	AT2G02820	RI	0.2	0.263	0.185	0.053	0.176	0.143	0.25	0.318	0.286	0.091	0.183	0.137	0.13	0.1
3271	AT1G20510	RI	0.2	0.167	0.176	0.13	0.0	0.2	0.2	0.111	0.143	0.111	0.043	0.25	0.154	1.0
3272	AT1G22660	RI	0.25	0.0	0.143	0.273	0.0	0.0	0.3	0.385	0.0	1.0	0.167	0.091	0.133	0.333
3273	AT1G18660	RI	0.28	0.667	0.458	0.367	0.455	0.538	0.726	0.581	0.692	0.385	0.659	0.682	0.631	0.524
3279	AT1G73960	RI	0.368	0.231	0.086	0.208	0.333	0.077	0.091	0.143	0.053	0.1	0.059	0.2	0.077	0.059
3280	AT3G19820	RI	1.0	1.0	0.973	1.0	1.0	0.909	1.0	1.0	1.0	1.0	1.0	1.0	0.971	1.0
3281	AT1G09840	RI	0.583	0.474	0.655	0.758	0.52	0.571	0.862	0.786	0.625	0.833	0.614	0.875	0.917	1.0
3282	AT5G01390	RI	1.0	1.0	1.0	1.0	1.0	1.0	1.0	1.0	1.0	1.0	0.962	1.0	1.0	1.0
3283	AT1G49590	RI	0.714	0.733	1.0	0.677	0.529	0.0	0.636	0.724	0.556	0.429	0.818	0.429	0.714	0.556
3284	AT2G41440	RI	1.0	1.0	1.0	1.0	1.0	1.0	0.5	1.0	1.0	1.0	1.0	1.0	1.0	1.0
3285	AT3G53760	RI	0.0	0.0	0.111	0.077	0.0	0.0	0.0	0.043	1.0	0.0	0.111	0.0	0.714	0.0
3286	AT1G22970	RI	0.222	0.0	0.333	0.156	0.067	0.25	0.154	0.122	0.0	0.333	0.333	0.333	0.053	0.4
3288	AT1G03920	RI		0.0	0.0	0.453			1.0	0.355	0.099	0.355	0.355		1.0	
3289	AT1G44446	RI	0.037	0.125	0.183	0.158	0.122	0.0	0.143	0.188	0.091	0.25	0.088	0.105	0.114	0.097
3291	AT1G22650	RI	0.0	0.0	0.182	0.2	0.429	0.333	0.154	0.263	0.0	0.143	0.13	0.143	0.0	0.0
3293	AT4G26370	RI	0.067	0.333	0.333	0.25	0.111	0.0	0.273	0.067	0.2	0.067	0.2	0.071	0.103	0.0
3294	AT1G05230	RI	0.0	1.0	0.091	0.286	0.385	0.2	0.091	0.067	0.333	0.077	0.25	1.0	0.13	1.0
3295	AT1G05230	RI		1.0	1.0	0.333	0.6	1.0	1.0	0.333	1.0	1.0	0.778	1.0	1.0	
3296	AT1G05230	RI	0.0	1.0	1.0	1.0	1.0	1.0	1.0	0.143	1.0		1.0	1.0	1.0	0.333
3297	AT1G05230	RI	1.0	0.143	0.231	0.143	0.333	0.091	0.091	0.2	0.333	1.0	0.111	0.333	0.333	0.2
3299	AT1G03610	RI	0.046	0.078	0.094	0.048	0.026	0.033	0.137	0.075	0.068	0.045	0.07	0.066	0.099	0.032
3300	AT1G24706	RI	1.0	1.0	0.961	1.0	1.0	1.0	1.0	1.0	1.0	1.0	1.0	1.0	1.0	1.0
3301	AT1G24706	RI	0.75	0.889	0.86	0.761	0.957	0.929	0.91	0.867	0.824	1.0	0.896	0.818	0.804	0.933
3302	AT1G24706	RI	0.133	0.064	0.172	0.205	0.176	0.556	0.273	0.2	0.053	0.0	0.138	0.304	0.15	0.231
3304	AT4G11655	RI			1.0	0.0	0.0		0.0	1.0		0.0	0.0			
3306	AT1G66920	RI	1.0	0.6			1.0	1.0	1.0	1.0	0.6	1.0		0.0	1.0	1.0
3307	AT1G54340	RI	0.158	0.22	0.243	0.17	0.043	0.429	0.262	0.226	0.067	0.0	0.143	0.137	0.138	0.263
3308	AT1G33615	RI		0.5		1.0	0.333		0.667	0.0	1.0		1.0	1.0		
3309	AT1G33615	RI	0.333	0.5	0.077	0.059		0.0	0.25	0.167	0.0		0.143	0.5	0.0	
3310	AT1G33615	RI	0.2	1.0	0.6	1.0	0.5	0.0	1.0	1.0	1.0	0.5	1.0	1.0	0.667	1.0
3311	AT1G33615	RI	0.0	0.111	0.273	0.111	0.0	0.0	1.0	0.333		0.0	0.667	0.0	0.5	0.0
3312	AT1G33615	RI		0.2	0.429	0.176	0.0	1.0	0.8	1.0	0.0		1.0	1.0	1.0	1.0
3314	AT1G69210	RI	0.0		0.0	0.5	0.0	0.0	0.0	0.167	0.333	1.0	0.0	0.333	0.053	0.0
3315	AT3G17970	RI	0.077	0.158	0.148	0.2	0.086	0.0	0.284	0.301	0.231	0.182	0.139	0.137	0.071	0.297
3319	AT4G00060	RI	0.333	0.304	0.259	0.286	0.2	0.0	0.2	0.362	0.091	0.429	0.302	0.455	0.238	0.143
3320	AT5G01470	RI	0.236	0.407	0.366	0.054	0.0	0.0	0.262	0.18	0.204	0.054	0.128	0.17	0.038	0.0
3321	AT1G17090	RI	0.333	0.2	1.0	1.0			1.0	1.0			0.5		0.0	
3322	AT3G09240	RI				0.6	0.0		0.0	0.333		0.0	1.0	1.0	1.0	
3323	AT3G10700	RI	0.0	0.067	0.0	0.083	0.0	0.0	0.091	0.0	0.143	0.143	0.13	0.067	0.045	0.0
3324	AT1G23880	RI	1.0	0.2	0.684	0.333	0.0	0.5	0.143	0.667		0.0	0.571	0.231	0.158	1.0
3325	AT3G09830	RI	0.333	0.0	1.0	0.333	0.333		0.714	0.0	1.0	0.0	0.0	0.0	0.333	1.0
3326	AT3G09830	RI	0.0	0.6	0.667	0.2	0.2	0.0	0.212	0.0	0.429	1.0	0.231	0.0	0.333	0.333
3327	AT1G43020	RI	0.5	0.2	1.0	0.0		1.0	0.0	0.111	0.0	1.0	0.0	0.0	0.0	0.0
3328	AT1G58180	RI	0.114	0.077	0.084	0.097	0.069	0.092	0.135	0.064	0.089	0.079	0.119	0.12	0.075	0.088
3329	AT1G58180	RI	0.102	0.142	0.1	0.107	0.089	0.102	0.162	0.104	0.087	0.131	0.137	0.083	0.096	0.097
3330	AT1G58180	RI	0.089	0.074	0.031	0.069	0.017	0.065	0.077	0.072	0.066	0.087	0.116	0.113	0.084	0.102
3331	AT4G18360	RI	0.667	0.0	0.0	0.0	0.0		0.25	0.071	0.0	0.0	0.062	0.053	0.0	0.0
3332	AT4G18360	RI	1.0	0.0	0.5	0.067	0.2		0.176	0.333	0.0	0.0	0.133	0.111	0.0	0.0
3333	AT1G48490	RI	0.63	0.515	0.736	0.754	0.529	0.714	0.739	0.74	0.556	0.702	0.536	0.792	0.758	0.692
3334	AT1G24095	RI	1.0	1.0	1.0			1.0				0.429	1.0	1.0		1.0
3335	AT2G20960	RI	1.0	1.0	1.0	0.993	1.0	1.0	1.0	1.0	1.0	1.0	1.0	1.0	1.0	1.0
3336	AT2G20960	RI	1.0	1.0	1.0	0.993	0.978	1.0	1.0	0.992	1.0	1.0	1.0	1.0	1.0	1.0
3337	AT1G28395	RI	0.273	0.0	1.0	0.75		0.0	0.636	0.4	0.6	0.2	0.5	0.333	0.5	0.2
3338	AT2G24710	RI						0.0		1.0		0.0	0.0		0.0	
3339	AT1G73170	RI	0.0	0.143	0.185	0.077	0.2	0.111	0.242	0.111	0.143	0.0	0.042	0.087	0.083	0.0
3342	AT5G48560	RI	0.0	0.2	0.091	0.111	0.167	0.5	0.152	0.122	0.0	0.0	0.241	0.429	0.154	0.1
3343	AT1G16720	RI	0.0	0.273	0.062	0.122	0.0	0.0	0.032	0.037	0.048	0.053	0.062	0.0	0.0	0.0
3346	AT4G32060	RI	1.0	0.993	0.994	0.989	1.0	1.0	0.996	1.0	0.987	0.988	0.984	1.0	0.995	1.0
3347	AT5G42080	RI	0.981	1.0	1.0	1.0	1.0	1.0	1.0	1.0	1.0	1.0	1.0	1.0	1.0	1.0
3348	AT5G42080	RI	1.0	1.0	1.0	0.924	1.0	1.0	1.0	1.0	1.0	1.0	1.0	0.959	1.0	1.0
3349	AT5G42080	RI	0.013	0.014	0.028	0.019	0.017	0.012	0.041	0.043	0.026	0.005	0.027	0.037	0.025	0.0
3350	AT4G29540	RI		0.0	0.0	0.091		0.0	0.0	0.333			0.333	0.429	0.111	0.0
3351	AT4G29540	RI			1.0	0.0	1.0		0.0	0.333		0.0	0.0	0.333	0.0	0.0
3353	AT5G27730	RI	0.6	1.0	0.375	0.31	0.333	0.333	0.5	0.2	1.0	0.2	0.692	1.0	0.273	0.333
3354	AT5G27730	RI	0.211	0.176	0.227	0.136	0.231	0.158	0.323	0.231	0.111	0.0	0.176	0.13	0.2	0.059
3355	AT5G27730	RI	0.556	0.5	0.714	0.28	0.6	1.0	0.6	0.0	0.0	0.667	0.111	0.154	0.667	0.143
3356	AT5G60450	RI	1.0	0.803	1.0	0.924	0.768	0.338	0.949	0.962	0.843	0.803	0.956	1.0	1.0	0.935
3357	AT5G15270	RI	0.25	0.66	0.718	0.565	0.415	0.556	0.633	0.678	0.7	0.474	0.684	0.607	0.618	0.568
3358	AT1G08350	RI	0.333	1.0	0.0	0.0	0.0	0.0	0.053	0.185	0.0	0.0	0.077	0.5	0.0	0.2
3359	AT5G20250	RI	0.166	0.151	0.17	0.133	0.167	0.187	0.168	0.157	0.191	0.144	0.154	0.16	0.104	0.127
3360	AT5G20250	RI	0.117	0.101	0.145	0.121	0.119	0.118	0.154	0.124	0.123	0.103	0.124	0.137	0.072	0.099
3361	AT2G35738	RI	1.0	1.0	1.0	1.0	1.0	1.0	1.0	1.0	1.0	1.0	0.857	1.0	1.0	1.0
3362	AT2G35738	RI	1.0	0.5	1.0	1.0	1.0	1.0	0.6	0.692	0.714	1.0	1.0	1.0	1.0	1.0
3366	AT1G25277	RI	1.0	1.0	1.0			0.0	0.143	0.273		1.0	0.333	1.0	0.333	
3367	AT2G04170	RI	0.0	0.0	0.333	0.0	0.0		0.0	0.0	0.0	1.0	0.333			
3369	AT1G01950	RI	0.2	0.176	0.128	0.207	0.2	0.231	0.12	0.048	0.077	0.0	0.158	0.125	0.116	0.059
3370	AT3G26744	RI	0.053	0.185	0.0	0.103	0.053	0.0	0.106	0.36	0.067	0.0	0.016	0.022	0.036	0.053
3371	AT3G26744	RI	0.027	0.077	0.029	0.091	0.053	0.111	0.136	0.097	0.13	0.0	0.081	0.077	0.08	0.04
3372	AT5G26770	RI	0.154	0.273	0.179	0.055	0.176	0.077	0.111	0.07	0.062	0.059	0.029	0.136	0.082	0.081
3373	AT5G26770	RI	0.122	0.229	0.148	0.182	0.061	0.0	0.04	0.148	0.061	0.172	0.028	0.313	0.098	0.045
3374	AT5G26770	RI	0.048	0.36	0.371	0.193	0.13	0.455	0.543	0.366	0.333	0.25	0.429	0.2	0.238	0.2
3375	AT5G40830	RI	0.875	0.846	1.0	0.952	0.75	1.0	0.905	0.934	1.0	1.0	1.0	1.0	1.0	0.643
3376	AT1G27900	RI	0.231	0.111	0.2	0.182	0.0	0.0	0.222	0.172	0.0	0.143	0.357	0.143	0.053	0.0
3377	AT1G27900	RI	1.0	1.0		1.0			0.846	0.667		1.0	1.0	0.5	1.0	
3379	AT3G07760	RI	0.333	1.0	0.429	1.0	1.0		1.0	1.0	1.0	1.0	0.8	1.0	1.0	0.714
3380	AT3G07760	RI	0.012	0.079	0.068	0.035	0.067	0.0	0.072	0.04	0.031	0.028	0.046	0.077	0.071	0.038
3381	AT3G07760	RI	1.0	1.0	0.857	1.0	1.0	1.0	1.0	1.0	1.0	1.0	1.0	1.0	1.0	1.0
3382	AT3G07760	RI	1.0	1.0	1.0	1.0	1.0	1.0	0.905	1.0	1.0	1.0	1.0	1.0	1.0	1.0
3383	AT3G20475	RI							0.0				0.2		0.0	
3384	AT3G20475	RI				1.0		1.0	0.0				0.0	1.0	0.0	
3385	AT4G35180	RI							0.0				1.0			
3386	AT3G18535	RI	0.0	0.111	0.25	0.032	0.75	0.667	0.379	0.04	0.143	0.333	0.161	0.111	0.172	0.5
3387	AT3G18535	RI		0.077	0.5	0.111	1.0	1.0	0.714		0.091	0.333	0.556	1.0	0.238	0.429
3388	AT1G07350	RI	0.561	0.628	0.793	0.627	0.545	0.833	0.745	0.724	0.647	0.92	0.628	0.767	0.479	0.471
3389	AT1G07350	RI	0.667	0.471	0.569	0.633	0.375	0.5	0.863	0.542	0.5	0.5	0.641	0.641	0.6	0.5
3390	AT1G07350	RI	0.684	0.355	0.449	0.518	0.412	0.2	0.616	0.56	0.36	0.067	0.541	0.418	0.303	0.5
3391	AT1G13780	RI	0.0	0.0	0.0	0.333	0.0			0.125	0.111	0.5	0.143	0.2	0.0	0.0
3392	AT1G32240	RI			0.2	1.0	1.0	0.0	0.455	0.0	1.0	1.0	0.2	0.25	0.0	0.0
3393	AT1G69280	RI	0.0	0.2	1.0	0.2	1.0		0.333	0.2	0.333	0.0	0.6	0.5	0.0	0.333
3394	AT1G69280	RI		1.0	0.5	0.75	1.0		0.333			1.0	1.0		1.0	1.0
3395	AT5G67110	RI	0.714		0.2	1.0		0.0	0.75	0.333	1.0	0.0	0.429	1.0	1.0	0.091
3396	AT5G40540	RI	0.1	0.25	0.04	0.026	0.0	0.0	0.263	0.034	0.333	0.333	0.111	0.1	0.12	0.143
3397	AT5G40540	RI	0.2	0.538	0.13	0.097	0.333	0.333	0.25	0.073	0.067	1.0	0.478	0.294	0.091	0.2
3398	AT5G40540	RI	0.059	0.2	0.128	0.064	0.143	0.0	0.125	0.1	0.3	0.0	0.211	0.067	0.111	0.059
3399	AT1G05820	RI	0.2	0.0		0.2		0.333	0.0	1.0		0.0	0.167	0.429	0.0	
3400	AT1G26160	RI	0.333	0.0	0.053	0.158	0.043	0.25	0.164	0.161	0.143	0.158	0.037	0.214	0.118	0.067
3401	AT1G26180	RI	0.091	0.0	0.5	0.316	0.25	0.333	0.2	0.273	0.333	0.0	0.375	0.429	0.211	0.0
3402	AT2G16890	RI				0.0	0.0		0.0		0.0	0.0	0.0		1.0	
3404	AT1G26260	RI		1.0	0.2	1.0	0.0	0.0	0.167	0.333	1.0	1.0	0.6	0.0	0.429	0.333
3405	AT1G80060	RI	1.0		1.0	1.0	1.0	1.0	0.636	0.667			0.455	0.833	0.333	0.5
3406	AT1G80060	RI		1.0	1.0	1.0	1.0	0.333	0.818	1.0		1.0	1.0	1.0	1.0	1.0
3407	AT1G26440	RI	1.0	1.0	1.0	0.973	1.0	1.0	0.957	1.0	1.0	1.0	1.0	1.0	1.0	1.0
3408	AT1G26440	RI	1.0	0.923	0.905	0.9	1.0	1.0	0.818	0.947	1.0	0.81	0.877	0.938	0.952	1.0
3409	AT1G26440	RI	1.0	1.0	1.0	1.0	1.0	1.0	0.886	1.0	1.0	1.0	1.0	1.0	1.0	0.778
3410	AT1G26440	RI	0.105	0.203	0.273	0.229	0.242	0.0	0.247	0.203	0.295	0.038	0.302	0.309	0.267	0.203
3411	AT1G26440	RI	0.125	0.551	0.294	0.412	0.385	0.0	0.508	0.333	0.417	0.419	0.188	0.2	0.098	0.282
3412	AT2G46790	RI	0.0	1.0		0.714	0.333		0.5	0.111	0.429	0.0	0.538	0.4	0.231	0.714
3414	AT1G68340	RI	0.339	0.0	0.204	0.0	0.0	0.0	0.18	0.562	0.606	0.339	0.114	0.0	0.339	0.0
3416	AT3G14110	RI	0.094	0.036	0.036	0.018	0.0	0.02	0.098	0.062	0.016	0.01	0.058	0.046	0.03	0.061
3419	AT3G13120	RI	1.0	0.944	1.0	0.931	1.0	1.0	0.967	0.986	1.0	1.0	0.953	1.0	0.974	1.0
3420	AT1G65280	RI	0.176	0.034	0.273	0.4	0.111	0.217	0.385	0.174	0.053	0.0	0.407	0.474	0.2	0.304
3421	AT1G80820	RI	0.0	0.333	1.0	0.091	0.333	1.0	0.0	0.5	0.333	0.0	0.263	1.0	0.333	0.333
3422	AT1G77280	RI		0.5	1.0	0.714	1.0		1.0	1.0	1.0	1.0	1.0	1.0	1.0	1.0
3424	AT1G50460	RI	0.048	0.22	0.143	0.111	0.048	0.0	0.179	0.094	0.0	0.0	0.24	0.086	0.127	0.077
3425	AT5G14340	RI			1.0					0.0	1.0			0.0	0.0	0.0
3427	AT4G37440	RI	0.145	0.082	0.176	0.139	0.112	0.233	0.152	0.12	0.22	0.041	0.205	0.051	0.032	0.06
3428	AT4G37440	RI	1.0	1.0	1.0	1.0	0.758	1.0	1.0	1.0	1.0	1.0	1.0	1.0	1.0	1.0
3431	AT1G75060	RI	0.0	0.0	0.111	0.091	0.333		0.412	0.2		0.333	0.0	0.0	0.0	0.0
3432	AT2G37340	RI	0.093	0.077	0.137	0.122	0.037	0.034	0.119	0.072	0.033	0.057	0.071	0.083	0.044	0.09
3433	AT2G32390	RI		1.0		0.467	1.0		1.0	1.0	1.0	1.0	1.0	1.0		1.0
3434	AT2G32390	RI				0.778	0.0		1.0		1.0	1.0				
3435	AT1G27110	RI				0.0			1.0	1.0	0.0		0.0		0.0	1.0
3436	AT2G46200	RI	0.077	0.067	0.385	0.263	0.263		0.081	0.137	0.111	0.0	0.118	0.0	0.0	0.111
3437	AT1G27180	RI	1.0	1.0	1.0	1.0	1.0	1.0	1.0	1.0	1.0	0.75	1.0	0.778	1.0	1.0
3438	AT1G27180	RI	0.5	0.5	0.857	0.583	1.0	0.333	0.5	0.714	0.0	0.5	0.84	0.364	0.357	0.5
3439	AT1G27180	RI	1.0			1.0			1.0			1.0	0.0			
3440	AT1G51270	RI	1.0	0.5	0.667	0.5	0.0		0.333	0.375	0.167	1.0	0.231	0.0	0.455	1.0
3441	AT1G51270	RI	0.333	0.6	0.667	0.412	1.0	1.0	0.059	0.429	0.6	1.0	0.5	0.0	0.6	1.0
3443	AT1G51270	RI	1.0		0.0	1.0			0.636	1.0	1.0	1.0	1.0		1.0	1.0
3444	AT5G23490	RI	0.091	0.0	0.263	0.077	0.231	0.2	0.429	0.095	0.0	0.059	0.037	0.222	0.077	0.0
3446	AT4G15396	RI					0.0			0.0			0.2			
3447	AT5G40850	RI	0.088	0.023	0.018	0.026	0.0	0.143	0.031	0.033	0.0	0.064	0.0	0.008	0.006	0.095
3450	AT1G16010	RI	0.111	0.286	0.143	0.283	0.091	0.0	0.071	0.125	0.25	0.077	0.094	0.236	0.034	0.059
3453	AT5G66100	RI	0.0	0.2	0.375	0.467	0.0	0.0	0.0	0.273	0.2	0.0	0.217	0.1	0.0	0.0
3454	AT2G27990	RI		0.0	0.0	0.158		0.0	0.5	0.333		0.0	0.333		0.4	
3455	AT3G10440	RI	0.2	0.333	0.077	0.2	1.0	0.0	0.0	0.091	0.0	0.2	0.0	0.0	0.0	0.143
3456	AT1G27460	RI	0.173	0.0	0.29	0.128	1.0	0.0	0.095	0.149	0.0	0.149	0.231	0.239	0.195	0.512
3457	AT1G27460	RI	1.0	1.0	0.833	1.0	1.0	1.0	1.0	1.0		1.0	1.0	1.0	1.0	1.0
3458	AT3G04920	RI	0.005	0.006	0.009	0.013	0.013	0.004	0.021	0.002	0.012	0.015	0.006	0.016	0.008	0.017
3459	AT5G39530	RI	0.05	0.165	0.132	0.129	0.109	0.125	0.212	0.178	0.17	0.159	0.251	0.145	0.162	0.168
3460	AT2G35380	RI	0.0	0.0	1.0	0.231	1.0		0.067	1.0	0.0	0.0	0.5	0.0	0.4	0.0
3461	AT3G57050	RI	0.037	0.0	0.029	0.03	0.057	0.0	0.068	0.008	0.0	0.014	0.01	0.045	0.0	0.0
3462	AT1G27630	RI	0.667	0.556	0.613	0.52	0.048	0.2	0.707	0.474	0.6	0.429	0.512	0.455	0.514	0.5
3463	AT1G27630	RI	0.2	0.263	0.366	0.5	0.1	0.0	0.265	0.238	0.429	0.714	0.407	0.412	0.179	0.25
3464	AT4G00730	RI	0.053	0.088	0.015	0.043	0.053	0.0	0.095	0.08	0.0	0.043	0.106	0.084	0.052	0.081
3466	AT2G17840	RI	0.143	0.055	0.143	0.05	0.023	0.0	0.145	0.168	0.043	0.037	0.048	0.243	0.155	0.125
3467	AT5G36180	RI	0.0	0.502	0.502	0.335	0.251	0.0	0.402	0.701	0.602		0.091	0.0	1.0	
3468	AT5G36180	RI	0.333	0.0	0.0	0.037	0.0		0.333	0.231			0.25	0.5	0.0	0.0
3470	AT1G77590	RI	0.0	0.143	0.333	0.0	0.0	0.0	0.077	0.167	0.0	0.0	0.25	0.143	0.097	0.043
3471	AT1G04160	RI		0.0	0.333	0.6	0.0	1.0	0.25		0.0		0.333		0.0	
3473	AT3G21810	RI	0.333	0.556	0.5	0.538	1.0	1.0	0.75	0.9	0.6	1.0	0.5	0.565	0.077	0.6
3476	AT2G47700	RI	0.067	0.061	0.082	0.063	0.122	0.061	0.113	0.06	0.059	0.032	0.08	0.023	0.062	0.12
3477	AT1G60850	RI	0.0	0.111	0.0	0.125		0.0	0.111	0.0	0.0	0.25	0.111	0.053	0.556	0.0
3478	AT1G60850	RI	0.6	0.333	0.0	0.059	0.5	0.0	0.333	0.25			0.6	0.111	0.429	0.0
3479	AT1G60850	RI	1.0	0.333	0.0	1.0	1.0		0.3	0.333		0.0	1.0	1.0	0.25	
3480	AT5G27360	RI	0.091	0.429	0.292	0.259	0.167	0.333	0.135	0.135	0.125	0.429	0.5	0.417	0.13	0.0
3481	AT1G79840	RI		0.5	0.0	0.0		0.0	0.0	0.333	0.0	0.0	0.077	0.5	0.2	
3482	AT4G09140	RI	0.0	0.333	0.043	0.077	0.0	0.0	0.029	0.077	0.053	0.0	0.111	0.12	0.222	0.5
3483	AT5G55810	RI	0.0	0.231	0.167	0.161	0.0	0.143	0.273	0.4	0.0	0.333	0.222	0.167	0.077	0.0
3484	AT3G17100	RI	0.119	0.123	0.118	0.125	0.068	0.266	0.108	0.109	0.132	0.091	0.143	0.112	0.109	0.152
3485	AT5G63120	RI	0.0	0.0	1.0	1.0			0.833	0.714			0.714	0.0		
3486	AT5G63120	RI	0.467	0.333	0.529	0.222	0.5		1.0	0.368	0.077	0.0	0.3	0.263	0.538	0.429
3487	AT5G63120	RI	1.0	1.0	1.0	0.867	1.0		1.0	1.0	1.0	1.0	1.0	0.75	1.0	1.0
3488	AT1G69400	RI		0.0		0.0		0.0	1.0	0.0	0.0	0.0	0.201	0.0	0.0	0.0
3489	AT3G52120	RI	0.25	0.219	0.187	0.227	0.186	0.2	0.208	0.265	0.132	0.048	0.22	0.19	0.159	0.242
3490	AT1G29170	RI	1.0	1.0	1.0	1.0	1.0		1.0	1.0		1.0	0.5	1.0	1.0	1.0
3491	AT1G29170	RI	0.273	0.2	0.28	0.111	0.176	0.0	0.095	0.143	0.0	0.167	0.091	0.077	0.135	0.375
3494	AT3G55890	RI	0.5	0.6	0.556	0.412	0.0	0.6	0.263	0.143	0.333	0.2	0.333	0.091	0.167	0.091
3496	AT1G29410	RI	0.143	1.0	0.429	0.6	1.0	0.5	0.231	0.727	1.0	1.0	0.429	0.5	0.333	0.2
3497	AT1G29410	RI	0.0	0.333	0.2	0.625	0.333	1.0	0.619	0.25	0.429	1.0	0.5	0.647	0.556	0.714
3498	AT3G02170	RI	0.133	0.14	0.19	0.145	0.104	0.25	0.22	0.103	0.129	0.089	0.111	0.133	0.117	0.062
3499	AT3G02170	RI	0.061	0.056	0.093	0.106	0.057	0.062	0.148	0.071	0.043	0.05	0.097	0.11	0.065	0.067
3500	AT3G47000	RI	0.15	0.064	0.174	0.14	0.105	0.143	0.131	0.206	0.067	0.032	0.111	0.053	0.058	0.143
3501	AT3G24530	RI	0.167	0.2	0.062	0.106	0.556	0.333	0.125	0.158	0.034	0.429	0.467	0.0	0.0	0.0
3502	AT3G29375	RI	0.0	0.0	0.0	0.0	0.0	0.0	0.086	0.077	0.0	0.0	0.111	0.042	0.056	0.0
3503	AT1G31420	RI	0.143	0.132	0.068	0.129	0.0	0.077	0.104	0.151	0.143	0.164	0.128	0.121	0.037	0.143
3504	AT5G05435	RI	0.0	0.125	0.364	0.13	0.0	0.2	0.077	0.2	0.2	0.048	0.04	0.429	0.073	0.091
3505	AT5G05435	RI	0.4	0.111	0.103	0.08	0.067	0.0	0.034	0.2	0.143	0.103	0.143	0.286	0.071	0.333
3506	AT3G45960	RI	0.2	1.0	0.6	0.143	1.0	1.0	0.5	0.0	0.333	1.0	1.0	1.0	0.2	0.2
3509	AT4G11900	RI				0.429		1.0		1.0			1.0	1.0		1.0
3510	AT4G11900	RI				0.231		1.0		0.2			1.0	0.111	0.0	
3512	AT4G11900	RI	0.0	1.0		0.429				1.0	0.0					
3513	AT1G18773	RI	1.0	0.0	0.6		0.0		1.0	0.0	0.0		0.2	1.0	0.0	0.0
3514	AT1G31175	RI	0.692	0.84	0.778	0.533	1.0	0.5	1.0	0.769	1.0	0.778	0.793	0.571	0.727	0.143
3515	AT3G58780	RI	0.2	1.0	0.778	0.4	0.0	1.0	0.455	0.75	0.0		1.0	0.2	0.474	0.8
3516	AT1G23020	RI	0.784	0.9	0.87	0.867	0.857	1.0	0.961	0.723	0.75	1.0	0.888	0.886	0.959	0.9
3518	AT1G03210	RI	0.143	0.091	0.238	0.113	0.069	0.2	0.209	0.091	0.077	0.167	0.186	0.227	0.175	0.143
3519	AT3G04110	RI	0.867	0.818	0.909	0.838	0.714	1.0	1.0	1.0	0.714	1.0	0.917	0.778	1.0	1.0
3520	AT1G29890	RI	0.0	0.077	0.105	0.065	0.059	0.0	0.0	0.074	0.0	0.12	0.226	0.043	0.041	0.13
3521	AT1G29890	RI	0.0	0.286	0.026	0.031	0.0	0.0	0.102	0.036	0.059	0.043	0.064	0.071	0.059	0.083
3522	AT4G25420	RI		0.0	1.0	0.0			1.0				0.111		0.111	
3523	AT1G29950	RI	0.0	0.333	0.111	0.122	0.037	0.143	0.038	0.102	0.231	0.182	0.071	0.2	0.087	0.0
3525	AT4G27040	RI	0.161	0.269	0.248	0.156	0.178	0.143	0.383	0.275	0.282	0.136	0.21	0.283	0.291	0.123
3526	AT4G27040	RI	0.412	0.658	0.913	0.498	0.702	1.0	0.755	0.555	0.759	0.259	0.734	0.868	0.923	0.386
3527	AT4G27040	RI	0.214	0.333	0.189	0.239	0.391	0.333	0.26	0.302	0.143	0.357	0.385	0.263	0.368	0.333
3528	AT4G27040	RI	0.714	0.167	0.286	0.12	0.143	0.0	0.191	0.077	0.0	0.158	0.062	0.2	0.091	0.2
3529	AT2G06005	RI	0.0	1.0	0.067	0.231	0.0	0.0	0.297	0.333	0.091	0.167	0.0	0.25	0.143	0.0
3530	AT2G06005	RI	1.0	1.0		1.0			1.0	1.0	1.0	1.0		1.0	1.0	0.0
3531	AT5G61440	RI	0.103	0.2	0.122	0.177	0.073	0.133	0.299	0.145	0.082	0.167	0.143	0.236	0.188	0.164
3532	AT2G41640	RI	0.161	0.156	0.107	0.134	0.167	0.053	0.243	0.084	0.04	0.0	0.085	0.125	0.136	0.2
3533	AT1G26190	RI		1.0	1.0	1.0			1.0	0.6	1.0		1.0	0.6	1.0	
3534	AT1G26190	RI	0.333	0.143	0.333	0.333	0.0	0.0	0.455	0.111	0.0		0.13	0.273	0.091	0.0
3535	AT1G26190	RI	0.6	0.385	0.222	0.12	0.167	0.0	0.222	0.125	0.0	0.333	0.111	0.154	0.333	0.333
3536	AT1G26190	RI	1.0	1.0	1.0	1.0	0.333		1.0	1.0	1.0	1.0	1.0	1.0	1.0	1.0
3537	AT2G03280	RI	0.5	0.333	0.2	0.0	0.333	0.2	1.0	0.0	0.0	0.143	0.625	0.111	0.0	0.0
3539	AT3G05365	RI			0.5						1.0					
3540	AT5G55970	RI	0.846	0.357	0.255	0.309	0.143	0.182	0.324	0.614	0.297	0.25	0.294	0.167	0.149	0.2
3541	AT5G55970	RI	0.026	0.216	0.123	0.16	0.067	0.2	0.182	0.044	0.086	0.03	0.303	0.185	0.176	0.2
3542	AT1G12750	RI	0.429	0.5	0.25	0.36	0.429	0.0	0.429	0.467	1.0	0.556	0.867	1.0	0.263	0.273
3543	AT1G12750	RI	0.0	0.026	0.0	0.048	0.0	0.0	0.167	0.0	0.0	0.053	0.032	0.033	0.065	0.0
3544	AT1G12750	RI	0.5	0.6	0.778	0.739	0.25	0.5	0.913	0.769	0.5	0.5	0.462	0.765	0.846	0.667
3545	AT1G12750	RI	1.0	0.231	0.529	0.529	0.273	0.333	0.385	0.364	0.455	0.4	0.333	0.4	0.167	0.2
3546	AT1G30475	RI	0.333			0.0	0.0	1.0	0.333	0.333		0.0	0.0	1.0		
3547	AT1G30475	RI	0.0		1.0	1.0		0.0	0.0	0.0			1.0		0.2	
3548	AT5G42030	RI	0.0	0.025	0.069	0.047	0.031	0.105	0.082	0.103	0.11	0.03	0.129	0.069	0.05	0.077
3549	AT1G30610	RI	0.0	0.333	0.0	0.6	0.0	0.0	0.125	0.0	0.333	0.333	0.059	0.2	0.0	
3554	AT1G14760	RI	0.0	0.333	0.2	1.0	1.0		1.0	0.333		0.0	0.455	0.0	0.0	
3555	AT1G30280	RI	0.05	0.111	0.116	0.114	0.0	0.0	0.138	0.067	0.0	0.0	0.138	0.143	0.077	0.043
3556	AT3G19080	RI	0.0	0.0	0.0	0.146	0.339	0.0	0.146	0.0		1.0	0.606	0.339	0.146	0.0
3557	AT1G08820	RI	1.0	1.0	1.0	0.667	1.0		1.0	0.455	1.0	1.0	1.0	1.0	1.0	1.0
3558	AT3G10250	RI	0.261	0.254	0.284	0.258	0.261	0.333	0.285	0.29	0.289	0.15	0.278	0.342	0.21	0.345
3559	AT2G38630	RI	0.0	0.0	0.0	0.143	0.2	0.0	0.143	0.25	0.0	0.333	0.0	0.0	0.0	0.333
3560	AT4G31240	RI	0.304	0.31	0.167	0.296	0.25	0.6	0.282	0.152	0.2	0.333	0.394	0.238	0.2	0.4
3561	AT3G42170	RI	1.0	1.0	1.0	1.0	1.0	1.0	1.0	1.0	1.0	1.0	1.0	0.943	1.0	1.0
3562	AT1G18415	RI	0.0	1.0	1.0	0.455			1.0	0.6	1.0	1.0	0.867	1.0	1.0	1.0
3563	AT1G18415	RI	1.0	0.0	1.0	0.538	0.333	0.333	0.143	0.4	0.0	0.2	0.333	0.333	0.0	1.0
3564	AT5G48640	RI	0.412	0.217	0.125	0.175	0.154	0.053	0.316	0.05	0.167	0.091	0.379	0.091	0.135	0.13
3565	AT5G48640	RI	0.556	1.0	1.0	1.0	1.0	1.0	1.0	1.0	1.0	1.0	1.0	1.0	1.0	1.0
3566	AT5G48640	RI	0.25	0.091	0.029	0.088	0.125	0.043	0.358	0.115	0.238	0.3	0.273	0.208	0.067	0.043
3567	AT1G77000	RI	0.13	0.261	0.045	0.161	0.085	0.026	0.167	0.104	0.142	0.078	0.171	0.102	0.097	0.114
3568	AT1G66940	RI	0.056	0.0	0.302	0.134	0.333	0.25	0.138	0.106	0.0	0.2	0.074	0.143	0.171	0.158
3569	AT1G66940	RI	0.062	0.429	0.256	0.182	0.176	0.5	0.125	0.064	0.2	0.043	0.067	0.056	0.102	0.067
3570	AT3G50620	RI	1.0		0.0	1.0			1.0	1.0	1.0		1.0			1.0
3571	AT5G07100	RI	0.155	0.324	0.271	0.189	0.3	0.276	0.325	0.258	0.258	0.265	0.303	0.148	0.254	0.3
3572	AT5G07100	RI	1.0	0.923	0.846	0.824	0.778	0.758	0.724	0.929	0.824	0.8	0.774	0.818	0.805	0.913
3573	AT5G07100	RI	0.159	0.324	0.364	0.22	0.364	0.321	0.433	0.298	0.236	0.362	0.284	0.242	0.221	0.186
3576	AT1G48260	RI	0.0	0.167	0.0	0.0	0.0	0.0	0.5	0.111	0.143	0.0	0.158	0.13	0.333	0.0
3578	AT4G13940	RI	1.0	1.0	1.0	0.999	1.0	1.0	1.0	1.0	1.0	1.0	1.0	1.0	1.0	0.998
3580	AT2G01735	RI	0.444	0.412	0.6	0.379	0.529		0.5	0.357	0.125	0.158	0.491	0.667	0.529	0.273
3581	AT3G27300	RI	1.0	0.2	0.429	0.0	1.0	0.111	0.333	0.25	0.2	1.0	0.846	0.25	1.0	0.6
3582	AT1G13450	RI	0.128	0.25	0.137	0.217	0.226	0.25	0.364	0.146	0.12	0.429	0.242	0.147	0.152	0.1
3584	AT4G37080	RI	0.0	0.0	0.143	0.385	0.4	0.0	0.032	0.212	0.0	0.143	0.111	0.048	0.2	0.111
3585	AT2G26980	RI	0.168	0.196	0.248	0.212	0.15	0.19	0.206	0.178	0.092	0.165	0.209	0.204	0.185	0.189
3588	AT1G31930	RI	1.0	1.0	1.0	1.0	1.0	0.5	1.0	1.0	1.0	1.0	1.0	1.0	1.0	1.0
3589	AT1G31540	RI	0.0	0.077	0.25	0.056	0.067	0.5	0.478	0.231	0.4	0.0	0.294	0.143	0.294	0.385
3590	AT1G28960	RI	0.435	0.412	0.433	0.344	0.349	0.304	0.417	0.382	0.435	0.364	0.551	0.455	0.247	0.533
3591	AT1G28960	RI	0.391	0.528	0.404	0.333	0.368	0.459	0.436	0.439	0.319	0.297	0.401	0.457	0.279	0.415
3592	AT3G50780	RI	1.0	1.0	0.778	1.0	1.0	0.818	1.0	0.722	0.714	1.0	0.913	0.75	0.909	1.0
3593	AT1G67060	RI	0.111	0.207	0.228	0.31	0.158	0.182	0.228	0.25	0.125	0.214	0.333	0.268	0.155	0.106
3594	AT1G67060	RI	0.714	0.818	1.0	1.0	1.0	0.5	0.76	1.0	0.333	1.0	0.862	1.0	0.778	0.333
3595	AT1G32127	RI	0.273	0.077	1.0	0.273	0.182	0.2	0.778	0.333	0.111		0.143	0.091	0.0	0.333
3596	AT1G30540	RI	0.0	0.0	0.176	0.0	0.077		0.0	0.043	0.0	0.0	0.059	0.0	0.05	0.143
3597	AT5G62520	RI	0.125	0.0	0.273	0.636	1.0	0.0	0.6	0.4	1.0	0.0	0.143	0.0	0.067	0.714
3598	AT2G24680	RI							1.0				1.0		0.0	0.0
3599	AT2G24680	RI			1.0	0.0			1.0	1.0					1.0	0.0
3600	AT1G28560	RI	1.0	1.0	0.0	0.5	1.0		1.0	1.0	1.0	1.0	0.8		1.0	
3601	AT1G79890	RI	1.0	1.0	1.0	0.4		1.0	0.6	1.0		0.0	1.0			1.0
3602	AT1G32540	RI	0.529	0.8	0.655	0.432	0.368	1.0	0.682	0.467	0.543	0.538	0.667	0.467	0.302	0.6
3603	AT1G32540	RI	0.429	0.143	0.29	0.312	0.286	0.333	0.356	0.262	0.0	0.125	0.31	0.088	0.057	0.471
3604	AT1G32540	RI	0.125	0.222	0.296	0.297	0.091	0.231	0.217	0.175	0.333	0.067	0.178	0.083	0.16	0.125
3605	AT1G32540	RI	0.125	0.083	0.176	0.159	0.167	0.4	0.175	0.25	0.294	0.143	0.176	0.07	0.148	0.238
3606	AT5G02910	RI	1.0	1.0	0.333	0.25	0.333	0.0	0.0	0.2	0.091	0.143	1.0	0.333	0.3	0.6
3607	AT3G45650	RI	0.333	0.111	0.111	0.364	0.0		0.243	0.091	0.0	0.0	0.222	0.143	0.0	1.0
3608	AT4G34680	RI	0.8	0.75	0.643	0.931	1.0	1.0	0.68	1.0	0.385	0.6	0.611	0.529	0.769	0.75
3609	AT1G09300	RI		0.0	0.167	0.111	0.0	0.6	0.0	0.0	0.0	0.2	0.167	0.25	0.125	0.0
3610	AT2G38185	RI	0.176	0.067	0.067	0.034	0.5	0.333	0.13	0.091	0.125	0.429	0.136	0.1	0.111	0.2
3611	AT2G38185	RI	0.429	1.0	0.5	0.111		0.5	0.083	0.0	0.0	0.5	0.3	0.0	0.176	0.333
3612	AT1G32740	RI	0.143	0.231	0.2	0.25	0.067	1.0	0.444	0.091	0.158	0.167	0.3	0.222	0.0	0.5
3613	AT1G16570	RI	0.0	0.182	0.026	0.125	0.176	0.0	0.081	0.062	0.053	0.0	0.148	0.189	0.085	0.0
3615	AT2G01830	RI	0.25	0.2	0.714	0.895	0.0	1.0	0.25	0.333	0.5	0.0	1.0	0.2	0.5	0.0
3616	AT2G01830	RI	0.2		0.273	0.467	0.0	0.333	0.143	0.2	1.0		0.286		0.333	0.0
3617	AT1G03290	RI	0.96	1.0	1.0	0.985	0.961	1.0	0.98	1.0	0.905	1.0	0.983	1.0	1.0	1.0
3618	AT1G03290	RI	0.965	0.975	1.0	0.977	0.942	1.0	1.0	0.982	0.957	1.0	1.0	1.0	0.981	1.0
3619	AT1G33050	RI	0.073	0.2	0.241	0.148	0.085	0.189	0.128	0.154	0.159	0.111	0.225	0.22	0.113	0.135
3620	AT3G11520	RI				0.0			0.167	0.2		0.0		0.0	1.0	
3621	AT5G38690	RI	1.0	1.0	1.0	0.8		1.0	1.0	1.0	1.0	1.0	1.0	1.0	1.0	1.0
3622	AT1G20620	RI	0.938	0.977	0.944	0.934	0.907	0.968	0.953	0.917	0.963	0.913	0.992	0.964	0.927	0.92
3623	AT1G20620	RI	0.007	0.007	0.008	0.009	0.004	0.004	0.01	0.01	0.007	0.006	0.007	0.008	0.007	0.009
3624	AT1G20620	RI	0.006	0.007	0.012	0.008	0.005	0.009	0.01	0.008	0.007	0.006	0.007	0.008	0.007	0.008
3625	AT4G05110	RI				0.2						0.0	0.0		0.0	
3626	AT1G77530	RI	0.0	0.0		0.167	0.5		0.0	0.333		0.0	0.143	1.0	0.0	0.0
3627	AT1G10830	RI	0.0	0.0	0.053	0.067	0.0	0.2	0.474	0.053	0.0	0.083	0.067	0.111	0.023	0.0
3629	AT1G52370	RI	0.273	0.4	0.455	0.478	0.667	0.6	0.391	0.304	1.0	0.111	0.463	0.583	0.436	0.667
3630	AT1G52370	RI	1.0	0.429	1.0	0.765	0.6	1.0	0.538	0.692	1.0		1.0	1.0	0.895	1.0
3631	AT1G06890	RI	0.769	0.783	0.833	0.923	0.938	0.833	0.843	0.968	0.913	0.655	0.968	0.821	0.897	0.676
3634	AT1G63810	RI	1.0		0.0	0.2	1.0		0.467	0.0	0.0	0.6	0.333	0.143	0.0	0.667
3635	AT4G31860	RI	0.0	0.04	0.043	0.026	0.125	0.143	0.153	0.154	0.067	0.026	0.178	0.128	0.048	0.02
3637	AT1G43770	RI	1.0	0.4	0.636	0.286		0.0	1.0	0.067	0.333	1.0	0.5	0.167	0.429	1.0
3639	AT1G49880	RI	0.0	0.0	0.0	0.0	0.333	0.0	0.538	0.222	0.0	0.0	0.103	0.032	0.067	0.111
3640	AT1G34020	RI	0.429	0.286	0.135	0.268	0.368	1.0	0.346	0.529	0.385	0.556	0.208	0.278	0.241	0.357
3641	AT1G03620	RI	1.0	1.0	0.333	1.0	1.0	1.0	1.0	1.0			0.333	1.0		1.0
3642	AT1G03620	RI	0.333	0.5	0.143	0.231	0.2	1.0	0.143	0.143	0.0	0.0	0.333	0.111	0.0	1.0
3643	AT1G03620	RI	1.0	0.25	0.333	1.0	0.333		0.5	0.714	0.5	0.429	0.636	1.0	1.0	1.0
3644	AT2G38320	RI	1.0		1.0	1.0	1.0		1.0	0.833	1.0	1.0	1.0	1.0	1.0	
3646	AT3G54010	RI	0.0	0.341	0.115	0.194	0.0	0.0	0.213	0.065	0.0	0.086	0.141	0.076	0.107	0.463
3647	AT3G59330	RI	0.143	0.556	0.304	0.189	1.0	1.0	0.417	0.486	0.6	0.273	0.333	0.154	0.586	0.294
3648	AT4G33050	RI	0.0	0.04	0.091	0.0	0.0	0.0	0.098	0.135	0.091	0.273	0.067	0.0	0.03	0.2
3649	AT4G33050	RI	0.04	0.085	0.055	0.108	0.064	0.25	0.22	0.224	0.081	0.0	0.143	0.077	0.296	0.25
3650	AT4G33050	RI	0.091	0.03	0.125	0.065	0.0	0.2	0.111	0.064	0.0	0.0	0.101	0.185	0.029	0.133
3651	AT3G21600	RI	0.059	0.143	0.143	0.143	0.231	0.0	0.455	0.273	0.111	0.0	0.273	0.0	0.25	0.0
3652	AT1G34630	RI	0.692	0.5	0.75	0.92	1.0	1.0	1.0	1.0	0.5	1.0	0.765	0.6	1.0	1.0
3653	AT1G34630	RI	0.231	0.133	0.135	0.212	0.143	0.0	0.222	0.382	0.105	0.333	0.304	0.4	0.162	0.273
3654	AT1G51740	RI	0.059	0.095	0.097	0.1	0.077	0.091	0.0	0.037	0.077	0.667	0.087	0.111	0.057	0.0
3655	AT1G13000	RI	0.467	0.357	0.226	0.071	0.263	1.0	0.349	0.027	0.091	0.25	0.12	0.091	0.231	0.0
3656	AT1G34770	RI		0.0	1.0	0.439	0.0	0.0	0.0	0.439	0.0	1.0	0.51	0.342	0.207	0.0
3657	AT1G34770	RI	0.0	0.0	0.182	0.143	0.25	1.0	0.0	0.0	0.0	0.0	0.0	0.0	0.2	0.5
3659	AT5G08380	RI	0.048	0.0	0.2	0.0	0.083	0.0	0.097	0.0	0.333	0.0	0.0	0.097	0.0	0.0
3660	AT1G31500	RI	0.5	0.294	1.0	0.517	0.5	0.2	0.818	0.846	1.0	0.714	0.765	0.667	0.5	0.636
3661	AT1G31500	RI		0.2	0.5	0.111	0.0	0.0	0.412	0.091	0.0		0.304	0.053	0.364	0.0
3662	AT3G62740	RI	0.0	0.0	0.0	0.0	0.0		0.0	0.0		0.0		0.0	1.0	0.0
3663	AT1G69310	RI	1.0	1.0	1.0	1.0	0.818	1.0	0.941	1.0	0.636	0.333	0.8	1.0	1.0	1.0
3664	AT2G16870	RI	1.0	1.0	0.6	1.0	1.0	1.0	0.882	1.0	1.0				1.0	
3666	AT5G15500	RI			0.0	0.5	1.0	0.0	0.2	1.0	0.0		0.0	0.0		
3667	AT1G35460	RI	0.077	0.111	0.037	0.084	0.053	0.385	0.091	0.107	0.048	0.048	0.097	0.0	0.045	0.0
3669	AT1G50700	RI	1.0	0.429	0.0	0.5	0.0	0.0	0.538	0.385	1.0	0.0	0.238	0.0	0.25	0.143
3670	AT1G63770	RI	0.014	0.067	0.055	0.087	0.044	0.0	0.096	0.078	0.059	0.0	0.087	0.062	0.015	0.123
3673	AT2G24530	RI	0.733	0.478	0.444	0.47	0.263	0.333	0.824	0.435	0.2	0.357	0.385	0.778	0.574	0.889
3674	AT5G18780	RI	0.111	0.429	0.1	0.185	0.429	0.111	0.208	0.349	0.0	0.167	0.517	0.273	0.385	0.25
3675	AT4G26555	RI	0.167	0.306	0.293	0.361	0.077	0.048	0.31	0.14	0.111	0.057	0.129	0.273	0.13	0.2
3676	AT5G19950	RI	0.667		1.0	0.455	1.0		0.714	0.143	0.5	0.333	0.556	1.0	1.0	1.0
3677	AT1G72340	RI	0.341	0.069	0.194	0.159	0.137	0.0	0.162	0.115	0.094	0.0	0.111	0.223	0.171	0.065
3681	AT5G60980	RI	0.073	0.13	0.154	0.012	0.0	0.0	0.124	0.017	0.0	0.07	0.117	0.028	0.091	0.014
3682	AT4G23290	RI	1.0	1.0	1.0	0.938	1.0	0.333	0.714	0.833	1.0	1.0	0.5	1.0	1.0	1.0
3684	AT5G47970	RI	0.0	0.2	0.0	0.25	0.667		0.12	0.25	0.0	0.0	0.286	0.0	0.0	0.143
3685	AT1G26130	RI	0.333	0.5	0.0	0.455	1.0	1.0	1.0	1.0	0.333		0.636	0.0	0.167	0.0
3686	AT2G31510	RI	0.079	0.167	0.176	0.173	0.222	0.077	0.236	0.101	0.105	0.19	0.19	0.125	0.12	0.143
3687	AT5G45260	RI	0.125	0.273	0.152	0.208	0.333	0.0	0.407	0.25	0.143	0.556	0.217	0.077	0.208	0.143
3688	AT2G01420	RI	0.2	0.128	0.228	0.267	0.128	0.2	0.397	0.174	0.026	0.062	0.27	0.194	0.253	0.143
3689	AT1G04490	RI	1.0	0.0	1.0	0.0	0.2		0.538	1.0	0.0		1.0	0.0	0.846	
3690	AT1G04490	RI			1.0		1.0		1.0				0.0			
3694	AT1G30520	RI	0.0	1.0	0.0	0.0	0.0		0.396	1.0		0.512	0.0	0.0	0.412	1.0
3695	AT5G59490	RI	0.0		0.167	0.333	0.0	0.0	0.333	0.429		0.0	0.0	0.0	0.0	0.6
3696	AT1G43620	RI	0.6	0.667	0.5	0.333	0.5	0.5	0.714	0.364	0.556	0.5	0.44	0.833	0.6	1.0
3697	AT1G43620	RI	1.0	0.429	0.333	0.529	0.143		0.625	0.5	0.5	0.333	0.6	1.0	0.333	0.333
3699	AT5G06770	RI	0.2	1.0	0.273	0.167	0.0	1.0	0.273	0.385	0.333	0.333	0.273	0.0	0.167	1.0
3700	AT3G47420	RI	1.0	1.0	1.0	1.0	1.0	1.0	1.0	1.0		1.0	1.0	1.0	0.333	1.0
3701	AT1G16930	RI	0.333	0.6	0.0	0.333	1.0		0.8	1.0	1.0	0.333	0.5	0.385	0.714	0.0
3702	AT1G16930	RI	0.333	0.6		0.6	0.2		0.692	0.333	1.0	0.333	0.5	1.0	1.0	0.0
3703	AT1G03960	RI	0.0	1.0	0.143	0.0	0.0		0.231	0.0	0.0	0.0	0.429	0.429	0.333	1.0
3704	AT1G03960	RI	0.0	0.0	0.059	0.043	0.143	0.143	0.0	0.222	0.0	0.143	0.143	0.0	0.214	0.0
3705	AT3G26920	RI	0.333	0.3	0.273	0.224	0.125	0.333	0.161	0.263		0.556	0.03	0.111	0.133	0.5
3707	AT3G21755	RI	1.0	1.0	1.0	0.667	1.0	1.0	1.0	0.333	1.0	1.0	1.0	0.6	0.667	1.0
3708	AT3G21755	RI	1.0	1.0	0.857	0.857	1.0		1.0	0.778	1.0	1.0	1.0	1.0	0.778	1.0
3709	AT3G21755	RI	1.0	1.0	1.0	0.895	1.0		0.867	0.818	1.0		0.778	0.538	0.8	0.714
3710	AT1G70100	RI	0.333	0.429	0.475	0.317	0.321	0.164	0.551	0.359	0.391	0.28	0.241	0.353	0.309	0.333
3711	AT1G25230	RI	0.137	0.109	0.133	0.146	0.092	0.048	0.116	0.131	0.142	0.101	0.15	0.081	0.099	0.116
3712	AT5G13220	RI	0.556	0.0	0.0	0.333	0.0	0.0	0.857	0.273	0.077		0.217	1.0	0.333	1.0
3713	AT5G13220	RI	0.111	0.6	0.429	0.241	0.143	0.067	0.448	0.2	0.0	0.143	0.2	0.0	0.111	0.0
3714	AT5G13220	RI	0.667	0.6	0.333	0.667	0.2	1.0	0.444	0.667		1.0	0.636	0.0	0.6	0.5
3716	AT1G70180	RI	0.143	0.174	0.161	0.111	0.103	0.0	0.287	0.104	0.182	0.053	0.231	0.111	0.13	0.226
3717	AT1G70180	RI	0.0	0.014	0.036	0.14	0.0	0.026	0.079	0.024	0.0	0.0	0.071	0.065	0.061	0.03
3718	AT1G45010	RI	0.0	0.273	0.0	0.13	0.0	0.0	0.077	0.0	0.0	1.0	0.133	0.043	0.167	0.143
3719	AT1G45191	RI	1.0	0.333	0.0	0.2	0.0		0.818	1.0		1.0	0.4		0.333	1.0
3721	AT1G45160	RI	0.0	0.097	0.048	0.074	0.111	1.0	0.152	0.051	0.0	0.048	0.053	0.087	0.016	0.067
3722	AT1G07705	RI	0.0	0.143	0.2	0.115	0.333	0.0	0.286	0.1	0.111	0.111	0.125	0.176	0.067	0.13
3723	AT2G21710	RI	0.145		0.505	0.203	1.0		0.0	1.0	0.0	0.0	0.505	0.434	0.203	0.0
3724	AT1G55810	RI	0.388	0.326	0.491	0.359	0.536	0.385	0.366	0.379	0.532	0.371	0.507	0.532	0.508	0.617
3725	AT1G55810	RI	0.148	0.197	0.276	0.138	0.2	0.091	0.162	0.163	0.243	0.082	0.2	0.174	0.153	0.169
3726	AT1G55810	RI	0.148	0.139	0.176	0.148	0.119	0.099	0.157	0.19	0.109	0.07	0.131	0.164	0.137	0.146
3727	AT1G55810	RI	1.0	1.0	0.964	0.957	1.0	0.941	1.0	1.0	1.0	0.926	0.981	0.967	1.0	1.0
3728	AT3G22470	RI	1.0	0.0	0.778	1.0		1.0	0.818	1.0	0.5	0.0	1.0	1.0	1.0	
3729	AT3G18430	RI		1.0	1.0	0.684	1.0	1.0	0.846	0.455	0.25	1.0	0.6	0.9	0.467	0.368
3730	AT5G05540	RI	0.231	0.154	0.143	0.148	0.077	0.231	0.191	0.161	0.0	0.053	0.185	0.0	0.167	0.444
3731	AT3G14550	RI			1.0	1.0	0.2	0.0	0.0		1.0	1.0	1.0	1.0	0.5	0.0
3732	AT5G47590	RI	0.053	0.044	0.093	0.068	0.03	0.037	0.179	0.053	0.011	0.0	0.179	0.0	0.02	0.088
3733	AT5G05730	RI	0.048	0.0	0.067	0.091	0.0	0.0	0.056	0.0	0.04	0.0	0.057	0.0	0.042	0.067
3735	AT1G48380	RI	0.143	0.0	0.048	0.0	0.167	0.0	0.111	0.0	0.0	0.0	0.154	0.2	0.091	0.0
3736	AT3G47790	RI		0.0		0.0	1.0			1.0		0.0	0.0	1.0	0.2	0.0
3737	AT3G47790	RI				0.714	1.0			0.0	0.0	1.0	1.0	0.333	0.333	
3738	AT1G56500	RI	0.053	0.412	0.36	0.129	0.0	0.2	0.29	0.2	0.111	0.333	0.188	0.333	0.257	0.143
3739	AT1G56500	RI	0.0	0.043	0.217	0.164	0.0	0.0	0.077	0.091	0.0	0.0	0.304	0.0	0.0	0.0
3740	AT5G65685	RI	0.194	0.16	0.181	0.054	0.087	0.233	0.228	0.243	0.072	0.0	0.227	0.194	0.233	0.152
3741	AT5G65685	RI		1.0	0.8	1.0	1.0	1.0	1.0	0.8	1.0		0.75	1.0	1.0	1.0
3742	AT5G65685	RI	0.0	0.4	0.524	0.379	0.091	0.6	0.375	0.308	0.333	0.0	0.52	0.6	0.44	0.25
3743	AT5G65685	RI	0.13	0.481	0.727	0.333	0.29	0.714	0.574	0.44	0.5	0.167	0.472	0.407	0.368	0.36
3744	AT5G64813	RI	0.903	0.965	1.0	0.938	1.0	1.0	1.0	0.964	0.857	1.0	0.97	0.905	1.0	0.92
3745	AT1G55120	RI	0.176	0.429	0.0	0.0	0.333	0.0	0.053	0.13	0.0	0.2	0.111	0.043	0.1	0.111
3746	AT1G55120	RI	0.125	0.0	0.0	0.0	0.333	0.0	0.118	0.04	0.0	0.0	0.0	0.0	0.0	0.0
3747	AT3G53970	RI	0.241	0.515	0.42	0.41	0.182	0.429	0.405	0.469	0.448	0.333	0.424	0.451	0.333	0.381
3748	AT1G48230	RI	0.0	0.081	0.159	0.184	0.029	0.077	0.1	0.031	0.143	0.103	0.241	0.065	0.101	0.086
3749	AT3G50840	RI	0.0	0.0	0.116	0.163	0.0	0.0	0.064	0.083	0.062	0.0	0.128	0.231	0.2	0.083
3750	AT2G45950	RI	0.294	0.188	0.152	0.333	0.2	0.059	0.474	0.2	0.059	0.111	0.368	0.091	0.29	0.273
3751	AT1G72830	RI	1.0	0.778	0.846	0.8	1.0	1.0	0.862	1.0	1.0	1.0	1.0	1.0	1.0	1.0
3752	AT5G01950	RI	0.0	0.111	0.067	0.0	0.0	0.0	0.294	0.037	0.059	0.2	0.0	0.077	0.0	0.0
3753	AT5G01950	RI	0.0	0.0	0.714	0.158	0.0	0.0	0.13	0.143	1.0	0.0	0.158	0.273	0.143	0.091
3754	AT5G01950	RI	0.333	0.2	0.429	0.167	0.333	0.0	0.391	1.0	0.2	0.333	0.333	1.0	0.556	0.25
3755	AT5G01950	RI	0.333	0.0	0.556	0.429	1.0	0.0	0.429	0.1		0.143	0.6	0.263	0.467	0.25
3756	AT5G01950	RI	0.0	0.167	0.333	0.0	0.667	0.333	0.333	0.083	0.0		0.2	0.176	0.5	1.0
3757	AT1G48430	RI	0.214	0.056	0.135	0.103	0.154	0.067	0.094	0.067	0.111	0.091	0.194	0.12	0.16	0.0
3758	AT2G26280	RI	0.414	0.455	0.496	0.459	0.442	0.591	0.469	0.444	0.395	0.342	0.53	0.472	0.404	0.41
3759	AT2G26280	RI	0.125	0.246	0.196	0.276	0.25	0.152	0.361	0.333	0.111	0.174	0.309	0.27	0.319	0.333
3761	AT1G48450	RI	1.0	1.0	1.0	1.0	1.0	1.0	1.0	0.994	1.0	1.0	1.0	1.0	1.0	1.0
3762	AT1G48500	RI			1.0					0.0			1.0	0.0		
3764	AT1G48540	RI	0.112	0.059	0.43	0.051	0.091	0.0	0.168	0.335	0.43	0.502	0.283	0.264	0.239	0.144
3765	AT2G36900	RI	0.959	0.934	0.962	0.959	0.965	0.943	0.925	0.861	0.879	1.0	0.89	0.865	0.981	0.897
3766	AT2G36900	RI	1.0	1.0	1.0	1.0	1.0	1.0	0.98	1.0	1.0	1.0	0.981	0.97	1.0	1.0
3768	AT1G48700	RI	1.0			1.0			1.0			0.0			1.0	
3769	AT1G58007	RI			1.0	1.0									0.0	
3770	AT1G58007	RI			1.0	1.0						0.0	0.0		1.0	
3771	AT1G59520	RI	0.167	0.333	0.125	0.208	0.143	0.091	0.244	0.143	0.4	0.111	0.149	0.161	0.227	0.111
3772	AT1G59520	RI	1.0	1.0	0.867	0.822	1.0	0.667	0.852	0.771	0.7	0.0	1.0	1.0	0.793	0.714
3773	AT1G59520	RI	0.0	0.071	0.186	0.014	0.2	0.053	0.153	0.067	0.2	0.0	0.167	0.148	0.059	0.111
3774	AT5G36880	RI	0.4	0.5	0.333	0.268		0.111	0.4	0.357	0.333	0.4	0.6	0.375	0.077	0.158
3775	AT1G49160	RI	0.0	0.5	0.0	0.059	0.2	0.0	0.351	0.333	0.0	0.333	0.5	0.048	0.5	0.0
3776	AT1G49160	RI		1.0	1.0	0.2	0.5		0.833	0.333	0.0	1.0	0.667		0.5	1.0
3777	AT1G49160	RI	0.0	0.429	0.25	0.023	0.333	0.0	0.278	0.091	0.0	0.429	0.4	0.059	0.286	0.273
3778	AT1G79620	RI	0.0	0.0	0.0	0.446	0.0	0.0	0.502	0.067	0.335	1.0	0.602	0.468	0.072	0.0
3779	AT1G79620	RI	0.0	0.167	0.111	0.333	1.0	0.2	0.429	0.143	0.333		0.5	0.125	0.158	0.143
3780	AT1G79620	RI	0.4	0.091	0.1	0.0	0.0	0.0	0.2	0.091	0.0	0.286	0.143	0.333	0.0	0.0
3781	AT5G08130	RI	0.167	0.4	0.333	0.283	0.067	0.5	0.227	0.292	0.385	1.0	0.429	0.417	0.333	0.158
3782	AT5G49960	RI	1.0	0.636	0.6	0.524	1.0	1.0	0.25	1.0	0.0	1.0	0.667	0.556	0.75	0.5
3783	AT5G49960	RI	0.143	0.429	0.28	0.231	1.0	0.167	0.286	0.667	0.0	0.143	0.059	0.5	0.379	0.2
3784	AT2G01260	RI	0.176	0.467	0.111	0.135	0.0	0.333	0.217	0.071	0.0	0.0	0.238	0.273	0.217	0.125
3786	AT3G08800	RI	0.0	1.0	0.0	0.455	0.5		0.75	0.667		1.0	0.0	0.556	0.0	0.0
3787	AT3G08800	RI		0.667	1.0	1.0	0.6	1.0	1.0	1.0	1.0	1.0	0.778	1.0	1.0	0.333
3788	AT1G65800	RI	0.0	0.0	0.0	0.0			0.385	0.0				0.667	0.333	
3789	AT4G02005	RI	1.0	1.0	0.913	1.0	1.0	0.677	0.865	1.0	1.0	1.0	0.835	0.63	0.825	0.583
3790	AT3G05250	RI	0.154	0.182	0.289	0.327	0.385	0.429	0.561	0.288	0.172	0.176	0.398	0.429	0.125	0.529
3792	AT4G13800	RI		1.0												0.0
3793	AT1G66840	RI	0.333	0.5	0.5	0.176	1.0	1.0	0.5	0.0	1.0		0.0	1.0	0.0	
3794	AT1G11720	RI	0.0	0.0	0.091	0.083	0.0	0.0	0.2	0.0	0.0	0.0	0.083	0.059	0.0	0.111
3795	AT1G47500	RI	0.212	0.097	0.0	0.152	0.086	0.125	0.17	0.15	0.267	0.2	0.206	0.286	0.075	0.1
3796	AT1G18610	RI	0.333	0.455	0.333	0.352	0.455	0.556	0.677	0.484	0.429	0.333	0.5	0.714	0.576	0.867
3797	AT1G50590	RI		0.0	0.0	0.0		0.0	0.0	0.5		1.0	0.2	0.0	0.176	1.0
3798	AT5G53180	RI	0.429	0.571	0.44	0.511	0.714	0.6	0.487	0.543	0.25	0.6	0.583	0.538	0.619	1.0
3799	AT5G53180	RI	0.692	1.0	0.857	0.622	0.385	0.429	0.714	0.68	0.2	0.429	0.556	0.636	0.619	0.714
3800	AT1G61970	RI	1.0	0.0	0.467	1.0	0.2		0.333	0.231	0.0	0.111	0.286	0.4	0.6	
3801	AT1G61970	RI	0.6	0.167	0.444	0.556	0.333	0.333	0.6	0.579	1.0	0.5	0.391	0.412	1.0	0.0
3802	AT1G61970	RI	0.778	0.467	0.273	0.514	0.25	0.429	0.765	0.455	0.429	0.385	0.385	1.0	0.333	0.25
3803	AT1G61970	RI	0.286	0.1	0.257	0.594	0.4	0.6	0.364	0.583	0.667	0.25	0.481	0.5	0.412	0.429
3804	AT3G01920	RI	0.182	0.4	0.2	0.185	0.25	0.077	0.167	0.2	0.077	0.143	0.029	0.154	0.318	0.161
3805	AT3G14420	RI	0.01	0.011	0.012	0.04	0.034	0.0	0.032	0.027	0.0	0.013	0.054	0.034	0.028	0.006
3807	AT4G32000	RI	0.0	0.333	0.5	0.077			0.217	1.0		0.0	0.231	0.2	0.2	1.0
3808	AT4G32000	RI		0.333	1.0	1.0			1.0	0.333	0.0		0.6	1.0	0.2	1.0
3809	AT1G29120	RI	1.0	1.0	1.0	1.0	1.0	1.0	1.0	1.0	1.0	1.0	1.0	1.0	1.0	0.429
3810	AT1G29120	RI	0.097	0.12	0.122	0.115	0.13	0.143	0.45	0.07	0.043	0.083	0.164	0.143	0.163	0.2
3811	AT1G29120	RI	0.0	0.13	0.217	0.115	0.222	0.0	0.15	0.135	0.053	0.048	0.176	0.25	0.224	0.111
3813	AT1G29120	RI	0.2	0.111	0.314	0.103	0.023	0.0	0.165	0.143	0.032	0.188	0.139	0.091	0.042	0.136
3814	AT1G29120	RI	0.739	0.586	0.929	0.778	0.826	0.778	0.889	0.769	0.652	0.857	0.922	0.86	0.63	0.944
3815	AT5G51630	RI	0.4	0.0	0.0	0.44	1.0	1.0	0.467	1.0	0.167	0.5	0.391	0.6	0.25	0.714
3817	AT5G51630	RI	1.0	1.0	1.0	1.0	1.0	1.0	1.0	0.538	1.0	1.0	1.0	1.0	1.0	1.0
3818	AT5G64830	RI	0.125	0.333	0.412	0.233	0.556	0.6	0.429	0.243	0.167	0.333	0.353	0.056	0.412	0.158
3819	AT1G36070	RI	0.234	0.296	0.319	0.084	0.265	0.277	0.13	0.182	0.145	0.0	0.185	0.309	0.272	0.226
3820	AT1G36070	RI	0.094	0.193	0.214	0.063	0.172	0.1	0.1	0.123	0.059	0.0	0.194	0.127	0.238	0.115
3821	AT1G09170	RI			1.0	0.0					0.0				0.0	
3823	AT1G09170	RI				1.0									0.0	
3824	AT1G09170	RI			1.0					0.0				0.0		
3826	AT5G50370	RI	0.0	0.024	0.069	0.04	0.0	0.0	0.132	0.049	0.0	0.0	0.012	0.015	0.072	0.077
3827	AT3G03970	RI	0.5	0.5	1.0	1.0	0.0	1.0	0.636	0.333	0.6		0.6	0.0		1.0
3828	AT3G03970	RI	0.714	0.6	1.0	0.6		0.0	1.0	0.429	0.429		0.273	0.333	0.0	1.0
3829	AT3G49640	RI	0.0	0.273	0.3	0.143	0.2		0.407	0.333	0.0	0.0	0.286	0.286	0.161	0.2
3830	AT5G15190	RI	0.6	0.556	0.185	0.36	0.692	1.0	0.524	0.417	0.2	1.0	0.375	0.556	0.481	0.538
3831	AT5G15310	RI	0.0	0.034	0.36	0.158	0.231	0.0	0.13	0.103	0.158	0.029	0.128	0.0	0.0	0.286
3832	AT5G13190	RI	0.059	0.19	0.042	0.099	0.062	0.143	0.104	0.051	0.0	0.048	0.043	0.148	0.082	0.375
3833	AT3G10490	RI	0.368	0.268	0.244	0.214	0.167	0.429	0.494	0.371	0.037	0.161	0.365	0.306	0.29	0.227
3834	AT5G52230	RI	0.556	1.0	0.7	0.812	0.75	1.0	0.923	0.7	0.6	1.0	0.613	0.538	0.769	1.0
3835	AT5G41620	RI		0.0	1.0	0.5			0.0	0.0			1.0	1.0	0.2	
3836	AT3G23490	RI	0.963	1.0	0.986	0.976	1.0	1.0	0.991	1.0	1.0	1.0	0.99	1.0	0.989	0.976
3837	AT5G08080	RI	0.0	0.017	0.041	0.047	0.013	0.0	0.038	0.036	0.0	0.135	0.018	0.048	0.023	0.062
3838	AT5G15720	RI	0.2	0.6	0.778	0.5	1.0		1.0	1.0	1.0	1.0	0.778	0.833	1.0	1.0
3839	AT5G15720	RI	1.0		1.0				0.333	1.0	1.0		0.6	1.0	1.0	0.0
3840	AT5G26780	RI	0.5	0.375	0.214	0.378	0.538	1.0	0.352	0.313	0.125	0.222	0.279	0.256	0.219	0.043
3841	AT5G16350	RI	0.0	0.0	0.0	1.0		0.0	0.0	0.0			0.35	0.0	0.0	
3842	AT4G15570	RI	0.0	1.0	0.333	0.059	0.2	1.0	0.304	0.333	1.0	0.2	0.0	0.333	0.0	0.0
3843	AT4G10890	RI	1.0	0.25	1.0	0.5	0.0	1.0	0.333	0.556	0.0	0.333	0.5	0.429	0.444	0.25
3844	AT3G20640	RI	0.5	0.273	0.053	0.333	0.077	0.067	0.364	0.286	0.0	0.25	0.25	0.167	0.25	0.0
3845	AT4G01995	RI	0.286	0.308	0.297	0.226	0.222	0.455	0.545	0.304	0.0	0.619	0.389	0.333	0.154	0.231
3846	AT5G61560	RI	0.429	1.0	0.333	0.314	0.556	1.0	0.75	0.067	0.4	0.2	0.333	0.077	0.143	0.0
3847	AT5G16540	RI	0.2	0.2	0.455	0.31	0.0	0.25	0.172	0.267	0.0	0.143	0.667	0.419	0.133	0.714
3848	AT5G16540	RI	0.143	0.0	0.467	0.417	0.143	0.0	0.167	1.0		0.0	0.282	0.0	0.111	0.2
3849	AT5G18190	RI	0.125	0.278	0.244	0.137	0.12	0.5	0.333	0.2	0.037	0.5	0.253	0.412	0.212	0.103
3850	AT5G16570	RI			0.0	0.0	0.333		1.0	0.0		0.0	0.0	0.0	0.0	
3851	AT2G16370	RI	0.239	0.251	0.418	0.144	0.274		0.251	0.168	0.335	1.0	0.37	0.131	0.456	0.0
3852	AT5G16610	RI	0.435	0.0	0.085	0.031	0.146	0.435	0.248	0.06	0.06	0.146	0.146	0.06	0.262	0.0
3853	AT5G16650	RI	0.114	0.13	0.135	0.121	0.098	0.05	0.134	0.1	0.069	0.135	0.104	0.149	0.12	0.111
3854	AT5G16690	RI	0.0		0.0	0.0	1.0		0.0	0.0	0.0	0.0	0.0	0.333	0.0	
3855	AT5G53450	RI	0.077	0.04	0.103	0.063	0.059	0.034	0.017	0.084	0.018	0.024	0.043	0.104	0.064	0.027
3857	AT5G16770	RI	1.0	0.75	1.0	0.5	1.0		1.0	0.6	1.0	0.0	1.0	0.556	1.0	1.0
3858	AT5G16780	RI	0.5	0.474	0.333	0.286	0.538	1.0	0.448	0.333	0.333	0.333	0.565	0.25	0.167	0.25
3859	AT5G16800	RI	0.091	0.733	0.481	0.147	0.25	0.571	0.297	0.2	0.111	0.125	0.244	0.133	0.148	0.375
3860	AT5G16880	RI	0.086	0.107	0.132	0.079	0.146	0.132	0.203	0.115	0.072	0.062	0.193	0.143	0.115	0.152
3861	AT5G16980	RI	0.429	1.0	0.6	1.0		1.0	1.0	0.5		1.0	0.556	1.0	1.0	1.0
3862	AT5G17000	RI	0.0	0.0	0.0	0.172	0.429		0.294	0.091	0.0	0.0	0.0	0.0	0.0	0.091
3863	AT1G76350	RI	1.0	1.0	1.0		1.0	0.0	1.0	1.0	1.0	1.0	1.0		1.0	
3864	AT5G17300	RI	0.13	0.04	0.259	0.123	0.053	0.0	0.224	0.064	0.231	0.024	0.163	0.167	0.139	0.297
3865	AT2G36410	RI	0.076	0.041	0.033	0.047	0.037	0.089	0.089	0.034	0.012	0.036	0.029	0.047	0.026	0.043
3866	AT3G63430	RI			0.0	0.2		1.0	1.0	1.0	1.0		0.0	0.0	0.143	
3867	AT5G17370	RI	0.0	0.25	0.231	0.143	1.0	1.0	0.286	0.667	0.333	0.0	0.5	0.2	0.429	0.333
3868	AT5G17460	RI	0.5	1.0	0.714	0.667	0.6	0.667	0.385	0.5	0.111	0.0	0.778	0.333	0.0	
3869	AT2G32235	RI	1.0	0.333	0.25	0.4	0.333	0.0	0.778	0.429	1.0		0.0	0.333	0.455	0.333
3872	AT5G17530	RI	0.161	0.434	0.338	0.438	0.234	0.605	0.338	0.245	0.472	0.113	0.304	0.417	0.327	0.561
3873	AT4G36140	RI	0.097	0.0	0.25	0.08	0.0	0.273	0.225	0.138	0.0	0.444	0.132	0.103	0.115	0.071
3875	AT2G16790	RI	0.202	0.336	0.16	0.157	0.0		0.217	0.092	0.092	0.0	0.214	0.253	0.145	0.145
3876	AT2G16790	RI	0.6	0.091	0.6	0.778	0.5	1.0	1.0	0.333	0.0	0.0	0.2	1.0	0.429	0.0
3877	AT2G16790	RI	0.0	0.02	0.073	0.124	0.0	0.145	0.024	0.014	0.0	0.0	0.018	0.124	0.055	0.0
3878	AT5G18065	RI	0.111	0.455	0.143	0.455	0.0	0.333	0.467	0.6	1.0	1.0	0.333	0.25	0.226	0.5
3880	AT4G28550	RI	0.091	0.0	0.5	0.2			0.167	0.0	0.333	0.0	0.111	0.0	0.2	0.091
3881	AT5G53550	RI	1.0	1.0	0.909	0.923	1.0	1.0	0.934	1.0	0.8	0.867	0.812	0.667	0.871	0.778
3882	AT5G53550	RI	0.259	0.179	0.25	0.261	0.2	0.118	0.288	0.333	0.206	0.22	0.369	0.108	0.217	0.163
3883	AT5G18230	RI	0.067	0.137	0.131	0.1	0.069	0.127	0.096	0.082	0.045	0.033	0.21	0.148	0.09	0.084
3884	AT5G18230	RI	0.091	0.455	0.189	0.228	0.333	0.0	0.375	0.25	0.091	0.333	0.172	0.214	0.053	0.125
3885	AT1G14300	RI	0.2	0.13	0.333	0.021	0.091	0.0	0.053	0.0		0.091	0.154	0.0	0.0	0.111
3886	AT1G15140	RI	0.2	0.231	0.176	0.1	0.0	0.143	0.048	0.071	1.0	0.0	0.03	0.0	0.097	0.286
3887	AT5G18310	RI	0.514	0.429	0.431	0.512	0.522	0.472	0.489	0.371	0.605	0.619	0.518	0.496	0.455	0.57
3888	AT5G18310	RI	0.716	0.663	0.591	0.627	0.649	0.743	0.716	0.759	0.67	0.712	0.617	0.702	0.666	0.707
3889	AT5G01215	RI	0.983	1.0	0.989	0.982	0.98	1.0	0.981	0.991	0.972	1.0	0.989	1.0	0.992	0.981
3890	AT2G19280	RI		0.5	0.0	0.286	0.0	0.333	0.091	1.0	1.0	0.0	0.0	0.429	0.0	0.0
3891	AT2G19280	RI	0.336	0.202	0.202	0.399	0.336	1.0	0.415	0.603	0.639	1.0	0.603	0.717	0.65	0.403
3892	AT1G48210	RI	0.0	0.064	0.04	0.023	0.055	0.05	0.063	0.103	0.087	0.043	0.059	0.028	0.087	0.03
3893	AT1G48210	RI	1.0	1.0	1.0	1.0	1.0	1.0	0.895	1.0	1.0	1.0	0.875	1.0	1.0	1.0
3894	AT5G18440	RI	0.636	0.429	0.733	0.5	0.429	0.556	0.6	0.429	0.333	1.0	0.6	0.833	0.4	1.0
3895	AT5G66810	RI	0.231	0.176	0.211	0.25	0.077	0.143	0.222	0.238	0.091	0.091	0.231	0.28	0.154	0.333
3896	AT5G66810	RI	0.077	0.091	0.304	0.138	0.412	0.111	0.381	0.07	0.0	0.333	0.106	0.04	0.158	0.308
3897	AT1G09140	RI	0.857	0.929	0.74	0.818	0.906	0.846	0.884	0.806	0.785	0.782	0.902	0.852	0.779	0.855
3898	AT1G09140	RI	0.0	0.006	0.023	0.025	0.012	0.0	0.074	0.037	0.062	0.036	0.078	0.028	0.01	0.054
3899	AT5G18540	RI	0.111	0.043	0.0	0.091	0.083	0.0	0.059	0.294	0.0	0.0	0.13	0.25	0.111	0.333
3900	AT5G18760	RI	0.077	0.3	0.067	0.405	0.111	0.4	0.333	0.302	0.077	0.059	0.134	0.125	0.209	0.182
3901	AT5G18920	RI	0.2	0.0	0.143	0.5		0.0	0.333	0.0		0.0	0.235	0.75	0.231	0.0
3902	AT5G18980	RI	0.0	0.099	0.093	0.033	0.093	0.146	0.435	0.204	0.093	0.0	0.099	0.093	0.339	0.204
3903	AT3G01770	RI	0.074	0.205	0.152	0.1	0.087	0.158	0.184	0.109	0.077	0.143	0.143	0.099	0.021	0.081
3904	AT5G37020	RI	0.2	0.294	0.22	0.133	0.067	0.25	0.208	0.148	0.25	0.0	0.257	0.185	0.164	0.091
3905	AT3G59320	RI	0.2	0.053	0.231	0.158	0.182	0.6	0.143	0.238	0.231	0.474	0.231	0.238	0.182	0.2
3907	AT1G26680	RI			1.0		0.0							0.333		
3908	AT5G19180	RI	0.055	0.091	0.116	0.043	0.035	0.02	0.064	0.097	0.028	0.079	0.111	0.113	0.021	0.122
3909	AT5G19210	RI	1.0	0.385	0.273	0.2	1.0	1.0	0.158	1.0	0.333	0.333	0.333	1.0	0.375	0.5
3910	AT5G19210	RI	1.0	0.714	0.286	0.333	0.143	0.333	0.231	0.333	0.5	1.0	0.158	0.667	0.4	1.0
3911	AT4G35790	RI	0.0	0.018	0.04	0.01	0.019	0.0	0.042	0.045	0.0	0.0	0.036	0.05	0.024	0.028
3913	AT2G38660	RI	0.2	0.143	0.2	0.1	0.0		0.818	0.25	0.0	0.143	0.125	0.333	0.0	0.2
3914	AT2G38660	RI		0.5	0.667	1.0	1.0	0.0	1.0	1.0	0.333	1.0	0.4	0.714	0.6	0.333
3915	AT2G38660	RI	0.0	0.333	0.333	0.182	0.0	0.0	0.44	0.25	0.333	0.2	0.6	0.667	0.1	0.333
3917	AT2G26800	RI	0.017	0.0	0.034	0.004	0.01	0.0	0.015	0.012	0.0	0.032	0.0	0.0	0.006	0.07
3918	AT5G19420	RI	0.0	0.0	0.0	0.091	0.077	0.0	0.116	0.0	0.0	0.091	0.098	0.04	0.019	0.0
3919	AT5G19480	RI	0.636	1.0	0.8	0.576	0.667	0.111	0.8	0.273	0.3	1.0	0.714	0.75	0.294	0.667
3920	AT5G19480	RI	0.222	0.217	0.278	0.205	0.0	0.091	0.2	0.036	0.222	0.12	0.15	0.44	0.176	0.368
3921	AT5G19560	RI	1.0		0.5							1.0		1.0	1.0	1.0
3923	AT1G60700	RI	0.0	1.0	0.143	0.333			0.111	0.5	1.0	0.5		0.2	0.25	0.333
3924	AT5G64390	RI	0.545	0.733	0.37	0.623	0.583	0.368	0.64	0.4	0.625	0.375	0.633	0.512	0.569	0.647
3925	AT5G11010	RI	0.0	1.0	0.652	0.167	0.5	1.0	0.63	0.143	0.2	0.25	0.636	0.2	0.259	0.5
3926	AT5G11010	RI	1.0	1.0	1.0	1.0	1.0	0.0	0.636	0.333	1.0	1.0	1.0	0.333	0.385	1.0
3928	AT2G14620	RI	1.0	1.0					1.0			0.0			1.0	0.0
3930	AT5G19855	RI	0.091	0.095	0.194	0.022	0.048	0.0	0.163	0.016	0.1	0.081	0.1	0.037	0.061	0.067
3932	AT3G57530	RI	0.169	0.172	0.243	0.166	0.111	0.053	0.194	0.197	0.07	0.115	0.27	0.13	0.103	0.059
3936	AT2G43700	RI	0.333	0.25	0.0	0.5	0.0		1.0	0.0	0.0		0.273	0.2	0.0	0.0
3937	AT3G13580	RI	1.0	1.0	1.0	0.846			1.0	1.0		1.0	1.0	1.0	1.0	
3938	AT3G13580	RI	1.0	1.0	1.0	1.0			1.0		1.0	1.0	0.556	0.455	1.0	1.0
3939	AT3G13580	RI	1.0		1.0	1.0	1.0	1.0	1.0	1.0			0.818	1.0	1.0	1.0
3940	AT3G13580	RI	1.0	1.0	1.0	1.0			1.0	1.0	1.0	0.6	1.0	1.0	1.0	1.0
3941	AT3G13580	RI		1.0	1.0	0.2		0.0		1.0			1.0	1.0	1.0	
3942	AT5G20160	RI	0.015	0.0	0.028	0.026	0.0	0.0	0.014	0.017	0.0	0.0	0.016	0.007	0.0	0.071
3943	AT4G29210	RI	0.429	0.0	0.556	0.111	0.231	0.2	0.529	0.03	0.538	0.333	0.529	0.333	0.333	0.091
3944	AT5G20240	RI	0.0	0.038	0.234	0.156	0.0	0.605	0.093	0.277	0.405	0.254	0.085	0.0	0.203	0.605
3945	AT5G20300	RI	0.333	0.333	0.6	0.625	0.556	0.5	0.6	0.412	1.0	0.5	0.667	0.692	1.0	0.0
3946	AT2G28550	RI	1.0	1.0	0.8	1.0	0.0		1.0	1.0	0.0	1.0	0.778	1.0	0.333	0.6
3947	AT2G28550	RI	0.25	0.4	0.235	0.286	0.091	0.0	0.378	0.25	0.0	0.111	0.478	0.273	0.212	0.222
3948	AT2G28550	RI		1.0	1.0	1.0	0.333		1.0	1.0		1.0	0.636	1.0	1.0	0.667
3949	AT2G28550	RI	0.259		0.104	0.252	0.208	0.0	0.611	0.123	0.304	0.512	0.344	0.344	0.034	0.208
3950	AT4G38060	RI	0.045	0.059	0.12	0.069	0.1	0.095	0.091	0.048	0.132	0.0	0.045	0.127	0.03	0.029
3951	AT3G15395	RI	1.0	0.429	0.789	0.926	0.714	1.0	1.0	0.81	1.0	0.692	0.793	1.0	1.0	1.0
3952	AT5G20450	RI	0.0	0.0	0.0	0.25	0.25	0.0	0.0	0.0	0.0	0.0	0.0	0.0	0.2	0.2
3953	AT5G20450	RI	1.0	1.0	1.0	1.0	0.6		1.0	1.0	1.0	1.0	1.0	1.0	1.0	
3954	AT5G20450	RI	0.333	1.0	1.0	1.0	1.0		1.0	1.0	1.0	1.0	1.0	1.0	0.5	
3955	AT5G20450	RI		0.333	0.778	1.0	0.6		1.0	0.667	1.0	0.5	1.0	1.0	1.0	0.2
3956	AT5G04510	RI	0.268	0.084	0.374	0.382	0.173	0.201	0.176	0.184	0.059	0.201	0.055	0.091	0.173	0.264
3957	AT5G04510	RI	0.4	0.5	0.459	0.452	0.417	0.667	0.696	0.348	0.091	0.3	0.357	0.52	0.32	0.5
3958	AT3G29185	RI	0.167	0.059	0.133	0.148	0.067	0.1	0.192	0.333	0.1	0.067	0.091	0.194	0.014	0.045
3960	AT1G24030	RI	0.6	1.0	0.875	1.0	1.0	1.0	0.867	0.833	0.0	1.0	0.833	1.0	0.867	1.0
3961	AT5G64960	RI	0.135	0.075	0.106	0.051	0.106	0.073	0.246	0.123	0.12	0.139	0.108	0.156	0.128	0.085
3962	AT5G13750	RI	0.2	0.333	0.273	0.12	0.0	0.0	0.19	0.143	0.0	0.125	0.111	0.071	0.091	0.0
3964	AT5G20990	RI	0.143	0.444	0.231	0.302	0.188	0.231	0.278	0.29	0.143	0.2	0.275	0.234	0.24	0.222
3965	AT1G17640	RI	0.0	0.0	0.333	0.0	0.0		1.0	1.0	1.0		1.0	1.0	0.273	
3966	AT5G27030	RI		0.0	0.091	0.429	0.0		0.053	0.053	0.0	0.2	0.2	0.4	0.273	0.0
3968	AT2G30990	RI	0.875	0.905	0.882	0.718	0.786	0.789	0.655	0.855	0.652	0.895	0.673	0.955	0.75	0.8
3969	AT2G30990	RI	1.0	0.805	0.608	1.0	1.0	1.0	1.0	1.0	1.0	0.608	0.633	1.0	0.784	0.721
3970	AT2G30990	RI	0.2	0.28	0.154	0.273	0.231	0.091	0.278	0.05	0.077	0.111	0.071	0.25	0.273	0.2
3971	AT5G07120	RI	1.0	0.931	0.769	0.915	1.0	1.0	0.962	0.909	0.882	1.0	0.879	0.862	0.957	0.875
3972	AT5G21930	RI	0.559	0.529	0.687	0.48	0.408	0.586	0.67	0.686	0.441	0.25	0.549	0.595	0.504	0.586
3973	AT5G21950	RI	0.333	0.25	0.0	0.143	0.0	0.0	0.2	0.333	0.0	0.429	0.263	0.241	0.0	0.0
3974	AT5G21950	RI	1.0	0.04		0.333	0.286	0.333	0.167	0.385	0.167	0.2	0.385	1.0	0.5	0.2
3975	AT3G56080	RI	0.0	0.467	0.154	0.083	0.0	0.0	0.2		0.0		0.111	0.143	0.077	0.0
3976	AT2G47060	RI	0.021	0.06	0.062	0.036	0.083	0.0	0.14	0.062	0.0	0.042	0.035	0.091	0.018	0.149
3977	AT2G47060	RI	0.155	0.099	0.161	0.101	0.063	0.091	0.234	0.123	0.033	0.123	0.14	0.165	0.154	0.269
3978	AT2G47060	RI	1.0	1.0	1.0	0.956	1.0	1.0	1.0	1.0	1.0	1.0	1.0	1.0	1.0	1.0
3979	AT2G47060	RI	0.308	0.294	0.297	0.18	0.294	0.391	0.339	0.35	0.171	0.25	0.228	0.317	0.271	0.179
3980	AT5G24630	RI		0.2	0.0	0.5	1.0	0.0	0.6	1.0		0.333	0.6	0.143	0.111	1.0
3981	AT5G24630	RI	0.0			0.143	1.0		0.2	0.5			1.0	0.333	1.0	1.0
3984	AT3G52250	RI	0.119	0.193	0.087	0.093	0.074	0.153	0.08	0.098	0.102	0.037	0.093	0.143	0.12	0.0
3985	AT5G23450	RI	0.942	0.978	1.0	0.991	1.0	0.938	0.977	1.0	0.967	1.0	0.99	0.938	0.938	0.909
3988	AT5G22700	RI	0.027	0.143	0.172	0.119	0.0	0.176	0.159	0.143	0.077	0.167	0.106	0.188	0.091	0.25
3989	AT3G15840	RI	0.042	0.057	0.072	0.041	0.0	0.037	0.027	0.052	0.0	0.02	0.017	0.0	0.034	0.077
3990	AT5G22760	RI	0.1	0.111	0.172	0.217	0.125	0.2	0.043	0.25	0.429	0.091	0.059	0.29	0.241	0.167
3992	AT3G02875	RI	0.0	0.364	0.2	0.13	0.0	0.0	0.071	0.2	0.333	0.167	0.152	0.111	0.045	0.071
3993	AT3G02875	RI	0.111	0.0	0.0	0.086	0.0	1.0	0.045	0.0	0.091	0.0	0.188	0.143	0.074	0.048
3994	AT5G22820	RI	1.0	0.714	1.0	0.657	0.333	1.0	0.862	1.0	1.0	1.0	1.0	1.0	0.818	0.8
3995	AT5G22820	RI	0.429	0.333	0.5	0.4		1.0	0.684	0.368	1.0	0.5	0.636	0.556	0.263	1.0
3996	AT1G01240	RI	0.217	0.214	0.133	0.115	0.03	0.091	0.364	0.185	0.083	0.0	0.231	0.158	0.083	0.25
3997	AT1G01240	RI	0.5	0.714	0.467	0.143	0.158	0.333	0.886	0.846	0.429	0.111	0.526	0.4	0.385	0.412
3998	AT5G22860	RI	0.25	0.333	0.25	0.111	0.2	0.0	0.31	0.25	0.429	0.125	0.257	0.235	0.156	0.059
3999	AT5G22860	RI	0.077	0.429	0.6	0.12	0.091	0.0	0.429	0.294	1.0	0.0	0.333	0.294	0.25	0.2
4000	AT5G22860	RI	0.0	0.0	0.188	0.167	0.333	0.333	0.368	0.231	1.0	0.111	0.294	0.133	0.077	0.429
4001	AT5G22860	RI	0.556	0.053	0.267	0.375	0.5	0.0	0.438	0.255	1.0	0.222	0.256	0.226	0.368	0.143
4002	AT5G22920	RI	0.151	0.13	0.189	0.174	0.179	0.175	0.215	0.111	0.179	0.159	0.183	0.153	0.185	0.124
4003	AT5G23010	RI	0.018	0.085	0.103	0.031	0.053	0.091	0.139	0.104	0.041	0.028	0.094	0.041	0.049	0.089
4004	AT5G23050	RI	0.053	0.059	0.083	0.11	0.117	0.021	0.152	0.107	0.126	0.035	0.094	0.126	0.074	0.085
4005	AT5G26180	RI	1.0	1.0	1.0	1.0	1.0	0.6	0.857	1.0	1.0	1.0	0.833	1.0	0.846	0.667
4006	AT5G26180	RI	0.895	1.0	1.0	1.0	1.0	0.5	0.829	0.909	1.0	0.714	1.0	0.846	0.5	1.0
4008	AT5G23150	RI	0.0	0.333	0.125	0.333	0.125	0.0	0.419	0.314	0.034	0.111	0.156	0.25	0.034	0.0
4009	AT5G23250	RI	0.0	0.059	0.027	0.184	0.077	0.0	0.095	0.059	0.111	0.043	0.0	0.026	0.0	0.067
4010	AT5G23250	RI	0.0	0.0	0.154	0.021	0.0		0.02	0.0	0.0	0.048	0.0	0.026	0.0	0.0
4011	AT2G28290	RI	0.019	0.042	0.06	0.057	0.029	0.04	0.11	0.055	0.015	0.036	0.08	0.026	0.025	0.045
4012	AT5G23430	RI	0.333	0.333	0.083	0.105	0.167	0.0	0.268	0.053	0.0	0.167	0.086	0.167	0.086	0.143
4013	AT5G23480	RI			1.0	1.0		1.0		1.0	1.0				0.0	1.0
4014	AT5G23480	RI				0.0				0.143					0.0	
4015	AT5G15610	RI	0.3	0.103	0.132	0.111	0.0	0.0	0.138	0.154	0.304	0.071	0.2	0.123	0.146	0.032
4016	AT5G23570	RI	0.0	0.0	0.0	0.0	0.143	0.0	0.0	0.0	0.0	0.0	0.111	0.25	0.0	0.0
4017	AT5G23570	RI	0.0	0.143	0.111	0.0	0.2		0.25	0.0	0.0	0.5	0.222	0.0	0.6	0.2
4019	AT5G23700	RI	0.053	0.0	0.12	0.095	0.111	0.0	0.2	0.12	0.067	0.0	0.046	0.077	0.0	0.0
4023	AT5G23870	RI	0.692	0.444	0.467	0.269	0.6	0.4	0.633	0.472	0.667	1.0	0.556	0.5	0.417	0.769
4024	AT3G59210	RI	0.571	0.154	0.515	0.243	0.467	1.0	0.447	0.786	0.692	0.5	0.379	0.422	0.4	0.143
4025	AT3G59210	RI	1.0	0.871	0.571	0.75	0.667	0.778	0.627	0.733	1.0	0.714	0.806	0.692	0.538	0.368
4026	AT4G32530	RI	0.042	0.012	0.032	0.055	0.04	0.043	0.08	0.111	0.018	0.071	0.033	0.048	0.012	0.011
4031	AT1G11330	RI	0.5	1.0	0.6	0.692	0.429	1.0	0.517	0.44	0.5	0.667	0.733	0.81	0.8	0.2
4032	AT5G54190	RI	0.0	0.071	0.073	0.011	0.02	0.0	0.021	0.063	0.0	0.172	0.091	0.081	0.021	0.027
4034	AT5G35560	RI	0.707	0.8	0.87	0.959	0.636	0.875	0.848	0.884	0.909	1.0	0.971	0.914	0.722	0.92
4036	AT3G01480	RI	0.021	0.021	0.088	0.024	0.0	0.05	0.17	0.065	0.042	0.171	0.027	0.121	0.025	0.037
4037	AT5G02620	RI	0.0	0.172	0.055	0.275	1.0	0.148	0.51	0.342	0.148	0.13	0.309	0.182	0.188	0.104
4038	AT2G35160	RI		1.0	1.0	1.0	0.0		0.333	1.0	1.0		0.2	0.333	0.333	
4039	AT3G08980	RI	1.0		1.0	0.333		1.0	0.818	0.333	1.0	1.0	0.75	0.667	0.5	1.0
4041	AT2G11810	RI		0.0		0.0			0.0	0.0		0.0		0.0	1.0	
4042	AT3G20010	RI		0.333	0.333	0.6	1.0		0.778	1.0	0.333		0.333	0.5	1.0	0.0
4043	AT3G20010	RI	1.0	0.0	0.335	0.602	1.0		0.557	1.0	0.0	0.0	0.335	1.0	0.335	0.0
4044	AT3G20010	RI	1.0		0.0	0.167	0.0	0.0	0.143	0.111	0.25		0.111	0.333	1.0	0.0
4045	AT5G25370	RI				0.0			1.0				0.0		0.333	1.0
4046	AT5G25490	RI		1.0	0.5	0.0	1.0		1.0	0.0	0.0	1.0	0.0		1.0	0.0
4047	AT5G25520	RI	0.125	0.143	0.256	0.22	0.294	0.467	0.441	0.2	0.286	0.25	0.269	0.333	0.318	0.143
4048	AT5G25520	RI	0.667	0.538	0.714	0.561	0.846	0.2	0.66	0.571	0.455	0.556	0.684	0.579	0.614	0.667
4049	AT5G25520	RI	1.0	1.0	1.0	1.0	1.0	1.0	1.0	1.0	1.0	1.0	0.957	1.0	0.935	1.0
4050	AT5G25540	RI	0.305	0.484	0.323	0.228	0.477	0.663	0.251	0.287	0.349	0.38	0.38	0.332	0.333	0.229
4051	AT5G25560	RI	0.872	0.841	0.772	0.83	0.979	1.0	0.89	0.866	0.813	0.741	0.863	0.816	0.771	0.72
4052	AT3G47990	RI	0.484	0.769	0.314	0.382	0.846	0.429	0.462	0.439	0.3	0.556	0.353	0.395	0.364	0.5
4053	AT3G47990	RI	0.158	0.474	0.286	0.306	0.097	0.333	0.4	0.51	0.176	0.167	0.213	0.4	0.385	0.143
4054	AT3G06210	RI	0.143	0.091	0.111	0.0	0.0	0.0	0.2	0.0	0.556	0.0	0.172	0.0	0.143	0.0
4055	AT5G65070	RI	1.0	1.0	0.333	0.2	0.0		0.6	0.5			0.75		0.6	1.0
4056	AT5G65070	RI	1.0		0.0	1.0	0.0	0.0	1.0	0.2		1.0	0.4	0.0	0.333	0.0
4057	AT4G28880	RI	0.81	0.882	0.89	0.925	0.909	0.864	0.841	0.867	0.891	0.897	0.913	0.753	0.867	0.778
4058	AT4G28880	RI	0.91	0.874	0.904	0.904	0.938	0.96	0.923	0.889	0.847	0.949	0.912	0.944	0.942	0.944
4060	AT1G76620	RI		0.0	0.071	0.091	0.2	0.0	0.0	0.0	0.0	0.25	0.333	0.0	0.2	0.0
4061	AT5G26146	RI	1.0	1.0	1.0	1.0	1.0	1.0	1.0	0.667	1.0	1.0	1.0		1.0	1.0
4062	AT5G26146	RI	1.0		1.0	1.0	0.333	1.0	1.0	0.714	1.0	1.0	0.333	1.0	1.0	
4063	AT2G41705	RI	1.0	0.667	0.333	0.5		0.5	1.0	0.333	0.5	1.0	0.636	1.0	1.0	
4064	AT5G26160	RI	0.0	0.091	0.059	0.021	0.111	0.091	0.043	0.0	0.0	0.0	0.043	0.022	0.043	0.333
4065	AT3G16120	RI	0.0	0.158		0.077	1.0	0.2	0.429	0.286	0.75	0.5	0.0	1.0	0.2	
4066	AT5G54840	RI	1.0			0.733	1.0		1.0	0.692	1.0	1.0	0.778	0.333	1.0	1.0
4067	AT5G54840	RI	1.0	0.0	0.0	0.256	0.333	0.0	0.217	0.467	0.0	0.0	0.135	0.04	0.1	0.2
4068	AT5G26670	RI	0.0	0.0	1.0	0.333	0.231		0.0	0.143	0.5	1.0	0.5	0.0	0.2	0.091
4070	AT1G52150	RI	0.111	0.167	0.379	0.289	0.0	0.5	0.296	0.324	0.385	0.25	0.404	0.135	0.37	0.333
4071	AT2G46950	RI		0.0	0.0	0.5			0.0	0.167	0.0		0.0	0.333	0.0	0.333
4072	AT2G29630	RI	0.429	0.636	0.545	0.854	0.333	0.375	0.517	0.586	0.714	0.833	0.486	0.6	0.727	0.25
4073	AT5G26760	RI	0.375	0.6	0.636	0.429	0.154	0.077	0.302	0.333	0.2	0.36	0.323	0.52	0.273	0.167
4074	AT5G42740	RI	0.043	0.081	0.094	0.0	0.053	0.0	0.042	0.017	0.0	0.0	0.13	0.0	0.0	0.048
4075	AT1G22880	RI	1.0	1.0	1.0	1.0	0.778	1.0	0.941	1.0	1.0	1.0	1.0	1.0	0.92	1.0
4076	AT5G26940	RI	0.111		0.6	1.0			1.0	1.0	0.0		0.333	1.0	1.0	0.0
4077	AT5G26980	RI	0.647	0.611	0.265	0.286	0.282	0.556	0.404	0.417	0.238	0.375	0.432	0.106	0.667	0.263
4078	AT3G03120	RI	0.238	0.067	0.12	0.143	0.0	0.111	0.04	0.062	0.077	0.0	0.074	0.143	0.133	0.111
4079	AT3G56860	RI	0.421	0.766	0.611	0.511	0.745	0.417	0.531	0.519	0.519	0.509	0.457	0.533	0.581	0.623
4080	AT3G56860	RI	0.962	1.0	1.0	1.0	1.0	1.0	1.0	0.981	1.0	1.0	1.0	1.0	0.971	1.0
4081	AT3G56860	RI	0.887	0.974	1.0	0.94	1.0	1.0	0.91	0.858	0.795	0.882	0.899	1.0	0.782	0.857
4082	AT5G56370	RI	0.2	0.0	0.0	0.0	0.0	0.0	0.0	0.0	0.0	0.0	1.0	0.2	1.0	0.0
4083	AT5G27270	RI	0.208	1.0	1.0	0.724	0.344	0.0	0.466	1.0	0.344	1.0	0.344	0.44	0.512	0.344
4084	AT5G27270	RI	0.2	0.143	0.429	0.417	0.25		0.25	0.467	1.0	0.333	0.333	0.429	0.167	0.333
4085	AT5G27270	RI	0.2	0.111	0.0	0.143	0.0	0.0	0.4	0.222		0.0	0.222	0.333	0.286	0.25
4086	AT5G27270	RI	0.0	0.077	0.167	0.118		0.0	0.375	0.111	0.0	0.143	0.333	0.273	0.043	0.143
4087	AT5G58140	RI	0.2	0.111	0.04	0.152	0.0	0.0	0.28	0.385	0.2	0.2	0.308	0.211	0.086	0.0
4088	AT5G58140	RI	1.0	1.0	1.0	0.238			0.636	1.0	1.0	1.0	0.667	0.8	0.6	0.0
4089	AT5G58140	RI	0.143	0.1	0.106	0.151	0.0	0.0	0.156	0.137	0.1	0.2	0.2	0.2	0.211	0.231
4090	AT1G01030	RI	0.824	1.0	1.0	0.61	1.0	0.51	1.0	1.0	1.0	1.0	0.851	1.0	1.0	1.0
4092	AT5G27390	RI	1.0	0.114	0.06	0.045	1.0	0.0	0.381	0.045	0.0	0.114	0.0	0.162	0.049	0.0
4093	AT5G27550	RI	1.0	1.0	0.455	1.0	1.0		0.455	1.0	1.0		1.0		1.0	
4097	AT5G27630	RI			1.0	1.0	1.0		0.5	0.2		0.333	0.167		0.111	1.0
4098	AT3G46200	RI	0.0	0.667	0.6	0.448	0.0		0.25	0.4	0.5	1.0	0.5	1.0	0.333	0.5
4099	AT3G46200	RI	0.0	0.059	0.308	0.238	0.067	0.0	0.116	0.143	0.0	0.143	0.182	0.263	0.067	0.273
4100	AT3G19960	RI	0.2	0.1	0.176	0.133	0.0	0.0	0.353	0.1	0.0	0.0	0.31	0.241	0.023	0.154
4101	AT5G27830	RI	0.091	0.364	0.273	0.138	0.333	0.083	0.2	0.212	0.25	0.167	0.062	0.143	0.083	0.0
4102	AT5G27830	RI	1.0	1.0	1.0	0.977	1.0	1.0	0.957	1.0	1.0	1.0	1.0	1.0	1.0	1.0
4105	AT5G57240	RI	0.143	0.209	0.183	0.172	0.067	0.125	0.27	0.188	0.375	0.189	0.22	0.128	0.127	0.191
4106	AT5G57240	RI	0.163	0.333	0.26	0.17	0.4	0.043	0.157	0.138	0.263	0.524	0.409	0.294	0.204	0.25
4107	AT3G23200	RI	0.0	0.0	0.333	0.294	1.0		0.5	0.2	0.5	0.333	0.0	0.2	0.2	0.0
4108	AT3G24110	RI	1.0	1.0	0.286	0.333	1.0		0.5	0.778	0.167	0.714	0.733	0.294	0.286	0.091
4110	AT1G02010	RI	0.0	0.0	0.333	0.0	0.143	0.333	0.5	0.048	0.333	0.143	0.286	0.412	0.273	1.0
4111	AT1G02010	RI	0.0	0.125	0.077	0.118	0.333	0.333	0.2	0.12		1.0	0.0	0.0	0.167	0.2
4112	AT1G02010	RI	1.0	0.0	0.8	0.286	0.6	0.0	0.6	0.5	0.25	0.0	0.4	0.2	0.3	0.0
4114	AT5G30490	RI	1.0	1.0	0.333	1.0	1.0		1.0	1.0			1.0	0.846	0.5	1.0
4115	AT1G35220	RI	0.333	0.0	0.778	0.263	0.5	1.0	0.405	0.333	0.111	0.0	0.576	0.222	0.268	0.333
4116	AT1G35220	RI	0.6	0.077	0.0	0.238	0.333	0.0	0.625	0.2	0.2	0.0	0.6	0.2	0.0	0.333
4117	AT5G06510	RI		0.0		1.0	0.0		0.0				0.0	1.0		
4118	AT5G06510	RI		1.0		1.0		0.0				1.0			0.25	0.0
4119	AT3G19000	RI	0.12	0.167	0.04	0.269	0.36	0.222	0.231	0.184	0.077	0.167	0.24	0.216	0.2	0.172
4120	AT5G59780	RI	0.504	0.669	0.697	0.609	0.495	0.595	0.632	0.481	0.46	0.537	0.614	0.609	0.6	0.52
4121	AT4G14970	RI	0.0	1.0	1.0	1.0	0.352		1.0	1.0	1.0		1.0	1.0	1.0	1.0
4122	AT4G14970	RI	1.0	1.0	1.0	1.0	1.0		1.0	1.0	0.333		1.0	1.0	1.0	1.0
4123	AT4G16845	RI	0.143	0.077	0.07	0.161	0.12	0.167	0.081	0.093	0.257	0.0	0.273	0.103	0.127	0.037
4124	AT5G35210	RI	0.2	0.093	0.179	0.21	0.156	0.214	0.294	0.279	0.115	0.333	0.178	0.277	0.188	0.093
4125	AT3G12020	RI	0.333	0.333	0.294	0.0	0.375	0.2	0.158	0.152	0.25	0.5	0.091	0.143	0.0	0.0
4126	AT5G35410	RI	0.0	0.364	0.217	0.137	0.043	0.2	0.462	0.048	0.25	0.333	0.2	0.143	0.125	0.091
4127	AT5G35450	RI	0.667	1.0	0.875	1.0	0.5		0.867	0.778	1.0	1.0	1.0	0.75	1.0	1.0
4128	AT1G07480	RI	0.0	0.0	0.088	0.05	0.083	0.0	0.074	0.056	0.03	0.0	0.13	0.036	0.028	0.086
4129	AT3G14660	RI	0.133	0.121	0.148	0.146	0.093	0.068	0.226	0.148	0.055	0.07	0.139	0.182	0.134	0.125
4130	AT5G35550	RI	1.0		0.0				1.0			0.0				0.0
4131	AT3G62310	RI	0.429	0.333	0.636	0.509	0.158	0.167	0.529	0.778	0.667	0.294	0.73	0.545	0.364	0.25
4132	AT5G58720	RI	0.143	0.095	0.152	0.101	0.06	0.111	0.157	0.143	0.051	0.028	0.126	0.101	0.042	0.079
4134	AT5G36002	RI	0.2	0.333	0.571	0.514	0.0	1.0	0.5	0.5	0.2	0.2	0.455	0.5	0.684	0.455
4135	AT5G36002	RI		0.857	1.0	0.895	0.556	0.714	1.0	0.556	0.714	1.0	1.0	0.833	0.538	0.8
4138	AT2G38460	RI	1.0		1.0	1.0	1.0	1.0	1.0	1.0	1.0		1.0	0.5	1.0	
4139	AT2G38460	RI	0.0			0.25	0.0		1.0				1.0	1.0	0.667	0.0
4140	AT3G19010	RI	0.038	0.019	0.026	0.074	0.128	0.0	0.12	0.049	0.111	0.0	0.074	0.031	0.014	0.036
4142	AT1G23340	RI	0.0		0.333	0.0		0.0	0.0	0.6	0.0	0.0	0.0		0.0	0.0
4145	AT1G53570	RI	0.016	0.111	0.209	0.133	0.128	0.043	0.168	0.125	0.029	0.018	0.17	0.17	0.171	0.075
4146	AT1G53570	RI	0.286	0.667	0.625	0.682	1.0	0.6	0.786	0.667	0.5	0.2	0.92	0.714	0.524	1.0
4147	AT5G59960	RI	0.2	0.255	0.238	0.221	0.213	0.242	0.308	0.269	0.123	0.185	0.214	0.228	0.167	0.175
4148	AT3G22190	RI	1.0	1.0	1.0	1.0	1.0	1.0	0.789	0.548	1.0	1.0	1.0	0.8	1.0	1.0
4149	AT3G22190	RI	0.28	0.17	0.238	0.125	0.333	0.263	0.267	0.444	0.25	0.161	0.206	0.2	0.12	0.185
4150	AT5G51810	RI		0.333	0.333	0.0	0.25	0.2	0.0	1.0	0.111		0.167	0.067	0.0	0.0
4151	AT1G76970	RI	0.2	0.0	0.212	0.265	0.0	0.111	0.161	0.073	0.167	0.0	0.2	0.2	0.211	0.25
4153	AT1G76970	RI	0.333	0.091	0.333	0.04	0.0	0.333	0.2	0.067	0.25	0.067	0.333	0.25	0.048	0.2
4154	AT5G60142	RI	0.0		1.0				0.0				1.0			
4156	AT2G25320	RI	0.111	0.0	0.294	0.156	0.143	0.0	0.086	0.0	0.0	0.1	0.28	0.037	0.111	0.067
4157	AT5G37190	RI	0.25	0.13	0.111	0.071	0.111	0.0	0.538	0.143	0.0	0.0	0.238	0.167	0.13	0.1
4158	AT5G37190	RI	0.0	0.059	0.0	0.154	0.0	0.2	0.176	0.167	0.0	0.0	0.333	0.25	0.158	0.0
4159	AT5G37340	RI	0.0	0.053	0.111	0.333	0.25		0.091	0.091	0.0	0.0	0.2	0.286	0.467	0.412
4160	AT5G37350	RI	0.0	0.0	0.263	0.231	0.111	0.0	0.043	0.143	0.0	0.053	0.304	0.0	0.0	0.0
4161	AT5G37370	RI	1.0	1.0	0.667	0.727	1.0	1.0	0.692	1.0	1.0	0.75	0.692	1.0	0.375	0.75
4162	AT5G37370	RI	0.214	0.36	0.243	0.19	0.135	0.25	0.447	0.321	0.111	0.241	0.288	0.238	0.318	0.28
4163	AT5G37370	RI	0.778	0.846	0.625	0.895	1.0		0.892	0.75	0.455	0.7	0.519	0.622	0.562	0.263
4164	AT5G37370	RI	1.0	1.0	0.789	0.905	0.778	0.0	1.0	0.923	1.0	1.0	0.846	0.765	0.8	1.0
4165	AT5G37370	RI	0.929	0.667	0.703	0.855	0.882	0.793	0.743	0.828	0.947	0.611	0.692	0.772	0.835	0.864
4166	AT5G37380	RI	1.0	1.0	1.0	1.0	1.0		0.714	0.667		0.5	1.0	1.0	1.0	1.0
4167	AT5G37380	RI	0.294	0.111	0.222	0.704	0.25	0.0	0.267	0.154	0.0	0.25	0.241	0.222	0.391	0.333
4168	AT5G37380	RI	0.2	0.0	0.125	0.375	0.5	0.2	0.273	0.222	0.0	0.0	0.111	0.2	0.375	0.5
4169	AT5G27840	RI	0.75	1.0	0.778	1.0	0.429	1.0	0.943	1.0	0.714	1.0	0.913	1.0	0.786	0.867
4171	AT5G37500	RI	0.0	0.273	0.0	0.04	0.333	0.0	0.176	0.0	0.0	0.143	0.034	0.067	0.111	0.0
4172	AT5G37500	RI	0.262	0.615	0.554	0.46	0.515	0.68	0.627	0.615	1.0	0.444	0.771	0.151	0.745	1.0
4173	AT1G66760	RI	0.13	0.09	0.129	0.097	0.033	0.13	0.212	0.048	0.167	0.121	0.12	0.092	0.151	0.129
4174	AT1G66760	RI	0.02	0.089	0.099	0.081	0.074	0.111	0.118	0.153	0.083	0.2	0.119	0.063	0.165	0.091
4175	AT1G66760	RI	0.025	0.072	0.048	0.07	0.055	0.056	0.117	0.061	0.083	0.1	0.036	0.054	0.042	0.079
4176	AT1G56120	RI		0.0	0.0	0.0			0.333	0.5	0.0		0.0	1.0		
4177	AT5G60430	RI	1.0	1.0	0.778	0.765	0.6	1.0	0.727	0.556	1.0	1.0	1.0	1.0	0.556	1.0
4178	AT5G60430	RI	1.0	1.0	0.778	0.704	1.0	1.0	1.0	1.0	0.5	1.0	0.412	0.889	1.0	1.0
4180	AT5G38020	RI	0.0			0.0							0.0	0.2		0.0
4183	AT5G57860	RI	0.0	0.03	0.036	0.029	0.034	0.143	0.071	0.016	0.0	0.0	0.057	0.08	0.02	0.067
4184	AT5G38200	RI	1.0	1.0	1.0	1.0	1.0		0.778	1.0		1.0	1.0	1.0		1.0
4185	AT5G38360	RI	0.346	1.0	0.0	0.442	0.346	0.346	0.232	0.679	0.0	0.679	0.284	0.514	0.209	1.0
4186	AT5G38360	RI	1.0	0.5	0.0	0.25			0.091	0.0	1.0	0.0	0.25		0.0	0.0
4188	AT5G38480	RI	1.0	1.0	1.0	0.571	1.0	1.0	1.0	1.0		1.0	1.0	1.0	0.429	1.0
4189	AT5G38550	RI	0.0	0.0	0.0	0.143	0.0		0.091	0.0			0.111		0.0	0.0
4190	AT5G38590	RI	0.091	0.143	0.714	0.1	0.0		0.25	0.077	0.333	0.0	0.556	0.0	0.333	0.25
4191	AT5G38590	RI	0.333	1.0	0.867	0.375	0.5	1.0	0.6	0.333	1.0	1.0	0.385	0.714	1.0	0.714
4194	AT5G38600	RI	0.333	0.467	0.421	0.279	0.2	0.25	0.568	0.217	0.25	0.333	0.319	0.263	0.294	0.143
4195	AT5G38600	RI	1.0	0.833	1.0	0.895	1.0	1.0	1.0	0.636	1.0	1.0	0.889	1.0	1.0	1.0
4196	AT2G42850	RI	1.0	0.429	0.0	0.25	0.0		0.286	0.0	1.0	0.0		0.0	0.0	0.0
4197	AT3G22220	RI	0.286	0.034	0.167	0.169	0.037	0.067	0.1	0.231	0.143	0.034	0.111	0.259	0.128	0.273
4198	AT3G22220	RI	0.6	1.0	1.0	0.75	1.0	1.0	0.778	1.0	1.0		1.0	1.0	0.667	1.0
4199	AT5G62100	RI	0.1	0.308	0.208	0.089	0.182	0.167	0.26	0.07	0.176	0.048	0.143	0.289	0.067	0.04
4200	AT5G62100	RI	0.0	0.0	0.05	0.205	0.308	0.091	0.317	0.172	0.111	0.2	0.042	0.077	0.062	0.048
4201	AT2G42300	RI	0.176	0.268	0.209	0.298	0.241	0.176	0.279	0.238	0.355	0.2	0.312	0.206	0.17	0.133
4203	AT2G42300	RI	0.2	0.156	0.091	0.127	0.125	0.304	0.118	0.065	0.158	0.028	0.093	0.083	0.123	0.123
4205	AT1G52820	RI	1.0	1.0	1.0	1.0	1.0	1.0	1.0	1.0	1.0	1.0	0.905	1.0	1.0	1.0
4206	AT3G52180	RI	0.2	0.0	0.75	0.067	0.0	0.0	0.125	0.189	0.143	0.053	0.111	0.04	0.077	0.0
4208	AT5G38970	RI	0.0	0.0	0.615	0.515	0.0	0.0	0.347	0.21	1.0	0.0	0.0	0.444	0.571	0.347
4211	AT5G16190	RI			0.0	0.048	0.0	1.0	0.503	0.503	0.0	0.603	0.336	0.336	0.053	0.112
4212	AT5G16190	RI	0.0		0.0	0.0	0.0	0.0	0.333	0.0	0.0	0.2	0.333	0.0	0.0	0.0
4213	AT2G26510	RI	1.0	1.0	0.917	1.0	0.818	0.714	1.0	1.0	1.0	0.778	0.867	0.81	0.81	1.0
4214	AT2G26510	RI	0.176	0.314	0.556	0.522	0.368	0.2	0.243	0.227	0.304	0.6	0.321	0.312	0.2	0.727
4215	AT5G62170	RI	0.273	0.0	0.048	0.057	0.077	0.0	0.023	0.042	0.111	0.154	0.04	0.176	0.022	0.077
4216	AT5G62170	RI	0.078	0.068	0.187	0.084	0.0	0.0	0.056	0.388	0.503	1.0	0.241	0.178	0.135	0.0
4217	AT5G27950	RI	0.086	0.179	0.281	0.168	0.172	0.375	0.355	0.288	0.133	0.241	0.307	0.239	0.145	0.405
4218	AT1G28090	RI	0.333	0.0	0.333	0.185	0.0	1.0	0.214	0.176	0.0	0.273	0.4	0.0	0.478	0.143
4219	AT1G28090	RI	0.231	0.0	0.25	0.0	0.0	1.0	0.643	0.111	0.0	0.2	0.294	0.5	0.3	0.2
4220	AT1G70700	RI	1.0	0.963	0.906	0.981	0.965	1.0	0.977	1.0	1.0	1.0	0.99	0.98	0.988	0.98
4221	AT1G70700	RI	0.054	0.107	0.051	0.062	0.038	0.043	0.092	0.013	0.009	0.03	0.095	0.044	0.03	0.053
4222	AT5G39790	RI			0.0	0.263	1.0	0.333	0.714	0.0	0.0	0.0	0.4	0.636	0.111	0.2
4225	AT3G48040	RI	0.5	0.455	0.286	0.304	0.0		0.2	0.385	0.0	0.0	0.6	0.333	0.158	0.333
4226	AT3G60500	RI	0.185	0.2	0.077	0.095	0.2	0.0	0.133	0.152	0.0	0.0	0.167	0.077	0.158	0.167
4227	AT5G40240	RI	0.667	1.0	1.0	1.0	1.0	1.0	1.0	1.0	1.0	1.0	1.0	1.0	1.0	1.0
4228	AT5G40240	RI	0.0	0.0	0.571	0.6	0.333	0.0	0.789	0.5	0.333	0.2	0.417	0.067	0.273	0.429
4229	AT5G40270	RI	0.143	0.0	0.25	0.04	0.143	0.0	0.118	0.059	0.0	0.0	0.0	0.0	0.0	0.0
4230	AT5G40280	RI	0.333	0.333	0.048	0.0	0.0	0.0	0.304	0.111	0.0		0.053	0.0	0.059	0.167
4231	AT3G45970	RI	0.04	0.065	0.092	0.055	0.083	0.111	0.152	0.2	0.081	0.096	0.15	0.076	0.065	0.081
4232	AT1G20910	RI	0.375	0.6	0.222	0.125	0.176	0.143	0.176	0.0	0.0	0.333	0.304	0.176	0.032	0.0
4234	AT5G48410	RI		0.059	1.0	0.6	0.0		1.0	0.333	1.0	1.0			1.0	
4235	AT5G48410	RI	0.0	0.0	0.0	0.2	0.429	1.0	1.0	1.0		1.0	0.2	0.6	0.333	1.0
4236	AT5G40440	RI	0.143	0.167	0.333	0.182	0.222	0.2	0.267	0.167	0.067	0.0	0.222	0.125	0.263	0.231
4237	AT5G40440	RI	1.0	1.0	0.833	1.0	1.0	1.0	0.714	1.0	0.667	1.0	1.0	1.0	1.0	1.0
4238	AT5G40520	RI	0.25	0.308	0.067	0.185	0.0	1.0	0.25	0.333	0.0	0.333	0.259	0.2	0.333	0.0
4242	AT2G06025	RI	1.0	0.455	1.0	1.0	1.0	1.0	0.917	0.733	0.429	0.2	1.0	0.789	0.75	1.0
4243	AT2G06025	RI	0.951	0.938	0.935	1.0	1.0	0.92	0.893	0.907	0.862	0.895	0.93	0.837	0.82	0.952
4244	AT2G06025	RI	0.154	0.374	0.232	0.275	0.306	0.29	0.329	0.355	0.406	0.231	0.312	0.256	0.22	0.375
4245	AT1G56612	RI	0.529	0.569	0.686	0.732	0.55	0.7	0.813	0.6	0.444	0.667	0.574	0.707	0.815	0.667
4246	AT1G73760	RI	0.2	0.029	0.163	0.088	0.0	0.125	0.245	0.051	0.103	0.059	0.143	0.143	0.032	0.0
4247	AT1G08670	RI	0.0	1.0	0.143	0.217		0.0	0.143	0.231	0.333	0.0	0.375	0.333	0.25	0.0
4248	AT5G40910	RI	1.0	1.0	1.0	1.0	1.0	1.0	0.846	0.778	1.0	1.0	0.81	1.0	1.0	1.0
4249	AT5G40910	RI	1.0	1.0	1.0	1.0	1.0	1.0	1.0	1.0	1.0	1.0	1.0	1.0	1.0	0.818
4251	AT5G40910	RI	0.857	0.872	0.917	0.829	0.923	0.92	0.85	0.78	1.0	0.829	0.947	0.825	0.719	0.895
4252	AT5G40910	RI	0.89	0.848	0.924	1.0	1.0	0.887	0.925	0.941	1.0	0.906	0.887	0.908	0.939	1.0
4253	AT2G17970	RI	0.0	0.5	0.333	0.0	0.0	0.0	1.0	0.0	0.0	0.0	0.8	0.0	0.273	
4254	AT2G17970	RI	1.0	0.333	0.0	1.0	0.0		0.333	0.0		0.143	0.385	0.0	0.0	0.0
4255	AT2G17970	RI	0.67		0.0	0.202	0.432	0.717	0.336	0.432			0.0	0.0	0.145	1.0
4256	AT2G17970	RI	1.0	0.2	0.059	0.333	0.333	1.0	0.556	0.429	0.0	0.0	0.059	0.2	0.2	0.143
4257	AT2G17970	RI	1.0	1.0	0.333	0.5	1.0	1.0	1.0	0.143	0.0	0.0	0.111	1.0	1.0	0.25
4258	AT4G26640	RI	1.0	0.5	1.0	0.867	1.0	0.333	1.0	0.867	1.0	1.0	1.0	1.0	1.0	1.0
4259	AT4G26640	RI	0.2	0.5	0.185	0.086	0.0	0.0	0.149	0.176	0.043	0.167	0.156	0.111	0.2	0.5
4260	AT4G26640	RI	0.0		1.0	1.0			1.0	0.714	0.2	0.333	0.667	1.0	0.333	
4262	AT5G41130	RI	0.333	0.0	0.0	0.2	1.0	0.0	0.294	0.6	0.111	0.0	0.5	0.333	0.333	1.0
4264	AT5G41170	RI	1.0	1.0	0.5	1.0		1.0	1.0	1.0		1.0	0.5	1.0	1.0	1.0
4265	AT5G41220	RI	0.223	0.386	0.463	0.103	0.112	0.335	0.304	0.438	0.0	0.43	0.193	0.236	0.402	0.077
4266	AT5G41220	RI	0.091	0.091	0.235	0.02	0.062	0.2	0.2	0.263	0.0	0.429	0.077	0.083	0.071	0.0
4267	AT3G20020	RI	1.0	0.0	0.2	0.243	1.0	0.0	0.217	0.091	0.111	0.0	0.083	0.217	0.118	0.5
4269	AT4G13040	RI	0.143	0.304	0.236	0.07	0.135	0.143	0.147	0.137	0.043	0.238	0.143	0.283	0.1	0.087
4270	AT4G13040	RI	0.153	0.152	0.324	0.184	0.169	0.288	0.181	0.225	0.263	0.241	0.216	0.255	0.169	0.1
4271	AT5G41910	RI	0.636	0.0	0.167	0.211	0.091	1.0	0.304	0.6	0.2	0.0	0.538	0.429	0.243	0.2
4272	AT5G24160	RI	0.0	0.0	0.0	0.0	0.2		0.0	0.25		0.0	0.636	0.0	0.0	
4273	AT5G41610	RI	1.0	1.0	1.0	0.714	1.0	1.0	0.875	1.0	1.0	0.75	1.0	1.0	0.667	1.0
4274	AT1G15780	RI	0.565	0.268	0.269	0.342	0.4	0.333	0.308	0.294	0.556	0.459	0.212	0.366	0.138	0.167
4275	AT5G41700	RI	0.003	0.004	0.001	0.001	0.0	0.0	0.001	0.001	0.001	0.004	0.002	0.002	0.002	0.004
4278	AT5G57000	RI	0.0	0.0	0.0	0.012	0.0	0.0	0.077	0.05	0.037	0.0	0.088	0.083	0.102	0.043
4279	AT3G27960	RI	0.122	0.0	0.103	0.07	0.0	0.0	0.154	0.121	0.067	0.03	0.106	0.048	0.059	0.081
4280	AT3G23370	RI					0.0	0.0	0.0	0.0	0.0		1.0	0.0	0.0	
4282	AT3G23370	RI						1.0	0.333					1.0		1.0
4283	AT5G64470	RI	0.111	1.0	0.25	0.429	0.333	0.0	0.053	0.091	0.2	0.143	0.333	0.238	0.161	0.059
4284	AT5G64470	RI	0.556	0.273	0.667	0.2	0.143	0.2	0.429	0.368	0.273	0.333	0.333	0.333	0.467	0.333
4285	AT5G23810	RI	0.0	1.0			0.0		0.333		0.0		0.0	0.0	0.0	0.0
4286	AT5G23810	RI	0.5		0.5	1.0			0.333	0.0		0.0	0.667		0.385	1.0
4287	AT4G09810	RI	0.333	0.077	0.053	0.053	0.0	0.0	0.059	0.125	0.0	0.667	0.056	0.25	0.062	0.6
4288	AT4G29810	RI	0.0	0.077	0.048	0.063	0.1	0.048	0.067	0.06	0.128	0.0	0.091	0.068	0.068	0.023
4289	AT5G43380	RI	0.2	1.0	0.333		0.0	1.0	0.714	0.143	0.333	0.333	0.2	0.2	0.077	0.5
4290	AT5G40700	RI	0.0	0.0	0.0	0.091	0.0	0.0	0.0	0.5	0.0	0.0	0.0	0.0	0.176	0.0
4291	AT3G29575	RI	0.564	0.469	0.527	0.483	0.422	0.556	0.539	0.646	0.522	0.649	0.514	0.563	0.611	0.581
4292	AT3G29575	RI	0.432	0.527	0.573	0.489	0.468	0.571	0.682	0.628	0.564	0.519	0.631	0.775	0.646	0.775
4293	AT5G42690	RI	0.111	1.0	0.067	0.182	0.0		0.149	0.111	0.333	0.0	0.158	0.037	0.231	0.091
4294	AT5G42690	RI	0.342	1.0	0.839	0.303	0.342	1.0	0.676	0.258	1.0	1.0	0.267	0.41	0.439	1.0
4295	AT3G19520	RI	0.094	0.071	0.058	0.051	0.06	0.127	0.148	0.132	0.123	0.059	0.158	0.034	0.133	0.091
4296	AT5G18040	RI	0.0	0.0	0.0	0.081	0.077	0.0	0.071	0.0	0.043	0.0	0.0	0.0	0.067	0.059
4297	AT1G20770	RI	0.25	0.2	0.143	0.067	0.077	0.167	0.308	0.121	0.0	0.0	0.123	0.164	0.111	0.148
4298	AT5G43140	RI	0.4	0.2	0.091	0.143	1.0	0.333	0.222	0.333	0.333	0.0	0.5	0.182	0.071	0.091
4301	AT3G05625	RI		0.0	0.0	0.3	0.2	0.0	0.2	0.333	0.2	0.0	0.25	0.0	0.5	0.25
4302	AT4G03610	RI	0.0	0.0	0.0	0.0	1.0		0.0	0.0		0.0	0.0	1.0	0.143	0.0
4303	AT3G47160	RI	1.0	1.0	1.0	1.0	0.714	1.0	1.0	1.0	0.875	1.0	0.917	1.0	0.889	1.0
4305	AT1G56070	RI	0.02	0.014	0.005	0.013	0.0	0.01	0.059	0.024	0.022	0.004	0.018	0.01	0.013	0.013
4306	AT4G15563	RI	1.0	1.0	1.0	0.0	1.0		0.538	0.75			0.667	0.429		1.0
4307	AT4G15563	RI		0.0	0.5		1.0	1.0	0.429	0.0		0.0	0.0	0.333	1.0	0.0
4308	AT4G15563	RI	0.0	0.333	0.333	0.333	1.0		0.333		0.0		0.6	0.0	0.0	
4309	AT4G15563	RI		0.143	1.0	0.714	1.0		0.333				0.6	0.0	0.0	
4310	AT5G43500	RI	0.0	1.0	1.0	0.333	1.0	0.0	0.5	0.143	0.0	0.5	0.143	0.333	0.667	0.091
4312	AT5G43660	RI					0.0						0.0	1.0	1.0	
4313	AT5G54590	RI	1.0		1.0	1.0	0.25		1.0	1.0	1.0	1.0	1.0			
4314	AT5G54590	RI	0.333	0.0		1.0	0.0		0.067	0.0		0.0	0.143	0.0	0.0	0.0
4315	AT5G43730	RI	1.0	1.0	0.333	0.548	1.0		1.0	0.5	0.0	1.0	0.636	0.556	0.529	0.75
4316	AT5G43730	RI		0.556	0.333	0.429	1.0	1.0	0.273	0.286	0.0	0.0	1.0	0.333	0.5	0.6
4317	AT5G43880	RI	1.0	1.0	1.0	0.758	0.207		1.0	1.0	1.0	1.0	0.758	1.0		1.0
4318	AT4G27270	RI	1.0	1.0	0.6	0.238	0.2	0.2	0.5	0.538	0.0	1.0	0.684	0.6	0.385	1.0
4319	AT4G27270	RI	1.0	1.0	1.0	0.75	1.0	1.0	0.667	0.778		1.0	0.818	1.0	0.556	1.0
4320	AT5G43990	RI	0.0	1.0	0.0	1.0	0.0		0.5	0.0	1.0	0.0	0.0	0.571	0.0	0.667
4321	AT5G44010	RI	1.0	0.25	0.167	0.529	0.0	0.0	0.429	0.333	0.333	0.333	0.364	0.0	1.0	0.556
4322	AT5G44010	RI	0.0	0.667	0.5	0.467	0.333	0.0	0.294	0.2	0.0	0.0	0.474	1.0	0.692	
4323	AT3G09370	RI	0.143	0.0	0.333	0.333	0.333	0.0	0.111	0.2	0.333	0.0	0.125	0.143	0.0	0.2
4324	AT3G09370	RI	0.333	0.111	0.333	0.524	0.2	0.333	0.364	0.6	1.0	1.0	0.538	0.714	0.6	0.143
4325	AT5G44635	RI	0.5		0.0	0.0	0.0	0.0	0.0	0.0		0.0	0.0		0.0	0.333
4327	AT5G24340	RI	0.0	0.429	0.222	0.391	0.0	0.6	0.304	0.2	0.0	0.5	0.091	0.467	0.176	0.0
4328	AT5G47650	RI	0.556	0.273	0.429	0.7	0.714	0.6	0.462	0.486	0.5	0.333	0.444	0.667	0.5	0.667
4329	AT3G19780	RI	0.333	0.467	1.0	0.419	0.3	1.0	0.778	0.667	0.6	0.111	0.846	0.538	0.517	0.25
4330	AT3G19780	RI	1.0	0.667	1.0	1.0	0.5		1.0	0.63	0.636	1.0	0.867	1.0	0.5	1.0
4331	AT5G44450	RI	0.0	0.0	0.103	0.091	0.067	0.0	0.133	0.067	1.0	0.091	0.027	0.0	0.03	0.0
4332	AT5G44480	RI	0.0	0.113	0.0	0.0	0.0		0.078	0.0	0.0	0.203	0.113	0.0	0.054	0.0
4333	AT5G24040	RI	0.0			0.0			1.0	1.0				1.0		
4334	AT3G17668	RI	0.091	0.0	0.125	0.125	0.0	0.0	0.1	0.2	0.25	0.1	0.0	0.0	0.03	0.0
4337	AT2G27840	RI	0.0	0.273	0.12	0.069	0.0	0.2	0.133	0.059	0.0	0.0	0.12	0.192	0.053	0.111
4338	AT2G27840	RI	0.0	0.0	0.026	0.067	0.062	0.0	0.256	0.069	0.059	0.25	0.04	0.163	0.172	0.04
4340	AT3G07650	RI	1.0	1.0	1.0	1.0	0.962	1.0	0.987	1.0	0.915	0.913	0.974	1.0	0.97	1.0
4341	AT5G44980	RI	0.0	0.0	0.333	0.444	0.0	0.0	0.0	0.091	0.333	1.0	0.2	1.0	0.2	0.0
4342	AT5G44980	RI			0.333	0.0	0.0	0.0		1.0	0.0		1.0		0.333	0.0
4343	AT5G05920	RI	0.0		0.333	0.2	0.429	0.5	0.5	0.385	0.0	1.0	0.429	0.2	0.429	0.2
4346	AT4G20430	RI	1.0	1.0	0.5	1.0	1.0	1.0	1.0	1.0	0.333	1.0	1.0	0.5	0.7	
4347	AT4G20430	RI	1.0		1.0	1.0	1.0	1.0	1.0	1.0	1.0	1.0	0.877	1.0	1.0	1.0
4348	AT3G49645	RI	0.077	0.714	0.308	0.366	0.158	0.0	0.442	0.4	0.5	0.176	0.429	0.444	0.273	0.217
4349	AT5G45340	RI	0.333	0.1	0.062	0.217	0.0	0.2	0.259	0.25	0.5	0.2	0.12	0.071	0.176	0.333
4351	AT5G45350	RI	0.0	0.021	0.049	0.023	0.071	0.0	0.074	0.039	0.015	0.019	0.037	0.0	0.0	0.0
4352	AT5G45350	RI	1.0	1.0	0.4	0.429	0.2		0.684	0.407	0.333	0.0	0.714	0.143	0.273	0.429
4354	AT5G45370	RI	0.0		1.0	0.0	1.0	0.5	0.5	0.143	0.0	0.5	0.0	0.0	0.043	0.0
4356	AT5G14180	RI	0.202	0.022	0.035	0.03	0.0	0.0	0.012	0.024	0.023	0.044	0.061	0.056	0.098	0.087
4357	AT5G45500	RI	1.0	1.0	1.0	1.0	1.0	1.0	1.0	1.0	1.0	1.0	1.0	1.0	1.0	0.685
4358	AT5G45500	RI	1.0	1.0	1.0	1.0	1.0	1.0	1.0	1.0	1.0	1.0	1.0	0.856	1.0	1.0
4359	AT3G21950	RI			0.111	0.0	0.5		0.5	1.0	0.0		0.0	0.333	0.333	
4360	AT5G45710	RI	0.0	0.0	0.2	0.081	0.0	0.273	0.185	0.125	0.5	0.167	0.2	0.07	0.172	0.143
4361	AT1G62250	RI	0.0	0.333	0.125	0.097	0.091	0.0	0.212	0.0	0.2	0.0	0.235	0.1	0.03	0.167
4362	AT5G45920	RI		1.0	0.429		1.0		1.0			0.0	0.667	1.0	0.429	1.0
4364	AT3G21230	RI	0.6	0.4	0.833	0.52	0.1	0.333	0.556	0.395	0.385	0.176	0.667	0.6	0.273	0.455
4365	AT3G21230	RI	1.0	0.5	0.778	0.5	0.286	1.0	0.273	0.235	1.0	0.6	0.481	0.417	0.6	0.6
4366	AT3G21230	RI	0.143	0.647	0.375	0.487	0.333	0.2	0.562	0.314	0.667	0.231	0.68	0.286	0.667	0.636
4367	AT1G54730	RI	0.529	0.548	0.4	0.333	0.0	0.5	0.358	0.28	0.25	0.385	0.765	0.395	0.357	0.692
4368	AT1G54730	RI	1.0	0.579	1.0	1.0		1.0	0.871	0.429	1.0	1.0	0.793	0.714	0.667	1.0
4369	AT1G54730	RI	0.091	0.0	1.0	0.76	0.667	1.0	0.5	0.273	0.556	0.333	0.524	0.333	0.733	0.273
4370	AT1G54730	RI	0.833	1.0	0.867	0.697	0.818	1.0	0.806	0.628	0.714	0.6	0.719	0.75	0.3	0.714
4371	AT5G46150	RI	0.135	0.261	0.361	0.228	0.25	0.185	0.385	0.267	0.429	0.333	0.3	0.31	0.32	0.273
4372	AT1G78120	RI	0.333	0.0	0.091	1.0	0.0		0.2	0.333	1.0	0.0	0.0	1.0	0.273	
4373	AT5G46280	RI	0.053	0.467	0.31	0.667	0.5		0.1	0.231	0.4	0.091	0.407	0.364	0.385	0.556
4374	AT5G46280	RI	0.5	0.6	0.385	0.3	0.0	1.0	0.185	0.217	0.2	0.0	0.6	0.5	0.4	0.333
4375	AT5G46340	RI	0.096	0.159	0.276	0.196	0.18	0.209	0.292	0.222	0.117	0.137	0.155	0.075	0.174	0.123
4376	AT5G46390	RI		0.143	0.667	0.429	0.143	1.0	0.75	0.714	0.333	0.556	0.6	0.714	0.25	0.333
4377	AT5G46450	RI	1.0	1.0	1.0	0.772	1.0	1.0		0.676		0.342	1.0	1.0	0.676	1.0
4378	AT1G08087	RI	1.0	1.0	1.0	1.0	1.0	1.0	1.0	0.714	1.0	1.0	1.0	1.0	1.0	0.667
4379	AT5G46710	RI	0.467	0.571	0.254	0.25	0.333	0.0	0.304	0.308	0.3	0.31	0.186	0.265	0.241	0.231
4380	AT5G46870	RI	1.0	0.5	0.714	1.0	1.0		1.0		1.0	1.0	0.8		1.0	1.0
4381	AT1G26208	RI	0.647	0.8	0.622	0.606	0.76	0.667	0.5	0.524	0.5	0.818	0.39	0.592	0.676	0.778
4382	AT1G26208	RI	0.0	0.5	1.0	0.556	0.333	1.0	0.6	0.667	1.0		0.667	0.333	0.25	1.0
4383	AT1G55080	RI	0.111	0.043	0.176	0.111	0.0	0.143	0.111	0.529	0.0	0.0	0.094	0.111	0.158	0.0
4384	AT5G47100	RI	0.143	0.0	0.059	0.179	0.4	0.0	0.086	0.0	0.0	0.0	0.136	0.455	0.029	0.333
4385	AT5G47240	RI	0.0	0.061	0.167	0.048	0.12	0.0	0.235	0.083	0.077	0.04	0.019	0.2	0.0	0.0
4386	AT3G43740	RI	0.143	0.111	0.065	0.172	0.086	0.067	0.211	0.07	0.238	0.185	0.087	0.132	0.052	0.0
4387	AT5G47430	RI	0.349	0.319	0.333	0.383	0.321	0.581	0.564	0.538	0.3	0.368	0.683	0.492	0.6	0.382
4388	AT2G16650	RI	1.0	0.826	0.818	1.0	1.0	1.0	0.727	0.8	1.0	0.714	0.75	0.895	0.826	0.8
4389	AT4G33940	RI	0.04	0.297	0.122	0.124	0.091	0.2	0.153	0.053	0.158	0.057	0.196	0.105	0.05	0.095
4390	AT5G47620	RI	0.3	0.222	0.079	0.064	0.294	0.2	0.24	0.231	0.263	0.217	0.298	0.217	0.133	0.231
4393	AT5G48220	RI	1.0	1.0	1.0	1.0	0.556	1.0	1.0	1.0	1.0	1.0	1.0	1.0	1.0	1.0
4394	AT5G48310	RI	0.0		0.143		0.0		0.0	0.0			0.0	0.0	0.0	
4395	AT1G75295	RI	0.429	0.385	0.167	0.366	0.6	0.6	0.394	0.36	0.667	0.333	0.364	0.2	0.2	0.13
4396	AT1G75295	RI	0.415	0.47	0.549	0.537	0.533	0.225	0.399	0.285	0.112	0.378	0.67	0.228	0.487	0.717
4397	AT1G49980	RI	1.0	0.333	0.333	0.529	0.2	1.0	0.444	0.077	1.0	0.333	0.5	1.0	0.091	0.385
4398	AT1G49980	RI	0.4	0.167	0.111	0.448			0.143	0.043	0.167	0.143	0.143	0.091	0.0	
4399	AT1G49980	RI	0.333		1.0	1.0	0.6	0.0	0.765	0.833		0.8	1.0	0.667	0.5	1.0
4400	AT1G49980	RI	0.2	0.25	0.077	0.211	1.0	0.111	0.486	0.533	0.0	0.75	0.429	0.286	0.111	0.333
4401	AT1G49980	RI	1.0	0.0	1.0	1.0	1.0		1.0	1.0		1.0	1.0	1.0	1.0	1.0
4403	AT5G48440	RI	0.0	0.0	0.053	0.0	0.0	0.0	0.04	0.059	0.0	0.333	0.0	0.077	0.0	0.0
4404	AT3G21160	RI	0.067	0.029	0.095	0.155	0.0	0.053	0.045	0.185	0.2	0.0	0.189	0.077	0.037	0.143
4405	AT3G45280	RI				0.0			0.0				1.0		1.0	
4406	AT1G02120	RI	0.148	0.018	0.13	0.083	0.24	0.222	0.107	0.119	0.128	0.048	0.181	0.111	0.07	0.2
4407	AT5G48545	RI	0.208	0.245	0.253	0.162	0.294	0.1	0.194	0.182	0.231	0.174	0.238	0.208	0.232	0.15
4408	AT5G48545	RI	0.254	0.138	0.097	0.155	0.116	0.167	0.169	0.138	0.091	0.319	0.289	0.167	0.184	0.2
4409	AT5G48610	RI	0.0	0.2	0.2	0.5	0.0	0.0	0.2	0.111	1.0	0.231	0.538	0.111	0.273	0.5
4410	AT5G48610	RI		1.0	0.333	1.0	1.0		0.6	1.0	1.0	1.0	1.0	1.0	0.5	
4411	AT5G48620	RI	0.5	0.857	1.0	1.0	1.0	1.0	1.0	1.0	1.0	1.0	1.0	0.75	0.895	1.0
4412	AT5G48620	RI	1.0	0.967	0.929	0.952	1.0	1.0	0.929	0.959	0.949	1.0	0.904	1.0	0.9	1.0
4413	AT5G48620	RI	0.917	0.867	0.967	0.892	0.797	1.0	0.918	0.863	0.955	0.895	0.929	0.857	0.891	0.92
4414	AT5G48775	RI	0.75	1.0	1.0	1.0	0.778	1.0	1.0	0.909	1.0	0.692	0.905	1.0	1.0	1.0
4415	AT5G48780	RI	1.0	1.0	1.0	1.0		1.0	1.0	1.0	1.0	1.0	1.0	1.0	0.667	1.0
4416	AT5G48790	RI	0.256	0.077	0.235	0.229	0.238	0.077	0.216	0.158	0.13	0.268	0.309	0.276	0.121	0.102
4417	AT2G26430	RI	1.0	0.882	0.714	0.931	1.0	1.0	0.867	1.0	1.0	1.0	1.0	1.0	0.875	1.0
4418	AT2G26430	RI	0.01	0.043	0.015	0.034	0.022	0.0	0.023	0.015	0.022	0.019	0.083	0.025	0.03	0.043
4419	AT5G49540	RI	0.163	0.095	0.117	0.162	0.149	0.333	0.158	0.157	0.122	0.22	0.063	0.224	0.13	0.304
4420	AT5G49010	RI				0.333	0.0		1.0	0.667	0.0		0.333	1.0	0.333	0.0
4421	AT5G66640	RI	0.5			0.0	0.0		1.0	1.0				1.0	1.0	1.0
4422	AT5G66640	RI	1.0	0.0	0.0	0.0			0.143	1.0		0.0	0.0	0.6	0.333	0.333
4423	AT1G22980	RI							0.0	0.0				1.0	0.0	
4427	AT1G69750	RI	0.048	0.1	0.083	0.105	0.0	0.333	0.171	0.111	0.077	0.059	0.048	0.0	0.0	0.0
4428	AT2G46572	RI	1.0	1.0	0.714	0.636	1.0	0.667	1.0	1.0			1.0	1.0	1.0	1.0
4429	AT2G46572	RI	0.714	0.429	0.286	0.455	0.5	1.0	0.586	0.478	0.6	0.25	0.6	0.226	0.857	0.636
4430	AT5G64460	RI	0.0	0.035	0.025	0.082	0.035	0.0	0.051	0.075	0.169	0.0	0.038	0.163	0.068	0.0
4431	AT5G64460	RI		1.0	1.0	0.333	1.0		1.0	1.0	1.0		0.5		1.0	
4434	AT4G23470	RI	0.206	0.093	0.143	0.113	0.082	0.043	0.135	0.131	0.105	0.111	0.143	0.136	0.171	0.176
4438	AT5G49470	RI	0.0	0.434	0.29	0.093	0.338	0.0	0.169	0.127	0.145	0.0	0.38	0.102	0.315	0.0
4439	AT5G49470	RI	1.0	1.0	0.818	1.0	1.0		1.0	0.667	1.0		0.75	1.0	1.0	
4440	AT5G49470	RI	0.333	0.0	0.222	0.231	0.25	0.2	0.111	0.156	0.0	0.0	0.368	0.333	0.308	0.667
4441	AT5G49470	RI		1.0	1.0	1.0	1.0		0.333	1.0	0.333	1.0	1.0		0.667	1.0
4442	AT5G49470	RI		0.143	0.176	0.154	0.0	0.0	0.059	0.167	0.333	0.2	0.13	0.111	0.172	0.143
4443	AT3G17040	RI	0.231	0.1	0.357	0.273	0.167	0.2	0.314	0.103	0.167	0.1	0.263	0.273	0.042	0.143
4445	AT2G04852	RI	1.0	1.0	0.833	0.846	0.667	1.0	0.667	0.667	0.333	1.0	0.818	1.0	0.826	0.75
4447	AT5G49580	RI	0.429	0.2	0.467	0.333	0.524	0.6	0.255	0.304	0.167	0.13	0.407	0.333	0.333	0.4
4448	AT1G19400	RI	1.0	0.889	1.0	0.902	0.769	1.0	0.914	1.0	1.0	1.0	0.934	1.0	1.0	1.0
4449	AT1G19400	RI	0.183	0.123	0.105	0.119	0.216	0.176	0.21	0.161	0.181	0.222	0.261	0.194	0.177	0.136
4450	AT5G49730	RI	0.0	0.0	0.071	0.148	0.25	0.0	0.04	0.062	0.053	0.143	0.13	0.043	0.037	0.667
4451	AT5G49740	RI	0.0	0.2	0.077	0.25	0.0		0.158	0.2		0.333	0.143	0.0	0.294	0.0
4452	AT5G63620	RI	0.074	0.18	0.143	0.117	0.082	0.19	0.161	0.145	0.171	0.059	0.078	0.111	0.14	0.191
4453	AT5G49780	RI		0.0	0.0		0.0		0.515	0.0				1.0		1.0
4455	AT4G03090	RI	0.0	0.333	0.0	0.25		1.0	0.0	0.143	0.0	0.0	0.273	0.2		0.0
4456	AT4G26520	RI	1.0	1.0	1.0	1.0	1.0	1.0	1.0	0.917	1.0		1.0	1.0	1.0	1.0
4457	AT1G22275	RI				0.0		1.0	0.0	0.0	0.0	0.0	0.0	0.0	0.071	0.0
4458	AT5G50130	RI	1.0	0.111	0.2	0.0	1.0	1.0	0.0	0.143	0.2	0.143	0.778	0.077	0.667	
4459	AT5G50130	RI	0.0	0.0		0.0	0.0		0.333	0.0	0.0		0.333	0.0	0.0	0.0
4460	AT5G50130	RI	0.0	0.5		0.2			0.333		0.5		1.0		0.0	1.0
4461	AT2G42640	RI	1.0	1.0	0.538	0.467	0.667	1.0	0.714	0.5	0.5	0.333	0.667	0.25	0.714	0.6
4462	AT2G42640	RI	1.0	1.0	0.8	0.12	0.5	0.333	0.333	0.391	1.0	0.0	0.462	0.2	0.565	0.6
4464	AT5G50160	RI	0.0	0.333	0.0	0.5			1.0	0.0	0.0	1.0	0.0	1.0	0.0	0.5
4465	AT4G25434	RI		0.0	0.0		1.0		0.0	0.0	0.0	0.0	1.0	0.333	0.0	
4466	AT4G25434	RI	0.0	0.0	0.333		0.0		0.273	0.111	0.0	0.6	0.143	0.0	0.0	
4467	AT4G25434	RI		0.333	0.333		0.0		0.6	0.5	0.0	1.0	0.2	0.2	0.6	1.0
4468	AT4G25434	RI				0.0	0.0		0.333		1.0		1.0	0.0	0.333	1.0
4469	AT4G25434	RI	1.0				1.0	0.0				1.0	1.0	0.0	0.2	0.333
4470	AT1G05710	RI	1.0	1.0	1.0	1.0	1.0	1.0	1.0	1.0		1.0	1.0	1.0	0.5	
4471	AT1G05710	RI	1.0	1.0	1.0	0.75	1.0	1.0	0.778	1.0	0.0	0.5	0.714	0.6	0.5	
4472	AT1G05710	RI	0.0	0.444	0.124	0.39	0.175	0.515	0.296	0.262	0.444	0.515	0.464	0.293	0.394	0.347
4473	AT1G31070	RI	0.165	0.0	0.019	0.082	0.07	0.05	0.219	0.091	0.109	0.081	0.097	0.066	0.12	0.161
4474	AT5G50375	RI	0.333	0.571	0.13	0.211	0.143	0.5	0.419	0.167	0.0	0.714	0.25	0.128	0.135	0.111
4475	AT3G16080	RI	0.007	0.007	0.012	0.029	0.015	0.0	0.021	0.015	0.0	0.011	0.014	0.018	0.015	0.0
4477	AT5G56320	RI		1.0	0.0	0.0	0.0	0.333	0.2	0.429	0.0	1.0	0.083	0.0	0.0	0.333
4479	AT1G78960	RI	0.6	0.333	0.286	0.273	0.333	0.0	0.333	0.158	0.2	0.0	0.286	0.0	0.263	0.0
4480	AT3G09890	RI	0.0	0.176	0.077	0.0	0.091	0.333	0.29	0.037	0.0	0.0	0.2	0.13	0.0	0.167
4481	AT5G50740	RI				0.0			1.0	1.0		0.333			0.333	0.0
4483	AT5G50915	RI	1.0	0.667	0.0	0.5	0.0	0.6	0.733	0.0	0.5	0.0	0.143	0.333		1.0
4484	AT5G50915	RI	0.0	0.067	0.556	0.091	0.0	0.0	0.286	0.0	0.2	0.2	0.647	0.0	0.25	0.2
4485	AT3G48260	RI	0.333	0.283	0.333	0.303	0.235	0.429	0.333	0.243	0.235	0.149	0.465	0.414	0.267	0.294
4487	AT5G51100	RI	0.143	0.2	0.135	0.056	0.75		0.314	0.091	0.067	0.429	0.2	0.391	0.111	0.238
4488	AT5G51100	RI	1.0	1.0	1.0	0.5	1.0		0.636	0.5	0.333	1.0	1.0	0.667	0.833	1.0
4489	AT5G51100	RI	0.375	0.231	0.018	0.182	0.4		0.184	0.074	0.077	0.2	0.333	0.209	0.143	0.143
4490	AT5G51100	RI	0.167	0.333	0.083	0.152	0.0	0.0	0.143	0.067	0.067	0.0	0.25	0.2	0.059	0.053
4491	AT4G08470	RI	0.217	0.241	0.8	0.231	0.333	0.273	0.419	0.245	0.111	0.25	0.261	0.189	0.347	0.294
4493	AT1G34750	RI	0.25	0.0	0.25	0.056	0.25	0.0	0.333	0.043	0.0	0.0	0.0	0.143	0.143	0.0
4495	AT5G51180	RI	0.765	0.565	0.8	0.672	0.697	0.778	0.581	0.631	0.733	0.704	0.714	0.854	0.679	0.875
4496	AT5G51300	RI	0.333	0.565	0.517	0.423	0.75	0.75	0.478	0.404	0.273	0.619	0.641	0.459	0.265	0.286
4497	AT3G12340	RI	0.333	0.0	0.0	0.0	0.0	0.0	0.0	0.167	0.0	1.0	0.111	0.143	0.0	0.0
4498	AT5G38340	RI	0.0	0.333	1.0	0.0			1.0	0.0			0.4		0.0	1.0
4499	AT3G49500	RI	1.0	0.0	0.429	1.0	0.0		0.667	1.0	1.0	1.0	1.0	1.0	1.0	0.778
4500	AT3G49500	RI	0.5	0.077	0.231	0.667		0.0	0.25	0.5	0.714	0.25	1.0	0.429	0.8	1.0
4501	AT3G49500	RI	1.0	1.0	0.6	0.818	0.0		0.455	0.6	0.75	1.0	0.429	1.0	0.8	1.0
4503	AT1G04750	RI	1.0	0.5	1.0	0.4	1.0	1.0	1.0	0.8	0.111	1.0	0.905	0.25	1.0	1.0
4504	AT5G51660	RI	0.0		0.053	0.143	0.0	0.0	0.333	0.143	0.0	0.5	0.077	0.077	0.04	0.0
4507	AT2G22670	RI		0.333	1.0	1.0	1.0		0.333	1.0	1.0	0.333	0.75	0.6	1.0	0.333
4508	AT3G45050	RI	0.286	0.75	0.333	0.455	0.158	0.2	0.8	0.286	0.2	0.333	0.364	0.111	0.333	0.077
4510	AT5G52040	RI	0.259	0.236	0.213	0.337	0.228	0.241	0.395	0.28	0.098	0.304	0.247	0.233	0.266	0.258
4511	AT5G52040	RI	0.2	0.258	0.356	0.262	0.256	0.148	0.3	0.142	0.258	0.367	0.242	0.26	0.265	0.243
4512	AT5G52040	RI	0.647	1.0	0.83	0.781	0.826	0.857	0.906	0.545	0.556	0.923	0.811	0.706	0.73	0.6
4514	AT5G52070	RI	0.5	0.6	0.412	0.417	0.429	1.0	0.273	0.304	0.333	0.333	0.333	0.333	0.412	0.8
4515	AT5G52070	RI	1.0	0.5	0.52	0.143	0.5	0.429	0.538	0.429	0.2	1.0	0.333	0.5	0.5	0.429
4516	AT5G52070	RI	0.0	0.429	0.667	0.083	0.75		0.5	0.167	0.143	0.333	0.556	0.538	0.75	0.429
4517	AT5G16790	RI	0.0	0.2	1.0	1.0	0.0	0.0	0.429	0.0			1.0	0.0	0.0	1.0
4518	AT3G14930	RI	0.379	0.286	0.217	0.315	0.289	0.538	0.294	0.326	0.263	0.4	0.552	0.148	0.326	0.216
4519	AT3G55170	RI	0.077	0.065	0.065	0.043	0.044	0.07	0.086	0.08	0.075	0.055	0.095	0.032	0.055	0.024
4520	AT5G63440	RI	0.333	0.0	0.0	0.125	0.143	0.0	0.143	0.143	0.077	0.25	0.222	0.571	0.034	1.0
4521	AT3G61950	RI	1.0	0.338	0.0	1.0	1.0		0.605	0.0		0.505	1.0	0.434	0.0	0.203
4522	AT3G61950	RI	1.0	1.0	0.333	0.6			0.0	0.333	0.0		1.0	0.556	0.455	0.0
4524	AT2G33540	RI	0.375	0.789	0.85	0.68	0.25	1.0	0.769	0.824	0.714	0.273	0.667	0.5	0.5	0.818
4525	AT5G52760	RI		0.0		0.0	1.0				0.0		0.143			
4526	AT5G61960	RI	0.939	1.0	0.957	0.963	1.0	1.0	1.0	0.987	1.0	1.0	1.0	1.0	0.967	1.0
4528	AT5G61960	RI	0.5	1.0	1.0	0.875	1.0	1.0	0.684	0.789	0.4	1.0	0.727	0.5	0.667	0.429
4529	AT5G61960	RI	1.0	1.0	1.0	1.0	0.8	0.0	0.87	0.727	0.75	1.0	1.0	0.8	1.0	1.0
4530	AT5G52790	RI	0.0	0.0	0.12	1.0			0.267	0.0			0.12	1.0	1.0	0.0
4531	AT5G52790	RI		1.0		1.0			1.0			0.0	1.0	1.0	1.0	
4532	AT5G52790	RI	0.0	0.5	0.25	0.2			0.385	0.2			0.25	1.0	0.0	
4533	AT1G65060	RI							1.0						0.0	
4534	AT5G52890	RI	0.143	0.333	0.6	0.429			0.5	0.2	1.0	0.556	1.0	0.2	0.667	0.0
4535	AT3G03340	RI	0.1	0.133	0.167	0.091	0.167	0.25	0.106	0.121	0.111	0.128	0.205	0.149	0.075	0.056
4536	AT5G53020	RI	0.0		0.2	0.6		1.0	1.0	1.0	0.5	0.2	0.714	0.2	0.3	0.0
4537	AT5G53020	RI	0.5		0.667	1.0	1.0	0.2	1.0	1.0	1.0	1.0	1.0	1.0	1.0	1.0
4538	AT5G53020	RI	1.0	1.0	1.0	1.0	1.0	1.0	1.0	0.667		1.0	1.0	1.0	1.0	1.0
4539	AT5G53020	RI	0.714	1.0	1.0	1.0	0.5	1.0	1.0	1.0		1.0	1.0	0.6	1.0	0.6
4540	AT5G66160	RI	0.015	0.01	0.101	0.051	0.115	0.034	0.079	0.075	0.07	0.0	0.04	0.092	0.048	0.053
4541	AT5G53050	RI	0.077	0.053	0.077	0.045	0.1	0.111	0.189	0.111	0.167	0.071	0.028	0.037	0.0	0.0
4542	AT5G53220	RI	1.0	1.0	1.0	0.429			1.0	1.0			1.0	1.0	0.0	
4543	AT5G53220	RI	0.0	0.111	0.25	0.111	0.0	1.0	1.0	0.0	0.0	0.0	1.0	1.0	0.091	0.111
4544	AT5G53220	RI	0.0		0.6	1.0		1.0	1.0	0.143		0.0	0.333	1.0	1.0	1.0
4545	AT3G60600	RI	0.029	0.025	0.037	0.036	0.011	0.023	0.043	0.042	0.028	0.03	0.044	0.036	0.023	0.018
4547	AT5G53420	RI	0.0	0.286	0.0	0.107	0.273	0.0	0.216	0.267	0.333	1.0	0.05	0.057	0.019	0.294
4548	AT5G53486	RI	1.0	0.0		1.0		1.0	1.0		1.0		1.0	1.0		1.0
4549	AT5G53486	RI		1.0		0.5	1.0		1.0	1.0	1.0		1.0		1.0	1.0
4551	AT5G53760	RI	1.0	0.333	1.0	0.867	0.0	0.0	1.0	0.667	0.333	0.333	1.0	1.0	1.0	1.0
4552	AT1G58520	RI		0.0	0.6	0.091	0.333	0.0	0.333	0.25	0.0	0.0	1.0	0.375	0.2	
4553	AT3G06960	RI	0.091	0.1	0.2	0.048	0.0	0.0	0.16	0.043	0.0	0.083	0.161	0.045	0.077	0.0
4554	AT5G53850	RI	0.048	0.185	0.143	0.115	0.053	0.12	0.129	0.146	0.053	0.235	0.122	0.1	0.193	0.143
4555	AT5G53850	RI	0.2	0.294	0.24	0.179	0.188	0.2	0.481	0.346	0.25	0.429	0.4	0.357	0.333	0.188
4556	AT5G53900	RI	0.333	0.6	1.0	0.833	0.333	0.333	0.6	1.0	0.2	0.111	0.143	1.0	0.273	0.667
4557	AT5G53900	RI	0.0	0.429	0.286	0.135	0.333	0.167	0.222	0.1	0.0	0.6	0.75	0.0	0.073	0.125
4558	AT2G29910	RI	0.692	0.5	0.294	0.192	0.0	0.2	0.289	0.15	0.375	0.125	0.333	0.032	0.314	0.111
4559	AT2G29910	RI	0.189	0.308	0.5	0.125	0.6	0.143	0.191	0.2	0.067	0.067	0.308	0.4	0.314	0.111
4560	AT1G43650	RI	0.0	0.0		0.0	0.0		0.0	0.5	0.0	0.0	0.0	0.0	0.0	0.333
4561	AT3G16800	RI	0.92	0.867	0.885	0.93	0.733	1.0	0.942	0.808	1.0	0.913	0.946	0.962	0.924	0.923
4562	AT3G16800	RI	0.133	0.233	0.111	0.146	0.0	0.2	0.227	0.242	0.04	0.231	0.185	0.194	0.129	0.216
4563	AT3G16800	RI	0.057	0.064	0.143	0.074	0.071	0.048	0.118	0.066	0.167	0.22	0.1	0.132	0.105	0.087
4564	AT5G54110	RI	0.034	0.188	0.2	0.08	0.05	0.077	0.103	0.089	0.0	0.0	0.131	0.082	0.044	0.143
4565	AT4G26480	RI	0.011	0.078	0.098	0.022	0.013	0.024	0.095	0.047	0.0	0.046	0.067	0.036	0.085	0.026
4566	AT3G10230	RI	1.0	1.0	1.0	1.0	1.0	1.0	1.0	1.0	1.0	1.0	1.0	1.0	0.983	1.0
4567	AT5G41690	RI	1.0	1.0		0.333	0.0	1.0	1.0	1.0	1.0		1.0	1.0	1.0	
4568	AT5G41690	RI	0.0	0.0	1.0	0.0			1.0	0.333	1.0	1.0	0.333		1.0	1.0
4569	AT3G20810	RI	1.0	0.6	0.182	0.75	0.538	0.143	0.462	0.538	0.6	1.0	0.7	0.333	0.158	0.231
4570	AT3G20810	RI	0.727	0.556	0.641	0.639	0.529	0.385	0.529	0.509	0.455	0.36	0.68	0.714	0.625	0.273
4571	AT5G54569	RI	0.25	0.5	0.0	0.111	0.0	0.0	0.167	0.111	1.0	0.0	0.25	0.2	0.083	0.0
4572	AT5G54569	RI	0.1	0.0	0.091	0.3	0.0	0.0	0.4	0.048	0.0	0.143	0.286	0.0	0.304	0.5
4574	AT1G08043	RI	0.857	1.0	0.938	0.969	0.778	1.0	1.0	1.0	1.0	1.0	0.967	1.0	1.0	0.867
4575	AT5G55170	RI	0.0	0.0	0.077	0.0	0.111	0.0	0.0	0.077	0.2	0.0	0.0	0.0	0.125	0.0
4576	AT1G48270	RI	0.333	0.167	0.143	0.143	0.333	0.0	0.0	0.158	0.0		0.111	0.0	0.6	0.0
4577	AT1G05360	RI	0.375	0.231	0.333	0.188	0.333	0.059	0.545	0.238	0.0	0.091	0.217	0.294	0.222	0.1
4578	AT3G02460	RI	0.111	0.091	0.158	0.212	0.067	0.333	0.261	0.158	0.2	0.333	0.143	0.231	0.125	0.176
4579	AT3G02460	RI	0.156	0.0	0.42	0.178	0.266	0.0	0.283	0.163	0.145	0.503	0.293	0.202	0.156	0.0
4580	AT5G55040	RI	0.867	0.892	0.833	0.839	0.789	0.9	0.908	0.843	0.52	0.789	0.887	0.86	0.724	0.714
4582	AT5G55230	RI	0.0	0.014	0.0	0.017	0.056	0.143	0.026	0.029	0.0	0.0	0.023	0.0	0.013	0.045
4583	AT5G55260	RI	0.0	0.0	0.062	0.143	0.091	0.0	0.115	0.163	0.034	0.273	0.0	0.189	0.036	0.0
4584	AT5G55290	RI	0.724	0.535	0.767	0.829	0.905	0.636	0.729	0.71	0.75	0.8	0.639	0.704	0.561	0.789
4585	AT5G55290	RI	0.116	0.067	0.105	0.168	0.084	0.072	0.08	0.083	0.042	0.073	0.116	0.136	0.101	0.07
4586	AT3G09920	RI	0.0	0.143	1.0	1.0	0.333		0.0	0.0	0.5	0.0	0.333	0.167	0.636	0.714
4587	AT3G09920	RI		0.0	0.333	0.25	1.0		0.143	0.111	1.0		1.0	0.0	0.778	0.143
4588	AT3G20150	RI	0.0	0.0	0.0	0.0	0.0	0.0	0.0	0.0	0.0	0.0	0.0	0.0	0.111	0.0
4589	AT3G60070	RI	0.818	0.714	0.9	0.905	1.0	1.0	1.0	1.0	1.0	0.667	0.9	1.0	1.0	1.0
4590	AT1G16360	RI			1.0	0.0				1.0			0.2	1.0		1.0
4591	AT1G16360	RI		0.0					1.0		1.0			0.333		
4593	AT5G55550	RI	0.222	0.385	0.333	0.5	0.333	0.333	0.355	0.429	0.1	0.0	0.2	0.154	0.235	0.333
4594	AT5G55550	RI	0.222	0.077	0.192	0.227	0.077	0.4	0.2	0.167	0.125	0.273	0.297	0.12	0.184	0.071
4595	AT5G55550	RI	0.333	0.125	0.3	0.393	0.368	0.333	0.344	0.422	0.5	0.167	0.524	0.636	0.351	0.333
4596	AT5G55550	RI	0.12	0.167	0.2	0.037	0.125	0.333	0.172	0.209	0.091	0.2	0.04	0.0	0.143	0.615
4597	AT1G10540	RI				0.0			0.0		0.0		0.5		0.0	
4598	AT5G55580	RI	0.0	0.432	0.202	0.0		0.0	0.169	0.145	0.0	0.0	0.092	0.145	0.084	0.112
4599	AT5G55610	RI	0.077	0.091	0.049	0.071	0.0	0.0	0.062	0.036	0.091	0.048	0.067	0.069	0.046	0.0
4600	AT5G40840	RI	0.0	0.0	0.143	0.0	0.333	0.0	0.217	0.25	0.0	0.0	0.0	0.4	0.0	
4601	AT5G41100	RI	0.5	0.4	0.333	0.304	0.333	1.0	0.455	0.727	0.25	0.0	0.667	0.4	0.667	0.2
4602	AT1G68710	RI	0.111	0.091	0.0	0.0	0.067	1.0	0.083	0.222	0.0	0.091	0.0	0.048	0.083	0.0
4603	AT1G17980	RI	0.0	0.171	0.12	0.111	0.083	0.0	0.127	0.115	0.0	0.0	0.061	0.135	0.074	0.333
4604	AT2G35660	RI	0.5		1.0		1.0	1.0	1.0	1.0			1.0	1.0	1.0	
4605	AT2G35660	RI	1.0		1.0		1.0	1.0	1.0	0.818		0.0	0.2	1.0	0.8	
4606	AT1G79830	RI	0.38	0.644	0.538	0.71	0.611	0.7	0.556	0.717	0.667	0.672	0.592	0.796	0.66	0.556
4607	AT5G56160	RI		0.0	0.0	0.167	0.0	0.0	0.0	0.0		0.0	0.333	1.0	1.0	0.0
4608	AT5G56180	RI	0.294	0.373	0.522	0.244	0.317	0.143	0.368	0.345	0.2	0.226	0.355	0.222	0.25	0.268
4609	AT5G56190	RI	0.765	0.824	0.294	0.333	0.321	0.714	0.475	0.446	0.25	0.636	0.468	0.493	0.347	0.333
4610	AT1G19025	RI	0.0		1.0	1.0			0.0	1.0		0.0	0.5	0.0	0.5	1.0
4611	AT1G19025	RI	0.0	0.333	1.0	0.6		1.0	0.0	1.0			1.0	1.0	0.143	1.0
4612	AT5G01650	RI	1.0	0.429	0.818	0.625	1.0	0.0	0.667	0.714	0.25	1.0	0.778	0.714	0.818	0.6
4613	AT5G01650	RI	1.0	0.385	0.3	0.778	1.0	0.333	0.143	0.294	0.429	1.0	0.882	0.4	0.444	0.667
4616	AT2G16980	RI	0.0	0.043	0.273	0.043	0.0	0.0	0.053	0.5			0.412	0.333	0.0	0.0
4617	AT2G16980	RI	1.0	0.0	0.2	0.0	0.0		0.097	0.037	0.0	1.0	0.12	0.273	0.067	0.091
4618	AT2G16980	RI	0.0	0.0	0.056	0.1	0.0		0.13	0.0	0.0	1.0	0.056	0.077	0.071	0.111
4620	AT5G56620	RI			1.0	0.714	1.0	1.0	1.0	0.647	1.0	1.0	0.8	0.333	1.0	0.5
4621	AT2G30260	RI	0.118	0.231	0.11	0.134	0.144	0.169	0.152	0.085	0.343	0.117	0.159	0.169	0.106	0.159
4622	AT5G56900	RI	0.0	0.056	0.059	0.015	0.0	0.273	0.123	0.0	0.0	0.0	0.042	0.059	0.019	0.0
4623	AT1G71200	RI		0.0		1.0			1.0	0.0		1.0	0.0	0.0	0.0	
4624	AT1G71200	RI			0.0	0.0	1.0	0.0		0.0			0.0			
4626	AT3G16940	RI	0.13	0.136	0.312	0.167	0.2	0.333	0.333	0.304	0.111	0.143	0.148	0.091	0.13	0.143
4627	AT5G57060	RI	0.059	0.077	0.059	0.091	0.143	0.2	0.138	0.22	0.053	0.1	0.224	0.265	0.138	0.067
4628	AT5G57060	RI	0.333	1.0	1.0	0.4	1.0	0.333	0.667	0.765	1.0	0.5	1.0	0.8	1.0	1.0
4629	AT4G24270	RI	0.091	0.222	0.059	0.118	0.273	0.077	0.182	0.158	0.143	0.143	0.212	0.037	0.125	0.111
4630	AT5G65740	RI	0.0	0.899	0.658	0.532	0.173		0.595	0.773	0.0		0.512	0.412	0.71	0.344
4631	AT5G65740	RI	0.667	0.5	0.571	0.722	0.6	1.0	0.849	0.63	0.6	0.667	0.455	0.818	0.59	0.75
4632	AT5G65740	RI	1.0	1.0	0.667	1.0	1.0	1.0	0.625	1.0	1.0		0.875	0.7	0.81	1.0
4633	AT5G65740	RI	0.5	0.429	0.556	0.611	0.467	0.5	0.44	0.714	0.467	0.143	0.647	0.75	0.4	0.714
4634	AT5G57100	RI	0.091	0.086	0.222	0.079	0.143	0.067	0.186	0.333	0.0	0.333	0.267	0.231	0.438	0.053
4635	AT5G57100	RI	0.25	0.067	0.417	0.102	0.0	0.0	0.226	0.241	0.2	0.2	0.214	0.217	0.091	0.2
4636	AT5G57100	RI	0.091	0.167	0.467	0.097	0.25	0.0	0.31	0.032	0.167	0.25	0.308	0.067	0.3	0.0
4637	AT3G06330	RI	0.0	0.333	0.217	0.265	0.032	0.143	0.12	0.238	0.0	0.176	0.207	0.294	0.171	0.294
4639	AT5G57180	RI	0.2	0.333	0.286	0.304	0.5	1.0	0.517	0.05	0.0	0.0	0.231	0.214	0.143	0.077
4640	AT5G57290	RI	1.0	1.0	1.0	1.0	1.0	1.0	0.983	1.0	1.0	1.0	1.0	1.0	1.0	1.0
4642	AT3G25540	RI	0.182	0.133	0.085	0.135	0.0	0.0	0.222	0.163	0.0	0.0	0.138	0.24	0.037	0.091
4643	AT5G57450	RI				0.5	0.0			0.0		1.0				
4644	AT2G29070	RI	0.143	0.0	0.4	0.067	0.0	0.5	0.067	0.053	0.0	0.0	0.0	0.111	0.043	0.25
4645	AT2G36670	RI	0.0	0.333	0.1	0.2	0.111	0.5	0.2	0.467	0.091		0.1	0.0	0.25	0.429
4647	AT5G57565	RI	0.875	0.935	0.641	0.667	1.0	0.75	0.971	0.842	0.789	1.0	0.767	0.478	0.9	1.0
4648	AT5G57565	RI	0.5	0.487	0.76	0.299	0.789	0.667	0.649	0.65	0.333	0.733	0.607	0.455	0.455	0.357
4649	AT5G57565	RI	0.529	0.474	0.286	0.674	0.714	0.429	0.545	0.529	0.556	1.0	0.517	0.655	0.667	1.0
4650	AT5G57655	RI	0.083	0.104	0.119	0.124	0.098	0.067	0.113	0.142	0.098	0.093	0.142	0.105	0.09	0.079
4651	AT5G57700	RI	0.333	1.0	0.3	0.25	0.455	0.2	0.333	0.636	0.0	0.0	0.091	0.2	0.2	0.333
4652	AT5G57790	RI		0.0	0.429	1.0	1.0		1.0	0.429		0.5	0.0		0.6	
4653	AT5G57790	RI			1.0	1.0	0.667	0.0	1.0	0.429		1.0			1.0	
4654	AT5G57790	RI	0.0	0.0	0.0	0.167	0.143	0.0	0.333	0.25	0.0	0.0	0.176	0.0	0.0	0.5
4656	AT5G58003	RI	0.032	0.158	0.067	0.268	0.0	0.077	0.294	0.091	0.0		0.062	0.176	0.0	0.0
4657	AT5G58200	RI	0.771	0.673	0.693	0.702	0.567	0.742	0.728	0.673	0.508	0.662	0.674	0.701	0.725	0.649
4658	AT5G58260	RI	0.0	0.152	0.391	0.616	0.0		0.446	0.573	0.0		0.152	0.097	0.254	0.0
4659	AT4G12560	RI	0.133	0.235	0.302	0.226	0.211	0.133	0.206	0.19	0.129	0.062	0.19	0.257	0.155	0.239
4660	AT4G12560	RI	0.444	0.61	0.625	0.529	0.8	0.818	0.444	0.556	0.333	0.25	0.551	0.56	0.469	0.565
4663	AT5G58470	RI	0.333	0.667	0.5	0.176	0.6	0.0	0.556	0.524	0.5	0.0	0.111	0.6	0.467	0.467
4664	AT5G58610	RI								0.0			1.0			
4665	AT5G58610	RI					0.0			1.0			1.0			
4666	AT3G58900	RI	0.6	0.5	0.833	0.586	0.0		0.333	0.692	0.333	0.714	0.5	0.333	0.6	0.529
4667	AT3G58900	RI	1.0	1.0	1.0	0.926			1.0	1.0	1.0	1.0	1.0	1.0	1.0	1.0
4668	AT5G58940	RI	0.333	1.0	0.333	0.556	1.0	1.0	1.0	0.75	0.333		1.0	1.0	0.636	
4669	AT5G58970	RI	0.25	0.0	0.217	0.385	0.13	0.0	0.188	0.067	1.0	0.0	0.308	0.2	0.241	0.0
4671	AT1G02960	RI	0.333	0.36	0.517	0.526	0.385	0.579	0.417	0.435	0.176	0.286	0.495	0.472	0.433	0.308
4672	AT1G02960	RI	1.0	1.0	1.0	0.939	1.0	0.778	1.0	1.0	1.0	1.0	1.0	0.889	1.0	1.0
4673	AT1G02960	RI	0.286	0.643	0.63	0.568	0.6	1.0	0.8	0.871	0.846	0.778	0.75	0.241	0.458	0.407
4674	AT1G02960	RI	0.122	0.349	0.245	0.267	0.214	0.5	0.316	0.209	0.222	0.241	0.32	0.217	0.333	0.31
4676	AT3G06590	RI	1.0	0.968	0.961	0.981	0.886	1.0	0.956	1.0	0.944	1.0	0.897	0.968	0.948	1.0
4677	AT4G32660	RI	0.388	0.623	0.584	0.6	0.414	0.429	0.63	0.611	0.579	0.55	0.658	0.559	0.404	0.714
4679	AT3G63400	RI	0.0	1.0	0.692	0.714	0.556	1.0	0.702	0.478	0.143	0.273	0.61	0.667	0.182	0.556
4680	AT3G63400	RI	0.0	0.231	0.257	0.208	0.2	0.2	0.429	0.244	0.5	0.231	0.511	0.4	0.059	0.2
4681	AT2G35840	RI	0.143	0.067	0.538	0.0	0.231	0.0	0.286	0.143	0.071	0.0	0.122	0.273	0.143	0.333
4682	AT2G35840	RI		1.0	0.5	0.0	0.429		0.36	0.714	0.25		0.538	0.75	0.25	0.5
4683	AT1G80780	RI	0.188	0.252	0.323	0.297	0.274	0.204	0.336	0.391	0.172	0.234	0.31	0.311	0.297	0.226
4684	AT1G06430	RI	0.5	1.0	1.0	0.778			0.778	0.25		1.0	0.778		0.714	1.0
4685	AT5G59660	RI		1.0	1.0	1.0	0.2	1.0	1.0	1.0	1.0	1.0	1.0	1.0	1.0	1.0
4686	AT5G24260	RI	0.0	0.217	0.176	0.082	0.077	0.176	0.185	0.083	0.12	0.2	0.116	0.375	0.048	0.077
4687	AT5G59710	RI	0.375	0.182	0.081	0.158	0.143	0.333	0.226	0.286	0.0	0.2	0.136	0.176	0.333	0.333
4688	AT5G59750	RI	0.0	0.75	0.4	0.224	0.0	0.0	0.76	0.467	0.333		0.4	0.111	0.152	0.0
4693	AT2G34010	RI	0.333	0.714	0.273	0.226	0.0		0.25	0.36	0.0	0.143	0.385	0.333	0.419	0.5
4694	AT5G37590	RI	0.5	1.0	0.143	0.2	0.0	0.5	0.429	0.455	0.0	0.333	0.5	0.385	0.333	0.143
4695	AT1G01370	RI	1.0			1.0			0.0	1.0		0.429	0.2	1.0	0.333	
4696	AT1G27880	RI	0.333						1.0	0.0			1.0		1.0	
4697	AT5G66180	RI	0.059	0.047	0.042	0.101	0.082	0.067	0.139	0.09	0.111	0.088	0.024	0.038	0.135	0.099
4700	AT5G17010	RI	0.333	0.0	0.0	0.0	0.0		0.103	0.0	0.0	0.5		0.143	0.0	0.0
4701	AT5G17010	RI	0.2			1.0			1.0	0.0		0.5	0.0	1.0	0.0	
4704	AT5G60210	RI	0.333	1.0	0.429	0.5	1.0	0.467	0.455	0.5	0.429	0.0	0.714	0.333	0.25	0.0
4707	AT5G60370	RI	0.333	0.286	0.333	0.103	0.333	0.0	0.412	0.25	0.2	0.5	0.833	0.0	0.444	0.143
4708	AT2G02450	RI		0.429	1.0	0.647	1.0	1.0	1.0	0.368	1.0	0.333	0.143	0.6	0.833	0.556
4709	AT5G60410	RI	1.0	0.891	0.971	0.97	0.889	0.824	0.986	0.965	0.957	1.0	0.942	1.0	0.933	0.949
4710	AT5G60590	RI	1.0	0.515	0.788	0.515	1.0		0.705	0.68	0.0	0.0	1.0	0.615	0.347	0.347
4711	AT5G60590	RI	1.0	0.111	0.5	0.2	0.111	0.0	0.304	0.308	0.0	0.0	0.375	0.556	0.167	0.333
4713	AT5G67240	RI	0.056	0.1	0.154	0.241	0.176	0.176	0.345	0.143	0.032	0.097	0.275	0.12	0.038	0.059
4714	AT1G17590	RI	1.0	0.5	0.429	0.692	0.0		0.412	0.273	0.333	0.091	0.333	0.273	0.167	1.0
4716	AT5G61190	RI	0.6	0.059	0.2	0.154	0.091	0.0	0.714	0.538		0.333	0.143		0.0	0.2
4717	AT5G61190	RI	1.0	1.0	1.0	0.846	1.0	1.0	1.0	1.0	1.0	1.0	1.0	1.0	1.0	1.0
4718	AT5G61190	RI	1.0	1.0	0.778	1.0	1.0	1.0	0.889	1.0	1.0	1.0	1.0	1.0	1.0	1.0
4719	AT5G61190	RI	0.2	0.0	0.6	0.455	0.5	1.0	0.286	0.071	0.25	0.333	0.0	0.25	0.304	0.429
4720	AT5G61190	RI	0.0	0.6	0.286	0.481	0.6	0.333	0.2	0.6	0.333	0.2	0.25	0.2	0.529	0.0
4721	AT5G61190	RI	1.0	1.0	1.0	0.944	1.0	1.0	0.857	1.0	1.0	1.0	1.0	1.0	0.913	1.0
4722	AT5G61190	RI	0.455	0.238	0.2	0.296	0.5	1.0	0.118	0.167	0.538	0.385	0.097	0.217	0.263	0.2
4723	AT5G61270	RI		1.0	1.0	0.667	0.0		1.0	0.571	0.5		1.0	1.0	0.333	
4724	AT5G61310	RI	0.429	0.556	0.333	0.273	0.5	1.0	0.333	0.333	0.5	0.667	0.405	0.2	0.176	0.6
4725	AT4G35770	RI	0.049	0.054	0.064	0.069	0.047	0.053	0.063	0.056	0.051	0.043	0.054	0.05	0.046	0.062
4726	AT4G35770	RI	0.038	0.045	0.049	0.052	0.032	0.046	0.058	0.041	0.041	0.039	0.052	0.032	0.037	0.044
4727	AT4G35770	RI	1.0	0.997	1.0	1.0	1.0	1.0	1.0	1.0	1.0	1.0	1.0	1.0	1.0	1.0
4728	AT4G35770	RI	0.894	0.85	0.891	0.882	0.81	0.86	0.913	0.872	0.829	0.899	0.875	0.905	0.834	0.905
4730	AT1G78955	RI							0.333				0.333			
4731	AT1G09932	RI			0.0				0.333	0.143			0.0	0.0	0.0	1.0
4732	AT5G61500	RI	0.167	0.139	0.189	0.132	0.095	0.143	0.237	0.177	0.174	0.224	0.173	0.129	0.189	0.069
4733	AT5G61530	RI	0.882	0.767	0.864	0.873	0.806	0.733	0.833	0.836	0.92	0.826	0.864	0.857	1.0	0.9
4734	AT5G61530	RI	0.17	0.234	0.261	0.088	0.207	0.05	0.179	0.19	0.238	0.211	0.176	0.208	0.102	0.148
4735	AT5G61540	RI		0.667	0.667	0.25	0.5		1.0	0.176	0.429	1.0	0.375	0.25	0.394	1.0
4736	AT3G09550	RI					1.0		1.0	1.0	0.0			1.0	1.0	
4737	AT3G03030	RI	0.333	0.273	0.091	0.2		0.0	0.231	0.0	0.0	0.0	0.5	0.2	0.0	1.0
4740	AT1G76630	RI	0.25	0.176	0.2	0.44	0.4		0.2	0.143	0.6	0.333	0.304	0.385	0.2	0.25
4742	AT5G62000	RI	0.106	0.151	0.131	0.127	0.062	0.071	0.111	0.13	0.101	0.083	0.088	0.109	0.098	0.121
4743	AT3G23710	RI	0.026	0.143	0.071	0.111	0.0	0.25	0.086	0.059	0.091	0.0	0.2	0.02	0.053	0.0
4744	AT5G62130	RI	0.333	0.158	0.5	0.347	0.273	0.429	0.455	0.375	0.412	0.25	0.471	0.455	0.375	0.0
4745	AT5G62130	RI	0.3	0.029	0.2	0.103	0.067	0.037	0.312	0.106	0.294	0.04	0.127	0.118	0.12	0.043
4746	AT5G62165	RI		0.5	1.0	1.0	0.0		0.143	1.0			0.0	1.0	1.0	
4747	AT5G62165	RI	0.0	1.0	1.0	1.0	0.0		0.143	0.143		0.0	0.077	1.0	1.0	0.0
4748	AT5G62165	RI	1.0	0.0	1.0	0.5	1.0	1.0	1.0	0.667	1.0	0.333	0.5		0.5	0.0
4749	AT5G62165	RI	1.0	1.0	0.667	1.0	1.0	1.0	1.0	0.667		1.0	0.75	0.333	1.0	
4750	AT5G62165	RI	1.0	0.25	1.0	0.333		1.0	1.0	0.5		0.0	0.333	0.333	1.0	0.333
4751	AT5G62260	RI	0.0	0.5	0.143	0.111	0.0	0.0	0.0	0.333		0.333	0.0	0.0	0.0	
4752	AT5G12040	RI	0.0	0.0	0.137	0.05	0.111	1.0	0.125	0.191	0.222	0.067	0.023	0.074	0.026	0.0
4753	AT5G62460	RI	1.0	1.0	1.0	1.0			1.0	1.0	1.0	1.0	0.6	1.0	1.0	
4754	AT5G62480	RI	0.636	0.867	0.846	0.8	0.2		0.846	1.0	1.0	1.0	0.873	0.895	0.81	1.0
4756	AT2G21195	RI	0.135	0.213	0.143	0.2	0.2	0.273	0.265	0.093	0.25	0.167	0.208	0.193	0.207	0.308
4757	AT5G62760	RI	1.0	0.636	0.429	0.273	0.333	0.5	0.9	0.556	0.333	0.667	0.368	1.0	0.125	1.0
4758	AT1G79790	RI	0.182	0.571	0.268	0.137	0.2	0.0	0.397	0.354	0.188	0.286	0.556	0.222	0.412	0.556
4759	AT1G79790	RI	1.0	1.0	1.0	1.0	1.0		0.818	1.0	1.0	1.0	1.0	1.0	1.0	1.0
4760	AT1G79790	RI	0.091	0.045	0.163	0.088	0.143	0.0	0.175	0.137	0.1	0.077	0.314	0.143	0.18	0.083
4762	AT5G62880	RI	0.039	0.084	0.114	0.112	0.05	0.106	0.128	0.045	0.059	0.043	0.176	0.174	0.051	0.109
4763	AT5G62950	RI	0.123	0.054	0.158	0.138	0.067	0.2	0.133	0.091	0.111	0.048	0.156	0.103	0.099	0.143
4764	AT5G62950	RI	0.429	1.0	1.0	0.739	0.714	1.0	0.517	0.5	1.0	0.714	1.0	1.0	0.818	1.0
4766	AT1G30410	RI	0.125	0.538	0.3	0.25	0.238	0.6	0.424	0.381	0.158	0.444	0.098	0.0	0.317	0.524
4767	AT1G30410	RI	0.188	0.091	0.333	0.405	0.0	0.0	0.08	0.29	0.5	0.0	0.185	0.176	0.091	0.286
4769	AT5G63160	RI	0.286	0.271	0.258	0.215	0.214	0.197	0.284	0.233	0.266	0.236	0.298	0.187	0.164	0.213
4770	AT5G63160	RI	0.202	0.251	0.261	0.207	0.167	0.244	0.296	0.178	0.203	0.181	0.202	0.247	0.182	0.231
4772	AT5G63370	RI	0.755	0.689	0.825	0.706	0.5	0.8	0.737	0.613	0.618	0.474	0.688	0.763	0.625	0.778
4773	AT5G63370	RI	0.673	0.667	0.771	0.754	0.649	0.818	0.761	0.708	0.644	0.864	0.682	0.747	0.669	0.814
4774	AT5G63370	RI	0.594	0.526	0.586	0.597	0.497	0.663	0.598	0.563	0.653	0.624	0.693	0.63	0.649	0.656
4775	AT1G60640	RI	0.333	1.0	0.2	0.647	0.143		0.5	0.0	0.0		0.556	0.25	0.2	0.0
4776	AT5G63580	RI			0.0	0.0			1.0	0.0		0.0	0.0	1.0	0.0	
4777	AT3G27473	RI				0.0		1.0		1.0	1.0				1.0	1.0
4778	AT5G63700	RI	0.333		0.111	0.0	0.333	1.0	0.556	0.0	1.0	0.0	0.5	0.0	0.0	0.429
4779	AT3G49320	RI		0.0	0.0	0.143	0.143		1.0				0.333	0.2	0.167	
4780	AT5G39040	RI	0.0	0.259	0.125	0.2	1.0	0.0	0.36	0.103	0.111	0.143	0.091	0.235	0.256	0.053
4781	AT5G64000	RI	1.0		1.0	1.0			1.0	0.714	1.0	1.0	0.778	1.0	0.667	1.0
4782	AT3G45190	RI	0.348	0.292	0.325	0.302	0.281	0.2	0.266	0.174	0.133	0.259	0.21	0.156	0.192	0.2
4783	AT5G64130	RI	0.02	0.027	0.024	0.019	0.013	0.0	0.019	0.018	0.008	0.009	0.02	0.026	0.023	0.025
4784	AT5G64130	RI	0.029	0.016	0.036	0.026	0.014	0.0	0.034	0.039	0.028	0.004	0.041	0.03	0.026	0.022
4785	AT5G64170	RI	1.0	1.0	0.889	1.0	1.0	1.0	1.0	1.0	1.0	1.0	1.0	1.0	1.0	1.0
4786	AT5G64330	RI	0.137	0.049	0.139	0.087	0.014	0.111	0.036	0.015	0.042	0.073	0.042	0.0	0.0	0.069
4787	AT5G64360	RI	0.2	0.238	0.333	0.619	0.385	0.333	0.391	0.765	0.111	0.286	0.467	0.111	0.273	1.0
4788	AT1G05630	RI	0.333	0.6	0.429	0.222	0.25	0.5	0.444	0.556	0.333	1.0	1.0	0.059	0.5	0.667
4789	AT1G05630	RI	0.5	0.333	0.0	0.286	0.0	0.0	0.143	0.231	0.333	0.714	0.6	0.5	0.429	1.0
4790	AT5G64570	RI	0.045	0.035	0.045	0.071	0.054	0.034	0.055	0.045	0.056	0.068	0.061	0.057	0.063	0.038
4792	AT5G37478	RI	0.0				0.0	0.0		0.0			0.143		0.0	0.0
4793	AT5G37478	RI		0.2		0.333	0.0		0.333	0.0		0.0	1.0		0.0	
4794	AT3G57680	RI		1.0		0.429	1.0	0.0	0.0	0.0			0.714		0.429	0.0
4795	AT1G68740	RI		0.0	0.0	0.077	0.0		0.6	0.6		0.0	0.167	0.0	0.2	1.0
4796	AT5G65000	RI	0.429	0.0	0.0	0.28	0.0	0.0	0.111	0.077	0.0	0.2	0.111	0.5	0.135	0.125
4798	AT3G08505	RI		0.0	0.077	0.0	0.333		0.0	0.0		0.25	0.0	0.0	0.0	0.0
4799	AT5G65050	RI	0.089	0.077	0.086	0.048	0.059	0.045	0.088	0.05	0.029	0.046	0.067	0.121	0.068	0.107
4800	AT5G65120	RI	0.5	0.667	0.0	0.0	0.333	0.0	0.143	0.0	0.0	0.333	0.077	0.0	0.182	0.0
4801	AT5G65180	RI	0.077	0.25	0.31	0.179	0.0	1.0	0.2	0.222	0.1	0.333	0.308	0.067	0.1	0.091
4802	AT1G16610	RI	1.0	1.0	1.0	0.867	1.0	1.0	0.905	0.733	1.0	1.0	1.0	1.0	1.0	1.0
4803	AT1G09090	RI	0.0	0.0	0.502	0.0	0.0	0.0	0.386	0.335	0.716	0.0	0.168	0.144	0.168	
4806	AT5G65440	RI	0.0	0.0	0.0	0.053	0.0	0.0	0.022	0.032	0.0	0.2	0.024	0.1	0.0	0.111
4807	AT5G65440	RI	0.214	0.152	0.429	0.196	0.417	0.2	0.368	0.3	0.0	0.04	0.3	0.222	0.176	0.067
4808	AT5G65460	RI	0.0	0.2	0.4	0.193	0.25	0.0	0.282	0.104	0.333	0.2	0.281	0.022	0.104	0.111
4809	AT5G65460	RI	0.0	0.167	0.333	0.211	0.143	0.0	0.5	0.444	0.0	0.143	0.333	0.2	0.0	0.2
4810	AT5G65510	RI	0.0	0.333	0.0	0.0			0.2	0.2		0.0	0.2	0.143	0.556	0.333
4811	AT5G65560	RI	1.0	0.333	1.0	0.333		0.75	1.0	0.273		0.333	0.75	0.667	0.333	1.0
4812	AT5G65560	RI	1.0	0.201	0.531	0.201		1.0	1.0	0.251		0.144	0.37	0.668	0.335	0.716
4813	AT5G50340	RI							1.0							0.0
4814	AT5G65690	RI	0.0			0.0			0.4	0.0			0.0		0.333	
4815	AT5G06250	RI			1.0				0.0	0.0	0.0		1.0	1.0	1.0	0.0
4816	AT5G65940	RI	0.189	0.241	0.097	0.174	0.037	0.067	0.316	0.185	0.0	0.176	0.154	0.048	0.077	0.083
4817	AT5G65970	RI	0.6	0.231	0.2	0.314	0.5	0.0	0.333	0.2	0.429	0.222	0.316	0.538	0.333	0.333
4818	AT5G66040	RI	0.031	0.029	0.025	0.023	0.021	0.029	0.028	0.033	0.024	0.02	0.017	0.029	0.019	0.025
4819	AT5G66110	RI	0.143	1.0	1.0	0.895	0.0	0.333	0.778	1.0	0.429	1.0	0.714	1.0	0.556	1.0
4820	AT3G63450	RI	1.0	1.0	1.0	1.0	1.0	1.0	1.0	0.857	1.0	0.25	0.5	0.714	0.5	1.0
4821	AT3G63450	RI	1.0	0.667	0.667	1.0			1.0	0.846			1.0	0.684	0.429	1.0
4822	AT2G37510	RI		0.0	0.714	0.0	0.0		0.5	0.333	0.0		0.5	0.0	0.273	0.0
4823	AT5G64700	RI	0.0	0.333	0.13	0.2	1.0		0.176	0.0	0.0	0.0	0.037	0.059	0.0	0.143
4824	AT5G66450	RI		0.0	1.0	1.0		0.6	0.6	0.273	1.0	0.333	1.0	0.5	0.714	0.5
4825	AT5G66470	RI	1.0	1.0	1.0	1.0	1.0	1.0	0.913	1.0	1.0	1.0	1.0	1.0	1.0	1.0
4826	AT5G60100	RI		0.0	0.0	0.3	0.0	0.333	0.125	0.043	0.0	0.0	0.0	0.167	0.2	0.0
4827	AT5G60100	RI	0.0	0.0	0.0	0.0	0.0	0.429	0.0	0.0	0.0	0.071	0.032	0.167	0.0	0.0
4828	AT5G60100	RI	0.375	0.0	0.75	0.231	0.6		0.6	0.0	0.143	0.2	0.429	0.231	0.172	0.176
4829	AT5G66550	RI	0.5	0.714	0.0	0.176	0.0	0.0	0.5	0.333	0.25	0.143	0.25	0.167	0.333	0.333
4830	AT5G66558	RI	0.6	0.333	0.455	0.65	0.333	0.333	0.706	0.882	0.733	0.333	0.538	0.6	0.742	0.556
4831	AT5G09720	RI							1.0	1.0					0.0	
4832	AT5G66600	RI	0.0	0.143	0.111	0.091	0.0		0.231	0.111	0.5	0.0	0.273	0.375	0.6	1.0
4833	AT5G66600	RI	0.0	0.0	0.0	0.385	0.0		0.5	0.429	0.333	1.0	0.75	1.0	0.067	0.25
4836	AT5G66610	RI		0.0	0.0	0.0	0.0	1.0	0.507	0.0			0.114	0.0	1.0	
4837	AT4G34310	RI	0.333	0.818	0.231	0.455	0.667	0.0	0.059	0.556	0.714	0.6	0.4	0.143	0.2	0.0
4838	AT4G34310	RI	1.0	1.0	1.0	1.0	1.0	0.0	0.25	1.0	1.0	1.0	0.692	1.0		
4839	AT4G34310	RI		0.333	0.429	0.267	0.0	0.6	0.417	0.25	1.0	1.0	0.5	0.2	0.385	0.0
4840	AT4G34310	RI	0.231	0.333	0.167	0.037	0.143	0.0	0.152	0.116	0.1	1.0	0.128	0.0	0.238	0.0
4841	AT5G66675	RI	1.0	0.9	0.818	0.548	1.0	0.75	0.923	1.0	1.0	1.0	1.0	1.0	0.818	0.8
4842	AT5G66675	RI	1.0	1.0	0.875	1.0	1.0	1.0	0.84	0.931	1.0	1.0	0.714	1.0	1.0	1.0
4845	AT3G06920	RI	1.0		0.2	0.091			0.467	0.778	1.0	0.0	0.0	0.375	0.333	0.0
4846	AT1G07890	RI	0.8	0.826	0.824	0.644	0.448	0.5	0.581	0.391	0.529	0.467	0.667	0.724	0.806	0.846
4847	AT1G07890	RI	0.03	0.028	0.051	0.065	0.021	0.037	0.06	0.062	0.067	0.018	0.048	0.039	0.042	0.051
4848	AT1G01020	RI	0.1	0.091	0.032	0.024	0.059	0.0	0.111	0.055	0.0	0.0	0.149	0.048	0.018	0.048
4849	AT1G01020	RI	0.176	0.35	0.238	0.241	0.2	0.778	0.481	0.304	0.2	0.5	0.571	0.043	0.333	0.0
4850	AT5G66930	RI	0.125	0.125	0.188	0.2	0.034	0.333	0.25	0.254	0.0	0.294	0.258	0.023	0.07	0.25
4851	AT1G61490	RI		1.0		0.6	1.0		1.0	1.0	1.0	1.0	0.714	0.667	1.0	
4852	AT1G61490	RI	1.0	1.0		0.6	1.0		1.0	0.6	1.0	1.0	1.0	0.333	1.0	1.0
4853	AT1G61490	RI		0.0	0.0	0.0			0.0	0.335			1.0	0.0		
4854	AT3G06510	RI	0.106	0.137	0.31	0.217	0.176	0.179	0.358	0.22	0.289	0.318	0.279	0.322	0.091	0.209
4855	AT3G11290	RI	0.143	0.143	0.048	0.16	0.176	0.0	0.31	0.261	0.059	0.2	0.102	0.13	0.167	0.111
4856	AT2G38920	RI					1.0									0.0
4859	AT5G67430	RI		0.0	0.5	0.25			0.333	0.5	0.0	0.6	0.5	0.636	0.231	0.0
4860	AT5G67520	RI	0.143	0.429	0.5	0.2		0.0	0.333	0.333	0.0	0.0	0.062	0.529	0.048	0.333
4861	AT1G67300	RI	0.182	0.351	0.351	0.134	0.455	0.333	0.242	0.294	0.0	0.167	0.148	0.091	0.139	0.143
4862	AT5G57630	RI	0.061	0.057	0.095	0.174	0.091	0.0	0.124	0.1	0.087	0.1	0.087	0.056	0.061	0.13
4863	AT3G01100	RI	0.053	0.12	0.2	0.139	0.143	0.333	0.256	0.148	0.217	0.077	0.149	0.175	0.085	0.0
4864	AT3G01100	RI	0.059	0.176	0.304	0.25	0.04	0.0	0.318	0.19	0.0	0.333	0.095	0.267	0.103	0.091
4865	AT5G10710	RI	0.111	0.13	0.091	0.44	0.143	0.143	0.2	0.333	0.077	0.125	0.396	0.185	0.24	0.333
4866	AT5G01410	RI	1.0	0.652	1.0	0.875	1.0	1.0	0.854	1.0	1.0	0.846	0.929	0.895	0.9	1.0
4867	AT3G01560	RI	0.185	0.2	0.2	0.212	0.263	0.0	0.243	0.2	0.125	0.2	0.2	0.216	0.228	0.263
4868	AT3G15351	RI	0.333	0.5	0.0	0.36	0.467	0.111	0.5	0.286	0.0	0.333	0.6	0.111	0.04	0.5
4869	AT3G15351	RI	0.0	0.2	0.143	0.043	0.176	0.333	0.122	0.045	0.091	0.429	0.077	0.13	0.231	0.375
4870	AT3G15351	RI	0.1	0.02	0.179	0.019	0.077	0.111	0.158	0.111	0.0	0.333	0.086	0.034	0.29	0.167
4871	AT2G26210	RI	1.0	1.0	1.0	0.6	0.333		1.0	1.0		1.0	0.5	0.333	0.714	1.0
4872	AT2G26210	RI	0.03	0.032	0.014	0.073	0.013	0.097	0.085	0.067	0.0	0.053	0.098	0.067	0.032	0.056
4873	AT2G26210	RI		1.0	1.0	1.0	1.0	1.0	1.0	1.0		1.0	0.8	1.0	1.0	1.0
4874	AT2G26210	RI	0.333	0.2	0.556	0.448	0.143	0.333	0.417	0.444		0.5	0.333	0.455	0.364	0.231
4875	AT2G26210	RI	1.0	1.0	0.953	1.0	1.0	1.0	1.0	1.0	1.0	0.944	1.0	1.0	1.0	1.0
4876	AT2G26210	RI	0.571	0.525	0.505	0.477	0.521	0.59	0.617	0.588	0.556	0.513	0.522	0.49	0.571	0.689
4878	AT3G01990	RI								1.0					0.429	1.0
4879	AT3G01990	RI			0.0					1.0				0.0	0.714	1.0
4882	AT3G48050	RI	0.156	0.324	0.265	0.25	0.292	0.417	0.307	0.368	0.206	0.281	0.109	0.541	0.476	0.391
4883	AT3G02150	RI	0.543	0.353	0.655	0.508	0.625	0.44	0.846	0.6	0.5	0.81	0.75	0.66	0.567	0.273
4884	AT1G54790	RI	0.0	0.5	0.6	0.667	0.667	0.2	0.714		0.0	0.429	0.6	0.5	1.0	1.0
4885	AT3G02280	RI			0.0	0.0									1.0	
4887	AT3G02290	RI		1.0	1.0	1.0	1.0		0.8	1.0			1.0	1.0	0.75	1.0
4889	AT3G02540	RI	0.061	0.019	0.02	0.026	0.013	0.0	0.071	0.046	0.0	0.008	0.02	0.015	0.02	0.028
4891	AT1G07570	RI	0.273	0.1	0.238	0.111	0.091	0.0	0.103	0.106	0.5	0.333	0.083	0.125	0.04	0.25
4892	AT2G46610	RI	1.0	0.556	0.375	0.647	0.714	0.636	0.913	0.619	0.333	0.25	0.5	0.5	1.0	0.2
4893	AT2G46610	RI	0.6	0.5	0.412	0.421	1.0	0.636	0.448	0.533	0.636	0.6	0.75	0.905	0.286	0.667
4894	AT3G02740	RI	0.36	0.2	0.103	0.385	0.364	0.167	0.375	0.317	0.273	0.176	0.318	0.273	0.262	0.636
4895	AT3G02750	RI	0.044	0.006	0.061	0.045	0.04	0.0	0.052	0.075	0.03	0.016	0.044	0.029	0.042	0.017
4896	AT3G02750	RI	0.0	0.121	0.049	0.048	0.023	0.0	0.069	0.023	0.2	0.0	0.018	0.038	0.097	0.072
4897	AT2G20100	RI	1.0	1.0	1.0		1.0		1.0	1.0	1.0	1.0	1.0	0.5	1.0	0.5
4898	AT2G20100	RI	0.2	0.636	0.2	0.111	0.667	0.0	0.833	0.5	1.0	0.2	0.25	0.333	0.222	1.0
4901	AT3G02890	RI	0.0		0.0	0.2			0.333	0.0	1.0	0.0	1.0	0.385	0.5	0.5
4902	AT3G02890	RI	0.0	0.0	0.0	0.0	0.0		0.077	0.231		0.5	0.25	0.5	0.111	0.5
4903	AT3G02940	RI				0.0			0.429	0.0			0.0		0.0	
4904	AT4G36480	RI	0.25	0.179	0.154	0.097	0.083	0.125	0.134	0.133	0.053	0.083	0.088	0.164	0.148	0.128
4905	AT3G02980	RI	0.5		0.2	0.6	1.0		0.333	0.0	0.333		0.25	0.714	0.5	
4906	AT3G04020	RI	0.429	0.6	0.111	0.429	0.2		0.0	0.0		0.0	0.231	0.0	0.333	0.333
4907	AT3G04020	RI	1.0	1.0	1.0	1.0	1.0				0.0		1.0		1.0	1.0
4908	AT3G03010	RI	0.158	0.0	0.091	0.116	0.048	0.385	0.261	0.0	0.091	0.143	0.375	0.04	0.538	0.25
4909	AT3G03010	RI	0.083	0.158	0.241	0.152	0.0	0.0	0.111	0.122	0.0	0.091	0.429	0.042	0.143	0.529
4910	AT3G03180	RI	0.048	0.023	0.059	0.053	0.167	0.1	0.103	0.055	0.212	0.086	0.172	0.106	0.077	0.021
4911	AT3G03180	RI	0.0	0.0	0.2	0.057	0.097	0.077	0.097	0.185	0.091	0.143	0.048	0.095	0.037	0.143
4913	AT3G13060	RI	0.525	0.67	0.417	0.494	0.703	0.455	0.407	0.429	0.537	0.741	0.607	0.31	0.427	0.439
4914	AT3G03380	RI	0.775	0.915	0.799	0.799	0.827	0.651	0.864	0.879	0.816	0.895	0.827	0.729	0.805	0.941
4915	AT3G03420	RI	0.5	0.556	1.0	0.103	0.0	0.0	0.13	0.053	0.111	0.0	0.059	0.2	0.032	0.143
4916	AT3G13790	RI	0.043	0.077	0.043	0.055	0.2	0.0	0.014	0.056	0.0	0.032	0.022	0.111	0.03	0.0
4917	AT3G13790	RI	0.034	0.179	0.143	0.071	0.048	0.071	0.043	0.143	0.0	0.0	0.06	0.077	0.065	0.059
4918	AT2G42070	RI	0.0	0.0	0.053	0.172	0.0	0.0	0.28	0.12	0.111	0.0	0.048	0.0	0.13	0.091
4919	AT1G51840	RI	1.0	1.0		1.0			1.0				1.0		0.0	1.0
4920	AT1G51840	RI		0.2		1.0			1.0				1.0	0.0	0.0	
4926	AT3G03773	RI	0.0	0.0	0.0	0.097	0.333	0.0	0.091	0.12	0.143	0.167	0.143	0.0	0.2	0.0
4929	AT1G58280	RI		1.0	0.0	0.2		0.333	0.0	0.143	0.0		0.333	0.0	0.778	
4930	AT3G03900	RI	0.0	0.0	0.143	0.667	0.5	0.0	0.25	0.333		0.0	0.0	0.111	0.1	
4933	AT3G54620	RI	1.0	0.953	1.0	0.805	0.933	1.0	1.0	1.0	0.935	1.0	0.897	0.963	0.971	1.0
4934	AT3G54620	RI	0.048	0.184	0.178	0.164	0.111	0.273	0.147	0.204	0.25	0.056	0.244	0.205	0.205	0.228
4935	AT3G04160	RI	0.143	0.273	0.304	0.333	0.143	1.0	0.333	0.048	0.0	1.0	0.091	0.2	0.571	
4936	AT3G18780	RI	0.005	0.004	0.002	0.004	0.003	0.001	0.003	0.002	0.0	0.002	0.002	0.001	0.004	0.001
4937	AT3G04500	RI	0.476	0.5	0.37	0.526	0.451	0.481	0.569	0.518	0.436	0.407	0.613	0.413	0.542	0.55
4938	AT3G04500	RI	0.048	0.056	0.041	0.046	0.029	0.023	0.022	0.072	0.037	0.072	0.055	0.03	0.039	0.138
4939	AT4G24880	RI	0.091	0.167	1.0	0.667	0.167	0.0	0.333	0.222	0.0	0.111	0.0	0.172	0.067	0.5
4940	AT3G49430	RI	0.13	0.2	0.257	0.2	0.053	0.556	0.169	0.228	0.231	0.333	0.167	0.156	0.226	0.333
4941	AT3G49430	RI	0.462	0.259	0.371	0.387	0.176	0.833	0.421	0.35	0.286	0.407	0.465	0.619	0.306	0.545
4942	AT3G49430	RI	0.643	0.667	0.81	0.821	0.846	0.9	0.942	0.873	0.778	0.846	0.89	0.879	0.702	0.786
4943	AT3G49430	RI	1.0	1.0	1.0	1.0	1.0	1.0	0.934	1.0	1.0	0.909	1.0	1.0	1.0	1.0
4944	AT3G49430	RI	0.056	0.024	0.095	0.066	0.0	0.0	0.093	0.038	0.037	0.053	0.008	0.034	0.035	0.02
4946	AT3G04610	RI	0.289	0.321	0.308	0.339	0.273	0.391	0.426	0.147	0.179	0.087	0.372	0.37	0.2	0.476
4947	AT4G00460	RI	1.0		1.0	1.0	1.0	0.0	1.0	1.0	0.5	0.556	1.0	0.667	1.0	1.0
4948	AT4G00460	RI			0.0	1.0			0.304	1.0					0.0	1.0
4949	AT3G04770	RI	0.0	0.0	0.231	0.2	0.0	0.0	0.2	0.0	0.0	0.0	0.0	0.333	0.067	0.333
4950	AT4G17370	RI	0.241	0.209	0.081	0.067	0.062	0.0	0.138	0.099	0.0	0.131	0.062	0.039	0.048	0.07
4951	AT3G04890	RI	0.0	0.336	0.092	0.253	0.503	0.0	0.169	0.603	0.0	0.178	0.307	0.367	0.202	0.367
4952	AT3G04910	RI	0.072	0.03	0.089	0.064	0.067	0.071	0.096	0.078	0.084	0.026	0.075	0.039	0.043	0.067
4953	AT3G04970	RI	0.333	0.143	0.048	0.056	0.0	0.25	0.136	0.086	0.0	0.0	0.095	0.143	0.333	0.0
4954	AT3G04970	RI	0.2	0.294	0.111	0.143	0.0	1.0	0.5	0.091	0.273	0.333	0.556	0.333	0.182	0.2
4956	AT1G31850	RI	0.333	0.25	0.333	0.368	0.273	0.2	0.364	0.263	0.429	0.429	0.304	0.053	1.0	0.2
4958	AT4G03820	RI	0.2	0.333	0.032	0.125	0.0	0.0	0.095	0.067	0.429	0.0	0.13	0.053	0.118	0.2
4960	AT3G05380	RI	0.111	0.067	0.111	0.067	0.0	0.0	0.412	0.0	0.143	0.091	0.077	0.0	0.059	0.059
4961	AT3G05380	RI	1.0	1.0	1.0	1.0	1.0		1.0	1.0	1.0	1.0	1.0		1.0	0.333
4962	AT2G39445	RI	0.538	0.6	0.357	0.304	0.4	1.0	0.412	0.429	1.0	0.5	0.304	0.231	0.238	0.0
4963	AT3G05640	RI	1.0	1.0	0.982	0.99	0.975	1.0	0.976	0.995	1.0	0.969	1.0	0.974	0.98	1.0
4964	AT3G05675	RI	1.0	1.0	1.0	1.0			1.0	1.0			0.714	1.0	0.667	1.0
4965	AT3G07565	RI	0.048	0.0	0.2	0.122	0.067		0.273	0.086	0.0	0.111	0.179	0.143	0.0	0.0
4966	AT3G05750	RI	0.0		0.341	0.341	0.341		1.0	1.0	0.0		0.079	0.0	1.0	
4967	AT1G60730	RI	0.0	0.0	0.0	0.0	0.0	0.0	0.023	0.25	0.0		0.0	0.0	0.0	0.0
4968	AT5G08750	RI			1.0				0.714	1.0					0.5	1.0
4969	AT5G08750	RI	0.0	0.2	0.2	0.235	0.0		0.429	0.067	1.0	0.333	0.111	0.231	0.25	0.231
4970	AT5G08750	RI		1.0	0.0	1.0			1.0		1.0	0.333	0.333	1.0	1.0	1.0
4971	AT5G08750	RI	1.0	0.68	0.697	0.667	1.0	1.0	0.655	1.0	0.636	1.0	0.543	1.0	0.686	0.733
4972	AT3G05920	RI	0.367	0.403	0.202	0.266	0.092	0.503	0.202	0.053	0.145	0.0	0.222	0.293	0.056	0.0
4973	AT3G24515	RI		1.0	0.515	0.0			0.0	0.0			0.151	0.347	0.0	
4974	AT3G06080	RI	0.278	0.198	0.296	0.239	0.165	0.138	0.285	0.28	0.154	0.128	0.191	0.191	0.168	0.195
4975	AT3G47490	RI	0.231	0.455	0.263	0.192	0.273	0.2	0.444	0.111	0.333	0.2	0.152	0.118	0.057	0.333
4978	AT5G04700	RI	0.0	0.335	1.0	1.0	1.0		0.0		1.0	0.0	1.0		0.502	1.0
4979	AT3G06190	RI	0.6	0.385	0.474	0.191	0.143	0.143	0.278	0.28	0.0	0.25	0.524	0.417	0.28	0.0
4981	AT5G55060	RI	0.333	0.182	0.28	0.304	0.4	0.0	0.474	0.263	0.091	0.333	0.429	0.263	0.312	0.429
4983	AT3G06370	RI	0.0		0.0	0.0	0.0		0.0	1.0	0.0	0.0	0.0	0.333	0.0	0.0
4984	AT2G27450	RI	0.0	0.116	0.077	0.062	0.091	0.125	0.067	0.077	0.083	0.12	0.149	0.022	0.091	0.062
4985	AT3G06440	RI	1.0	1.0	1.0	0.935	1.0	0.75	0.923	0.95	1.0	1.0	1.0	1.0	1.0	1.0
4986	AT3G06550	RI	0.048	0.118	0.115	0.058	0.127	0.067	0.078	0.11	0.13	0.167	0.115	0.1	0.076	0.113
4987	AT3G66654	RI	1.0	1.0	1.0	0.778	1.0	0.333	0.407	0.429	0.333	0.333	0.778	0.143	0.231	1.0
4990	AT3G06880	RI	0.143	0.077	0.15	0.333	0.333	0.0	0.13	0.111	0.0	0.0	0.045	0.333	0.333	0.2
4991	AT3G06880	RI		1.0	0.508	1.0	1.0		1.0	1.0	0.0		1.0	0.784	1.0	0.508
4992	AT3G06880	RI	0.0	0.0	0.25	0.5	0.5	0.333	0.268	0.273	0.0	0.333	0.243	0.385	0.241	0.222
4993	AT3G07020	RI	0.091	0.0	0.043	0.018	0.032	0.0	0.051	0.0	0.027	0.0	0.019	0.02	0.009	0.029
4994	AT3G59430	RI	0.0	0.0	0.0	0.0	0.0	0.0	0.077	0.0	0.333	0.0	0.077	0.0	0.143	0.0
4995	AT3G59430	RI	0.0	0.0	0.333	0.077	0.0	0.333	0.03	0.0	0.2	0.0	0.077	0.2	0.2	
4997	AT3G07340	RI		0.143	0.111	0.0	0.2	0.0	0.467	0.0	0.0	0.111	0.083	0.0	0.125	0.111
4998	AT1G06620	RI	0.0		0.048	0.154	0.0		0.4	0.333	0.4	0.2	0.2	0.111	0.125	0.0
4999	AT3G07360	RI	0.146	0.733	0.77	0.435	0.562	1.0	0.87	0.398	0.204	0.606	0.814	0.555	0.447	1.0
5000	AT3G07360	RI	0.667	1.0	1.0	0.714	1.0	1.0	1.0	1.0	1.0	1.0	0.75	1.0	1.0	1.0
5002	AT3G07420	RI	0.0	0.0	0.202	0.0	0.336	0.0	0.092	0.112		0.0	0.253	0.0	0.253	0.0
5003	AT4G32810	RI	0.043	0.046	0.2	0.067	0.0	0.125	0.08	0.16	0.024	0.0	0.111	0.095	0.027	0.059
5004	AT2G16700	RI	0.024	0.098	0.093	0.083	0.055	0.057	0.053	0.104	0.049	0.077	0.074	0.154	0.09	0.074
5005	AT4G28790	RI		1.0	1.0	0.6				0.0			0.0	1.0	0.333	1.0
5006	AT4G28790	RI		1.0	0.0	0.25							0.0	1.0	1.0	0.2
5007	AT4G28790	RI			0.333	0.5			1.0						1.0	1.0
5008	AT4G28790	RI		1.0	1.0	0.143	1.0		0.667	0.5		1.0		1.0	1.0	1.0
5009	AT3G07580	RI	0.5	0.0	0.158	0.238	0.2		0.135	0.029	0.0	0.5	0.176	0.0	0.2	0.5
5010	AT4G03260	RI	1.0	1.0	1.0	1.0	1.0		1.0	1.0			1.0	1.0	0.0	
5012	AT3G07700	RI	0.042	0.0	0.006	0.011	0.017	0.028	0.013	0.0	0.009	0.022	0.031	0.0	0.006	0.0
5013	AT1G48030	RI	0.125	0.135	0.081	0.171	0.143	0.059	0.059	0.25	0.037	0.179	0.176	0.111	0.161	0.03
5014	AT5G25380	RI		0.0	0.0	0.0			0.0	0.333			0.0	0.0	0.0	
5015	AT5G02710	RI	0.158	0.22	0.186	0.135	0.081	0.294	0.231	0.176	0.0	0.217	0.17	0.16	0.097	0.053
5016	AT5G45210	RI		0.0		0.559			0.0	0.0	0.0	1.0		0.0	0.503	0.0
5017	AT5G45210	RI	0.0	0.0	0.333	0.167	0.0		0.5	0.333	0.333	0.0	0.0	0.0	0.5	0.0
5018	AT3G07860	RI	0.0	0.0	0.143	0.15	0.0	0.5	0.083	0.062	0.2	0.0	0.0	1.0	0.0	0.333
5019	AT3G07860	RI	0.667	0.6	0.667	0.154	1.0	0.6	0.68	0.333	0.0	0.333	0.565	0.176	0.212	0.167
5020	AT3G06820	RI	0.111	0.231	0.231	0.176	0.0	0.25	0.125	0.111	0.143	0.25	0.29	0.103	0.037	0.0
5021	AT3G24360	RI					0.0		1.0	0.0			1.0			
5022	AT1G67900	RI	0.0	0.0	0.333	0.214	0.2	1.0	0.25	0.5	0.263	0.143	0.259	0.5	0.243	0.333
5023	AT3G07960	RI				0.0		1.0		0.0			0.0	0.0	1.0	1.0
5024	AT3G07960	RI				0.0					0.0		0.0	0.0		1.0
5025	AT3G09430	RI	1.0		0.2	0.0	1.0		1.0	0.0			1.0		0.5	1.0
5026	AT3G09430	RI		1.0		1.0			0.5	1.0			1.0	1.0	0.667	
5027	AT1G30300	RI	0.4	1.0	0.647	1.0	0.667	1.0	0.692	0.438	1.0	0.692	0.333	0.25	0.652	0.429
5028	AT3G08660	RI	0.333	1.0	0.333	0.0			0.091		0.5	0.429	0.571	1.0	0.091	0.2
5029	AT3G08730	RI	0.0	0.154	0.061	0.068	0.0	0.059	0.143	0.054	0.048	0.0	0.127	0.038	0.042	0.185
5030	AT3G08780	RI	0.133	0.07	0.061	0.12	0.083	0.077	0.143	0.176	0.071	0.154	0.077	0.212	0.158	0.043
5031	AT3G08840	RI	0.048	0.091	0.077	0.053	0.0	0.0	0.118	0.03	0.0	0.2	0.053	0.111	0.037	0.0
5032	AT3G08840	RI	0.2	0.333	0.2	0.317	0.048	0.0	0.308	0.158	0.091	0.429	0.368	0.28	0.467	0.0
5033	AT3G08840	RI	0.5	0.667	0.714	0.556	0.0	0.0	0.6	0.5	1.0	1.0	0.579	1.0	0.0	0.333
5034	AT3G08840	RI	0.333	0.667	0.882	0.381	0.067	0.0	0.314	0.625	0.0	0.6	0.63	0.238	0.259	0.333
5035	AT3G08840	RI	0.201	0.502	0.735	0.621	0.335		0.48	0.801		0.43	1.0	0.602	0.502	1.0
5036	AT3G08840	RI	0.158	0.294	1.0	0.455	0.714	1.0	0.548	0.304	0.143	0.714	0.444	0.2	0.407	1.0
5037	AT3G08840	RI	1.0	1.0	1.0	1.0	1.0	1.0	0.8	0.857	1.0	1.0	0.9	1.0	1.0	1.0
5038	AT3G08840	RI	0.385	0.667	0.714	0.552	0.407	0.571	0.684	0.294	0.226	0.529	0.404	0.586	0.481	0.474
5039	AT3G11890	RI		1.0	0.2	0.429	0.0	1.0	0.333	0.333			0.714	1.0		1.0
5040	AT3G11890	RI		1.0	1.0	1.0		1.0	1.0	1.0	1.0	1.0	1.0		0.0	1.0
5041	AT3G11890	RI	0.263	0.3	0.429	0.273	0.429	0.077	0.231	0.211	0.143	0.286	0.316	0.154	0.333	0.333
5042	AT3G07940	RI	0.0	0.0	0.024	0.05	0.0	0.5	0.042	0.238	0.143	0.25	0.0	0.231	0.106	0.0
5043	AT5G02020	RI	0.056	0.046	0.07	0.061	0.02	0.038	0.089	0.039	0.032	0.041	0.068	0.066	0.072	0.032
5045	AT3G44716	RI	1.0	0.2	0.0	0.667			1.0	1.0	0.5		0.5	0.667	0.0	0.0
5046	AT1G23950	RI	0.15	0.033	0.041	0.06	0.0	0.086	0.115	0.013	0.021	0.038	0.04	0.093	0.073	0.091
5047	AT3G15880	RI	0.375	0.241	0.2	0.2	0.6	0.143	0.333	0.161	0.238	0.0	0.304	0.167	0.08	0.125
5049	AT3G09405	RI	1.0	0.2	0.333	0.692			0.833	1.0			1.0		0.333	1.0
5050	AT5G14220	RI	0.0	0.0	0.0	0.024	0.0	0.0	0.019	0.026	0.0	0.091	0.027	0.0	0.036	0.0
5051	AT1G49130	RI	0.833	0.696	0.803	0.706	0.64	0.92	0.667	0.8	0.892	0.907	0.905	0.787	0.735	0.814
5052	AT1G29560	RI	1.0	1.0	0.207	0.61			0.207	1.0	0.0					
5053	AT3G09540	RI	1.0			1.0	1.0			1.0		0.0				
5054	AT3G09540	RI	0.0		0.0	0.067	0.714			0.167	0.0	0.0	0.0	0.0		0.0
5055	AT3G09600	RI	0.111	0.13	0.4	0.433	0.333	0.167	0.447	0.286	0.231	0.1	0.148	0.297	0.088	0.333
5056	AT3G09600	RI	0.0	0.667	0.167	0.375	1.0	0.2	0.25	1.0	0.5	1.0	0.625	0.5	0.304	0.4
5057	AT3G09600	RI	0.0	0.2	0.111	0.259	0.167	0.143	0.091	0.3	0.077	0.412	0.22	0.179	0.3	0.105
5058	AT3G09600	RI	0.143	0.4	0.243	0.259	0.176	0.5	0.175	0.171	0.091	0.167	0.122	0.25	0.28	0.4
5059	AT3G09660	RI	0.333	0.0	0.333	0.333	0.0		1.0	0.2	0.0		0.4		0.0	0.0
5060	AT4G12780	RI	0.83	0.649	0.816	0.686	0.417	0.857	0.829	0.697	0.852	0.81	0.737	0.718	0.829	0.73
5061	AT4G12780	RI	0.0	0.125	0.2	0.038	0.125	0.333	0.176	0.082	0.0	0.0	0.054	0.211	0.043	0.3
5062	AT4G12780	RI	0.071	0.077	0.115	0.129	0.1	0.111	0.211	0.046	0.0	0.059	0.03	0.0	0.038	0.083
5063	AT3G09800	RI	0.286	0.286	0.273	0.25	0.231	0.0	0.158	0.182	0.167	0.0	0.227	0.176	0.125	0.0
5064	AT3G09800	RI	1.0	1.0	0.5	0.6	1.0		0.478	1.0	1.0	0.5	1.0	0.6	0.25	1.0
5065	AT3G09800	RI	0.176	0.417	0.143	0.259	0.083	0.0	0.391	0.217	0.143	0.2	0.316	0.111	0.364	0.0
5066	AT3G09820	RI	0.007	0.032	0.017	0.005	0.01	0.056	0.02	0.013	0.019	0.011	0.004	0.021	0.003	0.0
5067	AT3G11580	RI	0.0	1.0	0.333	0.0	0.2	1.0	1.0	1.0	0.0	1.0	1.0	0.25		0.6
5068	AT3G09970	RI	0.25	0.243	0.143	0.118	0.077	0.273	0.286	0.412	0.077	0.333	0.147	0.133	0.193	0.1
5069	AT5G08440	RI	0.0	0.286	0.333	0.111	0.2	0.429	0.241	0.467	0.111	0.0	0.091	0.391	0.28	0.067
5070	AT3G10110	RI	0.0	1.0		0.0		1.0	0.0	0.091		1.0		0.0	0.333	
5071	AT3G10110	RI	0.0		0.0				1.0	0.0		1.0	0.0	0.0	1.0	
5072	AT5G18500	RI	1.0	0.75	0.704	0.705	0.667	0.538	0.462	0.692	0.778	1.0	0.852	1.0	0.721	0.833
5073	AT1G72416	RI	0.2	0.067	0.167	0.016	0.231		0.111	0.273	0.0	0.333	0.086	0.2	0.0	0.6
5074	AT1G33720	RI		0.333	0.0	0.429		0.2	0.0	0.333	0.0		0.143		0.0	1.0
5075	AT1G33720	RI	0.333		1.0	0.75			1.0	1.0		0.0	1.0		1.0	
5076	AT3G10420	RI	0.062	0.049	0.061	0.033	0.0	0.167	0.137	0.057	0.103	0.056	0.041	0.054	0.09	0.062
5077	AT5G05930	RI	0.2	0.063	0.235	0.15	0.111	0.143	0.189	0.121	0.057	0.037	0.138	0.134	0.096	0.152
5078	AT5G05930	RI	0.211	0.108	0.186	0.203	0.0	0.161	0.31	0.158	0.118	0.067	0.148	0.314	0.16	0.122
5080	AT3G10450	RI	0.128	0.106	0.143	0.115	0.103	0.032	0.125	0.051	0.094	0.067	0.071	0.167	0.085	0.217
5082	AT3G10500	RI	0.3	0.182	0.189	0.193	0.714	0.222	0.208	0.237	0.067	0.3	0.298	0.143	0.189	0.059
5084	AT3G53920	RI	0.143	0.333	0.333	0.28	0.143	0.333	0.333	0.2	0.143		0.333	0.571	0.25	0.0
5088	AT3G28690	RI	0.222	0.127	0.111	0.12	0.2	0.429	0.245	0.263	0.25	0.333	0.247	0.111	0.116	0.36
5089	AT3G11470	RI	1.0	0.0	0.714	0.667		0.333	0.143	0.143	0.5	0.0	0.333	0.333	0.25	1.0
5090	AT3G11470	RI	0.111	0.0	0.0	0.083	0.0	0.0	0.286	0.059	0.333	0.067	0.231	0.231	0.103	0.0
5091	AT3G11530	RI	0.071	0.043	0.094	0.07	0.077	0.0	0.082	0.07	0.043	0.034	0.033	0.184	0.18	0.135
5093	AT5G24155	RI		0.0		0.0			1.0					1.0	1.0	
5094	AT3G11620	RI	0.212	0.087	0.071	0.07	0.5	0.2	0.175	0.061	0.0	0.111	0.178	0.143	0.071	0.2
5095	AT3G11620	RI	0.273	0.2	0.0	0.206	0.143	0.0	0.152	0.0	0.077	0.0	0.045	0.053	0.106	0.04
5096	AT3G11620	RI	0.097	0.273	0.171	0.267	0.31	0.0	0.218	0.246	0.048	0.222	0.13	0.087	0.065	0.231
5097	AT3G11745	RI		0.143		0.5	0.0	0.5	0.538	0.176	1.0	0.0	0.636	0.0	1.0	0.0
5098	AT3G11820	RI	0.75	0.333	0.75	0.614	0.6	0.4	0.815	0.462	0.75	0.857	0.623	0.581	0.467	0.529
5100	AT3G11880	RI	0.275	0.132	0.304	0.278	0.303	0.336	0.211	0.196	0.112	0.178	0.324	0.266	0.121	0.403
5101	AT3G11880	RI	0.2	0.1	0.25	0.268	0.067	0.2	0.133	0.116	0.286	0.13	0.228	0.333	0.222	0.13
5102	AT3G12250	RI	1.0	1.0	1.0	1.0	1.0	1.0	1.0	0.8		1.0	1.0	1.0		1.0
5103	AT3G12250	RI	0.143	0.0	0.067	0.163	0.118	0.2	0.125	0.05	0.037	0.158	0.048	0.231	0.1	0.091
5104	AT3G12250	RI		1.0		1.0	1.0	1.0	1.0	1.0	1.0		0.6	1.0	0.2	1.0
5105	AT5G60640	RI	0.047	0.038	0.075	0.055	0.021	0.038	0.044	0.038	0.011	0.038	0.083	0.027	0.037	0.053
5106	AT3G15620	RI	0.0	0.048	0.013	0.018	0.0	0.032	0.034	0.034	0.024	0.067	0.029	0.055	0.045	0.043
5107	AT4G10400	RI	0.5	1.0	0.0	0.143	0.0		0.0	0.2	0.0	1.0	0.2	0.0	0.25	0.0
5108	AT2G42380	RI	0.12	0.19	0.095	0.102	0.091	0.0	0.25	0.06	0.043	0.091	0.265	0.062	0.122	0.163
5109	AT2G42380	RI	0.333	0.091	0.273	0.147	0.0	0.091	0.29	0.182	0.077	0.0	0.368	0.312	0.234	0.091
5111	AT3G12550	RI				1.0		0.0	0.667		1.0		0.0		1.0	1.0
5112	AT3G12550	RI	0.0		0.0	0.6	0.0		0.182	0.0		0.0	0.0	0.0	0.143	0.2
5113	AT1G02610	RI	0.116	0.143	0.136	0.107	0.322	0.167	0.312	0.129	0.091	0.234	0.244	0.25	0.16	0.24
5114	AT3G53270	RI	0.333	1.0	1.0	1.0	1.0	1.0	0.76	0.778	1.0	1.0	1.0	0.75	0.789	
5115	AT3G53270	RI	1.0	0.25	0.6	0.375	0.6	1.0	1.0	0.833	1.0	0.286	0.667	1.0	0.579	1.0
5116	AT3G53270	RI	0.333	1.0	1.0	0.333	1.0	1.0	0.667	0.6	1.0	0.0	1.0	1.0	1.0	1.0
5117	AT3G12620	RI	0.0	0.026	0.027	0.057	0.0	0.158	0.261	0.179	0.0	0.091	0.15	0.15	0.211	0.2
5119	AT5G01175	RI	0.143	0.0	1.0	0.333	0.0	0.0	0.043	0.077	0.2	0.0	0.385	0.222	0.091	
5120	AT3G12915	RI		0.0	0.0	0.0	0.0		0.0	0.0	1.0					0.0
5121	AT3G12990	RI	0.067	0.059	0.053	0.349	0.2	0.0	0.05	0.28	0.0	0.0	0.077	0.25	0.103	0.1
5122	AT3G13000	RI	0.048	0.0	0.0	0.156	0.0	0.0	0.143	0.077	0.0	0.077	0.286	0.267	0.0	0.0
5123	AT3G13080	RI	0.091	0.0	0.2	0.3	0.143	0.0	0.188	0.083	0.2	0.091	0.067	0.12	0.106	0.143
5125	AT3G13080	RI	0.083		0.048	0.077	0.0	0.0	0.152	0.037	0.0	0.0	0.048	0.0	0.308	0.0
5126	AT3G13100	RI	1.0	1.0	1.0	1.0	1.0	1.0	1.0	1.0	1.0		0.75	0.636	0.778	1.0
5127	AT3G25620	RI			0.0	0.0					1.0				0.0	
5129	AT3G20200	RI	0.0	0.0		0.0			1.0			0.0	0.0	0.0	0.0	
5130	AT3G13190	RI	1.0	1.0	1.0	1.0	1.0	1.0	1.0	1.0	1.0	1.0	1.0	0.8	1.0	0.778
5131	AT3G13190	RI	1.0	1.0	0.75	0.6	1.0	1.0	1.0	1.0	0.5	1.0	1.0	0.8	1.0	1.0
5132	AT3G13340	RI	0.905	1.0	1.0	0.953	1.0	0.778	0.958	0.92	0.6	1.0	0.947	1.0	1.0	1.0
5133	AT3G13420	RI		0.0	0.333	0.0			1.0	1.0			0.333	1.0	0.0	
5134	AT3G13420	RI	0.0		0.2	0.0	1.0		0.5	1.0	0.0		0.6	0.333	0.167	
5135	AT3G13430	RI	0.333	0.231	0.429	0.429	0.304	0.25	0.52	0.25	0.333	0.12	0.765	0.714	0.143	0.385
5136	AT1G32400	RI	1.0	1.0	1.0	0.684	1.0	1.0	0.833	1.0	1.0	1.0	1.0	0.733	1.0	1.0
5137	AT3G48900	RI						0.0	1.0	1.0					1.0	1.0
5138	AT3G13740	RI	0.333	0.409	0.125	0.2	0.094	0.143	0.222	0.273	0.111	0.241	0.151	0.25	0.057	0.156
5139	AT3G13740	RI	0.29	0.25	0.073	0.164	0.25	0.243	0.263	0.143	0.179	0.135	0.091	0.19	0.189	0.116
5140	AT3G13740	RI	0.152	0.083	0.138	0.107	0.231	0.097	0.231	0.189	0.188	0.08	0.197	0.086	0.07	0.188
5141	AT3G13740	RI	0.333	0.268	0.19	0.165	0.4	0.333	0.402	0.316	0.226	0.257	0.328	0.333	0.291	0.333
5142	AT1G32380	RI	0.111	0.0	0.0	0.0	0.2		0.143	0.0	0.0	0.0	0.152	1.0	0.0	0.0
5143	AT3G13730	RI	0.0	0.0	1.0	0.333		1.0	0.143	0.0	0.0	0.25	0.2	0.0	0.238	0.0
5145	AT3G14130	RI	0.2	0.059	0.0	0.103	0.2	0.2	0.111	0.143	0.0	0.25	0.333	0.2	0.4	0.0
5146	AT3G14130	RI	0.333	0.0	0.048	0.351	0.176	0.0	0.273	0.053	0.0	0.143	0.059	0.111	0.0	0.143
5147	AT3G14150	RI	0.333	0.083	0.286	0.206	0.167	0.2	0.242	0.085	0.083	0.333	0.448	0.182	0.217	0.2
5148	AT3G14150	RI	0.429	0.3	0.419	0.488	1.0	0.333	0.783	0.538	0.167	0.091	0.543	0.692	0.269	0.692
5149	AT3G14150	RI	0.667	0.5	0.333	0.407	0.0	0.5	0.8	0.286	1.0	1.0	0.5	0.333	0.429	0.25
5150	AT3G13445	RI	0.532	0.318	0.234	0.356	0.478	0.474	0.49	0.434	0.167	0.286	0.248	0.474	0.281	0.579
5151	AT1G68690	RI	0.0	1.0	0.5	0.053	0.0	0.0	0.333	0.111	0.0	0.333	0.0	0.0		0.0
5152	AT1G68690	RI	0.0	1.0	0.0	0.12	0.0		0.0	0.5	0.0	0.0	0.103	0.167	0.2	0.0
5153	AT3G14350	RI	0.913	1.0	1.0	1.0	1.0	1.0	1.0	1.0	1.0	1.0	1.0	1.0	1.0	0.943
5154	AT3G26440	RI	0.0	0.154	0.167	0.191	0.2	0.2	0.22	0.083	0.231	0.2	0.282	0.034	0.103	0.067
5156	AT4G08590	RI	0.0		0.616	1.0	0.0		0.517		1.0	0.349	0.616	0.0	0.789	0.0
5157	AT4G08590	RI	0.333	0.5	0.6	0.2	0.0	0.0	0.429	0.0		0.5	0.0	0.143	1.0	0.0
5159	AT3G14720	RI	0.07	0.034	0.067	0.032	0.0	0.0	0.046	0.022	0.0	0.116	0.034	0.094	0.0	0.0
5160	AT3G14720	RI	0.125	0.02	0.073	0.181	0.0	0.0	0.079	0.037	0.053	0.071	0.062	0.059	0.115	0.034
5161	AT3G14830	RI	0.083	0.333	0.091	0.353	0.217	0.333	0.4	0.375	0.3	0.333	0.17	0.25	0.353	0.2
5162	AT3G14870	RI	0.0	0.0	1.0	0.5		1.0	0.667	1.0	0.333		0.333	1.0	0.333	
5163	AT3G14980	RI	0.0	0.097	0.178	0.029	0.178	0.0	0.519	0.119	0.0	0.0	0.188	0.245	0.025	0.212
5164	AT3G14980	RI	0.143	0.5	0.478	0.176	0.0	0.0	0.333	0.25	0.143	0.4	0.268	0.143	0.125	0.125
5165	AT3G14980	RI	1.0	1.0	0.8	1.0	1.0	1.0	0.902	0.852	0.778	1.0	0.949	1.0	1.0	1.0
5166	AT3G15010	RI	0.68	0.606	0.729	0.694	0.571	0.625	0.722	0.721	0.667	0.484	0.644	0.516	0.446	0.824
5167	AT3G01040	RI	0.875	1.0	0.846	1.0	1.0	1.0	1.0	0.939	1.0	0.857	0.833	1.0	1.0	1.0
5170	AT3G15354	RI	0.0	1.0	0.667	0.474	0.0	0.0	0.75	0.4	0.333	0.2	0.077	0.833	0.353	0.778
5172	AT3G15430	RI	0.455	0.3	0.625	0.321	0.455	0.25	0.722	0.444	0.4	0.333	0.514	0.3	0.538	0.455
5173	AT3G15430	RI	0.538	0.5	0.333	0.161	0.286	0.25	0.5	0.333	0.083	0.238	0.467	0.2	0.481	0.2
5174	AT3G15430	RI	1.0	0.778	0.667	1.0	1.0	1.0	0.733	0.765	1.0	1.0	1.0	0.429	0.75	1.0
5175	AT3G15660	RI	0.512	0.633	0.649	0.653	0.591	0.724	0.676	0.81	0.543	0.548	0.631	0.75	0.627	0.733
5176	AT3G16030	RI	0.21	1.0	0.21	0.151	0.0	0.21	0.422	0.262	0.0	0.285	0.515	0.081	0.515	0.0
5177	AT3G16030	RI	0.0	0.0	0.333	0.259	0.0	0.667	0.4	0.375	1.0		0.091	0.455	0.167	0.2
5178	AT3G16030	RI			0.143	0.6	1.0	1.0	1.0	1.0	1.0		1.0	1.0	1.0	1.0
5179	AT4G35890	RI	0.133	0.304	0.187	0.143	0.12	0.333	0.195	0.181	0.156	0.083	0.239	0.217	0.105	0.317
5180	AT3G16230	RI	0.333	0.227	0.067	0.29	0.36	0.273	0.362	0.167	0.158	0.286	0.115	0.226	0.123	0.167
5181	AT3G16230	RI	0.091	0.0	0.133	0.292	0.111	0.143	0.143	0.321	0.081	0.133	0.13	0.169	0.053	0.333
5183	AT3G16560	RI	0.091	0.143	0.0	0.111	0.091	0.0	0.2	0.013	0.125	0.0	0.064	0.231	0.077	0.0
5184	AT3G54000	RI	0.111	0.6	0.333	0.111	0.333	0.5	0.467	0.059	0.2	0.333	0.333	0.25	0.231	0.0
5186	AT1G11170	RI	1.0		0.0	0.091	1.0		0.25	1.0	0.0	0.333	0.0	0.0	0.167	0.2
5187	AT1G11170	RI	1.0	1.0	0.333	0.053	1.0	0.2	0.167	0.5	0.0	0.0	0.143	0.0	0.0	0.0
5189	AT2G30480	RI	0.25	0.0	0.2	0.462	0.0		0.556	0.167	0.6	0.333	0.333	0.333	0.04	1.0
5190	AT2G30480	RI	1.0	0.5	0.429	1.0	1.0	1.0	1.0	1.0	0.0	0.778	0.714	0.778	0.733	1.0
5191	AT4G28020	RI	0.556	0.375	0.4	0.4	0.0	0.5	0.5	0.455	0.333	0.25	1.0	0.625	1.0	0.5
5192	AT3G16700	RI	0.333	1.0	0.0	0.067	0.0	0.0	0.333	0.0	0.0	0.333	0.5	0.333	0.059	0.333
5193	AT3G16700	RI	1.0	1.0	1.0	1.0	1.0	1.0	1.0	1.0		1.0	1.0	1.0	0.73	1.0
5194	AT3G16785	RI	0.709	0.464	0.633	0.718	0.583	0.533	0.594	0.538	0.462	0.492	0.5	0.476	0.433	0.269
5195	AT3G16785	RI	0.887	0.682	0.613	0.686	0.753	0.84	0.602	0.669	0.538	0.609	0.575	0.622	0.696	0.41
5196	AT3G16785	RI	0.567	0.688	0.619	0.643	0.786	0.667	0.648	0.752	0.8	0.588	0.8	0.588	0.554	0.586
5197	AT5G51700	RI	0.091	0.231	0.111	0.29	0.067	0.143	0.128	0.227	0.111	0.091	0.071	0.226	0.135	0.0
5198	AT5G49015	RI	1.0	1.0	1.0	1.0	1.0		1.0	1.0		1.0	1.0	0.6	1.0	1.0
5199	AT3G14205	RI	0.185	0.368	0.378	0.283	0.231	0.31	0.436	0.263	0.277	0.407	0.431	0.269	0.167	0.351
5200	AT3G17185	RI	0.027	0.073	0.037	0.078	0.0	0.111	0.059	0.105	0.0	0.064	0.084	0.062	0.071	0.0
5201	AT3G46440	RI	0.263	0.158	0.192	0.043	0.077	0.091	0.222	0.233	0.056	0.122	0.183	0.12	0.224	0.143
5202	AT3G17310	RI	0.333	0.273	0.294	0.444	0.125	0.333	0.273	0.471	0.556	0.579	0.514	0.571	0.533	0.833
5203	AT3G17470	RI	0.278	0.134	0.17	0.246	0.0	0.0	0.339	0.06	0.114	0.128	0.18	0.054	0.643	0.0
5205	AT5G17450	RI	0.0	0.333	0.077	0.0	0.25		0.273	1.0	0.077	0.25	1.0	1.0	0.154	0.2
5206	AT3G23050	RI	0.057	0.058	0.088	0.092	0.063	0.092	0.121	0.075	0.06	0.078	0.084	0.077	0.087	0.074
5207	AT3G17860	RI	1.0	0.556	1.0	0.818		1.0	0.75	0.8	1.0	1.0	0.833		1.0	1.0
5209	AT3G18070	RI		0.26	0.209	0.15	0.0		0.0	0.209		0.0		0.346	0.0	0.0
5210	AT2G25670	RI	0.333	0.316	0.333	0.484	0.405	0.357	0.355	0.325	0.171	0.304	0.318	0.419	0.371	0.375
5211	AT1G07745	RI	1.0	0.273	0.467	0.263	0.333	0.0	0.448	0.36	0.2	0.4	0.214	0.25	0.118	0.0
5212	AT1G07745	RI	0.111	1.0	0.467	0.154	0.25		0.6	0.333	0.0	1.0	0.333	0.2	0.333	0.0
5213	AT3G18090	RI	1.0	0.0	0.333	0.5	0.0	0.0	0.0	0.25	0.0		0.0	0.5	0.556	
5214	AT3G18100	RI	1.0	0.408	0.049	0.307	0.341		0.379	0.0	0.0	0.0	0.129	0.171	0.341	0.341
5216	AT3G18160	RI	0.0	0.0	0.0	0.0	0.0	0.0	0.0	0.043			0.286	0.0	0.0	0.0
5217	AT5G48690	RI		1.0	0.0	0.339	1.0	0.0	0.204					0.507	1.0	
5218	AT1G32370	RI	1.0	1.0	1.0	0.825	1.0	1.0	0.837	0.909	0.565	1.0	0.93	0.838	0.938	0.857
5219	AT5G24450	RI	0.238	0.077	0.273	0.22	0.182	0.333	0.196	0.135	0.0	0.2	0.205	0.042	0.111	0.143
5220	AT3G26490	RI	0.0	0.0	0.0	0.0		0.0	0.13	0.095	0.0		0.116	0.0	0.0	0.0
5221	AT5G47480	RI	0.2	0.176	0.288	0.265	0.333	0.2	0.205	0.275	0.091	0.235	0.115	0.162	0.432	0.267
5222	AT3G19180	RI	0.0	0.0	0.143	0.111	0.5	0.0	0.5	0.0	1.0	0.0	0.0	0.25	0.167	0.0
5224	AT3G60720	RI	0.143	0.0	0.0	0.0	0.0	0.0	0.0	0.0			0.333	0.0	0.091	
5225	AT3G19330	RI		0.0	1.0	0.2				0.143		0.2	0.333	0.0		
5226	AT3G19370	RI	0.333	1.0	0.556	0.6	1.0	0.0	0.455	0.286	0.333	0.333	0.273	1.0	0.5	0.25
5227	AT3G19500	RI			0.0	0.0			1.0				1.0			1.0
5228	AT4G13345	RI	0.273	0.333	0.4	0.28	0.455	0.5	0.6	0.385	0.429	0.0	0.2	0.4	0.714	1.0
5229	AT4G13345	RI	0.113	0.0	0.0	0.203	0.254	0.0	0.605	0.434	0.113	0.0	0.093	0.0	0.185	0.505
5230	AT4G13345	RI	0.144	0.335	0.531	0.112	0.0		0.716	0.45	1.0	0.0	0.312	0.201	0.292	0.274
5231	AT4G18230	RI	0.2	0.034	0.214	0.063	0.1	0.333	0.179	0.03	0.4	0.111	0.2	0.125	0.273	0.067
5232	AT4G18230	RI	0.143	0.077	0.412	0.255	0.0	0.333	0.184	0.2	0.067	0.429	0.36	0.167	0.111	0.333
5233	AT3G19720	RI	1.0	0.92	0.846	0.822	0.895	1.0	0.897	0.7	0.867	0.625	0.833	1.0	0.878	0.75
5234	AT1G20920	RI	0.238	0.333	0.188	0.221	0.44	0.667	0.356	0.246	0.538	0.36	0.253	0.111	0.353	0.273
5235	AT1G20920	RI	1.0	1.0	1.0	0.962	1.0	0.455	1.0	0.84	1.0	1.0	0.838	1.0	0.909	1.0
5236	AT1G20920	RI	1.0	1.0	0.953	0.935	1.0	1.0	0.837	0.965	1.0	0.778	1.0	0.762	0.957	0.833
5237	AT1G20920	RI	0.517	0.379	0.419	0.457	0.385	0.429	0.714	0.579	0.375	0.667	0.443	0.373	0.435	0.619
5238	AT3G48880	RI	0.714	0.333	0.294	0.846	0.231	0.5	0.385	0.636	0.333	0.5	0.6	0.429	0.429	
5239	AT3G19900	RI	0.076	0.109	0.081	0.079	0.076	0.036	0.143	0.116	0.053	0.136	0.154	0.12	0.092	0.15
5242	AT4G13020	RI	0.059	0.016	0.077	0.038	0.046	0.053	0.129	0.078	0.0	0.111	0.107	0.078	0.024	0.086
5243	AT3G20250	RI	0.914	0.946	0.919	0.917	0.897	1.0	0.933	0.888	0.859	0.944	0.923	0.953	0.95	0.913
5245	AT3G20370	RI	0.0	0.0	0.0	0.037	0.04	0.0	0.02	0.0	0.0	0.081	0.01	0.014	0.07	0.0
5246	AT3G20480	RI		1.0		0.6	0.0		0.0	0.333			0.111	0.0	0.0	
5247	AT3G20480	RI		1.0		1.0	0.333		0.714	0.0		0.25	1.0	0.333	1.0	0.667
5248	AT3G02600	RI	1.0	1.0	0.667	0.789	0.556	1.0	0.882	0.647	0.0	0.5	0.625	0.529	0.455	0.6
5249	AT3G02600	RI	1.0	1.0	0.6	0.889	0.333	1.0	0.75	0.818	1.0	1.0	0.692	0.556	1.0	0.333
5250	AT3G02600	RI	0.231	0.368	0.3	0.296	0.059	0.2	0.353	0.231	0.333	0.4	0.35	0.333	0.263	0.429
5251	AT5G66030	RI	0.043	0.031	0.159	0.063	0.04	0.0	0.088	0.072	0.087	0.071	0.072	0.015	0.051	0.026
5252	AT1G28210	RI		1.0	0.333	0.667				0.0		1.0		1.0	1.0	0.0
5253	AT1G28210	RI	0.0	1.0	0.111	0.5		1.0	0.0	0.0	0.0	1.0			0.333	0.333
5254	AT5G18640	RI	0.238	0.295	0.196	0.328	0.429	0.36	0.213	0.289	0.174	0.615	0.271	0.176	0.252	0.2
5255	AT3G21215	RI	0.095	0.094	0.138	0.102	0.034	0.077	0.025	0.053	0.071	0.0	0.056	0.0	0.065	0.0
5256	AT3G21250	RI	1.0	0.579	1.0	0.786	0.333	1.0	0.918	1.0	0.333	0.818	0.818	0.882	0.577	1.0
5257	AT3G21310	RI	1.0	1.0	1.0	1.0	1.0	1.0		0.556			1.0	1.0	0.5	1.0
5258	AT3G18210	RI	0.818	1.0	0.846	0.907	1.0	0.75	0.913	1.0	1.0	1.0	0.867	0.909	1.0	1.0
5259	AT3G26700	RI	0.167	0.0	0.0	0.154	0.091		0.455	0.0	0.0	0.0	0.2	0.25	0.0	0.333
5260	AT3G26700	RI	0.5		0.0	0.12	0.2		0.833	0.2	0.333	0.0	0.455		0.0	0.333
5261	AT3G22260	RI	0.677	0.8	0.895	0.804	0.857	1.0	0.767	0.762	0.9	1.0	0.778	0.9	0.767	1.0
5262	AT3G11230	RI	0.143	0.208	0.133	0.145	0.062	0.0	0.069	0.047	0.077	0.091	0.068	0.0	0.037	0.231
5263	AT5G13200	RI	0.143	0.333	0.0	0.4	0.2	0.0	0.034	0.2	0.143	0.0	0.312	0.2	0.0	0.0
5264	AT3G22420	RI	0.0	0.333	0.231	0.111	0.6	0.333	0.273	0.043	0.0	0.167	0.167	0.0	0.034	0.091
5265	AT3G22420	RI	0.176	0.067	0.556	0.257	0.0	0.0	0.2	0.026	0.0	0.0	0.077	0.214	0.172	0.25
5267	AT3G45750	RI		1.0			1.0	1.0	0.5	1.0	1.0	0.6	1.0		0.5	1.0
5268	AT3G45750	RI		1.0	1.0	0.429	1.0		1.0	1.0		1.0	1.0	0.333	1.0	1.0
5270	AT2G19940	RI	0.273	0.545	0.143	0.205	0.297	0.333	0.135	0.206	0.25	0.091	0.209	0.081	0.171	0.351
5272	AT2G20850	RI	0.091	0.3	0.062	0.056	0.0	0.143	0.235	0.083	0.286	0.067	0.091	0.385	0.062	0.25
5273	AT1G13270	RI	0.0	0.043	0.029	0.097	0.0	0.059	0.028	0.071	0.0	0.0	0.033	0.0	0.043	0.105
5274	AT4G24500	RI	1.0	1.0	1.0	0.931	0.8	1.0	1.0	0.824	0.818	1.0	0.951	0.857	1.0	0.786
5275	AT4G01510	RI	0.5	0.5		1.0	0.5		1.0	0.429	1.0		1.0	1.0	1.0	0.4
5276	AT4G01510	RI	0.0	0.2	0.0	0.143	0.0		0.263	0.111	0.143	0.0	0.0	0.111	0.0	0.333
5277	AT4G01510	RI	0.143	0.333	0.0	0.111	0.5		0.176	0.25	1.0	0.0	0.263	0.0	0.059	0.0
5278	AT4G01510	RI	0.0	0.0	0.231	0.032	0.333		0.059	0.0	0.333	0.0	0.333	0.176	0.429	0.0
5279	AT5G09660	RI	0.0	0.047	0.064	0.024	0.021	0.068	0.12	0.027	0.0	0.065	0.057	0.043	0.047	0.0
5280	AT3G23210	RI			0.333	0.143	0.333			0.0	1.0		0.714	0.0	0.2	0.5
5281	AT5G04460	RI	0.0	0.053	0.25	0.353	0.429	0.6	0.0	0.222	0.125	0.333	0.417	0.375	0.13	0.2
5282	AT1G52100	RI		1.0			0.0	1.0	0.5	0.2	0.6		0.2	0.6	1.0	
5283	AT1G52100	RI	0.0	0.0	0.0	0.0	0.231	0.143	0.091	0.143	0.167	0.0	0.2	0.167	0.25	0.0
5284	AT3G23400	RI	0.273	0.156	0.125	0.139	0.048	0.043	0.206	0.08	0.091	0.067	0.143	0.333	0.065	0.103
5285	AT3G23400	RI	0.12	0.048	0.143	0.086	0.154	0.111	0.212	0.071	0.077	0.1	0.143	0.12	0.111	0.2
5286	AT1G18640	RI	0.095	0.04	0.156	0.02	0.0	0.0	0.042	0.102	0.118	0.0	0.079	0.064	0.042	0.03
5287	AT1G60525	RI	0.75	0.8	0.857	0.846	0.75	0.333	0.417	0.6	1.0	0.0	0.529	0.474	0.158	0.111
5288	AT3G23480	RI	0.342	0.477	0.258	0.391	0.549	0.439	0.33	0.3	0.207	0.51	0.342	0.267	0.465	0.342
5289	AT5G48655	RI	1.0	1.0	1.0	0.918	1.0	1.0	1.0	1.0	1.0	1.0	1.0	1.0	0.968	1.0
5290	AT5G07440	RI	0.426	0.358	0.484	0.251	0.514	0.414	0.64	0.399	0.413	0.505	0.569	0.344	0.3	0.418
5291	AT3G23610	RI		0.0		0.286	0.0		0.2	0.5		0.0	0.077	0.231	0.111	0.0
5292	AT3G23610	RI	1.0	1.0	1.0	1.0	1.0	1.0		1.0		0.0			0.5	0.2
5293	AT3G23610	RI	0.5	0.286	0.5	0.214	0.273	0.5	0.375	0.143	0.333	0.0	0.0	0.143	0.286	0.6
5294	AT2G21590	RI	1.0	1.0	1.0	1.0	1.0		1.0			0.0	1.0			
5295	AT3G24150	RI	1.0	0.231	0.727	1.0	0.75	1.0	0.852	0.778	0.778	1.0	1.0	0.63	0.838	1.0
5296	AT1G13570	RI	0.093	0.114	0.461	0.0	0.0	0.255	0.18	0.072	0.17	0.114	0.023	0.291	0.204	0.079
5297	AT5G28030	RI	0.0	0.0	0.0	0.0	1.0		0.0	0.0		0.0	0.0	0.0	0.0	0.0
5298	AT3G24740	RI	0.739	0.214	0.391	0.462	0.28	0.5	0.414	0.415	0.154	0.185	0.5	0.407	0.484	0.444
5299	AT3G24740	RI	0.103	0.032	0.128	0.111	0.333	0.0	0.129	0.28	0.133	0.0	0.2	0.263	0.163	0.083
5300	AT3G24840	RI	0.0	0.5	0.0	0.0	0.0		0.0	0.0	0.5	0.0	0.6	0.0	0.6	0.143
5301	AT3G24840	RI	0.0	0.0	0.231	0.154	0.143	0.0	0.28	0.158	0.0	0.0	0.083	0.375	0.231	0.143
5302	AT3G24890	RI			1.0	0.5		1.0	0.5	1.0		1.0	0.667			
5303	AT3G24929	RI	1.0	0.714	0.935	0.95	1.0	1.0	1.0	1.0	1.0	1.0	0.846	1.0	0.867	1.0
5304	AT3G24929	RI	0.846	1.0	0.727	1.0	1.0	1.0	0.957	1.0	1.0	0.667	1.0	0.714	0.938	1.0
5305	AT3G45040	RI	0.077	0.364	0.1	0.224	0.154	0.176	0.116	0.106	0.071	0.0	0.111	0.03	0.138	0.0
5310	AT3G25585	RI	0.065	0.01	0.071	0.044	0.041	0.02	0.033	0.033	0.023	0.012	0.026	0.027	0.02	0.013
5311	AT3G50920	RI		0.714	0.714	1.0	0.818	0.111	0.75	1.0	1.0	1.0	0.5	0.429	0.333	1.0
5312	AT3G25740	RI	0.333	1.0	0.8	0.379	0.6		0.571	0.529	0.6	0.385	0.36	0.667	0.556	1.0
5314	AT3G59350	RI	0.023	0.013	0.025	0.025	0.011	0.02	0.014	0.021	0.028	0.021	0.016	0.006	0.0	0.011
5315	AT3G59350	RI	0.011	0.023	0.025	0.009	0.012	0.025	0.032	0.025	0.014	0.028	0.012	0.031	0.025	0.019
5317	AT3G25980	RI	0.0	0.0	0.167	0.2		0.0	0.2	0.2	0.0	0.0	0.0	0.0	0.067	
5318	AT3G25980	RI	0.0	0.0	0.091	0.0		0.0	0.6	0.0	0.091	0.0	0.0	0.0	0.391	
5319	AT3G26020	RI	0.0	0.455	0.0	0.286	0.231	0.556	0.322	0.484	0.6	0.091	0.366	0.118	0.136	0.28
5320	AT3G26020	RI	1.0	0.875	0.714	0.55	0.6	0.714	0.833	0.474	0.714	0.556	0.533	0.538	0.375	1.0
5322	AT1G57610	RI	0.556	0.778	0.8	0.444	0.167	1.0	0.643	0.5	0.571	0.111	0.524	0.263	0.312	0.667
5323	AT3G26080	RI	0.091	0.0	0.0	0.071	0.0	0.143	0.364	0.048		0.067	0.059	0.111	0.36	0.0
5324	AT3G26115	RI			1.0		1.0		1.0	0.5					0.2	1.0
5325	AT3G26115	RI		0.0	0.5	0.0	0.111	1.0	1.0	1.0		0.0	1.0		0.5	1.0
5326	AT3G26115	RI	0.0	0.0	0.091	0.0			0.176	0.0	0.0	0.0	0.333	0.2	0.067	
5327	AT3G26115	RI	0.0	0.0	0.0	0.111	0.0		1.0	0.143		0.0	0.167	0.25	0.0	0.333
5328	AT5G13950	RI	0.3	0.333	0.282	0.351	0.154	0.25	0.306	0.35	0.444	0.2	0.478	0.189	0.333	0.077
5330	AT3G13170	RI	0.0	0.0					1.0		1.0	1.0	1.0		0.0	0.0
5332	AT5G51170	RI	0.167	0.0	0.333	0.167	0.0	1.0	0.333	0.0	0.0	0.0	0.259	0.111	0.158	0.143
5333	AT3G26360	RI	0.169	0.064	0.087	0.1	0.06	0.078	0.071	0.125	0.093	0.089	0.085	0.167	0.08	0.153
5334	AT3G26370	RI	0.182	0.1	0.214	0.139	0.0	0.2	0.121	0.224	0.103	0.0	0.234	0.171	0.099	0.222
5335	AT4G17760	RI			0.0	0.0	0.0	1.0	1.0	0.0					0.0	1.0
5337	AT1G76170	RI	1.0	0.333	0.091	0.081	1.0		0.529	0.789	0.333	0.0	0.375	0.667	0.333	0.167
5338	AT1G76170	RI	1.0	0.0	0.716	0.026	0.751		0.827	0.402	0.0	0.502	0.287	0.502	0.402	0.716
5339	AT3G26670	RI	1.0	0.895	0.6	0.879	0.8	1.0	0.745	0.842	0.739	1.0	0.875	0.758	1.0	0.857
5340	AT3G26670	RI	0.333	0.25	0.185	0.325	0.2	0.125	0.333	0.548	0.263	0.455	0.5	0.45	0.308	0.455
5341	AT3G26670	RI	0.75	0.667	1.0	1.0	1.0	1.0	1.0	0.714	1.0	0.714	0.714	1.0	1.0	0.714
5342	AT3G26690	RI	0.463	0.59	0.486	0.426	0.378	0.473	0.511	0.426	0.316	0.236	0.692	0.73	0.454	0.35
5343	AT3G26720	RI	0.053	0.143	0.103	0.119	0.111	0.294	0.1	0.146	0.032	0.106	0.185	0.068	0.071	0.021
5344	AT3G55850	RI	0.0	0.2	0.062	0.231	0.0	0.0	0.185	0.1	0.0	0.091	0.217	0.053	0.2	0.5
5345	AT3G55850	RI	0.091	0.538	1.0	0.854	1.0	0.667	0.818	0.636	0.846	1.0	0.818	0.5	0.733	1.0
5346	AT3G55850	RI	0.5	1.0	0.833	0.879	1.0	1.0	0.879	0.846	0.75	1.0	0.9	0.625	1.0	0.455
5347	AT3G55850	RI	0.429	0.538	0.875	0.462	0.4	0.5	0.692	0.565	0.818	0.692	0.688	0.6	0.522	0.455
5348	AT3G26910	RI	0.0	0.143	1.0	0.4	0.125		0.412	0.2	0.6		0.0	0.6	0.111	0.5
5349	AT3G26910	RI		0.2	0.25	0.667	0.143		0.429	0.125	0.429		0.0	0.273	0.091	0.333
5350	AT3G26922	RI	1.0	1.0	1.0	1.0		1.0	1.0	0.6	1.0	1.0	1.0	1.0	1.0	1.0
5351	AT3G26922	RI	0.0		0.0	0.2	0.0	0.0	0.0	0.5			0.0	0.0	0.0	0.0
5352	AT1G14650	RI	0.846	0.905	0.909	0.605	0.818	0.875	0.822	0.818	0.852	0.789	0.8	0.688	0.795	0.789
5353	AT3G27100	RI	0.026	0.034	0.023	0.045	0.029	0.081	0.053	0.053	0.088	0.0	0.022	0.162	0.06	0.083
5354	AT5G11750	RI	0.338	0.169	0.203	0.185	0.0	0.0	0.127	0.0	0.145	0.0	0.044	0.113	0.0	0.0
5355	AT3G27440	RI	0.333	0.333	0.333	0.286	0.5	0.0	0.0	0.467	0.0	0.231	0.3	0.6	1.0	1.0
5356	AT3G27460	RI	0.0	0.1	0.128	0.108	0.034	0.333	0.091	0.106	0.0	0.0	0.125	0.209	0.12	0.0
5358	AT3G27570	RI		1.0	1.0	1.0	1.0	1.0	1.0	1.0	1.0	1.0	0.75	1.0	0.857	1.0
5359	AT3G27770	RI	0.933	0.958	0.965	0.929	0.96	0.961	0.962	0.957	0.957	0.935	0.951	0.935	0.962	0.961
5360	AT5G21900	RI	0.0	0.333	0.2	0.556	1.0	0.2	0.286	0.538	0.143		0.2	0.0	0.077	0.0
5361	AT3G27870	RI		0.212	0.212	0.168	0.0	0.0	0.302	0.236	0.0	0.212	0.152	0.0	0.0	1.0
5362	AT3G27870	RI	0.0	0.0	0.0	0.0	0.0		0.0	1.0	0.339	0.0	0.0	0.278	0.0	0.0
5363	AT3G08040	RI		1.0	1.0	1.0	1.0		0.556	1.0	1.0	1.0	1.0	0.0	1.0	1.0
5364	AT1G72490	RI	0.0	0.0	0.0	0.1	0.0	0.0	0.0	0.0	0.333	0.0	0.059	0.0	0.0	0.0
5366	AT3G28080	RI	0.2	1.0	0.25	0.474	0.333		0.833	0.636	1.0	0.0	0.0	0.5	0.0	
5367	AT5G44160	RI	0.0	1.0	0.0	0.0		1.0	0.5	0.455	0.0	0.0	0.25	0.167	0.077	0.0
5368	AT1G73130	RI	1.0	1.0	0.667	0.818	0.333	1.0	0.714	1.0	1.0	1.0	1.0	1.0	1.0	1.0
5372	AT3G44340	RI	0.071	0.182	0.22	0.071	0.04	0.067	0.075	0.05	0.0	0.0	0.091	0.037	0.1	0.048
5373	AT3G44340	RI	0.0	0.4	0.75	0.4	1.0	1.0	0.125	0.4	0.0		0.6	0.5	0.25	0.0
5375	AT4G19003	RI	1.0	0.9	1.0	0.674	1.0	1.0	0.875	1.0	0.667	0.75	1.0	0.789	0.939	0.846
5376	AT3G29010	RI	0.5	1.0	0.091	0.5			1.0	1.0			0.2	0.571	1.0	
5377	AT3G29010	RI	0.0	0.0	1.0	0.067	0.0		0.5	0.429		0.6	0.333	0.0	0.5	0.273
5378	AT3G20070	RI	0.0	0.059	0.429	0.071	0.0	0.0	0.053	0.273	0.2		0.053	0.0	0.111	0.0
5379	AT3G20070	RI	1.0	0.756	0.823	0.823	0.341	1.0	0.784	0.564	0.721	0.564	0.482	0.508	0.293	0.508
5380	AT3G20070	RI	0.467	0.6	1.0	0.6	0.333	1.0	1.0	0.619	0.778	0.556	0.833	0.692	0.6	1.0
5381	AT3G29130	RI	0.263	0.182	0.459	0.234	0.222	0.176	0.172	0.153	0.333	0.25	0.243	0.244	0.149	0.4
5384	AT3G29330	RI	0.667	0.444	0.366	0.4	0.5	0.4	0.652	0.579	0.455	0.714	0.405	0.667	0.35	0.333
5385	AT3G29390	RI	0.2	0.273	0.419	0.128	0.429	0.3	0.245	0.208	0.059	0.2	0.046	0.208	0.188	0.308
5386	AT1G20380	RI	0.0	1.0	0.0	0.0	0.0		1.0	0.277		0.0	0.203			
5387	AT3G29644	RI	0.333		1.0	0.765	0.143	0.2	0.667	0.273	0.385	0.143	0.667	0.6	0.077	1.0
5388	AT3G29644	RI	1.0	0.2	0.667	0.368	1.0	1.0	0.667	0.143	1.0		0.833	0.0	1.0	1.0
5389	AT3G30720	RI	0.333	1.0	0.75	1.0	1.0		1.0	1.0	1.0	1.0	1.0	0.867	1.0	1.0
5391	AT5G03500	RI	0.05	0.024	0.14	0.115	0.023	0.023	0.133	0.087	0.135	0.045	0.073	0.113	0.042	0.083
5392	AT5G03500	RI	1.0	0.25	0.714	0.733	0.167	1.0	0.895	0.733	1.0	1.0	0.214	0.846	1.0	1.0
5393	AT5G03500	RI	1.0	1.0	1.0	1.0	1.0		1.0	1.0	1.0	1.0	0.778	1.0	0.5	1.0
5395	AT4G38960	RI	0.067	0.167	0.111	0.065	0.222	0.0	0.226	0.273	0.0	0.091	0.143	0.111	0.333	0.273
5396	AT2G31370	RI	0.0	0.217	0.524	0.758	1.0	1.0	0.692	0.5	0.333		0.6	0.636	0.667	0.6
5398	AT5G15460	RI	0.5	0.538	0.3	0.5	0.111	1.0	0.471	0.351	0.5	0.429	0.312	0.375	0.2	0.231
5399	AT3G43540	RI	0.152	0.455	0.417	0.548	0.083	0.273	0.545	0.364	0.429	0.2	0.4	0.231	0.36	0.357
5400	AT3G43610	RI	1.0	0.556	1.0	0.943	1.0	1.0	0.786	1.0	1.0	1.0	1.0	1.0	1.0	1.0
5401	AT3G26085	RI	0.478	0.25	0.551	0.643	0.667	0.333	0.556	0.771	0.263	0.429	0.263	0.615	0.5	0.8
5402	AT3G43700	RI	0.333	0.0	0.0	0.029	0.0	0.0	0.0	0.13	0.0	0.0	0.1	0.053	0.1	0.067
5403	AT3G43790	RI	0.0	0.0	0.0	0.25	0.0	0.5	0.0	0.2	0.4	0.0	0.455	1.0	0.167	0.0
5405	AT3G44400	RI	0.0	0.091	0.067	0.5	0.25	0.0	0.333	0.091	0.375	1.0	0.143	0.286	0.2	1.0
5407	AT3G44480	RI	0.04	0.048	0.176	0.053	0.071	0.111	0.095	0.061	0.273	0.067	0.13	0.048	0.029	0.25
5408	AT3G44480	RI	0.167	0.375	0.077	0.3	0.176	0.286	0.209	0.111	0.067	0.111	0.243	0.333	0.2	0.167
5409	AT3G44540	RI	0.0			0.273			0.333	0.0	0.333		1.0		0.333	0.5
5412	AT3G44620	RI	0.148	0.0	0.288	0.107	0.0	0.207	0.058	0.0	0.0	0.207	0.281	0.042	0.094	0.0
5413	AT3G44630	RI	0.143	0.0	0.364	0.2	0.667	0.0	0.294	0.185	0.0	0.2	0.161	0.273	0.333	0.273
5414	AT5G09230	RI	0.145	0.0	0.254	0.277	0.0	0.0	0.234	0.145	0.338	0.127	0.389	0.203	0.226	0.0
5415	AT1G54030	RI	0.115	0.205	0.196	0.183	0.071	0.147	0.196	0.112	0.166	0.147	0.089	0.211	0.106	0.122
5416	AT1G65950	RI	0.333	0.167	0.091	0.043	0.333	0.0	0.143	0.25	0.25	0.2	0.122	0.043	0.4	0.6
5417	AT3G45590	RI	0.0	0.111	0.0	0.2	0.0	0.0	0.125	0.0	0.0	0.0	0.13	0.5	0.294	0.0
5418	AT3G21710	RI	0.455	0.294	0.304	0.188	0.333	0.667	0.207	0.13	0.091	0.556	0.361	0.174	0.304	0.259
5419	AT3G45870	RI	1.0	1.0	0.333	0.0			1.0				0.692	0.333	0.667	0.0
5420	AT3G45870	RI	1.0		1.0	0.6		0.0	1.0	0.0			0.6		0.0	1.0
5421	AT3G59950	RI	1.0	0.895	0.902	0.917	0.4	0.667	0.955	0.918	0.895	0.778	0.926	1.0	0.731	0.75
5422	AT3G46180	RI	0.2	0.2	0.077	0.158	0.0	0.0	0.238	0.4	0.0	0.0	0.263	0.091	0.111	0.5
5423	AT1G34760	RI	0.273	0.208	0.123	0.184	0.143	0.097	0.316	0.229	0.353	0.152	0.374	0.333	0.16	0.158
5424	AT3G10915	RI	0.0	0.231	0.016	0.187	0.0	0.077	0.124	0.057	0.029	0.111	0.085	0.091	0.069	0.143
5425	AT3G10915	RI		1.0	1.0	1.0		1.0	1.0	1.0	0.5	1.0	1.0	1.0	1.0	1.0
5426	AT1G27921	RI	1.0	0.667	0.571	0.522	1.0	0.714	0.723	0.854	0.636	0.778	0.623	0.455	0.667	0.615
5427	AT1G27921	RI	0.034	0.0	0.089	0.014	0.0	0.0	0.086	0.055	0.032	0.03	0.039	0.026	0.029	0.125
5428	AT5G67170	RI	0.077	0.429	0.778	0.067	0.0		0.3	0.143	0.077	0.2	0.294	0.467	0.172	0.0
5429	AT3G46460	RI	0.091	0.091	0.045	0.092	0.068	0.048	0.126	0.082	0.114	0.077	0.109	0.119	0.064	0.108
5430	AT3G46590	RI	0.115	0.111	0.208	0.185	0.036	0.163	0.243	0.177	0.068	0.125	0.157	0.227	0.151	0.158
5431	AT3G46658	RI		1.0	0.5	0.529	1.0	0.333	0.684	0.429	0.333	0.714	0.667	1.0	0.571	1.0
5435	AT3G47040	RI	0.0			0.0			0.667	0.0			0.0		0.0	
5436	AT4G18340	RI	0.231	0.263	0.25	0.182	0.75	0.0	0.405	0.125	0.25	0.0	0.158	0.455	0.222	0.091
5437	AT3G14080	RI	1.0	0.778	0.75	0.583	1.0	1.0	0.673	0.625	0.273	0.7	0.6	0.467	0.871	0.714
5438	AT3G47560	RI	0.231	0.333	0.286	0.267	0.091	0.0	0.487	0.212	0.091	0.0	0.103	0.412	0.222	0.083
5439	AT3G47560	RI	0.6	0.429	0.371	0.45	0.36	0.5	0.379	0.241	0.407	0.429	0.2	0.22	0.127	0.429
5440	AT1G80970	RI		1.0	0.5	1.0		1.0	1.0	0.6		1.0	1.0		1.0	1.0
5441	AT1G33490	RI	0.135	0.111	0.07	0.176	0.176	0.13	0.075	0.143	0.375	0.097	0.108	0.056	0.079	0.073
5442	AT3G48190	RI	0.25	0.0	0.25	0.0	0.0	0.0	0.0	0.071		0.2	0.143	0.091	0.176	0.2
5443	AT3G48190	RI	0.2	0.714	0.294	0.515	0.667	1.0	0.368	0.304	0.429	1.0	0.419	0.333	0.517	0.333
5444	AT3G52100	RI	0.429	0.8	0.353	0.321	0.3	0.0	0.429	0.278	0.263	0.273	0.257	0.231	0.241	0.0
5445	AT3G01435	RI	0.0	0.5	0.167	0.231	0.429	1.0	0.111	0.288	0.143	0.25	0.259	0.167	0.267	0.077
5446	AT5G45580	RI				1.0			0.0		0.0		0.0	0.0		
5449	AT1G17780	RI	0.909	1.0	0.926	0.83	0.517	1.0	0.885	0.84	0.875	1.0	1.0	1.0	0.875	1.0
5451	AT3G57170	RI	0.026	0.012	0.069	0.038	0.0	0.083	0.065	0.041	0.0	0.042	0.044	0.01	0.044	0.0
5452	AT3G48970	RI	0.103	0.108	0.034	0.058	0.0	0.0	0.089	0.026	0.091	0.333	0.111	0.136	0.034	0.026
5453	AT2G20080	RI	0.0	0.0	0.091	0.04	0.0	0.0	0.067	0.273	0.2		0.0	0.0	0.091	0.5
5456	AT3G49530	RI	0.188	0.134	0.237	0.138	0.15	0.091	0.241	0.248	0.077	0.1	0.15	0.152	0.256	0.133
5457	AT1G21360	RI	0.286	0.474	0.556	0.228	0.273	0.333	0.4	0.333	0.429	0.091	0.417	0.5	0.231	0.0
5458	AT1G21360	RI	0.167	0.129	0.259	0.145	0.083	0.053	0.047	0.143	0.136	0.0	0.111	0.086	0.073	0.25
5461	AT1G73430	RI	1.0	1.0	1.0	0.882	0.769	1.0	1.0	0.803	1.0	0.917	1.0	0.862	0.792	0.833
