gene	mean_abs_shap
AT1G56220	0.002682171167072077
AT5G01770	0.0018968768186074449
AT1G48360	0.0018231353898402313
AT3G15620	0.0016450717680887756
AT3G62190	0.0016265286751790833
AT1G07990	0.0016247344633361011
AT5G45115	0.001567110936391814
AT1G54680	0.0015055569712995737
AT5G45800	0.0014460927974878656
AT2G04865	0.0013724231444713323
AT1G09270	0.001348569713050952
AT4G36980	0.0013129965409215232
AT1G10450	0.0012845487150681515
AT1G72175	0.0011569845715093633
AT4G10000	0.0011547051815653626
AT5G15845	0.0011447838297528393
AT1G70620	0.0010584679380987682
AT1G31360	0.0010366421296884327
AT4G01593	0.0009944445696866916
AT5G60540	0.0009422201370916113
AT4G27040	0.0009366677350798302
AT3G61410	0.0009318098514846901
AT5G60170	0.0009306698921208343
AT3G14550	0.0009306452366956275
AT4G35770	0.0009302119883097172
AT5G53220	0.0009285309883380976
AT4G26600	0.0009140184816161295
AT4G02880	0.0009080599918961846
AT5G60570	0.0009032342551695295
AT1G29357	0.0009017056475739756
AT5G52040	0.0008850752745727467
AT5G16030	0.0008804500780605258
AT1G10910	0.000878123008700619
AT4G26480	0.0008770068770884665
AT3G06820	0.0008755146235629994
AT3G04890	0.0008704799387489444
AT2G40540	0.0008698144603557647
AT2G39780	0.0008604738506604476
AT5G51460	0.0008565251010970663
AT1G09932	0.0008534230051983814
AT5G13750	0.0008521504965132962
AT5G56240	0.0008500526765302618
AT2G39435	0.0008463861569503646
AT1G10240	0.0008400625652184259
AT4G20930	0.0008381423647414151
AT5G63050	0.0008329611921744584
AT4G24290	0.000831990083785957
AT1G73470	0.0008278022571202343
AT4G31880	0.0008267655922424354
AT1G77460	0.0008234476357025419
AT5G43660	0.0008232143595641104
AT3G53500	0.000814367780105247
AT4G33130	0.0008060080533070692
AT1G18750	0.0008019314777391367
AT1G04160	0.0007928120181315855
AT1G58007	0.0007766334865669713
AT3G54500	0.0007727818211239156
AT1G03430	0.0007688065946087453
AT2G30120	0.0007653653250920217
AT2G27950	0.0007636314801829096
AT5G50130	0.0007467816384207506
AT5G10100	0.0007444510986989146
AT5G51230	0.0007431791729984917
AT5G65460	0.0007413751981720869
AT5G01160	0.0007412341844519327
AT1G02120	0.0007408928125830498
AT4G30890	0.0007371959161228112
AT1G14710	0.0007355620167598437
AT2G44750	0.0007332674858660986
AT4G38060	0.0007300786195344228
AT1G53490	0.0007286830362056738
AT1G01060	0.0007277111289270184
AT1G33270	0.0007253719335786
AT1G48520	0.0007214612551665321
AT5G66160	0.0007174960298482626
AT3G22190	0.0007110217414813684
AT3G29010	0.0007017353762166533
AT4G33800	0.0006867527623000073
AT5G45472	0.0006846705530754945
AT4G01510	0.0006775419927914706
AT1G74390	0.0006751296097611973
AT1G76990	0.0006688657408420347
AT5G67110	0.000666698377412619
AT3G44630	0.0006663868299674446
AT5G60580	0.0006655601786886354
AT2G26280	0.0006637198464136601
AT3G13050	0.0006625759419725315
AT5G17300	0.0006559762126627139
AT1G18610	0.0006556845359922694
AT5G23405	0.0006545859910275777
AT5G49150	0.0006519914715259833
AT2G04845	0.0006502380730037705
AT4G32250	0.0006478113518846505
AT1G06220	0.0006392973390441028
AT3G04920	0.0006368810346975617
AT3G14870	0.0006354796429044227
AT4G00560	0.0006326679433790251
AT3G61270	0.000632511514009855
AT3G09100	0.0006279198886074578
AT5G01215	0.0006248368848017752
AT1G48090	0.0006184280570890733
AT5G04430	0.0006119221371087522
AT3G24503	0.0006111574266316432
AT5G52270	0.0006091439284969447
AT2G31810	0.0006088095825791124
AT3G20810	0.0006058834756601757
AT1G53660	0.0006016357681607982
AT3G19000	0.000595981150126547
AT1G17970	0.0005954030572875889
AT3G06440	0.0005933868573842576
AT1G65950	0.0005927126148594562
AT4G32460	0.0005916853323947685
AT5G03180	0.0005913431776181371
AT2G46810	0.0005909680448930799
AT3G13445	0.0005888953010666949
AT4G10730	0.000588745611889996
AT5G55490	0.000588680968495197
AT3G47990	0.0005855003214845847
AT3G57530	0.0005828341165029134
AT1G77370	0.0005824555410162833
AT1G03060	0.0005789403058866176
AT1G61040	0.0005786039301238147
AT2G35600	0.0005779377633674465
AT3G59320	0.0005705920181512136
AT5G15070	0.0005700624559754559
AT3G53970	0.0005688251101740698
AT4G14520	0.0005680420219073181
AT4G10050	0.000567195531503985
AT5G09820	0.0005653095629083716
AT3G45960	0.0005627685439709647
AT1G02650	0.00056182312156526
AT2G46790	0.000555583557598352
AT1G14520	0.0005548580603155415
AT3G26440	0.0005531022568446572
AT4G25440	0.0005524999221530915
AT4G08460	0.0005502068863260156
AT4G12030	0.0005492648308052006
AT5G47510	0.0005472870529846245
AT4G13040	0.0005466202541039946
AT3G61680	0.0005465979310444613
AT2G41880	0.000544568675714573
AT1G63490	0.0005425625735479985
AT4G12560	0.0005419651143445934
AT1G01220	0.0005410355997455739
AT2G05210	0.0005387386202875281
AT3G09920	0.0005386253729225067
AT3G27340	0.0005381431955156881
AT1G71696	0.0005379799056424533
AT3G20270	0.000537370634938986
AT1G71190	0.0005343843907035618
AT3G59350	0.0005340914941802716
AT1G71720	0.0005327136899515817
AT4G37940	0.0005326184255205089
AT1G07820	0.0005324125287855854
AT4G03230	0.0005308353778299168
AT1G63150	0.0005289133957094256
AT1G08720	0.0005270905521713867
AT1G48920	0.0005245588215554776
AT1G23935	0.0005233895610269612
AT3G54740	0.0005227664007859935
AT4G19990	0.0005219463436814065
AT1G02910	0.0005216625362233089
AT1G73090	0.0005213170099494049
AT3G52660	0.0005205224419368788
AT3G04500	0.0005190445851683933
AT4G36480	0.0005177345508385281
AT1G23330	0.0005170047922608302
AT4G26910	0.0005161906056860174
AT5G07100	0.0005161290465673869
AT3G53200	0.000516028191985987
AT2G36960	0.000511751861552577
AT2G40020	0.0005112817989923081
AT3G13062	0.0005112255408776745
AT1G22280	0.0005104169638268287
AT3G62620	0.0005098083299597829
AT5G57060	0.000508791013950022
AT5G21170	0.0005082888947188403
AT1G70895	0.0005052354494027516
AT1G08800	0.0005039895309584564
AT1G30280	0.0005036368980033049
AT2G35360	0.0005028468317980395
AT2G30350	0.0004988445634436798
AT3G58490	0.000497743388578831
AT2G43910	0.0004943243000985132
AT2G33500	0.0004934391479908285
AT5G52530	0.0004930819768749236
AT3G13750	0.0004916667701426355
AT3G51075	0.0004911075416448815
AT3G19290	0.0004910511102912844
AT1G05030	0.0004909454220004485
AT1G01448	0.0004900303064956508
AT2G32640	0.0004897293044088213
AT2G36080	0.000488240988957377
AT2G25480	0.0004878210457298856
AT1G55080	0.00048775625852824194
AT4G10170	0.00048717333157814133
AT5G11510	0.00048709879883891883
AT4G24160	0.00048703472072380715
AT1G02260	0.00048605815734600633
AT2G17200	0.0004852057429978816
AT1G72320	0.00048453938599158166
AT2G43680	0.00048431647847897816
AT3G20010	0.00048364393982175104
AT1G76440	0.0004803907694822702
AT3G15690	0.00047887336569417844
AT3G49970	0.00047796114561745207
AT5G55170	0.00047708730213769465
AT5G10965	0.00047336175080481415
AT1G77480	0.00047264804481357775
AT4G19440	0.0004721633051603199
AT1G09660	0.0004712320504718143
AT4G36540	0.00047031996476141005
AT5G26770	0.00047021936342328194
AT1G07170	0.0004699698069346062
AT2G16980	0.0004673960622569187
AT3G27610	0.00046385531210916923
AT3G13970	0.00046154971107794095
AT3G03690	0.000460194091002476
AT1G11870	0.00045857096642215166
AT2G40030	0.00045848191850236423
AT2G45830	0.00045715369171734195
AT5G17010	0.00045653396673668925
AT3G08720	0.00045595670187497875
AT3G46500	0.0004548869017819072
AT5G23020	0.00045441104742663857
AT4G32530	0.00045335162259270846
AT3G23050	0.0004530985853767603
AT4G02150	0.00045081385942601814
AT1G69310	0.00045036042859978844
AT1G13860	0.0004503370124323913
AT1G62800	0.00044993308943744976
AT3G09830	0.0004497321517856812
AT5G66210	0.00044941850197769545
AT2G37930	0.00044912705423499536
AT5G43130	0.00044782553610380637
AT2G06025	0.0004472298657772314
AT3G20920	0.00044671975125947443
AT5G54090	0.00044610897837934213
AT5G48220	0.00044609287158150785
AT1G02850	0.0004457918506598851
AT2G27340	0.00044555484704337774
AT3G10770	0.0004443980767801703
AT2G26800	0.00044433566837058774
AT4G38040	0.00044433019939371085
AT3G48990	0.0004441008271750247
AT5G02200	0.00044404582179776597
AT2G04270	0.0004437593317425357
AT1G58025	0.0004421297673713946
AT3G57410	0.00044209623885554385
AT3G20200	0.0004414746096756316
AT3G18140	0.0004408511046473178
AT3G59640	0.0004388921078925928
AT2G36250	0.000438239059507603
AT5G40540	0.00043819030042625384
AT1G80820	0.00043723067730089217
AT1G03905	0.00043668764834476156
AT1G04970	0.0004363828855920324
AT5G65510	0.00043562821346906027
AT1G31950	0.00043412162867094775
AT4G15510	0.00043053298790891284
AT3G55850	0.00043046235799468663
AT1G60270	0.00043024080441354584
AT5G11920	0.00042937349323945024
AT5G64390	0.0004292790454110711
AT1G75150	0.0004285030993497606
AT2G38660	0.00042714227315172225
AT5G18760	0.0004270921454994542
AT2G01690	0.000426729672791515
AT3G13420	0.00042364082133356684
AT2G47700	0.0004232995339795791
AT5G39790	0.0004215517942545
AT3G51360	0.0004214379187453362
AT5G41700	0.0004212876834472481
AT4G33700	0.000420832191293985
AT3G20650	0.00042038227250691256
AT4G22120	0.000419842990844637
AT4G34570	0.00041927708374464015
AT3G13230	0.0004190961666725574
AT3G50920	0.0004181133583609744
AT2G39730	0.0004176083920513961
AT4G15090	0.00041555535894631214
AT5G13870	0.0004150523541614736
AT5G15510	0.0004136117114220116
AT4G29990	0.0004135729154602921
AT5G65380	0.000413107111006558
AT4G07405	0.0004125805817170229
AT1G72840	0.000412472911727719
AT1G79790	0.00041194058540378037
AT5G35560	0.00041163215875331
AT4G30130	0.00041142695879103853
AT3G61750	0.0004111579609110405
AT4G25990	0.0004102326194815817
AT4G15765	0.0004098976347664888
AT2G30370	0.0004089715760731929
AT4G02120	0.00040890610325061027
AT2G34357	0.00040864336891341553
AT1G23880	0.00040743812299188494
AT1G24040	0.0004060813075734821
AT2G32150	0.0004051308933278529
AT3G11470	0.0004045511720520605
AT4G30480	0.0004038242225376022
AT3G50960	0.00040348505829973904
AT1G03160	0.0004022223033621305
AT1G52380	0.00040177104939675805
AT1G50630	0.0004010225009853033
AT1G52360	0.0004007905235931888
AT4G05040	0.0004002372397666799
AT1G30755	0.00039997632310990913
AT4G18740	0.0003995037083775432
AT1G27770	0.0003994830950189133
AT4G29540	0.0003985582682725673
AT1G75660	0.0003977885196916373
AT1G05750	0.000397021194485354
AT1G74880	0.00039679366373972306
AT3G27320	0.00039673304853353247
AT5G13790	0.0003950869019020637
AT1G11170	0.0003925291846685045
AT1G77320	0.00039061564519013713
AT3G23610	0.0003904362285464265
AT3G13430	0.00038980574222727607
AT2G20820	0.0003897256744336949
AT5G10350	0.00038927593319793577
AT1G32410	0.0003891563857018191
AT5G05550	0.000388807394966733
AT5G06530	0.000388784376411745
AT1G53650	0.00038698798615582626
AT3G46960	0.0003857298293826071
AT1G22650	0.0003853343750538504
AT5G16190	0.0003846502238976259
AT4G21450	0.0003842429936558177
AT3G55160	0.0003839082619449549
AT5G56160	0.0003837557532279427
AT3G49530	0.0003834897359776346
AT4G24230	0.00038273258815996924
AT1G17920	0.0003825693581159653
AT1G80780	0.000381980395621245
AT2G37480	0.0003812062123223763
AT2G20590	0.00038058086273368803
AT2G45700	0.00037973349618497846
AT3G09970	0.00037884063489055574
AT1G05630	0.00037842454787719433
AT5G18440	0.0003783890833313418
AT1G69510	0.0003783148818448941
AT5G06350	0.0003777926161964705
AT3G54930	0.00037702082374610024
AT3G11540	0.00037686939022782157
AT3G13440	0.0003767023527205832
AT2G21940	0.0003763712897606452
AT5G51660	0.0003761853958693094
AT2G22670	0.0003759521840458761
AT3G03340	0.0003746788679111167
AT2G01460	0.0003746362520767916
AT1G03620	0.0003742017416593562
AT4G36140	0.00037315111499930457
AT2G40095	0.0003729046371629542
AT5G06510	0.00037225834600333074
AT2G01730	0.0003721761885714318
AT1G10520	0.00037183362873570257
AT2G13960	0.00037142356824076603
AT1G76280	0.0003700369252808108
AT1G58060	0.0003686548364671468
AT4G28530	0.0003678056569720655
AT4G11880	0.00036751188177441244
AT2G44420	0.0003671840189072651
AT3G61420	0.0003667165788290345
AT1G12520	0.00036637276317627983
AT1G08310	0.00036607498922239484
AT1G73320	0.0003659561910465944
AT3G26700	0.0003657718214682551
AT2G45660	0.0003654445741537892
AT2G44798	0.00036541795838394224
AT1G69450	0.0003647667252559227
AT5G15170	0.0003646983264596189
AT2G20830	0.00036382239731817405
AT1G33050	0.0003637784225245606
AT4G31890	0.00036373839060250103
AT4G09620	0.0003629879459525335
AT1G70630	0.0003629820338866007
AT4G20440	0.00036233818240983856
AT4G09432	0.0003620139444808819
AT2G05440	0.00036179366688740284
AT4G35785	0.0003615392644796504
AT2G40410	0.00036151683056485353
AT2G20290	0.0003613795582148319
AT4G30820	0.00036135552693377737
AT1G79640	0.00036125370314867396
AT5G56190	0.00036064758196054683
AT2G42780	0.0003605546690743376
AT4G04460	0.00035944801510612697
AT5G13410	0.0003592123042884117
AT5G24318	0.0003573403999264452
AT3G11720	0.0003573072024914045
AT2G38780	0.00035688695357884485
AT5G41315	0.0003565809551907831
AT1G49480	0.00035617635324674255
AT3G50840	0.00035588719928783194
AT2G05520	0.0003557780074159733
AT1G02340	0.00035525692394763756
AT5G51410	0.00035524563055254433
AT5G19400	0.00035487767399197234
AT5G65940	0.00035478178160157505
AT1G27921	0.00035477074355910087
AT1G17940	0.000354410441279562
AT1G63480	0.0003542224436272017
AT3G21250	0.0003540900190404808
AT5G18245	0.00035396133726182976
AT1G12710	0.0003539178294980747
AT1G19430	0.0003537873787168565
AT4G24460	0.000353525900616888
AT1G73760	0.00035273189621679566
AT1G29960	0.00035236055006315347
AT3G59950	0.00035235716518560725
AT3G14660	0.0003514924426231386
AT4G35080	0.0003512696627996547
AT1G01700	0.0003510939301073223
AT4G38930	0.0003508106870116717
AT5G48880	0.00035067745121163455
AT1G55870	0.00035044533778320913
AT1G09490	0.00035025003942942633
AT2G18750	0.00035023168099049257
AT5G18630	0.0003489123858305282
AT1G69530	0.00034832807461955773
AT4G34070	0.00034755475099725367
AT5G64470	0.00034720255186797933
AT4G32660	0.00034701882277072356
AT5G05700	0.00034695926885017415
AT3G06370	0.0003469236118000039
AT1G56300	0.0003468447286378364
AT5G37340	0.0003466841765153422
AT4G17640	0.0003465985864493178
AT2G02410	0.0003465249165315749
AT1G05360	0.00034641877724774395
AT3G53570	0.0003459066463778171
AT1G49540	0.0003442634288149449
AT3G04220	0.00034422043569903486
AT2G45500	0.00034291830016897886
AT4G08470	0.0003423649472847698
AT4G19520	0.0003419665086294203
AT2G23985	0.0003419578434016174
AT2G22010	0.00034168969487599605
AT4G10770	0.0003416447724810219
AT2G20840	0.0003412759681489531
AT5G16980	0.0003412225541359096
AT2G17290	0.00034081713363133466
AT1G23490	0.0003407997294197696
AT2G22250	0.0003404782650033581
AT1G35516	0.0003403672317984889
AT5G04850	0.000340237675633147
AT2G41970	0.00033994431906631033
AT1G19350	0.00033990209604394943
AT2G01220	0.0003391332022783105
AT4G00170	0.00033890326669409323
AT1G75760	0.0003388826669533025
AT5G54290	0.0003380359613525472
AT1G19025	0.0003375154938927488
AT1G06080	0.0003373393170732396
AT5G49460	0.000337159754753896
AT4G11900	0.0003371175178238529
AT2G39950	0.0003368518037715058
AT2G18860	0.00033682663054527206
AT1G35340	0.0003361512408662603
AT4G13100	0.00033611093231998004
AT3G02260	0.0003356846820683222
AT1G73350	0.00033542816398855605
AT1G06960	0.00033514948795514875
AT2G43760	0.0003331944009866449
AT1G67900	0.0003327788392800525
AT5G65740	0.00033255097869471726
AT4G12020	0.0003318695431409414
AT2G04360	0.0003318021924492556
AT4G03820	0.00033125844342389967
AT4G00830	0.0003310514188421743
AT2G01630	0.0003309106480821153
AT1G61240	0.0003308334168092243
AT5G36220	0.00033053724466793353
AT5G57565	0.0003303386080060648
AT1G53800	0.00033021462935935327
AT2G46830	0.00032919195497330166
AT1G28260	0.00032889865549646824
AT4G27270	0.0003287246964699963
AT5G07370	0.00032799179778690644
AT5G14640	0.0003273885675261745
AT3G06080	0.00032714143856774736
AT2G01420	0.0003270536210951127
AT3G04610	0.00032684798778654197
AT5G52230	0.0003265770530509876
AT3G12250	0.0003259325423559507
AT1G16540	0.00032577660440440267
AT3G61440	0.00032561356859767067
AT1G33980	0.00032487037076137185
AT5G51180	0.0003248295268475385
AT4G31170	0.00032437023899310817
AT4G02550	0.00032374843610530546
AT1G27370	0.0003236699330081493
AT4G01320	0.0003235814196256865
AT3G01980	0.00032351069763928775
AT3G18380	0.000323337060377624
AT1G26160	0.00032228987831976877
AT1G60640	0.0003215030716855008
AT1G79700	0.000321410375626649
AT1G18773	0.0003200148640969354
AT1G15780	0.00031972931713135735
AT1G54180	0.0003192940369743719
AT3G04020	0.0003185940635722231
AT2G40360	0.000317766213489986
AT5G47540	0.0003177129319427569
AT3G02600	0.0003168438652002652
AT2G47060	0.0003159890385214033
AT1G24240	0.0003159751648451864
AT4G00440	0.00031554949550710446
AT2G37510	0.00031554022931439647
AT3G56720	0.00031553577001441386
AT4G27650	0.0003150666783915426
AT4G39870	0.0003149439127519163
AT3G60620	0.0003136241125989294
AT1G32070	0.0003134033142157777
AT5G63670	0.00031312880132920604
AT1G13350	0.00031278770798673995
AT3G54760	0.0003126740767228242
AT5G19480	0.0003123940364429812
AT1G10890	0.0003116913106500291
AT4G21215	0.00031115464236010305
AT5G28646	0.0003098602002938948
AT5G45210	0.00030974664958990163
AT1G50000	0.0003095307356692254
AT4G16670	0.00030950735543792225
AT2G02390	0.000308323226406525
AT3G18035	0.00030814843672364483
AT3G01560	0.0003080108771849944
AT5G48545	0.0003074507890766761
AT1G48540	0.00030735726579853164
AT4G32560	0.0003072338878937738
AT1G08550	0.00030720185431370377
AT1G01640	0.0003065662715860854
AT2G35940	0.00030610972893472524
AT1G22960	0.00030608567250437797
AT2G48020	0.0003052376375214788
AT2G28470	0.00030501538873671085
AT5G43930	0.00030496314697199225
AT4G23570	0.0003047615218000448
AT3G62740	0.00030429532024921343
AT3G55260	0.00030428307842824754
AT1G72855	0.0003042319832929295
AT1G19835	0.0003038790060485994
AT1G79570	0.00030351036364126277
AT5G64700	0.0003033812555975734
AT2G38695	0.0003033461969334651
AT5G09250	0.0003033423148146211
AT4G19120	0.00030333656027546466
AT5G36110	0.00030315319767868946
AT1G05320	0.0003028269207424643
AT4G00430	0.00030199597368868334
AT3G60150	0.000301876685925273
AT3G19330	0.0003017990915864322
AT4G39680	0.00030148980409659416
AT1G21070	0.00030122361160582825
AT3G22220	0.0003012182863684069
AT4G25110	0.00030109924747605466
AT2G28310	0.00030087471659706876
AT1G09160	0.00030084972027763566
AT1G79620	0.00030071543195319095
AT1G20220	0.0003005853152708734
AT3G27310	0.00030044477664414323
AT2G37020	0.0003004343690002534
AT1G25277	0.0003002955139644667
AT3G26360	0.0003001723791002423
AT3G30390	0.0003000250371742846
AT3G06160	0.00030000772196101086
AT1G06110	0.000299928878087803
AT2G26770	0.0002999253102901942
AT3G20070	0.0002994997765057372
AT3G21630	0.0002992192229060717
AT3G55630	0.00029904538389300165
AT5G19000	0.00029866506633168845
AT3G14930	0.00029841221171141713
AT3G07130	0.0002983400039159583
AT3G22845	0.0002983162563424582
AT3G46590	0.00029827528458218423
AT3G60720	0.00029825069781958755
AT1G10570	0.00029765588295434676
AT1G11360	0.0002975378469160631
AT5G03540	0.00029656600110423184
AT1G08320	0.0002961655293300728
AT4G22970	0.00029589905316147535
AT2G27170	0.0002951109931982188
AT5G53360	0.0002950657529661133
AT4G37550	0.0002948660634260363
AT3G62970	0.0002945218582397271
AT5G20090	0.0002944079958162551
AT2G32880	0.0002944033443650929
AT5G04090	0.0002943406755333387
AT3G56110	0.00029417689982187695
AT2G40110	0.0002939640009235048
AT3G08850	0.0002939137297346027
AT1G14690	0.00029360021113910434
AT1G05870	0.00029254440077352065
AT4G20870	0.00029244446644659754
AT1G04830	0.0002923893032870535
AT1G32127	0.00029214061564522065
AT1G52820	0.00029199152557200537
AT3G52340	0.00029185446019044616
AT1G60525	0.0002915499503202921
AT4G34265	0.0002907640185014372
AT2G17550	0.0002906429411809215
AT1G47270	0.00028992901702227944
AT5G06960	0.00028951805119939276
AT2G40316	0.00028919718772719207
AT5G53860	0.00028903793856519054
AT5G24352	0.00028889715734149447
AT5G52660	0.000288427169972736
AT2G20585	0.00028813592199620434
AT1G48175	0.000287471037794435
AT5G66558	0.0002873487802868088
AT1G53570	0.00028734273539147905
AT4G24860	0.00028686975197480185
AT1G19330	0.00028670479936571385
AT2G38280	0.00028628647974246295
AT4G22200	0.0002861694534574719
AT5G63620	0.0002861380925167066
AT4G16520	0.0002856679906370421
AT1G72990	0.0002855422977424377
AT5G08130	0.00028553269653146685
AT4G38090	0.0002854658355789147
AT4G23430	0.0002853541695175074
AT5G61880	0.00028528711435971404
AT5G66680	0.00028465639054550473
AT3G26720	0.00028386566836909277
AT3G52780	0.00028381786002861214
AT1G71860	0.00028341533183639964
AT1G35220	0.0002833598020062551
AT3G49320	0.0002831177969616248
AT1G71820	0.00028271228439690486
AT5G53120	0.00028244535222796303
AT2G22630	0.0002823012553716623
AT5G59610	0.00028214772668340476
AT5G41690	0.00028189037893311457
AT3G07590	0.0002818411471890144
AT2G38580	0.0002816168008977993
AT1G65090	0.0002812903353133997
AT5G49740	0.00028099699541650025
AT3G54710	0.00028072890028614034
AT3G54320	0.00028004507238288065
AT3G57230	0.0002793856336296953
AT5G19950	0.00027936492951436564
AT2G36930	0.000279298274326664
AT5G04280	0.0002791775015451915
AT1G08300	0.00027913093990832423
AT1G56612	0.00027911453960821717
AT1G11660	0.0002791031310877547
AT1G56520	0.00027896899544407075
AT3G50630	0.00027895380423088796
AT1G03860	0.00027885061536264536
AT3G61370	0.00027868289435256465
AT1G22430	0.0002784197416166487
AT5G18540	0.00027839072860593686
AT1G18460	0.0002783244838856339
AT3G05210	0.00027810972104052125
AT4G36870	0.00027748816671697323
AT5G18940	0.00027737539152736295
AT5G44870	0.00027733992652597967
AT3G14010	0.0002769145030101965
AT3G16940	0.00027651219555397435
AT5G12440	0.0002763184888171325
AT4G32140	0.0002759011629263044
AT4G24880	0.00027580620067685986
AT1G78780	0.00027555178163632524
AT1G76020	0.0002749469388737069
AT2G25737	0.0002747022352615462
AT1G19860	0.000274397742955246
AT4G28020	0.00027427066586564774
AT2G01270	0.0002737583556886793
AT3G26690	0.00027369853187150794
AT3G10300	0.0002736742649246672
AT3G47490	0.0002734335989027641
AT4G23100	0.00027329514665625794
AT5G58200	0.00027328132530716364
AT1G72416	0.00027315282694499407
AT5G26980	0.00027297314792565933
AT4G04570	0.0002729050647405768
AT4G00520	0.00027259865701059256
AT5G35680	0.0002722233347020071
AT2G40670	0.00027220857833900735
AT4G18890	0.00027198373789682573
AT1G18160	0.0002718741297554461
AT4G16765	0.00027185116538932586
AT3G58160	0.00027181703956402875
AT5G66110	0.0002717116290033003
AT3G60740	0.00027161260374592724
AT3G16320	0.00027138245776739894
AT1G08450	0.0002712161346299642
AT2G47410	0.00027104655831017857
AT3G66654	0.0002707737245795766
AT2G46230	0.0002704590492079165
AT2G46500	0.0002704179395811431
AT3G02540	0.0002703490635430517
AT2G48110	0.00027034194120118915
AT5G25440	0.00027014667640139586
AT2G41170	0.0002700305147492773
AT3G62150	0.00026988749212963073
AT5G59980	0.0002694044996859138
AT2G44680	0.0002693439832255897
AT1G57870	0.00026910776892591934
AT3G12680	0.0002683014075104682
AT4G02900	0.000268218152478227
AT5G05690	0.00026820704643613593
AT1G06060	0.0002678337609299906
AT3G17668	0.00026763555294889474
AT5G48640	0.00026742846033072704
AT2G04700	0.00026737488221021663
AT1G49360	0.0002672569830716604
AT1G13090	0.00026717226200154636
AT3G57980	0.0002671202448142939
AT3G59770	0.00026666189607531075
AT3G11240	0.0002665296692402459
AT4G37460	0.0002652124486079861
AT3G09560	0.00026508695401873835
AT2G14740	0.0002646275502166429
AT3G26890	0.0002643083613652414
AT1G43170	0.00026414741813736106
AT3G01500	0.00026324255268680356
AT1G19650	0.0002632327266352179
AT4G21585	0.0002629679980014764
AT3G13225	0.0002628640803010554
AT1G06620	0.0002625574762650496
AT1G03920	0.00026232098694143946
AT4G38470	0.0002622226075027877
AT3G03100	0.00026214703231156576
AT3G63445	0.0002619682654301033
AT1G60600	0.0002619355900000172
AT5G65180	0.0002612054997423397
AT2G01180	0.00026082712805113837
AT1G17350	0.0002607882676831575
AT4G35830	0.000260732739018825
AT5G47760	0.00026030282417115744
AT5G64520	0.0002602696264959339
AT5G37710	0.0002599597555606821
AT4G03110	0.0002598676334859376
AT4G35810	0.00025970685453610595
AT1G01240	0.00025970457356628516
AT4G39180	0.00025961386511654905
AT1G13820	0.00025934416165255305
AT5G57270	0.0002592529936554336
AT5G28050	0.0002590796272297831
AT2G16790	0.0002587968255783695
AT4G38960	0.0002586248043438399
AT1G23480	0.0002584751202611455
AT2G36360	0.0002579959641507552
AT4G18975	0.0002579011477531453
AT2G28910	0.00025786505092390406
AT1G55530	0.000257695720592245
AT4G35290	0.00025749589633742735
AT1G15790	0.00025744758082791506
AT1G50120	0.0002567942682661582
AT1G19870	0.0002567399481939359
AT5G38470	0.0002567184160660096
AT4G31200	0.00025662962645776584
AT4G23660	0.0002564312922665913
AT5G08100	0.0002563927808933225
AT5G64080	0.0002563327285014682
AT1G76870	0.0002561863886414825
AT3G53270	0.00025604363326985855
AT1G76170	0.0002560310468019463
AT2G39805	0.00025592961585259544
AT1G03210	0.0002558044578834602
AT5G20220	0.000255745061213724
AT2G02500	0.00025557901531180947
AT3G13740	0.00025534476724329127
AT3G21160	0.00025530850990374503
AT5G51370	0.0002552995390052798
AT5G45340	0.00025512634314338133
AT1G45248	0.0002551206080447285
AT5G37590	0.0002551155964406363
AT4G36720	0.00025507261838050724
AT5G20950	0.0002547927533345306
AT3G10250	0.0002543068267638917
AT2G01930	0.0002542953858913157
AT1G01355	0.0002539796983254626
AT3G11880	0.00025383399679230524
AT3G57930	0.00025382451366206854
AT1G12200	0.00025313757999391776
AT4G34430	0.0002531353682158494
AT1G07728	0.0002530670392977634
AT2G35840	0.0002530393476688279
AT3G11730	0.00025297557371285664
AT1G80060	0.00025293632180590315
AT1G08230	0.0002529199875290846
AT5G05930	0.0002525782844250694
AT4G33540	0.0002525294039507029
AT5G13190	0.0002523095985885428
AT4G21580	0.0002516536804130464
AT1G16020	0.0002512554778162437
AT1G49620	0.0002511545720242463
AT1G18690	0.0002509682311675119
AT5G04510	0.0002501202340551086
AT4G02725	0.0002488349132435576
AT3G17185	0.00024848742006399615
AT5G38600	0.0002483756182754459
AT1G31420	0.00024810618181369274
AT4G22530	0.0002478965290888191
AT1G56720	0.00024775385817856036
AT1G29850	0.0002474190734373044
AT2G04790	0.0002474088166970185
AT5G49470	0.00024710184462695546
AT1G72740	0.00024699807326233767
AT2G15530	0.0002468907088720974
AT2G29990	0.0002467348672345604
AT4G14710	0.0002465355437490906
AT1G26190	0.0002463127937156584
AT3G18070	0.0002460663320342231
AT3G03010	0.00024587248976265475
AT5G23720	0.0002456355775531634
AT4G15340	0.0002454521439641106
AT2G40270	0.00024542118411674047
AT2G22720	0.0002454149965491896
AT3G44400	0.00024537715299553006
AT5G54569	0.00024525216846035456
AT1G16460	0.00024521613666103007
AT1G68580	0.0002450602428210149
AT2G31865	0.0002448035379410913
AT5G09330	0.00024450280435945156
AT3G43610	0.0002442790936494702
AT2G30520	0.00024407271920683505
AT4G24740	0.00024348765146377897
AT5G10800	0.00024338109047019284
AT5G14340	0.00024331548759825216
AT3G59690	0.00024327747045844748
AT2G45250	0.00024305820861999526
AT3G50670	0.00024284876384514262
AT1G51270	0.00024226945248403286
AT4G16857	0.00024165211542297497
AT2G39630	0.00024154320818989118
AT5G46280	0.00024150527657074296
AT1G13780	0.0002410323917075628
AT4G00060	0.0002409358506018945
AT4G21850	0.00024059286457493368
AT4G39150	0.00024058454844697673
AT3G10180	0.00024051038909977723
AT1G67080	0.00024043627461012827
AT1G27900	0.00024031505027772987
AT1G60200	0.0002402467412971612
AT1G69740	0.0002400458181165291
AT1G73280	0.00023997090104824835
AT2G46130	0.0002398015996246195
AT4G16660	0.00023973667826451752
AT1G13060	0.00023948827492557465
AT3G15660	0.0002393152269540271
AT3G19780	0.00023927585850649411
AT4G27610	0.00023907369205439805
AT4G26795	0.00023905591055141295
AT5G49960	0.0002390082943818599
AT1G73210	0.0002387137720746375
AT5G03560	0.0002384690655808952
AT3G63340	0.00023841142593835756
AT5G53010	0.0002382128046582346
AT1G79970	0.00023792313751107037
AT2G32870	0.0002377853097425129
AT2G40690	0.0002377069286910562
AT2G43110	0.00023763854235452054
AT4G25450	0.00023753461329732554
AT1G09770	0.00023713107235500048
AT1G14170	0.0002369682636493562
AT1G77080	0.00023692371052030199
AT1G80640	0.00023690886333449504
AT2G26430	0.0002366106224874967
AT4G18360	0.0002364417138501979
AT3G15010	0.000236299318326673
AT2G34010	0.00023610090162574476
AT5G37530	0.0002360054523230062
AT2G40935	0.00023578523788779748
AT5G56370	0.00023568947759661875
AT2G31900	0.00023562670653902304
AT5G38020	0.00023559302189582956
AT1G74750	0.0002355788580606086
AT3G13560	0.00023549893979148384
AT5G48790	0.00023544120637120116
AT5G40440	0.00023535680946582216
AT1G05590	0.00023531983261978684
AT4G33770	0.0002351735193299534
AT2G24350	0.00023495088926161301
AT5G45170	0.00023441138702210107
AT2G15910	0.00023432989243202335
AT4G05320	0.0002339041990772731
AT2G01070	0.0002336613713840597
AT2G28900	0.00023305167398522976
AT1G04985	0.00023252538371658674
AT3G49210	0.00023246728678209987
AT5G10900	0.00023243366284514784
AT2G43430	0.00023229130860881824
AT4G28790	0.00023205148545404555
AT1G29970	0.0002320357658283349
AT1G18440	0.00023175435831956765
AT1G16040	0.00023159982532198665
AT1G04430	0.0002315440252294643
AT2G04800	0.00023151660436071132
AT1G06190	0.0002312150267039158
AT1G55120	0.00023114880880995247
AT5G13980	0.00023107291997547013
AT3G06030	0.0002309014886418835
AT1G80360	0.00023054911116728467
AT3G06920	0.0002305304149375775
AT4G33250	0.00023045667654341317
AT5G14550	0.00023043488047923472
AT1G56230	0.0002302852399656535
AT1G50840	0.00023022331704300908
AT5G59750	0.00023009601381180167
AT2G32000	0.00022999143313096022
AT1G32370	0.00022994886689893637
AT4G00680	0.00022987219306256628
AT1G53120	0.00022985153404193239
AT2G25420	0.00022971761182384405
AT2G20960	0.00022962439180880434
AT1G79990	0.00022922472937205842
AT5G53350	0.00022903135431146706
AT2G02960	0.00022846301783320798
AT5G62000	0.00022844860256603544
AT1G53025	0.00022841557601894534
AT3G26020	0.00022824378795447257
AT1G29380	0.00022817241044099983
AT2G41720	0.00022802491318766525
AT1G11070	0.0002279197917332666
AT2G45440	0.00022790408282893378
AT1G19360	0.00022755646418325476
AT1G05000	0.000227487682825776
AT1G17090	0.00022745760585862168
AT4G24960	0.00022735860346694852
AT5G20510	0.00022733343060669052
AT4G19110	0.00022713337683573647
AT2G39920	0.00022711971948909807
AT5G01800	0.00022710510048485724
AT5G39040	0.00022692822216274897
AT1G67500	0.00022691204611060235
AT3G54620	0.00022648808397180914
AT1G02960	0.00022637688641579575
AT3G27330	0.00022626123507778393
AT1G30000	0.00022575882532084953
AT1G48380	0.00022545058502571
AT3G12620	0.00022532866710834785
AT1G64480	0.00022532518461297819
AT2G04880	0.00022525411179817373
AT5G16715	0.00022521084863266495
AT3G14830	0.0002250569358764365
AT1G07940	0.00022501950571461487
AT1G32230	0.0002245945365085785
AT4G15233	0.00022413430543193752
AT5G60410	0.00022406086949657277
AT1G51420	0.0002240226489768944
AT5G49730	0.0002238736634417794
AT4G00355	0.00022376343063399424
AT2G15890	0.00022365714784638286
AT3G19010	0.00022352992382549975
AT2G30200	0.00022352495984268307
AT1G03960	0.0002234326146142461
AT4G23470	0.0002230408648042402
AT2G24765	0.00022303362689573636
AT1G28580	0.00022293167332259237
AT5G16520	0.00022234013479349835
AT1G58180	0.0002219094164995319
AT5G56180	0.00022190748724801746
AT4G14740	0.0002218817857329395
AT5G64680	0.00022165608896427728
AT4G02075	0.00022150160014474185
AT5G61440	0.00022100971774143772
AT5G66050	0.00022092876029401864
AT3G21175	0.0002208778215007468
AT1G50700	0.0002208096857889766
AT4G00240	0.00022059745112506612
AT3G56830	0.00022042936214866383
AT2G41500	0.0002203525956503478
AT2G02910	0.0002203449253516669
AT5G42770	0.0002202355614456584
AT4G06634	0.0002200108276377029
AT5G63880	0.000219942014054979
AT3G47120	0.0002199015727415476
AT1G18660	0.0002197512672689264
AT3G19670	0.00021970896607350965
AT4G24800	0.00021967839678989904
AT3G15430	0.00021953641885224037
AT2G37940	0.00021945272011869937
AT3G48970	0.00021926095104706197
AT5G48400	0.0002190217001956461
AT2G47860	0.0002189911334376666
AT2G16650	0.0002187625919400666
AT5G57960	0.00021839443671026572
AT3G01990	0.0002181130361168694
AT1G16750	0.00021803695054950365
AT3G06630	0.00021773534599181873
AT4G24050	0.00021766501303954766
AT2G02710	0.00021754348744667016
AT3G53930	0.00021737078294852908
AT1G01100	0.0002173283237289873
AT2G03640	0.00021723221593397603
AT4G38600	0.00021707280605405782
AT2G43930	0.00021691901143091667
AT4G38380	0.00021688448276745812
AT5G47690	0.0002162777970849093
AT5G47430	0.00021616480962854866
AT4G24020	0.0002160729469605809
AT3G16230	0.00021586559950693195
AT1G68080	0.00021565113052908185
AT1G07705	0.0002155989201781906
AT1G02010	0.00021551273827240974
AT5G22690	0.00021550247685514116
AT1G07650	0.0002152838426163286
AT5G22770	0.00021525688141629955
AT4G34100	0.0002149904267438568
AT4G14880	0.00021496615654352822
AT1G79985	0.00021489148160764673
AT5G07400	0.00021446942894369391
AT2G42810	0.0002142740134960075
AT4G28840	0.00021418082968833113
AT5G67385	0.00021414678547663447
AT3G43700	0.00021389257699747294
AT1G62250	0.00021386387731515077
AT1G14580	0.0002136540357251059
AT5G51100	0.00021365370403179639
AT5G05080	0.00021337094921522785
AT5G66850	0.0002131813794291466
AT2G41540	0.00021313545733185553
AT4G25880	0.00021300173214048405
AT1G75310	0.00021282515417862737
AT5G42520	0.00021274347427218697
AT1G10610	0.00021273927721767138
AT5G11630	0.00021243803958918885
AT1G15240	0.0002124119931947378
AT5G39530	0.00021225347105539304
AT3G13170	0.00021219116169558306
AT3G47000	0.00021216760337122907
AT4G38200	0.00021215617384626138
AT3G25530	0.00021203071611238433
AT5G01280	0.00021199775779882205
AT1G55250	0.00021189449963827608
AT3G23490	0.00021189178338601317
AT2G14210	0.0002118024401873949
AT1G21580	0.0002117603897789063
AT5G66640	0.0002117046975196368
AT5G59050	0.00021153516213698794
AT4G06701	0.00021113676861973866
AT5G58787	0.00021113545235400787
AT2G21720	0.00021094061128791998
AT2G41700	0.00021048414143002604
AT4G16280	0.00021043827563156742
AT2G16370	0.0002101837191148679
AT3G04910	0.00021001748230591337
AT4G19390	0.00020994355680502259
AT2G29630	0.00020992890553017858
AT5G56850	0.00020986333374669813
AT1G51840	0.00020976972468151985
AT3G02875	0.00020974004201408303
AT5G37190	0.00020964456824110178
AT2G44280	0.00020959901356665606
AT5G66070	0.0002093549441239271
AT5G16800	0.0002093531443530395
AT4G11970	0.00020913913836277626
AT2G01660	0.00020912810515658943
AT3G61600	0.0002087576276449029
AT5G10450	0.00020873314272548598
AT5G24030	0.00020854017101110258
AT3G53780	0.0002084599529797414
AT2G21230	0.0002083350832896568
AT4G08290	0.00020828081126221095
AT3G19090	0.0002082752808387877
AT1G21560	0.00020811840734124345
AT5G22760	0.00020764310354312308
AT3G51750	0.0002075056279071708
AT1G53040	0.00020712445929343628
AT5G44290	0.000206731043020836
AT1G55310	0.00020671127741847507
AT4G04620	0.00020648140552866515
AT3G29575	0.00020644829239899466
AT4G02430	0.0002062978480313519
AT3G17120	0.00020626582810174738
AT4G15840	0.00020621911707342628
AT5G08560	0.0002062190430714134
AT3G43790	0.00020619882102756288
AT1G34770	0.00020618031274402955
AT1G20770	0.0002061634706659661
AT5G23050	0.00020613174045019616
AT5G06670	0.00020607150990621447
AT2G02560	0.00020600578834948768
AT5G18420	0.0002059087241423103
AT4G03270	0.0002058830767653599
AT1G69295	0.0002058773367260523
AT1G67040	0.00020585165600740208
AT2G21510	0.00020555275831422948
AT5G64760	0.00020554338980664324
AT1G34020	0.00020544546819422502
AT5G24450	0.000205253009634195
AT5G27830	0.00020524536529629086
AT3G59680	0.00020496364309183866
AT5G02880	0.00020492356593698397
AT1G79500	0.0002046474153948705
AT3G16270	0.00020464510290259933
AT5G56150	0.00020436547428553663
AT5G61140	0.0002042329467650785
AT1G04990	0.00020418584028317926
AT1G80150	0.00020404749669530452
AT2G30170	0.00020398240956617797
AT5G26180	0.00020389984318596274
AT5G03630	0.00020388799442165375
AT4G05400	0.00020379315175032213
AT5G55100	0.00020321877046086011
AT5G25265	0.00020307735531064158
AT3G10700	0.00020301403553787088
AT2G48140	0.00020259471675802745
AT1G77290	0.00020254248666952318
AT3G52180	0.0002024092977124606
AT4G27870	0.0002023740333336762
AT5G40530	0.00020230525840127597
AT5G06120	0.0002021495739682646
AT5G65560	0.0002020068236302369
AT1G10650	0.00020168736462937745
AT4G10120	0.00020162069922438305
AT4G17150	0.00020157002005278483
AT5G60210	0.00020138917533685545
AT5G59790	0.00020138487560723755
AT4G15415	0.0002011143165814146
AT4G36000	0.0002010715621993382
AT2G34720	0.0002009247957284726
AT1G16650	0.00020083651448959787
AT1G28960	0.0002006894469911891
AT1G11592	0.00020045860743765143
AT2G18060	0.00020027618680408958
AT3G05920	0.00020018825984914414
AT3G12940	0.00020006839356033829
AT1G77580	0.0001998355945859742
AT3G05150	0.00019974561058757858
AT1G09840	0.00019960806708535308
AT4G29180	0.0001991001572887677
AT2G45670	0.00019896700027626315
AT3G14205	0.0001985047263221313
AT5G58240	0.0001982399854699321
AT3G28070	0.00019794796817463846
AT1G04300	0.00019794411017701625
AT3G50780	0.00019788645215686
AT3G12550	0.00019778637744719032
AT4G02830	0.00019770295277016334
AT4G12440	0.0001975826874711508
AT5G12040	0.00019740684100615796
AT4G00700	0.00019738798932007336
AT4G38240	0.00019685792961588534
AT1G51830	0.0001968121618453488
AT2G32700	0.00019631103654752763
AT2G31840	0.00019580270668450667
AT4G13460	0.0001956880388603181
AT5G14610	0.000195655077998525
AT1G66730	0.000195487299754952
AT3G16700	0.00019547704432760428
AT3G07580	0.00019537649475739655
AT4G19160	0.00019512984550171386
AT4G32010	0.00019503602550415905
AT5G50340	0.0001950201912226064
AT4G34480	0.0001948977189524479
AT1G28395	0.0001945128075250875
AT2G20490	0.00019441997597101978
AT2G44180	0.00019437856982231486
AT5G38340	0.00019392500104253025
AT2G36000	0.00019372559856453475
AT4G31780	0.00019362269091029576
AT1G65960	0.00019359716629331082
AT1G16840	0.0001934779531612099
AT1G30200	0.00019333956350064035
AT2G32960	0.0001931765454496338
AT1G25280	0.00019313275092242634
AT3G44620	0.00019313008979619182
AT1G68140	0.0001929469815944752
AT5G67240	0.0001928981320354915
AT1G34760	0.0001927340964363447
AT4G38270	0.000192534424113878
AT2G22650	0.00019237059353849754
AT3G18100	0.00019211426723292715
AT5G22920	0.00019199551966302228
AT5G19350	0.0001919227354132633
AT2G38010	0.00019178012416815244
AT1G15490	0.00019172700941023037
AT1G80245	0.00019172186094836092
AT4G27630	0.00019157613222584775
AT2G04235	0.0001915693048055732
AT2G30670	0.00019153526330078458
AT5G20300	0.00019139356160728958
AT1G52560	0.0001913591806425018
AT4G28830	0.00019135416421057537
AT2G37900	0.00019126746630465178
AT3G14980	0.00019104555299160345
AT4G29930	0.00019040646401529473
AT4G33625	0.00019016887429740135
AT1G17520	0.00019013978451865322
AT1G09863	0.00019007938928343023
AT4G20010	0.00018986382519829177
AT1G31810	0.00018965333485161938
AT1G76160	0.0001893809547656873
AT1G30450	0.0001893173463913938
AT1G59890	0.00018929610291324293
AT3G52120	0.00018918350920922713
AT1G62290	0.00018913469726672194
AT3G50240	0.0001890917337193055
AT2G37290	0.00018901365666626078
AT1G54650	0.00018889967154167141
AT3G28700	0.00018877804665431446
AT1G26940	0.00018837710724212142
AT3G16630	0.0001882616674716031
AT4G32850	0.00018819861141657735
AT2G32760	0.0001880678536561928
AT1G45010	0.00018801319486312884
AT5G13800	0.00018780102328712437
AT3G27460	0.00018773383155024957
AT2G40800	0.00018767625185995548
AT3G17440	0.0001876698184599842
AT5G40240	0.00018762012997046229
AT5G66810	0.00018761994333286035
AT1G10700	0.00018741373463052836
AT3G56210	0.00018739640070790291
AT1G17720	0.0001871282459075257
AT3G45050	0.0001870767175558927
AT5G16780	0.00018706550889508982
AT1G52220	0.00018695166435304285
AT1G03370	0.0001866547131954989
AT2G25840	0.00018654013173671145
AT4G37630	0.00018643321096058313
AT1G12750	0.00018632911361317475
AT1G20410	0.00018613764525066443
AT5G04110	0.00018613506774540302
AT5G17410	0.0001860124903259992
AT1G20380	0.00018586379270202797
AT2G44090	0.0001858082921075315
AT1G77800	0.00018578742732817317
AT4G34600	0.00018546558010258918
AT3G24110	0.00018546313970118776
AT1G56070	0.00018541247214778116
AT4G18260	0.00018538190858929677
AT4G39560	0.00018495653743224916
AT1G03457	0.0001849111096085631
AT3G20250	0.00018470047815324298
AT1G73660	0.0001846322439900551
AT2G42170	0.00018456453752497835
AT2G26840	0.0001845288744681095
AT1G08350	0.00018448073862726923
AT5G55530	0.00018446283024277878
AT1G30810	0.00018439982341526636
AT5G61020	0.000184119949999906
AT2G47000	0.00018406520448286477
AT5G06220	0.00018397743869471992
AT3G52155	0.0001839622434365288
AT4G34000	0.00018396193521592506
AT1G07745	0.000183956365314694
AT3G58530	0.00018392188398305042
AT2G39740	0.00018382064148414893
AT3G01380	0.00018376011995519933
AT1G11000	0.00018352808863956002
AT3G14190	0.000183378132159013
AT1G47278	0.00018332056463849655
AT1G12250	0.0001831574419993282
AT3G47550	0.00018261680973999836
AT2G19690	0.00018261446579437838
AT1G77930	0.000182567270796133
AT4G03460	0.00018238710279645635
AT2G02480	0.00018224953638843467
AT1G08530	0.00018184805836854556
AT5G16110	0.00018160488840394425
AT3G11890	0.00018154675698466938
AT1G72130	0.00018151943817759763
AT1G32380	0.00018119365067810467
AT1G78660	0.00018118653558744872
AT2G39130	0.00018112133415382016
AT2G02080	0.00018109654289256868
AT4G35760	0.00018102039871035154
AT1G49390	0.000180964757819448
AT1G68830	0.00018095037187313882
AT5G18920	0.00018093588511594813
AT5G09790	0.00018067251707605078
AT1G26890	0.0001806673410742362
AT2G26100	0.00018062727937293507
AT4G03115	0.00018061057929622272
AT5G25770	0.00018053961513177442
AT4G14385	0.0001805361470080787
AT5G59830	0.00018049606233552947
AT3G24150	0.00018032717601878392
AT3G20640	0.00018026651227123487
AT1G15060	0.00018008054138850702
AT3G19440	0.0001800604889356589
AT5G09175	0.00017991535668069144
AT1G75430	0.00017954570179966382
AT3G03560	0.00017939962307974346
AT4G32180	0.00017910791473597516
AT3G54230	0.00017901902832904564
AT3G15520	0.00017896551444198592
AT2G32170	0.00017892848935728827
AT3G18780	0.0001788129331560583
AT4G35790	0.00017856412186826882
AT2G29140	0.00017837871732204302
AT3G62390	0.0001782332307039705
AT5G17460	0.0001778553010285058
AT2G13100	0.00017782199836139824
AT1G22740	0.00017751776403454925
AT2G23030	0.00017749607119529854
AT3G57170	0.00017746500209791464
AT3G02555	0.00017738912091293713
AT3G07670	0.00017711993651117319
AT3G62330	0.00017690100833351617
AT1G09470	0.00017687872449641303
AT5G56250	0.00017681717585166172
AT1G61150	0.00017676221173432133
AT1G23230	0.00017669419278432702
AT2G18410	0.0001766600207016176
AT2G21540	0.00017651422589902668
AT1G16610	0.00017639215029870972
AT1G49600	0.0001763736584037839
AT5G20180	0.00017634413067651832
AT1G67710	0.0001763191042989877
AT5G11170	0.00017628029194674059
AT5G58660	0.00017622492218614757
AT3G05600	0.00017602094314227154
AT3G43220	0.0001760140668926806
AT3G07340	0.00017599372299498606
AT1G61640	0.0001759593204836731
AT5G60120	0.0001759021819077483
AT5G08470	0.00017566795584186018
AT4G24900	0.00017565302189459565
AT2G21170	0.00017563819233319593
AT1G02670	0.00017562987541518732
AT5G48950	0.00017559013255577334
AT1G18670	0.0001754126143609296
AT2G17970	0.00017529570768268292
AT1G01860	0.0001752913506508449
AT5G15460	0.0001751140585342881
AT1G01520	0.00017505282932052691
AT1G09730	0.00017492327213674617
AT1G16070	0.00017479769826834386
AT5G13950	0.00017478773674245887
AT1G52290	0.0001745335454272097
AT4G32360	0.00017453106536177671
AT1G65260	0.00017436637468279054
AT5G60100	0.00017435613256587822
AT4G33050	0.00017430114308186105
AT4G39720	0.00017403546060732389
AT5G25630	0.00017402652030201174
AT4G24710	0.00017382380476024814
AT1G34180	0.00017380387387893462
AT5G52545	0.00017377849013688575
AT5G35210	0.00017369671484701336
AT1G54920	0.0001736545979969084
AT1G08390	0.00017354883048522585
AT5G01350	0.0001733952156936704
AT2G42850	0.00017332637194705292
AT4G16143	0.00017330561863370788
AT3G15395	0.00017328689752100422
AT1G63940	0.00017321489504923502
AT1G78120	0.00017290263084450793
AT5G62480	0.00017281076581690693
AT3G24760	0.00017279100506637494
AT1G47500	0.000172662414964742
AT2G17780	0.00017241139655579656
AT4G29750	0.00017233264847047312
AT1G70310	0.00017218063770739117
AT1G05900	0.00017198292750538453
AT5G64460	0.0001718842355774614
AT5G58470	0.0001717524472385166
AT3G01060	0.00017163869658033855
AT1G16930	0.00017162293639645516
AT5G02620	0.00017133371479671796
AT2G26590	0.0001713031158346099
AT3G21810	0.00017113132779919294
AT3G16800	0.00017112507509764368
AT5G42690	0.00017101868210798202
AT4G31610	0.00017090273585203546
AT3G16565	0.00017078627044881834
AT2G39010	0.0001706882003192603
AT4G35140	0.00017054289265081913
AT4G26140	0.00017052496993090325
AT5G56020	0.00017041797462181006
AT1G26730	0.00017025043456600543
AT5G25060	0.00017000607971583978
AT5G20990	0.00017000076933032854
AT5G11640	0.00016996672061637331
AT5G47650	0.00016991930306901434
AT1G44446	0.00016968835498599988
AT1G15930	0.00016940009226920432
AT3G56140	0.00016932001793970185
AT3G28360	0.00016920006332954538
AT2G44920	0.0001689602107797465
AT3G50210	0.00016884195081610858
AT4G35360	0.0001688187279017639
AT4G30410	0.00016863612645114527
AT2G26810	0.0001685802031250358
AT1G78580	0.00016856108212978576
AT3G45650	0.00016853562799487267
AT5G11160	0.0001685073613498676
AT4G33650	0.00016842827997470337
AT3G01040	0.00016840076000789202
AT4G13330	0.00016834683036303386
AT4G24180	0.00016831420494417437
AT1G15350	0.00016830492271305698
AT1G71220	0.00016820659695748435
AT5G17700	0.00016819828284702094
AT1G80860	0.00016805926028801572
AT3G19500	0.00016802811039637813
AT5G45550	0.0001679719837133798
AT5G40550	0.00016790922589368177
AT5G23570	0.0001677744696086319
AT5G08750	0.00016770708038713563
AT2G21195	0.0001674903011195497
AT5G51620	0.0001673573712347518
AT2G39445	0.00016733428499680707
AT3G23255	0.00016683423666301238
AT1G29120	0.00016668108949558432
AT1G68340	0.00016662552634435777
AT1G15180	0.00016659000174245724
AT4G13550	0.00016657596204557536
AT4G23860	0.000166561719303125
AT1G80880	0.00016631697303454908
AT5G05180	0.00016629322892673895
AT3G27960	0.00016621462180523342
AT1G29560	0.0001662012484732525
AT4G34140	0.00016608328961327645
AT5G40830	0.00016599101712049007
AT1G17145	0.00016593961575397928
AT5G25800	0.00016577803609856462
AT3G57470	0.00016575508824862614
AT1G80380	0.00016565006440913326
AT3G29100	0.00016546590459642132
AT1G73875	0.00016530785515322748
AT4G12780	0.00016526008991897063
AT4G01130	0.00016517447787181764
AT1G69750	0.00016513494424797017
AT5G11910	0.00016500104260053873
AT3G58220	0.0001649221795492424
AT5G15540	0.00016483470665137241
AT1G27630	0.0001647854751960533
AT4G34310	0.0001647224808068885
AT2G13650	0.00016467180413633927
AT3G18750	0.00016456167669096224
AT5G01910	0.0001644892475430266
AT2G40820	0.0001644438274368432
AT3G47560	0.00016440284693489715
AT5G58790	0.00016438473772699733
AT5G47830	0.0001641797385495411
AT5G46450	0.00016415633381693264
AT1G16710	0.00016413840157185208
AT1G17780	0.00016401047277476232
AT4G34720	0.0001639996192356772
AT1G73310	0.00016379432150187274
AT4G20310	0.00016374436258927724
AT3G18930	0.0001632778632551075
AT1G70570	0.0001630238002072508
AT3G59600	0.00016297899396687906
AT1G75410	0.00016290159960408884
AT2G19880	0.00016270323146380834
AT4G30210	0.00016269092576459481
AT1G13920	0.0001626350775407307
AT1G10060	0.00016251240033497737
AT1G53160	0.00016249842932834681
AT3G29130	0.00016247704048034405
AT3G60480	0.00016241663611211478
AT1G07420	0.00016232930409839
AT2G32390	0.00016201793551698284
AT1G55340	0.00016173099780627238
AT4G17190	0.00016172591965355428
AT5G54430	0.00016149709343525
AT5G40500	0.0001614236778281575
AT3G14680	0.00016121855419415143
AT3G09350	0.00016119600791506894
AT3G20330	0.00016115309301800257
AT2G01350	0.0001611368073727763
AT1G79450	0.00016109567729309145
AT5G37300	0.00016097824687876522
AT5G53900	0.00016095030518365277
AT2G48030	0.00016091467241004836
AT3G04160	0.0001608024300653963
AT5G57120	0.00016076697024640168
AT1G72370	0.00016067747376963604
AT2G36895	0.0001606511168555653
AT3G11950	0.00016057980716207957
AT1G60440	0.0001605678192032466
AT2G21470	0.0001605258520770395
AT5G10940	0.00016034594674817568
AT3G01920	0.00016033016910525232
AT3G14420	0.00016029283742310352
AT2G30340	0.00016013693538507692
AT5G61310	0.00015991124242042165
AT5G58690	0.00015988445322040362
AT5G07940	0.00015968449592284142
AT5G24160	0.00015958903372404484
AT3G28940	0.0001593405424031827
AT1G75980	0.0001591499895481312
AT5G07120	0.00015893967011855811
AT2G48160	0.0001588783461209461
AT3G61470	0.00015887351300663562
AT3G48200	0.00015863632295883565
AT5G50240	0.00015830407625730235
AT1G21360	0.0001582280003452435
AT3G53800	0.0001582153903382325
AT2G43410	0.0001579996665028084
AT3G51140	0.00015793183878656428
AT5G17560	0.00015788751956055186
AT5G12840	0.00015784334826767434
AT1G25550	0.0001578076080726738
AT3G15351	0.00015764977760849327
AT1G21400	0.00015758128569303185
AT4G02570	0.0001575314858656176
AT1G10470	0.00015748357237430516
AT4G38950	0.00015745444795118685
AT5G11980	0.00015744525749454853
AT4G02020	0.00015744464796742263
AT3G49010	0.00015731893209596127
AT2G37340	0.0001572984241968906
AT5G54280	0.00015719396082418467
AT2G33680	0.00015704317939507138
AT1G05070	0.00015692262303077992
AT2G38025	0.0001569219797585197
AT3G13800	0.000156541590817028
AT4G35860	0.0001565245950204843
AT4G25610	0.00015650572766604039
AT5G11430	0.00015638218606486409
AT4G02200	0.000156368888362064
AT4G30310	0.000156295473691535
AT5G14090	0.00015612521171521812
AT5G27950	0.0001559997893517411
AT4G14930	0.00015586328638906793
AT2G07042	0.00015578082632103425
AT4G30200	0.0001557560897145784
AT5G13660	0.00015505132078197226
AT1G77765	0.00015497440485538736
AT3G60250	0.00015495638163520915
AT5G19590	0.00015492720187485913
AT1G22275	0.00015487220755102158
AT3G05160	0.00015474625392189974
AT1G69587	0.0001546152352630133
AT3G13080	0.00015447957566752096
AT2G16530	0.0001544504765312924
AT1G45249	0.00015417559868358783
AT3G26680	0.00015402683094427203
AT5G38590	0.00015402612810616584
AT1G16560	0.00015401493398546555
AT1G76580	0.00015390600238624578
AT5G14020	0.0001538829097429419
AT2G46920	0.000153819322026289
AT3G11745	0.00015380275253329214
AT5G02010	0.00015374692367172368
AT1G51070	0.0001536638710080175
AT4G35880	0.00015363671594640304
AT5G63680	0.00015362033017149126
AT3G14130	0.0001535997393761002
AT1G31600	0.00015343734817216845
AT1G77680	0.00015330815909287313
AT3G59570	0.00015326386539198827
AT3G02020	0.00015315466243607338
AT4G11600	0.0001531033358157555
AT1G44750	0.00015290181016977235
AT3G63450	0.00015284626820658218
AT1G78200	0.00015275424285357518
AT3G17950	0.00015274818518800574
AT1G22750	0.00015258848152716823
AT1G72830	0.00015239862506265887
AT1G72560	0.0001523904342898438
AT2G48060	0.00015229139874105977
AT1G02740	0.00015220695632174412
AT1G55750	0.000152168528198082
AT5G67440	0.00015206115598374287
AT2G19280	0.00015200279808923447
AT3G53920	0.0001519660368019219
AT1G32740	0.00015193672694584632
AT3G25840	0.0001519228595502569
AT4G18140	0.00015181983490772483
AT2G36305	0.00015170229294920722
AT1G27760	0.00015132706143166968
AT5G28030	0.00015122603381271014
AT3G52720	0.0001509278236957151
AT5G26751	0.0001508326862800425
AT1G80490	0.00015073160840736502
AT3G60040	0.00015049014292023742
AT4G23000	0.0001503757997012828
AT1G27430	0.00015028033593053228
AT3G60440	0.0001502788857615231
AT5G03030	0.00015003025383515298
AT3G07860	0.0001500204416970895
AT1G20696	0.0001498325218900284
AT5G49580	0.00014977018945395713
AT1G49832	0.00014975014561202407
AT1G60430	0.00014972100046867383
AT3G23640	0.00014966490870030615
AT1G76320	0.00014955624175609799
AT2G14680	0.00014947449806299381
AT3G62310	0.00014945935343699908
AT4G11830	0.0001494374311747051
AT5G53050	0.00014941428404746407
AT2G25670	0.00014934660557494998
AT5G11750	0.00014931625941143033
AT4G30996	0.00014903808471799116
AT1G63680	0.0001489874665938046
AT2G20100	0.00014895441595733715
AT1G68820	0.00014894069307227976
AT5G48440	0.00014882366693405274
AT2G29620	0.0001485596337668947
AT3G20930	0.00014854993151290543
AT5G01780	0.0001485026101170219
AT2G32080	0.00014846121712989996
AT5G37055	0.00014843100161994203
AT3G19460	0.00014830234560843822
AT5G02520	0.00014819493255921378
AT3G61830	0.0001480721615074375
AT2G47900	0.00014807197191737178
AT5G48560	0.0001480395979102863
AT1G05230	0.00014768135461748822
AT3G04630	0.00014767664632166618
AT3G48360	0.0001476327521163616
AT2G23040	0.00014762151535500836
AT3G01770	0.00014755866185107183
AT5G67520	0.0001475419273338513
AT1G56145	0.00014735259439525858
AT3G15354	0.0001473497793669394
AT1G09890	0.00014734435287038923
AT1G70280	0.0001473362914676557
AT1G63260	0.0001472442080873311
AT3G46280	0.00014724403442157365
AT1G53430	0.00014711467187405729
AT2G35380	0.0001470904452157687
AT3G10920	0.00014708841441724867
AT5G09230	0.00014691007339271092
AT1G08460	0.00014684073818582778
AT2G25950	0.00014673969188221206
AT1G31910	0.00014657638800938684
AT5G08590	0.00014657392800557543
AT3G30350	0.0001465587406485359
AT2G42070	0.00014655781018028222
AT3G01310	0.00014651247880138876
AT5G55390	0.0001460236016271251
AT4G32590	0.00014600946704504728
AT5G57870	0.00014587932140695136
AT5G38780	0.00014558163303684797
AT5G18310	0.0001455769168820298
AT2G36010	0.00014549338759294224
AT2G40460	0.00014547169472954778
AT5G67170	0.00014545299082545482
AT1G54730	0.00014538512301274823
AT5G13220	0.00014534937666373427
AT1G48270	0.0001452055765881665
AT4G35940	0.00014515144948329075
AT4G15563	0.00014512864971853763
AT5G10520	0.00014495201591288492
AT1G02880	0.00014468513738540966
AT2G16900	0.00014457097987624984
AT2G44480	0.00014436586761087302
AT5G08500	0.000144340530226107
AT1G77220	0.00014423020447440032
AT4G33330	0.00014418814110144675
AT4G21310	0.00014416773530257285
AT4G19510	0.00014414302826964742
AT1G54217	0.00014412006169388475
AT5G35995	0.0001440245580695945
AT3G22420	0.00014400441220713083
AT5G26040	0.0001437685502904053
AT3G15970	0.0001437463126771738
AT5G05670	0.00014366154899950648
AT2G06925	0.00014354474095819826
AT4G35890	0.00014343323257144902
AT1G30540	0.0001429492396564672
AT2G23890	0.00014260698675873124
AT5G42030	0.0001425484608593668
AT1G72880	0.00014241304738173957
AT1G80420	0.0001423406611865231
AT4G32350	0.00014232167282233097
AT3G49680	0.0001423031156938371
AT2G46980	0.00014228478134446995
AT5G27410	0.00014200272537725144
AT2G36670	0.00014196310188420444
AT4G26582	0.00014195693618226064
AT4G00730	0.00014191923041776712
AT1G61360	0.00014186747177702793
AT3G05230	0.00014174072699444528
AT2G30990	0.00014164361048910008
AT1G60930	0.0001416238123316666
AT5G62720	0.00014141771445122872
AT5G08080	0.00014129682395955899
AT5G43310	0.00014100302265176114
AT2G07680	0.0001409510926156544
AT3G18090	0.00014094606446832413
AT3G07700	0.00014092694510778564
AT2G22570	0.00014073593955884057
AT3G04970	0.00014061807071908972
AT1G66920	0.00014051861264533828
AT5G06770	0.0001401489215420939
AT3G13030	0.00014014828136060776
AT1G75340	0.00014013397723205124
AT2G30740	0.00014012450250303095
AT2G47370	0.00014003381388395908
AT5G57860	0.0001400244682549733
AT2G40430	0.00013992863022247736
AT2G18960	0.00013989508891236213
AT2G04900	0.00013949663771253785
AT3G29644	0.00013943658407659788
AT3G48070	0.0001393906854033598
AT1G47490	0.00013930183706725144
AT4G13020	0.00013921780673928463
AT2G25000	0.00013902442418422474
AT3G22260	0.00013902060570942113
AT3G13700	0.00013881690715369173
AT3G62090	0.00013853243832291255
AT1G32200	0.00013838252789936557
AT3G07470	0.000138097318250511
AT4G02580	0.00013805132275690544
AT1G18950	0.00013791668871243859
AT3G17609	0.00013786893707492856
AT2G04690	0.00013772984665221365
AT5G28080	0.00013765199438728456
AT3G49640	0.00013754479530499062
AT4G12790	0.00013747370023390676
AT3G53620	0.00013743976679681964
AT5G66600	0.0001373711001592959
AT2G35900	0.00013728648279878302
AT2G36530	0.00013726513143421523
AT1G63130	0.00013692248380218702
AT4G01590	0.0001369000500013009
AT1G59840	0.00013687495699971083
AT5G03345	0.00013670710219239313
AT5G45600	0.00013665553080782574
AT2G01060	0.00013664310118090427
AT5G40600	0.00013648076776370861
AT1G03470	0.0001364454898523486
AT1G03250	0.00013640788670023804
AT5G18190	0.0001363730475576148
AT1G75210	0.00013630996433105935
AT5G27970	0.00013620199008028603
AT2G46250	0.00013618254344553672
AT4G22110	0.0001360636587003741
AT4G01883	0.00013605935382563424
AT5G16610	0.00013600574354886869
AT5G37475	0.00013599410287727225
AT3G43740	0.00013592857866912784
AT4G39390	0.0001357849197969217
AT4G39100	0.0001357389969771926
AT3G10420	0.0001356682126938595
AT3G24180	0.00013558242057023687
AT5G47970	0.00013556688994655224
AT1G76620	0.00013546216637993347
AT3G33528	0.0001352528760335873
AT4G09920	0.00013511909725855029
AT5G46500	0.00013503730141388868
AT3G10310	0.00013484630164140146
AT2G02780	0.0001346920305736739
AT1G20890	0.0001346865443735731
AT3G58900	0.00013466444645189
AT2G29890	0.00013440500073296071
AT1G08670	0.00013427142041683718
AT2G22660	0.00013417676693589336
AT2G42920	0.0001339171091961595
AT1G73390	0.00013367195065267635
AT4G32000	0.00013352548881163413
AT3G11620	0.0001334587718166444
AT5G45350	0.0001333310046280602
AT2G05830	0.00013332502771148773
AT4G14300	0.0001332698769935292
AT2G40860	0.0001332321052264897
AT5G61770	0.00013312061690346137
AT5G43140	0.00013308521019080963
AT2G45540	0.0001329625555464066
AT5G63550	0.00013286195472903058
AT5G61910	0.00013277492564222829
AT5G27640	0.00013269924533895546
AT1G68310	0.00013263075409931547
AT1G08620	0.00013261030386328864
AT1G53320	0.00013211623761244043
AT2G26300	0.00013211527359502674
AT3G54000	0.00013188133505357742
AT3G62940	0.00013162332230335077
AT3G56860	0.0001316215477509372
AT3G59820	0.00013155641365686417
AT1G53200	0.00013147395882414932
AT5G67030	0.00013145669096303886
AT2G06200	0.0001314378937713624
AT4G05330	0.00013143693344341313
AT3G59660	0.00013139762563503459
AT1G34630	0.00013138845460787928
AT3G10450	0.00013136486995478545
AT4G37110	0.00013133483487120606
AT1G47230	0.00013116132253665637
AT5G59090	0.00013083295583132094
AT1G01030	0.00013070968453605567
AT5G06800	0.00013059237890330417
AT5G01180	0.0001305839574130328
AT2G14170	0.00013054885756211314
AT4G13190	0.00013044582138321305
AT5G05800	0.00013037207639315603
AT5G41110	0.00013014356593989498
AT1G17330	0.00013013107396987617
AT1G51805	0.00012995814076733827
AT2G35160	0.000129933808312692
AT1G49590	0.00012990323205334188
AT3G49430	0.00012989429026437905
AT4G33360	0.00012966735325288406
AT1G72770	0.00012964639383607277
AT4G19985	0.00012955897880632944
AT5G64130	0.0001294906672501898
AT5G05940	0.00012943938020868354
AT2G21385	0.00012931556060496487
AT4G11170	0.00012922776364918207
AT2G45245	0.00012918592301296316
AT5G27270	0.00012914597875030134
AT4G39850	0.00012911911136382305
AT5G15270	0.00012909812669343235
AT5G27730	0.00012909010423936204
AT1G58230	0.0001289542808750975
AT3G48190	0.00012879289992485677
AT2G32120	0.00012877245680059868
AT3G55020	0.00012874153472313215
AT3G13810	0.00012871327517434772
AT3G59970	0.0001286926670574518
AT1G12140	0.00012865419061922715
AT2G41640	0.00012855498284689487
AT5G01670	0.00012850993643168159
AT3G16260	0.00012848900844824267
AT5G16540	0.00012842832717805064
AT2G05590	0.00012842585096652803
AT2G45870	0.00012838513441775014
AT5G19210	0.00012826514206613066
AT5G26667	0.00012825904103135204
AT1G67180	0.0001282576823770437
AT1G61030	0.00012812890549049902
AT2G16990	0.00012788162864094991
AT1G32190	0.00012787498570540357
AT3G58120	0.00012769149939757842
AT5G58330	0.00012768420962401756
AT2G31560	0.00012765078713854636
AT1G18070	0.00012757998741526994
AT3G57680	0.00012757705629546645
AT5G06695	0.00012752240103019265
AT4G28640	0.0001273705785672054
AT1G05400	0.00012718461550147454
AT5G24155	0.00012717415101517833
AT5G62760	0.00012689124947944282
AT5G14250	0.00012672616036527563
AT1G11450	0.0001267147736321493
AT4G09010	0.00012653784487054074
AT3G59310	0.00012653337736019503
AT3G26080	0.0001264888138155695
AT3G54750	0.00012648733159500574
AT3G50420	0.00012647504910577768
AT5G48520	0.00012643893072690428
AT3G54720	0.00012636414535928937
AT2G41060	0.00012620006358984818
AT3G19190	0.00012610530386174124
AT5G13200	0.00012610443611485702
AT5G58003	0.00012605367097216994
AT1G28210	0.0001258414570134721
AT3G62360	0.0001257609983737471
AT4G25500	0.00012572556069333161
AT5G49430	0.00012571507967550674
AT5G03770	0.00012570973102745564
AT1G07570	0.00012560681067368205
AT3G17205	0.00012559627928693782
AT3G01100	0.00012557991703320646
AT2G35990	0.00012553412604791658
AT1G14685	0.00012546877628366547
AT3G27470	0.00012536336749475088
AT4G31390	0.00012535100506232228
AT1G56500	0.0001252499184270593
AT1G10830	0.00012493386974839118
AT1G19970	0.00012492359266477192
AT3G06880	0.0001249208170305115
AT5G41560	0.00012487726841145074
AT5G51200	0.0001248549799774588
AT1G70510	0.00012482461014492137
AT3G47350	0.0001247166231490773
AT5G22860	0.00012468226819170328
AT1G30825	0.00012461273085802272
AT5G55820	0.00012459397105106835
AT3G51830	0.0001245921836643365
AT3G42170	0.00012456668849171695
AT2G35330	0.00012444752047877217
AT1G26440	0.00012442957675990374
AT3G62220	0.00012441614301883484
AT5G35930	0.00012428620273058168
AT3G56080	0.00012426047061180078
AT4G30910	0.0001240934900774003
AT4G30850	0.00012389725538484932
AT4G40050	0.00012382607677332061
AT4G33240	0.000123790603058249
AT1G67140	0.00012371710719340814
AT1G22970	0.00012339233182386255
AT3G02280	0.00012337753225196349
AT5G51430	0.00012307975848631909
AT3G05250	0.00012306707991950993
AT5G42740	0.00012302894748542417
AT1G79580	0.00012295068453108056
AT5G14720	0.0001229283996872714
AT1G75170	0.00012284631636483146
AT3G06960	0.0001228118375979086
AT1G31850	0.00012275683528342835
AT1G73930	0.0001226995500579414
AT1G78910	0.00012260834636404133
AT2G36355	0.00012260630463990023
AT4G34460	0.00012250559514719983
AT1G19115	0.00012242112754936487
AT1G74310	0.00012237073468537282
AT2G45380	0.00012237054235781383
AT1G43620	0.0001223103527114014
AT3G12210	0.00012230545454965423
AT1G01370	0.00012217808941690018
AT1G79810	0.00012216786945552655
AT1G15175	0.00012211052540961136
AT3G23090	0.00012204121104376378
AT2G33150	0.00012203219993288135
AT5G03120	0.00012195711633976139
AT5G19030	0.00012188496197394232
AT5G36240	0.00012181724746666718
AT4G36050	0.00012174572784080714
AT3G50560	0.00012162802478500733
AT5G47670	0.00012141856243287352
AT4G13720	0.00012136577774918212
AT4G26690	0.00012124722397752193
AT5G65430	0.0001212096511072092
AT4G00380	0.00012118027703927133
AT2G43490	0.0001210927988736736
AT5G22608	0.00012100729276984628
AT5G20165	0.00012084838095892694
AT1G60620	0.00012069009901058364
AT1G65070	0.00012068408747802558
AT4G14550	0.00012067813515605068
AT3G25790	0.00012064462173061758
AT3G12130	0.00012062931743690613
AT2G46700	0.00012054134287397407
AT5G36002	0.00012053575906464607
AT4G37160	0.00012050957778897231
AT2G02820	0.00012049815200502747
AT5G19070	0.00012044782327548607
AT4G02860	0.00012041679987444788
AT4G17310	0.00012032399960531399
AT4G16950	0.00012027863493315994
AT1G73490	0.00012009235097069232
AT3G51620	0.00011999925927544697
AT1G49430	0.00011988599471382617
AT2G36720	0.00011978954232713474
AT5G05310	0.00011969380019104206
AT2G18300	0.0001195982293784815
AT2G05914	0.00011959569214196899
AT4G16150	0.00011948726791106466
AT1G80650	0.0001192461005062063
AT2G45850	0.00011923762405488054
AT5G52890	0.0001192166215462338
AT3G09300	0.00011917455679038675
AT1G17590	0.0001191026287879541
AT5G03440	0.00011903213538346835
AT5G62130	0.00011899356095700835
AT2G25640	0.00011873358120103907
AT1G22180	0.00011866333788885897
AT2G14285	0.00011865298101145224
AT5G43750	0.00011865076777309854
AT2G24420	0.00011861660176986207
AT5G63760	0.00011860520631645456
AT4G35040	0.00011854518153516187
AT2G34750	0.00011848274374470605
AT2G32970	0.00011845947957843736
AT3G59210	0.00011840896982867408
AT1G14910	0.00011833214119690419
AT1G28520	0.00011830144598248216
AT5G05610	0.000118218919854157
AT5G16630	0.00011818890630893643
AT3G12685	0.00011809169688920887
AT5G63120	0.00011802814320839976
AT3G03500	0.00011788590910334016
AT4G13830	0.00011782001052654567
AT4G23515	0.00011771464834299103
AT2G14520	0.00011749051854809012
AT5G23630	0.00011745032390833552
AT5G62165	0.00011743842376810628
AT3G33530	0.00011736894223133578
AT3G56510	0.00011734742094284865
AT3G22430	0.00011732384205450631
AT5G51170	0.00011726955550013086
AT4G13940	0.0001169922035897061
AT2G42240	0.00011687408544921378
AT3G09370	0.00011683004807736462
AT2G20790	0.00011635834428250866
AT4G15610	0.0001163519167606651
AT3G16220	0.00011634279694602624
AT1G25420	0.00011631519884993652
AT5G14030	0.00011625478064944502
AT4G00460	0.00011618648221812443
AT1G78290	0.00011608985966403349
AT1G04410	0.00011602413741513684
AT2G46572	0.00011599469874089493
AT3G51150	0.00011596681339165926
AT3G25740	0.00011583708820395794
AT1G70700	0.0001158046338064783
AT5G24970	0.00011571688398344809
AT2G30800	0.00011564461496508692
AT4G21400	0.00011559724862982961
AT2G25690	0.00011555519425007794
AT4G00026	0.0001155513696930552
AT1G63610	0.00011554499409741771
AT4G20380	0.00011549504002172495
AT2G03480	0.00011532298375144125
AT3G55600	0.00011525012096905894
AT2G32415	0.00011516558755233284
AT2G33490	0.00011503643381988526
AT4G13150	0.00011503632843125438
AT3G19570	0.00011485651658625236
AT4G00930	0.0001147432951374344
AT5G22700	0.00011466086965816882
AT3G20370	0.00011459043373263599
AT5G50370	0.00011453310366138069
AT5G44750	0.00011450106112781946
AT4G20400	0.00011446567372526265
AT5G11840	0.00011444573309145925
AT5G17290	0.0001144129471720306
AT1G79270	0.00011422336137191372
AT5G62600	0.00011414024269956333
AT5G47380	0.00011395073472453946
AT5G18590	0.00011385452587520094
AT3G12300	0.00011384592740920266
AT2G40640	0.00011378239798415762
AT1G75670	0.00011376341820532885
AT4G05060	0.00011374808330319064
AT2G35520	0.00011369413691116785
AT1G79520	0.00011356933040786677
AT4G24750	0.00011335707638815752
AT4G26070	0.00011325034910857246
AT2G44710	0.00011310432835515517
AT2G31110	0.0001130940215227181
AT2G31130	0.0001130087184421598
AT2G33051	0.00011300079408423833
AT3G10490	0.00011296831356073878
AT5G04080	0.0001129428574854818
AT5G22650	0.00011285620545736662
AT5G55290	0.00011270391877351627
AT5G48610	0.00011256405961658579
AT1G30130	0.00011255332331249374
AT5G07890	0.0001125094195542875
AT2G09795	0.00011250285322754339
AT1G48310	0.00011241832253272845
AT1G53780	0.0001123140981705836
AT4G26640	0.00011220590470755921
AT4G20095	0.00011203736108322598
AT5G53490	0.000111983321254985
AT3G44670	0.0001119510534395916
AT3G20320	0.00011189734736971595
AT5G43900	0.00011168223412526885
AT1G02280	0.00011145157893128183
AT1G54340	0.00011145072967507892
AT2G38550	0.00011138498742570499
AT2G45140	0.00011137854686494899
AT5G65690	0.00011124082077371882
AT3G54510	0.00011117051934704098
AT2G04540	0.00011109288289578866
AT4G31150	0.00011100186662553524
AT4G08500	0.00011097781743776198
AT5G22000	0.0001109542783321254
AT1G10660	0.00011093447664584175
AT2G04100	0.00011088171756269054
AT1G79830	0.00011076873558720837
AT4G29220	0.00011065845071041636
AT1G35320	0.00011028296115817514
AT1G05950	0.00011014527528502397
AT1G80660	0.00011008580820785404
AT1G68910	0.00011007717786860833
AT5G43160	0.00010991301608804956
AT4G34640	0.00010991250377793877
AT4G22540	0.0001097939907038919
AT1G55010	0.00010978493758795799
AT4G30630	0.00010964956871793453
AT3G57050	0.00010964700043258953
AT5G37350	0.00010956824466676914
AT4G35620	0.00010953064403993072
AT1G17680	0.0001094796961116778
AT2G21370	0.00010945492167055483
AT2G46540	0.0001093451957303752
AT5G13590	0.00010934040796643598
AT3G22290	0.00010921928563119567
AT3G47660	0.00010921880689037798
AT1G13700	0.00010921639726301817
AT2G34310	0.00010921488296291089
AT5G19180	0.00010911454272222584
AT5G18550	0.00010911331205214568
AT3G15390	0.00010908237410996833
AT2G44970	0.00010892951207405495
AT1G30470	0.0001088415956516774
AT2G46800	0.00010882350474675284
AT1G13570	0.00010873901926268283
AT3G12980	0.0001087347606582745
AT4G31620	0.00010871821270530813
AT1G10810	0.00010868162005314728
AT3G23600	0.00010866110769751724
AT3G21260	0.00010865526125010377
AT5G26680	0.00010863586619364057
AT5G57700	0.00010863104830230433
AT3G19080	0.00010857315581030284
AT1G55500	0.00010850293547528906
AT3G14200	0.0001084688763422643
AT1G77410	0.00010844252307571398
AT2G45960	0.00010839547325186819
AT5G42765	0.0001083910333564657
AT3G13460	0.00010838575472985557
AT4G35300	0.00010836106529342021
AT4G02760	0.00010830477068521389
AT1G69810	0.00010824309372342431
AT2G11000	0.00010820206837326238
AT4G09300	0.00010817446313388485
AT1G10320	0.000108139965692875
AT5G64630	0.00010802102701878254
AT2G46030	0.00010799746057254542
AT2G41705	0.00010791307524177404
AT4G04850	0.00010788441865410345
AT1G31175	0.00010784154685245504
AT3G15980	0.00010781616219159804
AT1G34355	0.00010774149660662637
AT2G37150	0.00010769844560503837
AT1G76040	0.00010765725716802759
AT2G02470	0.00010754809338017654
AT1G69280	0.00010753966055719664
AT4G17570	0.00010750733595141908
AT5G25380	0.00010744732877278122
AT3G52100	0.00010740135615902536
AT1G01380	0.00010739861229513864
AT3G46180	0.00010737849981910189
AT4G36060	0.0001073519550247483
AT2G41740	0.0001073407859076965
AT1G14700	0.0001070978216206208
AT3G47420	0.00010707959020662073
AT5G66040	0.0001070649256312994
AT3G60910	0.00010705296615165668
AT1G34750	0.00010704878347837482
AT5G11210	0.00010701977229644923
AT5G53486	0.00010697378371895394
AT2G36460	0.00010687477545958634
AT3G02510	0.00010674392943772252
AT4G34370	0.00010667130335771939
AT2G33980	0.00010658734256774636
AT2G46090	0.00010643348926429453
AT1G55200	0.00010641263144360755
AT5G61330	0.00010639870966487092
AT5G26749	0.00010622332926728961
AT1G29950	0.00010615588328958549
AT3G59330	0.00010615074454427963
AT4G16760	0.00010612137198500878
AT5G42080	0.00010596888701884145
AT5G41990	0.00010595993423677761
AT1G03090	0.00010593563902977158
AT2G14260	0.00010589883190958599
AT2G28305	0.00010589299945980575
AT4G17020	0.0001058846094583359
AT4G26370	0.00010576462974454675
AT1G08520	0.00010574970795095896
AT5G49710	0.00010572428872227678
AT4G39170	0.00010565787763807432
AT4G17910	0.00010557857290944857
AT5G01030	0.0001055167759488856
AT2G45400	0.00010546585705728919
AT5G55520	0.00010541358224780318
AT2G31510	0.00010531166291829142
AT5G44110	0.00010529062186043758
AT5G20500	0.00010525919362119434
AT5G62170	0.00010520782385207044
AT3G48860	0.00010517967871662666
AT2G20250	0.00010516247599924754
AT3G25540	0.00010508609023160857
AT3G03380	0.00010502939856794669
AT4G00975	0.00010501840622836554
AT5G07790	0.0001049596783936165
AT2G28060	0.00010485639887086643
AT3G49600	0.00010481962714743807
AT4G20430	0.00010479912432465288
AT3G26670	0.00010472373379210686
AT4G18020	0.00010453902377241537
AT4G32295	0.00010450222714912318
AT3G17100	0.00010443080063003364
AT5G16280	0.00010438280505557631
AT1G72420	0.00010437930267436945
AT3G05685	0.00010426046793418697
AT5G51700	0.00010409535493545586
AT1G20920	0.00010405782979336498
AT1G63240	0.00010398676035974688
AT1G27752	0.00010392620350702224
AT5G43850	0.00010389555304660619
AT4G24440	0.0001038582163340894
AT4G32640	0.00010382156947405852
AT1G55810	0.00010380827745983547
AT3G20150	0.0001037401499855573
AT3G09600	0.00010371905434690357
AT5G67320	0.00010368665179615695
AT2G21710	0.00010363194664018766
AT1G42540	0.00010360590672594436
AT5G35180	0.00010347043743962907
AT4G03415	0.00010346465779183437
AT3G59490	0.00010343632150665334
AT5G50000	0.00010335297179240109
AT4G00180	0.0001033404283972107
AT2G27040	0.00010330815468143077
AT2G22610	0.00010327800507929268
AT1G28530	0.00010314022744149216
AT2G02180	0.000103091607680022
AT2G30600	0.00010308169032896937
AT2G45300	0.00010303376719649084
AT5G66900	0.00010302591262686424
AT5G24080	0.00010291749150706148
AT3G19860	0.00010280266238835818
AT5G43430	0.0001026893929809146
AT4G38360	0.00010263035126953963
AT2G33290	0.00010252981736690211
AT4G15230	0.00010236489817677785
AT1G07890	0.00010229829442338139
AT4G30900	0.00010227866156970634
AT5G61250	0.00010219694735875912
AT4G27080	0.00010218177605823053
AT4G00020	0.0001021496453151826
AT2G46060	0.0001020808256173118
AT5G46250	0.00010197340803335932
AT5G08190	0.00010194635054186587
AT5G66005	0.00010188168819661753
AT3G06500	0.00010181019417021256
AT3G05165	0.00010178979284105543
AT3G44960	0.00010170575160690925
AT4G28250	0.00010168513833802444
AT5G47435	0.00010167885076888783
AT5G04700	0.00010161909409551838
AT1G13580	0.00010159562699884429
AT4G02005	0.00010153828238304983
AT2G04395	0.00010147020746243578
AT4G38225	0.00010146254319566724
AT1G33060	0.0001014008599051762
AT4G35230	0.0001013322854139925
AT1G77000	0.00010130386704032028
AT1G09530	0.00010127448197444348
AT4G21720	0.0001012212199912679
AT3G05190	0.0001011243749810957
AT3G43300	0.00010105974646166418
AT1G05785	0.000100901623949622
AT5G65140	0.00010088551870023772
AT5G37380	0.00010078834861542446
AT1G65410	0.00010075135276434752
AT1G60860	0.000100743419528712
AT1G57680	0.00010073120350216187
AT1G67950	0.00010065282712161473
AT5G23870	0.0001005257646532702
AT4G35270	0.00010044150856449397
AT1G70490	0.00010039883627504076
AT5G46150	0.00010039393711510791
AT3G21340	0.00010035175699888502
AT4G32420	0.00010029586465969245
AT5G40060	0.00010024637830331579
AT1G80260	0.00010019134230685672
AT3G07525	0.00010017948903050685
AT4G21980	0.0001001733096732953
AT3G63300	0.00010015850614591847
AT2G34150	0.00010013732468513909
AT3G46440	0.00010009459435547183
AT3G02890	0.00010008210267407795
AT5G12240	9.994186334985325e-05
AT3G20290	9.982316217778125e-05
AT4G31820	9.982012850350932e-05
AT1G67720	9.979756879574983e-05
AT1G13635	9.97859896953277e-05
AT1G76520	9.976666198454249e-05
AT5G23450	9.974350073341378e-05
AT5G47900	9.971905183872461e-05
AT5G18980	9.971268370179854e-05
AT4G08350	9.965423940253047e-05
AT3G08780	9.965079619300623e-05
AT1G03080	9.959920930251008e-05
AT5G42890	9.954094237364483e-05
AT1G12930	9.953317050883728e-05
AT5G60870	9.94506300767554e-05
AT3G60510	9.925510541175526e-05
AT3G21710	9.921644794711475e-05
AT2G30695	9.906803961845945e-05
AT2G02148	9.900769331590379e-05
AT1G10670	9.894795344269152e-05
AT3G46460	9.894600022374451e-05
AT1G23360	9.889081105348297e-05
AT3G51540	9.885360802989883e-05
AT2G24070	9.864786386782037e-05
AT2G31170	9.85503415940199e-05
AT1G08125	9.853331971348721e-05
AT3G27820	9.852820451003345e-05
AT1G73980	9.837861795490257e-05
AT3G14720	9.831438245256424e-05
AT2G25660	9.828958568275566e-05
AT2G21870	9.827238128181093e-05
AT1G79820	9.822093068133485e-05
AT5G06250	9.800823097123927e-05
AT5G55700	9.797948681562135e-05
AT1G51380	9.797243914194043e-05
AT1G13000	9.795513670838263e-05
AT2G31960	9.783503394651274e-05
AT2G31350	9.778555815941388e-05
AT3G13300	9.765606388452032e-05
AT2G47620	9.763916755746978e-05
AT1G31300	9.762863215836084e-05
AT4G14160	9.75766129808666e-05
AT1G64990	9.751606350606534e-05
AT5G62260	9.751243336118149e-05
AT4G22570	9.742646444269676e-05
AT4G24220	9.742215904670207e-05
AT3G27730	9.74054753900365e-05
AT1G52730	9.738893316783269e-05
AT5G54840	9.737398242428472e-05
AT1G50300	9.730597788517997e-05
AT1G73177	9.720085477734411e-05
AT5G23810	9.70738793210218e-05
AT3G61950	9.706178664340752e-05
AT5G20920	9.703216010502268e-05
AT1G30410	9.699852960041633e-05
AT3G55770	9.694277124202087e-05
AT3G63240	9.683223254434493e-05
AT4G01280	9.681480731811374e-05
AT2G37200	9.670573688407336e-05
AT5G28770	9.662290311096002e-05
AT3G03120	9.660532673822322e-05
AT2G03060	9.659785942207461e-05
AT5G52170	9.659058285964188e-05
AT3G45090	9.656788527438066e-05
AT3G01390	9.64293205560882e-05
AT2G36680	9.639093763816374e-05
AT2G42960	9.635753871151995e-05
AT5G23610	9.631716329879948e-05
AT1G61210	9.624170360367375e-05
AT1G07119	9.622629993152554e-05
AT5G02710	9.619829482078546e-05
AT3G05545	9.615051095903064e-05
AT4G17440	9.614016831857925e-05
AT3G29350	9.595046910315452e-05
AT5G27710	9.591693803389857e-05
AT1G19700	9.590459835845054e-05
AT5G14850	9.589852861289064e-05
AT3G13790	9.586398111011408e-05
AT4G29810	9.586304827587761e-05
AT3G50190	9.584991188501458e-05
AT2G36330	9.578816085507186e-05
AT4G21560	9.572928088802294e-05
AT2G19900	9.564517466786978e-05
AT4G27340	9.557231666462993e-05
AT2G32320	9.557144771348233e-05
AT1G44770	9.543682261157593e-05
AT5G57790	9.542981314757163e-05
AT2G45330	9.54078608268874e-05
AT2G20000	9.536096647029832e-05
AT5G40570	9.535801910649331e-05
AT1G18400	9.53049244762251e-05
AT1G04945	9.528714054831062e-05
AT4G09760	9.526981318267641e-05
AT3G04490	9.524775390711576e-05
AT1G58520	9.518763134402401e-05
AT5G17270	9.51275337735482e-05
AT4G32780	9.512081133627179e-05
AT1G22910	9.483215072641569e-05
AT1G05180	9.478428136969734e-05
AT3G05270	9.473226749120406e-05
AT3G29770	9.473165544058345e-05
AT5G53550	9.460872342010743e-05
AT3G01590	9.457632052594517e-05
AT2G17150	9.452409707058198e-05
AT5G22820	9.451156693528106e-05
AT5G46690	9.450007230325627e-05
AT5G01850	9.448247458308768e-05
AT5G39720	9.447057424829987e-05
AT4G04221	9.44177116620217e-05
AT1G51740	9.433675017874267e-05
AT5G06980	9.431309504277622e-05
AT4G20720	9.429618633936796e-05
AT2G39410	9.422509591857563e-05
AT3G18215	9.42210028825068e-05
AT5G44450	9.414296536408287e-05
AT3G43920	9.410985493721837e-05
AT1G18900	9.410296736973174e-05
AT1G73410	9.405920357387949e-05
AT1G26180	9.397865062909144e-05
AT3G55080	9.391939729648876e-05
AT4G36210	9.3704401555854e-05
AT4G28680	9.369648644376406e-05
AT5G42210	9.364518089740246e-05
AT3G50040	9.361682412893471e-05
AT3G44510	9.351970014802386e-05
AT4G02210	9.34950111072213e-05
AT4G11610	9.345507618856875e-05
AT3G49920	9.330036641344957e-05
AT3G14080	9.328966535929475e-05
AT5G24810	9.326981477299494e-05
AT5G25150	9.323953189590981e-05
AT3G01850	9.317676280871112e-05
AT4G33380	9.309724392924371e-05
AT1G21350	9.307693930279631e-05
AT3G63280	9.306712429227812e-05
AT1G17380	9.305330159768132e-05
AT1G63810	9.293060407942108e-05
AT3G45970	9.292492402562733e-05
AT4G24150	9.290055613514889e-05
AT2G06005	9.28732652195941e-05
AT5G04840	9.284732221031674e-05
AT4G10430	9.271309800988153e-05
AT1G33265	9.259117175718494e-05
AT4G36690	9.257052009027261e-05
AT3G12200	9.25171274032769e-05
AT5G53470	9.246241959771253e-05
AT4G19040	9.243059215882253e-05
AT5G03300	9.240321924682431e-05
AT1G03770	9.235781679798272e-05
AT1G04590	9.231610926531973e-05
AT4G38350	9.22903028299555e-05
AT5G03500	9.227547925900044e-05
AT3G08980	9.223658796182413e-05
AT3G26100	9.220617178288827e-05
AT4G23770	9.210567570210821e-05
AT5G40840	9.201050367028757e-05
AT5G01730	9.199271763971657e-05
AT4G22305	9.198344751732307e-05
AT5G53760	9.197766236729899e-05
AT4G17370	9.197200722157674e-05
AT4G39260	9.186714440095656e-05
AT3G15770	9.178188053546421e-05
AT5G48870	9.169942535512167e-05
AT2G26350	9.168030685446113e-05
AT1G52370	9.161626770578752e-05
AT1G03687	9.160137211431112e-05
AT5G24630	9.154979566936637e-05
AT4G38550	9.146676529394136e-05
AT2G24260	9.135033841317369e-05
AT3G07565	9.134556257559455e-05
AT3G48050	9.13222636056715e-05
AT3G23710	9.128045145481809e-05
AT2G32710	9.126369486395768e-05
AT3G56040	9.11527313790322e-05
AT1G08900	9.111056489534249e-05
AT1G48740	9.108548489557657e-05
AT1G54370	9.103391137892192e-05
AT1G28715	9.100079408143483e-05
AT3G20280	9.097274452844104e-05
AT3G24360	9.096253605006797e-05
AT1G54310	9.091464815752891e-05
AT5G09900	9.079628090245324e-05
AT3G26744	9.079445388832826e-05
AT1G09330	9.078715910966911e-05
AT3G62300	9.07287761452265e-05
AT2G16090	9.065526492686893e-05
AT3G26900	9.0635410499742e-05
AT2G19920	9.062688404727932e-05
AT5G64830	9.061472606780427e-05
AT3G54910	9.049502432536726e-05
AT5G09890	9.047247958307349e-05
AT2G38320	9.043581880958384e-05
AT3G15110	9.03660753113828e-05
AT3G21310	9.030245441881162e-05
AT1G29040	9.027800973885553e-05
AT2G02765	9.025426265707177e-05
AT4G31600	9.02411300684421e-05
AT1G08680	9.023096098336878e-05
AT1G55610	8.990916095331667e-05
AT5G63890	8.983323733171582e-05
AT2G19450	8.982565358510376e-05
AT1G51645	8.981299401192289e-05
AT1G63770	8.980973271046604e-05
AT5G06440	8.97218758249556e-05
AT5G10150	8.968867663016326e-05
AT1G04200	8.967533619409643e-05
AT4G14340	8.964953779572342e-05
AT5G19130	8.962626381816936e-05
AT5G45500	8.960994447486063e-05
AT5G30490	8.951373625616462e-05
AT4G20260	8.943980291141554e-05
AT5G18650	8.930157896272233e-05
AT1G73650	8.916201685492787e-05
AT5G47455	8.908636592268891e-05
AT1G79740	8.90471029640882e-05
AT5G51120	8.90322197998762e-05
AT3G62860	8.899986372786189e-05
AT1G55830	8.897227110781774e-05
AT3G11290	8.894083531594299e-05
AT1G24070	8.890999162427905e-05
AT1G66200	8.889053994942688e-05
AT5G00875	8.885564493744891e-05
AT2G20080	8.882717731826597e-05
AT1G55680	8.880076558001654e-05
AT4G16710	8.875624905422469e-05
AT5G12290	8.873808261363282e-05
AT1G62790	8.867476605094592e-05
AT3G04730	8.866178894424568e-05
AT1G08260	8.859470206558575e-05
AT1G09023	8.8582928691592e-05
AT5G08370	8.849246093140022e-05
AT4G37930	8.844215506303033e-05
AT3G45020	8.831170187154808e-05
AT3G07760	8.829635185032695e-05
AT5G22450	8.82654041389359e-05
AT4G13400	8.822973278117713e-05
AT5G16350	8.818858997940676e-05
AT5G60600	8.805822768448555e-05
AT4G25230	8.801356430005663e-05
AT5G17530	8.791983697300675e-05
AT1G65540	8.779923459799688e-05
AT1G16890	8.760238146902489e-05
AT5G48775	8.759680290831544e-05
AT3G63480	8.759374414357933e-05
AT2G41510	8.756250870575203e-05
AT1G02610	8.750854360323098e-05
AT1G23730	8.745529748727427e-05
AT4G31070	8.73688654510617e-05
AT2G21045	8.719187326935929e-05
AT3G60590	8.714739987200736e-05
AT1G15270	8.711133161705013e-05
AT5G42560	8.706007059321547e-05
AT4G36380	8.703450884514933e-05
AT3G11560	8.700863141995741e-05
AT2G25910	8.700039310266927e-05
AT1G28610	8.697344615725138e-05
AT1G02270	8.696984744977935e-05
AT1G04950	8.68793131776095e-05
AT1G60460	8.685444239321606e-05
AT3G09800	8.68403366769003e-05
AT1G01290	8.680740340996248e-05
AT3G50860	8.679487917101165e-05
AT3G52072	8.673091682267937e-05
AT5G18065	8.659113234130015e-05
AT5G45940	8.655464400046511e-05
AT3G10480	8.649832015148296e-05
AT2G30260	8.649738771877115e-05
AT4G15955	8.642584038727687e-05
AT5G10290	8.636334545351997e-05
AT1G10940	8.632550590218799e-05
AT5G54590	8.627324082918493e-05
AT5G01450	8.621600501127661e-05
AT5G01010	8.617826658165812e-05
AT1G19660	8.612483208370472e-05
AT1G17060	8.607173532439794e-05
AT3G43210	8.59958065878236e-05
AT5G61530	8.597795679195309e-05
AT5G05435	8.596939973723527e-05
AT1G10390	8.591438934734538e-05
AT5G52070	8.561992977842394e-05
AT5G16890	8.55631969668576e-05
AT3G48790	8.545461329285046e-05
AT2G45990	8.542894281889248e-05
AT4G10360	8.54014175379041e-05
AT3G12240	8.54013708648712e-05
AT1G33110	8.53935838701295e-05
AT4G37680	8.536735577465168e-05
AT3G63180	8.536253933262403e-05
AT1G66980	8.528596746220386e-05
AT3G02870	8.521967013537755e-05
AT3G23200	8.513626663492159e-05
AT2G27730	8.512905067668959e-05
AT2G17190	8.512113722088528e-05
AT5G04690	8.511028415964363e-05
AT4G27970	8.51091041538625e-05
AT3G03660	8.509430276008157e-05
AT1G27460	8.506869706039207e-05
AT3G48900	8.492270056483002e-05
AT1G08630	8.491848646208949e-05
AT1G27180	8.491755366072318e-05
AT2G26260	8.491726618049668e-05
AT1G16060	8.488759118788435e-05
AT3G21230	8.487361513052307e-05
AT2G24610	8.485794061097826e-05
AT1G72640	8.475161571536381e-05
AT5G66675	8.4728132154055e-05
AT2G24270	8.468791014348456e-05
AT2G24710	8.46833665533873e-05
AT5G23010	8.468295659134857e-05
AT5G16650	8.459593423569969e-05
AT2G17130	8.458038619823162e-05
AT5G48410	8.45438841436084e-05
AT1G63010	8.447995978774994e-05
AT3G51480	8.44757868289159e-05
AT3G62030	8.447521837107645e-05
AT1G08660	8.439146474713791e-05
AT3G23470	8.435125568917718e-05
AT5G64970	8.433352365737353e-05
AT1G55490	8.430624090324552e-05
AT2G16380	8.429681113187878e-05
AT1G74810	8.429677150488573e-05
AT2G31955	8.429396030496988e-05
AT2G38920	8.428513028164418e-05
AT5G49990	8.412770014039441e-05
AT2G44065	8.41275311373613e-05
AT5G26780	8.407861993545985e-05
AT4G01335	8.404831250918504e-05
AT1G78690	8.402607749130276e-05
AT4G30190	8.3963342320915e-05
AT2G13800	8.38947127298373e-05
AT1G48030	8.385882990947054e-05
AT5G54670	8.384075503042034e-05
AT1G52100	8.382631433861759e-05
AT3G25030	8.38224321496054e-05
AT5G25520	8.381195054385504e-05
AT3G17040	8.380167096408157e-05
AT4G08320	8.37460400738234e-05
AT2G21580	8.37084945702736e-05
AT1G57540	8.369370773903338e-05
AT3G06340	8.366749756599837e-05
AT3G07360	8.361210314567703e-05
AT1G65985	8.359302553475566e-05
AT5G56140	8.356250982179022e-05
AT5G61500	8.349090939638837e-05
AT3G23700	8.344773488009606e-05
AT3G13990	8.339778200918458e-05
AT3G52200	8.336605843752278e-05
AT3G20780	8.314920054268634e-05
AT5G08600	8.311389476404756e-05
AT3G11230	8.310457180868763e-05
AT1G49938	8.31009696214032e-05
AT1G08043	8.307930761386213e-05
AT4G18070	8.305391486685952e-05
AT2G46610	8.299013672229893e-05
AT3G55400	8.297022830549651e-05
AT4G31720	8.292599950983157e-05
AT4G12770	8.288759918104695e-05
AT2G27350	8.286755694539593e-05
AT2G34840	8.286542824098411e-05
AT3G46930	8.278861487272895e-05
AT3G21240	8.275020876136345e-05
AT1G02950	8.272911006805053e-05
AT1G11180	8.263176761690555e-05
AT5G55040	8.246646067162355e-05
AT2G31200	8.243607187012969e-05
AT4G10925	8.243098193316075e-05
AT5G62100	8.24166836694364e-05
AT1G15772	8.228564548021545e-05
AT5G45920	8.223852259566438e-05
AT2G34300	8.223469777342255e-05
AT5G17240	8.223431617763012e-05
AT4G08170	8.222350100978852e-05
AT5G21930	8.214272102130373e-05
AT1G50140	8.214210340909016e-05
AT1G61440	8.213802518933405e-05
AT3G17365	8.212838558327317e-05
AT1G55540	8.212455818281489e-05
AT2G46200	8.208143923516765e-05
AT4G32730	8.203542660648647e-05
AT1G05710	8.19917987325216e-05
AT1G23340	8.195155314990835e-05
AT1G21320	8.185566357867777e-05
AT2G27710	8.173625378434553e-05
AT3G15150	8.167570874079028e-05
AT5G65060	8.165820185753967e-05
AT5G02810	8.161269854562326e-05
AT1G12860	8.154862257606806e-05
AT2G02450	8.152118910696261e-05
AT5G25540	8.152109932821425e-05
AT3G51390	8.151818062739964e-05
AT3G56160	8.150722471810775e-05
AT1G01080	8.147531276607622e-05
AT2G03780	8.143306849678606e-05
AT5G19430	8.121498304644347e-05
AT4G08540	8.107978986826266e-05
AT2G30945	8.100188749234034e-05
AT2G21300	8.09911771156518e-05
AT5G49970	8.097520692575129e-05
AT1G73840	8.09608892182234e-05
AT4G04810	8.091755996118962e-05
AT1G09810	8.089908505945117e-05
AT5G12420	8.086837153623977e-05
AT5G57655	8.075707548877947e-05
AT1G17430	8.072392348813075e-05
AT2G23080	8.072102486321273e-05
AT2G16640	8.069303369424731e-05
AT5G06180	8.069147286866018e-05
AT5G37478	8.066854095512894e-05
AT1G78560	8.066610366572604e-05
AT4G01210	8.058141215589009e-05
AT5G36930	8.054260460120977e-05
AT4G24790	8.052146074693775e-05
AT3G07390	8.051522688137576e-05
AT2G21270	8.046499559200372e-05
AT3G28100	8.043025532589639e-05
AT4G16695	8.036070717578699e-05
AT3G56130	8.033649479644279e-05
AT4G28520	8.032984090645797e-05
AT1G47550	8.025187493559258e-05
AT1G20880	8.023508418841036e-05
AT5G57740	8.019424076235089e-05
AT3G27390	8.01870955121599e-05
AT3G20480	8.017983561486447e-05
AT5G48150	8.017302878091836e-05
AT1G15750	8.017020108633031e-05
AT5G48730	8.014442885497651e-05
AT3G15950	8.014077822398431e-05
AT2G43160	8.012818456251169e-05
AT1G12260	8.005803835838207e-05
AT5G24340	8.004078175101443e-05
AT2G39280	7.989852377462228e-05
AT4G01860	7.98495161915388e-05
AT5G15720	7.977641355141024e-05
AT4G32600	7.970069833519058e-05
AT1G02100	7.966730755811761e-05
AT2G46020	7.954935901476126e-05
AT5G45830	7.949166018722112e-05
AT1G13650	7.94364390741024e-05
AT4G03080	7.941441911704116e-05
AT2G34260	7.935540356970686e-05
AT3G02150	7.931143370591691e-05
AT5G48090	7.91098069962184e-05
AT3G49060	7.905876317332701e-05
AT5G62090	7.905512228529456e-05
AT4G39270	7.904661371638496e-05
AT5G23480	7.901685966964155e-05
AT5G59670	7.891255499005658e-05
AT5G42930	7.887822611750897e-05
AT1G76980	7.884192696624085e-05
AT1G75890	7.869933670284292e-05
AT2G27450	7.867343514865236e-05
AT4G05210	7.866927583930707e-05
AT1G48400	7.863012553647702e-05
AT4G19006	7.860885242823644e-05
AT4G15010	7.842461379664423e-05
AT1G19400	7.84155160977692e-05
AT1G50670	7.836671422372418e-05
AT1G72970	7.829206251406825e-05
AT1G76050	7.828991542891702e-05
AT2G45023	7.825628980708133e-05
AT3G49390	7.823847898955415e-05
AT4G00420	7.821614551356856e-05
AT4G34610	7.81105583690434e-05
AT5G49540	7.80437920682733e-05
AT1G13770	7.798407121821117e-05
AT3G58930	7.794730296688055e-05
AT2G20060	7.793747790629852e-05
AT3G16840	7.792061380812907e-05
AT2G30880	7.790423571170672e-05
AT1G64980	7.782866352667837e-05
AT5G01570	7.778290077602539e-05
AT3G16785	7.774634608342364e-05
AT1G60700	7.771601264736624e-05
AT3G51570	7.756146439001066e-05
AT3G57550	7.751508121200975e-05
AT5G26570	7.74325862678118e-05
AT3G26910	7.742658100487643e-05
AT5G14710	7.740158196046865e-05
AT5G18640	7.727888315422651e-05
AT4G34680	7.725989309518305e-05
AT4G29410	7.704639662899975e-05
AT5G13030	7.702964886306034e-05
AT1G76510	7.692575565376303e-05
AT2G30500	7.691491142666622e-05
AT3G03420	7.691020656398512e-05
AT3G03180	7.686042063485885e-05
AT1G80000	7.667811811582589e-05
AT1G67000	7.667595601779106e-05
AT5G47120	7.660586970488399e-05
AT4G19500	7.65854748195512e-05
AT5G08120	7.656974816547981e-05
AT3G08840	7.654433813396654e-05
AT1G55940	7.650256738105804e-05
AT2G35070	7.64772519733636e-05
AT2G19110	7.632917786163881e-05
AT1G15420	7.628665985405144e-05
AT1G55350	7.624282091880271e-05
AT4G00710	7.616999885971405e-05
AT4G13345	7.611249665445045e-05
AT5G10630	7.60505730320093e-05
AT3G55640	7.596733271329139e-05
AT1G75180	7.592458803186365e-05
AT1G76405	7.591898400355034e-05
AT5G41220	7.590747378076385e-05
AT5G18500	7.585958135952447e-05
AT5G54790	7.577470395383062e-05
AT3G11580	7.572194058031072e-05
AT1G52450	7.571121939078429e-05
AT5G56510	7.5683108825189e-05
AT1G79950	7.567957692019982e-05
AT5G45410	7.553744276970739e-05
AT1G60850	7.550979961770248e-05
AT1G57610	7.550359003440679e-05
AT4G08980	7.545697586602199e-05
AT2G33350	7.536964963651478e-05
AT2G21500	7.520322217496195e-05
AT1G06500	7.515632481718686e-05
AT4G27250	7.510354402593185e-05
AT3G22425	7.505880426275367e-05
AT1G52570	7.504063466098043e-05
AT2G46225	7.497556876022017e-05
AT5G53530	7.495067936273334e-05
AT5G18680	7.491853983969759e-05
AT2G45460	7.473160616747311e-05
AT2G32850	7.472859775963153e-05
AT5G18255	7.468362636539784e-05
AT4G15760	7.461709527983908e-05
AT4G03200	7.461438352795023e-05
AT1G54260	7.455990884513302e-05
AT5G27680	7.45465450126832e-05
AT5G42390	7.450799203674057e-05
AT5G18830	7.450761467212931e-05
AT3G62840	7.446405036550597e-05
AT4G29440	7.44535353756208e-05
AT3G12990	7.420587979701401e-05
AT2G20990	7.420246227025003e-05
AT5G06710	7.416266270132377e-05
AT2G25290	7.41042218432649e-05
AT2G41490	7.408898844213947e-05
AT4G31800	7.406208210230064e-05
AT2G32010	7.40496975312548e-05
AT1G72710	7.404126878888616e-05
AT1G28765	7.402973096581567e-05
AT3G07530	7.401562356413082e-05
AT2G19830	7.400561325740915e-05
AT3G20440	7.396167417967338e-05
AT1G14980	7.387994960779439e-05
AT3G61690	7.384981628708524e-05
AT4G32330	7.377817979553764e-05
AT1G17460	7.374539558103083e-05
AT1G48550	7.371506702803593e-05
AT5G61410	7.367252139220156e-05
AT3G15750	7.36719962112974e-05
AT3G19720	7.364909492295428e-05
AT5G46710	7.348743565386348e-05
AT2G38170	7.346493706142569e-05
AT3G15840	7.34591565757446e-05
AT1G28490	7.337436718570344e-05
AT2G18760	7.335924442360688e-05
AT2G35550	7.327466860512717e-05
AT2G18630	7.326487680767206e-05
AT1G31500	7.323637049113018e-05
AT1G54360	7.320899699933368e-05
AT1G61140	7.30818464833317e-05
AT2G32410	7.305735590728275e-05
AT3G27440	7.303381855730919e-05
AT1G73990	7.30261672824683e-05
AT4G14746	7.2998410560747e-05
AT2G43720	7.29826403602471e-05
AT5G13240	7.296616287549854e-05
AT4G34490	7.292428831985795e-05
AT4G18370	7.29192386948934e-05
AT1G61100	7.289242102426529e-05
AT4G23280	7.28503380536379e-05
AT1G52530	7.281499344658658e-05
AT2G17410	7.27377560866616e-05
AT1G07470	7.273037086865616e-05
AT1G35510	7.269026398097178e-05
AT1G19800	7.264223641395711e-05
AT1G29890	7.252666170392698e-05
AT4G39860	7.252405960571783e-05
AT1G11500	7.250048019888203e-05
AT5G66450	7.245205354361094e-05
AT3G08530	7.236555315371431e-05
AT1G76380	7.235032051610638e-05
AT5G59710	7.233230018867276e-05
AT4G16310	7.230765341176184e-05
AT1G09090	7.22088727647441e-05
AT5G07590	7.214323796536419e-05
AT3G28460	7.189960652130834e-05
AT3G17070	7.185900098152311e-05
AT5G13960	7.184025673649848e-05
AT1G55325	7.1796009126679e-05
AT3G45590	7.173100215573298e-05
AT4G32570	7.172493873366663e-05
AT2G34590	7.167772298140062e-05
AT5G60430	7.165373600236745e-05
AT2G01980	7.152024150951605e-05
AT1G13940	7.147636420934784e-05
AT2G33540	7.143368789963086e-05
AT2G32620	7.139588167702509e-05
AT3G52610	7.136890862889599e-05
AT1G54110	7.134563537965159e-05
AT3G55170	7.133210546838637e-05
AT2G47640	7.12698624877748e-05
AT5G57035	7.12217859481675e-05
AT3G19895	7.119864817921086e-05
AT5G41790	7.119332836118816e-05
AT5G21970	7.118221050541819e-05
AT5G16880	7.11599850979502e-05
AT5G41870	7.115294458314753e-05
AT1G26130	7.112245975295785e-05
AT1G71410	7.111508454526501e-05
AT1G25520	7.109761310095835e-05
AT4G35380	7.108921495757153e-05
AT1G12400	7.105932580370931e-05
AT3G27300	7.105433001570643e-05
AT3G13120	7.103175376551453e-05
AT3G06190	7.100165920020421e-05
AT4G10480	7.099776988924594e-05
AT5G06300	7.089363929303308e-05
AT3G24530	7.08670856628954e-05
AT1G01740	7.08450350041892e-05
AT3G04040	7.079962991541028e-05
AT3G56320	7.07666066911184e-05
AT5G06265	7.074181680976058e-05
AT2G26980	7.071990518712465e-05
AT5G57580	7.065764803443944e-05
AT1G01340	7.064921470867056e-05
AT5G50740	7.056908833540756e-05
AT5G11330	7.05660955080554e-05
AT1G30520	7.053880981307076e-05
AT1G78870	7.052726997886179e-05
AT4G20070	7.05147925796652e-05
AT5G11350	7.040383942036396e-05
AT2G33620	7.02873163173221e-05
AT3G59470	7.022191669891898e-05
AT4G30993	7.020703485009499e-05
AT1G10095	7.012695585175129e-05
AT3G21100	7.011291121774452e-05
AT1G61560	7.007468341235376e-05
AT1G49980	6.998378238073692e-05
AT5G55570	6.988537182130954e-05
AT3G02730	6.981713348411531e-05
AT3G57880	6.971157873089366e-05
AT5G52790	6.963470533183916e-05
AT5G18780	6.96077588235088e-05
AT2G19600	6.959948444792699e-05
AT3G29375	6.954311796788517e-05
AT3G55890	6.950739494209847e-05
AT4G29100	6.94521711457007e-05
AT5G24740	6.944108754669093e-05
AT1G61970	6.94374693067959e-05
AT5G61190	6.942361352918602e-05
AT5G59290	6.941640643014167e-05
AT3G14075	6.93295071706169e-05
AT1G06710	6.920396924515463e-05
AT5G58940	6.91799985574283e-05
AT1G53760	6.917137447553059e-05
AT1G72650	6.915545319471449e-05
AT3G61240	6.912570293931708e-05
AT1G45015	6.911768531661934e-05
AT4G20850	6.907324546059837e-05
AT5G37290	6.898588557241678e-05
AT1G22310	6.896725934913157e-05
AT5G57340	6.894704673095629e-05
AT2G30480	6.883601230208874e-05
AT2G41100	6.882432745248675e-05
AT3G61450	6.881542165796179e-05
AT5G36180	6.878342057312656e-05
AT5G41340	6.874742386532379e-05
AT3G30720	6.869199782231148e-05
AT1G52310	6.86366459242117e-05
AT3G55470	6.86109363429944e-05
AT5G21900	6.856639939046088e-05
AT1G30160	6.855964145431098e-05
AT3G55370	6.849462168336748e-05
AT5G41120	6.848674197551145e-05
AT5G35910	6.848518564009884e-05
AT4G38330	6.842993023429337e-05
AT4G37670	6.842127249926606e-05
AT1G32540	6.838699453309767e-05
AT4G13800	6.836847777111338e-05
AT1G07270	6.836184583196166e-05
AT5G11010	6.822455429664048e-05
AT5G12210	6.820119581385315e-05
AT4G19003	6.81919573003496e-05
AT1G54510	6.811625157589884e-05
AT5G55970	6.810760016731334e-05
AT1G08060	6.800729617183809e-05
AT1G09130	6.796741644081224e-05
AT1G10920	6.795235416349743e-05
AT2G23950	6.792658428660753e-05
AT2G41560	6.792542821957334e-05
AT1G51820	6.790079749912179e-05
AT4G19640	6.789416294125758e-05
AT5G08650	6.77404170348974e-05
AT4G22990	6.770443502413557e-05
AT2G44100	6.75989538824739e-05
AT3G25440	6.757511279439882e-05
AT4G38560	6.752205601713382e-05
AT4G26650	6.748151662520026e-05
AT4G25650	6.737827060386218e-05
AT1G56550	6.736207140390923e-05
AT5G04460	6.732199649063228e-05
AT5G03690	6.73092866090698e-05
AT1G74790	6.726181915770848e-05
AT3G23560	6.722294204275274e-05
AT5G06100	6.717710882181875e-05
AT2G22240	6.709821601214048e-05
AT4G33200	6.698128094331205e-05
AT4G28600	6.696851260976024e-05
AT5G27550	6.68787237968918e-05
AT1G05940	6.686603867909215e-05
AT1G13630	6.678401050398088e-05
AT1G08600	6.671433629279773e-05
AT4G28730	6.671117640043678e-05
AT3G54870	6.668591716996915e-05
AT2G41160	6.667373165431968e-05
AT5G48690	6.665502674896373e-05
AT1G75380	6.661220924717699e-05
AT5G67590	6.652011601905627e-05
AT1G66840	6.651276576004137e-05
AT5G26910	6.650959401309237e-05
AT1G79880	6.642704404073892e-05
AT4G14716	6.640677530930161e-05
AT4G24400	6.640030232060364e-05
AT3G54480	6.637293341966936e-05
AT1G70730	6.633406224173776e-05
AT3G20020	6.632718250967349e-05
AT5G01470	6.632321380686324e-05
AT5G27220	6.628039776626616e-05
AT1G29400	6.625447855260067e-05
AT1G67325	6.623750858758552e-05
AT2G19385	6.613233595449596e-05
AT1G10930	6.611085991675671e-05
AT5G01230	6.610674919422129e-05
AT1G56120	6.609220644087105e-05
AT3G06380	6.597763703506348e-05
AT3G47250	6.593791420246936e-05
AT2G01275	6.590688978595572e-05
AT5G41150	6.588843615387214e-05
AT1G53440	6.586360537499613e-05
AT1G03070	6.580171432795032e-05
AT1G63670	6.579972299299938e-05
AT2G39800	6.576245296997185e-05
AT4G00550	6.56184602085724e-05
AT1G42440	6.55404691803927e-05
AT1G01950	6.552291742623427e-05
AT3G23530	6.549029280603957e-05
AT4G14920	6.54471384283074e-05
AT1G03590	6.539391234998793e-05
AT5G59960	6.537564856003084e-05
AT3G56150	6.53219819428877e-05
AT4G02600	6.529394370544961e-05
AT1G06700	6.528846155870944e-05
AT3G55880	6.52710170341937e-05
AT5G48620	6.522658787474307e-05
AT1G60130	6.522622685093325e-05
AT2G16430	6.514984194607617e-05
AT3G24890	6.514640285593294e-05
AT4G25640	6.513800234218535e-05
AT1G49340	6.511115091933288e-05
AT4G31115	6.505122376651347e-05
AT5G41620	6.499546452791281e-05
AT4G38670	6.499271264680056e-05
AT1G30270	6.491888505474028e-05
AT3G46200	6.489114230471478e-05
AT5G26146	6.483388538936232e-05
AT1G33720	6.482766028427274e-05
AT3G10350	6.481743763024164e-05
AT5G50160	6.472478705382507e-05
AT4G03090	6.459657916611295e-05
AT3G51270	6.441514146836484e-05
AT3G09200	6.432895796800723e-05
AT3G07090	6.427108959249314e-05
AT2G22300	6.423169976681429e-05
AT1G33810	6.416587720018565e-05
AT1G28330	6.41215907111855e-05
AT5G18230	6.411920416959136e-05
AT5G55160	6.397750020680813e-05
AT1G30620	6.393609971138317e-05
AT1G52700	6.390306978290985e-05
AT2G31600	6.389583554731624e-05
AT1G70180	6.389390201604899e-05
AT1G53940	6.380683409139463e-05
AT5G45710	6.377279017782233e-05
AT3G60240	6.376274826033274e-05
AT5G06600	6.368410912914818e-05
AT2G39830	6.361477082339556e-05
AT1G01920	6.360286779485616e-05
AT3G21215	6.356380518109785e-05
AT2G20815	6.352789025375702e-05
AT2G27840	6.348144483819144e-05
AT2G19670	6.341974153272216e-05
AT5G66930	6.331657790357032e-05
AT1G29700	6.329002891524827e-05
AT2G43190	6.328329379748193e-05
AT5G15610	6.31330638206478e-05
AT5G41180	6.309501481984662e-05
AT5G53620	6.306290760609298e-05
AT3G57780	6.30431369228721e-05
AT5G05780	6.302897572459637e-05
AT1G09195	6.301840156758498e-05
AT1G16780	6.30044360099885e-05
AT5G60030	6.299818833738149e-05
AT5G41910	6.299244707478019e-05
AT1G77210	6.2989402460394e-05
AT4G11840	6.298368359889269e-05
AT2G32250	6.295337863143189e-05
AT2G24755	6.292528569942413e-05
AT1G12900	6.29159856304034e-05
AT1G34030	6.284561722763291e-05
AT1G67250	6.281924211730248e-05
AT5G20720	6.278489126040619e-05
AT2G20950	6.276626163312791e-05
AT3G16470	6.276041083687974e-05
AT5G46270	6.273225847724503e-05
AT1G17370	6.266555696274248e-05
AT2G29390	6.263583626127124e-05
AT3G46490	6.262940763407928e-05
AT1G70920	6.260183518742853e-05
AT5G63580	6.250798078368666e-05
AT2G35780	6.249482605323787e-05
AT1G80865	6.248826321263314e-05
AT4G37080	6.247506009731379e-05
AT1G22840	6.242227282570222e-05
AT5G16390	6.234095062032434e-05
AT1G73270	6.232803273908475e-05
AT3G45190	6.231061349665645e-05
AT3G14150	6.229036152323926e-05
AT4G05170	6.227780035180275e-05
AT2G19800	6.227287916418042e-05
AT3G10230	6.224100449326062e-05
AT3G02920	6.213205628528747e-05
AT3G06400	6.212684434473587e-05
AT3G51770	6.207703673456264e-05
AT3G10440	6.205138894400212e-05
AT2G36850	6.204138748170693e-05
AT3G55440	6.201883455073005e-05
AT5G04810	6.200629580698073e-05
AT1G45201	6.194478631713962e-05
AT4G38510	6.18795911240432e-05
AT1G79230	6.183373071062372e-05
AT1G58410	6.167932836947829e-05
AT1G24265	6.163423858627324e-05
AT1G15460	6.162311291490135e-05
AT5G13640	6.151056819906782e-05
AT1G63855	6.149938116550103e-05
AT2G38160	6.148139458363247e-05
AT1G12740	6.144791394182479e-05
AT5G40820	6.142020234766269e-05
AT3G11960	6.14016323703822e-05
AT1G31830	6.137245560430283e-05
AT3G54860	6.127575097507905e-05
AT5G41610	6.113871597857195e-05
AT4G04614	6.113762031285727e-05
AT4G21090	6.0994752862239875e-05
AT5G52640	6.0931588895529105e-05
AT5G22780	6.092841206876594e-05
AT5G64010	6.091856597658558e-05
AT3G53350	6.088958138604504e-05
AT5G55790	6.084553421046191e-05
AT4G21510	6.0825686432231024e-05
AT4G22950	6.0820414123146e-05
AT2G32500	6.079476826698037e-05
AT1G26200	6.073152380710585e-05
AT5G15550	6.072997748811152e-05
AT2G39470	6.0704319778122195e-05
AT2G19910	6.067176531790602e-05
AT5G63180	6.0652315626209747e-05
AT1G11160	6.063500467167929e-05
AT5G64360	6.056103824073161e-05
AT1G07110	6.051569039334955e-05
AT2G24680	6.043939107460993e-05
AT3G03250	6.0404066457575255e-05
AT5G04220	6.039884170071047e-05
AT5G23430	6.034371660475164e-05
AT4G16700	6.0333419718630104e-05
AT3G56990	6.029136686185034e-05
AT5G66055	6.027014672582596e-05
AT1G67300	6.022148167112621e-05
AT2G18510	6.021653303818764e-05
AT5G14500	6.02150556241802e-05
AT4G34090	6.015972067957616e-05
AT2G17540	6.014914378981473e-05
AT2G22830	6.011541916713532e-05
AT5G50270	6.009089967030502e-05
AT5G04260	6.000464323378922e-05
AT1G26170	5.99621570600111e-05
AT1G32450	5.995921341750747e-05
AT1G11730	5.99562618535088e-05
AT1G04280	5.994023542408351e-05
AT5G25755	5.990444515504291e-05
AT5G63920	5.988027279757324e-05
AT5G47750	5.987495578675216e-05
AT1G06150	5.9803106949308266e-05
AT3G11520	5.9773199802023124e-05
AT3G10260	5.976017102175167e-05
AT2G41600	5.974464771601965e-05
AT4G32285	5.9740186656116216e-05
AT3G59090	5.9737916901166606e-05
AT5G47620	5.9725283303682016e-05
AT5G43320	5.9713167467599774e-05
AT4G36940	5.967720058481554e-05
AT4G14410	5.9663179862883343e-05
AT3G51860	5.963338467883803e-05
AT4G25300	5.9613903849399825e-05
AT5G40370	5.958353406637019e-05
AT2G45135	5.9426111900903226e-05
AT3G49410	5.938448322512377e-05
AT1G29630	5.9380830829832684e-05
AT2G28250	5.937539733951297e-05
AT2G15000	5.932754961254737e-05
AT5G27430	5.926639886195067e-05
AT1G77950	5.92286088277723e-05
AT5G01400	5.92267381011662e-05
AT4G12850	5.921968052036998e-05
AT5G52760	5.919695436316035e-05
AT5G05730	5.914244960916073e-05
AT2G37280	5.907427205185568e-05
AT4G23330	5.902060350350454e-05
AT3G48290	5.891281869969006e-05
AT3G11150	5.88279594777529e-05
AT3G42150	5.880186225876276e-05
AT1G16570	5.876256865806031e-05
AT1G12840	5.8742532535656856e-05
AT3G27930	5.873190920522753e-05
AT1G29170	5.872240850378214e-05
AT4G09770	5.863712370113097e-05
AT3G06050	5.861730455523908e-05
AT5G05920	5.8560655921969085e-05
AT1G24706	5.8506493912520975e-05
AT1G04750	5.840455201383607e-05
AT1G19080	5.839113599513164e-05
AT1G79650	5.8372769940809754e-05
AT1G08190	5.8362921053257096e-05
AT2G20280	5.8362197481271924e-05
AT4G18340	5.8313836485359775e-05
AT2G33740	5.826675425391355e-05
AT5G15190	5.812203582588167e-05
AT4G17890	5.805721186180972e-05
AT3G11945	5.803547791952889e-05
AT5G55060	5.7909321336463396e-05
AT3G12560	5.789262600320554e-05
AT1G33615	5.782396945162104e-05
AT5G10070	5.781224897662554e-05
AT1G11330	5.780494522802815e-05
AT2G20410	5.7766519120584026e-05
AT2G01830	5.7743521568066256e-05
AT1G53450	5.774071874025864e-05
AT1G16225	5.768039007168207e-05
AT1G44125	5.766300747906028e-05
AT1G17890	5.755981415703413e-05
AT1G67840	5.7522808666655295e-05
AT3G51340	5.751190817622012e-05
AT4G36090	5.7491333191441874e-05
AT4G36440	5.738261600065404e-05
AT4G40085	5.738098144861247e-05
AT5G05970	5.735798847523356e-05
AT5G08620	5.735268831386433e-05
AT5G63540	5.734966035367175e-05
AT1G34260	5.733146194566531e-05
AT1G15860	5.7270025012434166e-05
AT2G27060	5.714155708435606e-05
AT2G42280	5.710060428000796e-05
AT4G17470	5.7080457705964224e-05
AT2G41460	5.703574454917543e-05
AT3G06510	5.6960432736575736e-05
AT3G28970	5.692763064756883e-05
AT1G26230	5.689779513091568e-05
AT2G45170	5.686517951203787e-05
AT5G04320	5.6755468816340933e-05
AT1G30080	5.674751148849793e-05
AT5G11490	5.674335309374448e-05
AT2G20120	5.669161515826386e-05
AT3G49350	5.668626099303105e-05
AT1G19120	5.650255193813895e-05
AT3G24929	5.64882390454249e-05
AT3G60260	5.6475528460017524e-05
AT5G18800	5.64729675122439e-05
AT1G72490	5.6461319313562564e-05
AT5G57180	5.645313806870583e-05
AT1G50440	5.643011832047245e-05
AT3G49630	5.64179736466828e-05
AT1G65930	5.638190339169496e-05
AT4G18230	5.63372110665208e-05
AT5G03730	5.632958568044463e-05
AT4G19410	5.6327596130976544e-05
AT1G54390	5.6314587896901384e-05
AT1G50590	5.6308026706455187e-05
AT5G08450	5.629808940316001e-05
AT3G53340	5.623534189739039e-05
AT2G05755	5.6229984980700206e-05
AT3G02500	5.621026552403895e-05
AT1G15280	5.6174387799634494e-05
AT2G43500	5.6136370253467486e-05
AT5G66550	5.611220386778585e-05
AT1G78530	5.610739857349788e-05
AT5G61820	5.6077050396122875e-05
AT1G23860	5.6017153880386775e-05
AT2G26400	5.6011467893126685e-05
AT4G03440	5.600785615022708e-05
AT3G05935	5.600732453906242e-05
AT5G16680	5.600417815343859e-05
AT1G78950	5.59147292442532e-05
AT1G66410	5.589490951329376e-05
AT5G58190	5.587011638692769e-05
AT2G02860	5.582652558927193e-05
AT1G61660	5.5811355396382704e-05
AT2G26695	5.5753373699803476e-05
AT1G73020	5.57340064922915e-05
AT3G24840	5.569065423464667e-05
AT1G09420	5.568105732725791e-05
AT5G66100	5.561814466271366e-05
AT4G20350	5.5569382727899614e-05
AT2G40630	5.553826142995165e-05
AT2G20530	5.553482200526267e-05
AT2G47920	5.55338837636126e-05
AT2G48120	5.54851758681352e-05
AT5G40700	5.5445955505184207e-05
AT5G11030	5.54307678344458e-05
AT1G67700	5.5393362468016014e-05
AT2G26070	5.538947618810851e-05
AT5G42940	5.53495286944261e-05
AT2G43465	5.533521928225672e-05
AT5G26280	5.52723585480048e-05
AT1G15140	5.527039170044004e-05
AT3G53090	5.5266017289881396e-05
AT5G22875	5.522416658940297e-05
AT5G04620	5.518484042677968e-05
AT3G20390	5.517792061995628e-05
AT3G01690	5.517724577941038e-05
AT3G15650	5.514553709030344e-05
AT3G14880	5.514185094112586e-05
AT4G17330	5.5124761048151354e-05
AT2G32950	5.5109320466917485e-05
AT2G36370	5.509878063097596e-05
AT3G47630	5.5072335110555533e-05
AT1G50500	5.5070843512118755e-05
AT1G54280	5.5056401462860584e-05
AT4G31860	5.5046942340846917e-05
AT3G54890	5.4952873117203576e-05
AT1G26970	5.48891937461566e-05
AT3G02740	5.4885128846497464e-05
AT1G13170	5.4854714005500835e-05
AT3G53610	5.4727854745210896e-05
AT3G08710	5.4633031527090356e-05
AT2G01100	5.461418078133197e-05
AT3G51100	5.461303700916829e-05
AT5G51290	5.461252725496522e-05
AT4G37608	5.459093533804028e-05
AT4G10930	5.4584352359798936e-05
AT1G69610	5.4538166232766313e-05
AT1G73170	5.4529641916220116e-05
AT3G63430	5.449182649542226e-05
AT5G59440	5.4422634738812646e-05
AT5G64850	5.4402768259509603e-05
AT4G22300	5.434350329237319e-05
AT5G42980	5.4252041053593056e-05
AT3G53760	5.4246378878772244e-05
AT5G05320	5.423639842164341e-05
AT4G32990	5.421190164999322e-05
AT2G26780	5.41728895231598e-05
AT5G11480	5.414898770491747e-05
AT1G77890	5.411198431002718e-05
AT4G01540	5.408511985879974e-05
AT4G25315	5.404970664455626e-05
AT3G47675	5.395582854401827e-05
AT5G05570	5.393775223115268e-05
AT3G54350	5.3931847949732154e-05
AT5G49840	5.390163514443646e-05
AT5G62640	5.373855127528361e-05
AT1G26450	5.371689316892193e-05
AT3G55480	5.37110052465629e-05
AT2G37760	5.369862718603165e-05
AT1G50950	5.366609804276792e-05
AT1G73770	5.3645980165841976e-05
AT1G54450	5.3568492130114105e-05
AT4G36250	5.35535801656592e-05
AT2G23840	5.349795882667302e-05
AT3G06670	5.3475176348766074e-05
AT1G18360	5.3468716075920026e-05
AT1G61490	5.345891708891205e-05
AT1G11270	5.3398580448560296e-05
AT2G27150	5.3310540636876185e-05
AT4G06598	5.326726046335167e-05
AT4G27780	5.326696037761972e-05
AT3G52310	5.3263218996271775e-05
AT1G18650	5.32560418320691e-05
AT1G33030	5.325113762559633e-05
AT1G09995	5.32277742811014e-05
AT3G10915	5.3176008756990596e-05
AT5G63370	5.315079114369377e-05
AT2G43070	5.31391904084513e-05
AT4G11670	5.307994645296379e-05
AT1G13460	5.30782665182631e-05
AT2G22730	5.3061487003075974e-05
AT5G36880	5.305362488105516e-05
AT2G33470	5.304885345540889e-05
AT2G24280	5.3026899004716364e-05
AT5G08610	5.301990912214324e-05
AT2G25605	5.2953799037116704e-05
AT1G11910	5.29334541280143e-05
AT2G18720	5.291231789458761e-05
AT4G02405	5.288391241451127e-05
AT1G07910	5.2880950694160143e-05
AT4G16110	5.2835043627500814e-05
AT4G13280	5.275567288912138e-05
AT2G38880	5.273944808769794e-05
AT3G18535	5.2715219515232684e-05
AT3G10380	5.270296464444043e-05
AT2G07050	5.2692920997436766e-05
AT3G11250	5.2606327059789784e-05
AT4G23450	5.259043045011766e-05
AT1G75880	5.2575260736670804e-05
AT2G23140	5.25730779670584e-05
AT4G10960	5.255787209856529e-05
AT5G03570	5.2539778136416805e-05
AT1G76630	5.253622836512161e-05
AT1G09100	5.2532401521937746e-05
AT3G23400	5.251214162795411e-05
AT1G50510	5.250374601248149e-05
AT1G12360	5.2493959282875086e-05
AT1G56540	5.24738155789618e-05
AT1G68862	5.2473130899749865e-05
AT4G17000	5.245018121535651e-05
AT3G58760	5.241334068336014e-05
AT5G38280	5.241166386884897e-05
AT2G39760	5.238643260515789e-05
AT3G05680	5.2379539680697085e-05
AT1G11260	5.235210423092394e-05
AT3G26490	5.2346030476377196e-05
AT4G10843	5.233438649752683e-05
AT1G47271	5.232165734932077e-05
AT1G16860	5.231111011897416e-05
AT3G13210	5.225767042637646e-05
AT5G62610	5.2235060994710446e-05
AT1G06890	5.2190063854391216e-05
AT5G67430	5.2185664741639395e-05
AT1G24300	5.218509983535932e-05
AT1G17880	5.213558586196253e-05
AT1G27960	5.209749090765231e-05
AT4G21430	5.2045890545840264e-05
AT5G63800	5.202184448604997e-05
AT3G27770	5.1984703346381966e-05
AT5G14060	5.195890455276483e-05
AT2G41190	5.193791932043972e-05
AT4G27490	5.19075112118272e-05
AT1G52430	5.1866936985901154e-05
AT3G52730	5.186000886834739e-05
AT3G11930	5.183544223593719e-05
AT5G45370	5.175895688422255e-05
AT4G35640	5.174291123563547e-05
AT3G12220	5.1696534272028e-05
AT1G48790	5.1689894900985204e-05
AT3G56450	5.15902506788246e-05
AT1G20490	5.158910529355723e-05
AT4G12720	5.157175841932084e-05
AT4G09150	5.1563405116412294e-05
AT1G27980	5.155551670598889e-05
AT4G24175	5.155007231105731e-05
AT5G03190	5.153605182364205e-05
AT1G17280	5.150533880896094e-05
AT5G36230	5.1496216646790286e-05
AT1G18620	5.1489573319706645e-05
AT3G29160	5.147041658941673e-05
AT3G12700	5.137575852873091e-05
AT2G45240	5.134162259014608e-05
AT1G72250	5.132275122692258e-05
AT3G23430	5.130981958153163e-05
AT5G19855	5.129442772641176e-05
AT4G03935	5.127126632848653e-05
AT3G60070	5.125881851524329e-05
AT5G64560	5.124151766837821e-05
AT4G28910	5.120140760644151e-05
AT1G08220	5.116061027543549e-05
AT5G19420	5.110630036483948e-05
AT3G54300	5.1022995482931073e-05
AT1G52870	5.098296140773876e-05
AT2G44530	5.096823806461028e-05
AT2G16870	5.09139366893418e-05
AT2G23610	5.0911524302563565e-05
AT1G10590	5.090219070083392e-05
AT4G24280	5.087324986929263e-05
AT5G10810	5.0869924317179345e-05
AT5G25490	5.0759200423089596e-05
AT1G33400	5.06877357545309e-05
AT4G27620	5.061934732506539e-05
AT5G67380	5.061509440349671e-05
AT1G04140	5.060321738710624e-05
AT5G02500	5.0597190818777266e-05
AT1G80980	5.056804339906508e-05
AT2G15280	5.0549563505190874e-05
AT2G34450	5.0451758708576896e-05
AT2G34710	5.0451093725569144e-05
AT5G40850	5.04108351720294e-05
AT4G12990	5.033829584721333e-05
AT4G17483	5.025313490799748e-05
AT5G40490	5.019256060212373e-05
AT2G27480	5.019081167251644e-05
AT5G44010	5.017512001048384e-05
AT1G29220	5.0142122431049316e-05
AT3G23080	5.011002915265073e-05
AT5G19140	5.010245090373622e-05
AT5G40910	5.0099407606959194e-05
AT2G20440	5.0088676878408045e-05
AT1G03055	5.008370464909077e-05
AT3G12080	5.006250035615731e-05
AT2G25760	4.997633118449522e-05
AT3G62080	4.9942452961679826e-05
AT3G16030	4.991932119824005e-05
AT5G64050	4.985792047056559e-05
AT4G00630	4.985177912372235e-05
AT1G66465	4.984538187103825e-05
AT2G39190	4.984526579690969e-05
AT4G26700	4.981888851756553e-05
AT1G14830	4.9817807540620075e-05
AT1G11380	4.97929093975967e-05
AT1G08010	4.976097954226666e-05
AT5G03620	4.974977508579079e-05
AT3G49645	4.9695935884690753e-05
AT4G14400	4.967602747658535e-05
AT4G37970	4.966864614924552e-05
AT2G37260	4.964642529018009e-05
AT1G24350	4.9589723480284656e-05
AT3G44160	4.9580754894679125e-05
AT4G31790	4.9539679695335356e-05
AT1G59650	4.949915804030212e-05
AT5G15310	4.949874160124219e-05
AT5G01660	4.9487597765461014e-05
AT3G44716	4.94817706820638e-05
AT5G57320	4.945862003218685e-05
AT3G03030	4.9438022987239096e-05
AT3G51010	4.9430723214646806e-05
AT3G03350	4.940525731136501e-05
AT4G00335	4.933525744949817e-05
AT1G80210	4.932878270767932e-05
AT4G24500	4.932319869391587e-05
AT1G47900	4.92023371638223e-05
AT1G76970	4.9202276842766865e-05
AT4G29170	4.9188758772788786e-05
AT2G32210	4.914883694006385e-05
AT1G80760	4.9110450451909553e-05
AT5G20680	4.907484476131251e-05
AT4G11410	4.897539536194012e-05
AT2G03730	4.893474297540418e-05
AT1G03310	4.889183086352434e-05
AT3G28430	4.888581710313461e-05
AT2G43240	4.865260006257888e-05
AT2G23960	4.8582893989797524e-05
AT2G41670	4.857665510889753e-05
AT4G27120	4.8559987560139365e-05
AT2G03110	4.8541296672930466e-05
AT5G18040	4.852996621296161e-05
AT1G64850	4.850663142625482e-05
AT4G19420	4.844434343689409e-05
AT5G43990	4.843195939446954e-05
AT3G46658	4.8424826795185534e-05
AT2G32810	4.8388648997997614e-05
AT5G46740	4.8371616961495443e-05
AT5G15630	4.836284875083991e-05
AT4G21660	4.83491440605317e-05
AT4G40030	4.832689428834094e-05
AT5G11300	4.825982622877254e-05
AT1G06470	4.82325040730415e-05
AT2G32840	4.816520149242356e-05
AT1G08840	4.815928251684484e-05
AT4G17050	4.8144474908310585e-05
AT2G39930	4.813665409094067e-05
AT1G35530	4.810339324333517e-05
AT1G04930	4.8102086692847984e-05
AT4G17610	4.804721268316776e-05
AT1G69460	4.8036023921954775e-05
AT4G29080	4.80207236730058e-05
AT5G59770	4.801102254932006e-05
AT5G67540	4.7995313177219445e-05
AT3G04030	4.796975175578732e-05
AT5G25880	4.794434778353981e-05
AT1G34380	4.794246575076357e-05
AT3G13000	4.781954984311024e-05
AT5G26740	4.7807915047059756e-05
AT4G25960	4.7764269560346794e-05
AT5G04440	4.775710405577608e-05
AT4G28150	4.766398814682736e-05
AT5G11710	4.765035980415316e-05
AT1G52280	4.7629810513982584e-05
AT5G15410	4.760001733244964e-05
AT3G32980	4.7459702230343286e-05
AT5G67140	4.744961388218957e-05
AT4G24480	4.743947320121655e-05
AT2G40435	4.742814807204218e-05
AT2G22190	4.7410401785911685e-05
AT2G37060	4.7379353063021515e-05
AT1G42430	4.736285971959187e-05
AT5G54110	4.734781738356762e-05
AT4G00570	4.7334145548299187e-05
AT1G77160	4.733104179014834e-05
AT2G37860	4.7317541539714806e-05
AT2G38995	4.73084469233107e-05
AT4G17760	4.7303659246844077e-05
AT2G43640	4.728414891686983e-05
AT3G21865	4.718575342998825e-05
AT1G15150	4.714702579822151e-05
AT1G16260	4.7108530288479656e-05
AT1G27320	4.7090037246232816e-05
AT1G26665	4.705436902338055e-05
AT1G35250	4.701332751163357e-05
AT1G63800	4.700113482004371e-05
AT4G36730	4.696135462714797e-05
AT3G53830	4.6887697373892506e-05
AT1G60787	4.68842722427911e-05
AT4G31120	4.684894294742818e-05
AT1G25530	4.67892702953055e-05
AT3G04520	4.67251754095161e-05
AT3G44540	4.6723933546373424e-05
AT2G27790	4.670361549100803e-05
AT4G29940	4.661885411482799e-05
AT1G31540	4.660151834469045e-05
AT4G13850	4.6598521229658064e-05
AT5G41960	4.658791005826065e-05
AT5G19390	4.6582572016796243e-05
AT5G55550	4.6549987521550716e-05
AT5G19050	4.653733471621837e-05
AT5G09590	4.652142652058138e-05
AT5G11680	4.6484300115666725e-05
AT1G54030	4.646830927323213e-05
AT5G22794	4.6465618523525634e-05
AT5G24580	4.639091799438873e-05
AT1G32240	4.638223903625603e-05
AT3G58050	4.637148864614817e-05
AT5G54750	4.633389788070059e-05
AT5G03780	4.6330710057318564e-05
AT3G17770	4.632903498951752e-05
AT5G59490	4.631576575436784e-05
AT3G10500	4.626714761204297e-05
AT3G51640	4.623214148517048e-05
AT1G21930	4.6231549406711055e-05
AT3G59300	4.622875248659197e-05
AT4G01915	4.6204038995980436e-05
AT1G04230	4.6149347901747966e-05
AT5G63460	4.610274800781122e-05
AT4G26300	4.606127624981277e-05
AT3G56310	4.5978865987300674e-05
AT2G39100	4.5956665814160646e-05
AT1G25220	4.594281111427933e-05
AT1G67850	4.5910276169014434e-05
AT4G15790	4.5894359047009976e-05
AT3G08730	4.58899101041404e-05
AT1G70530	4.5811223510847836e-05
AT5G63310	4.5806708958902084e-05
AT1G66250	4.5792625011743225e-05
AT1G09170	4.5750867394480176e-05
AT2G40260	4.572602110334133e-05
AT2G39250	4.5684113610798956e-05
AT3G58270	4.566490704568371e-05
AT4G04190	4.564966522464025e-05
AT2G22990	4.5646574897485604e-05
AT1G34350	4.5621033916691554e-05
AT4G28760	4.556917713353737e-05
AT2G47850	4.55646462475271e-05
AT2G30390	4.554089757134146e-05
AT5G44635	4.5525918602355635e-05
AT5G66620	4.5459164200612945e-05
AT3G49560	4.543364062199587e-05
AT5G40930	4.542225047295914e-05
AT1G67792	4.541628766130833e-05
AT1G75440	4.5369863421934676e-05
AT1G34780	4.5355299228203795e-05
AT4G23320	4.535295412522361e-05
AT4G15215	4.530699495314471e-05
AT1G48510	4.5158216832101885e-05
AT1G63900	4.5155502561145365e-05
AT5G22320	4.5055006336006076e-05
AT5G66310	4.50512426914037e-05
AT5G49810	4.5045847215768596e-05
AT1G56180	4.50143291058814e-05
AT2G30470	4.501117328085605e-05
AT5G49720	4.5006975749434006e-05
AT4G19030	4.500319457527786e-05
AT1G75020	4.497175718834533e-05
AT5G21060	4.495788633440516e-05
AT2G03140	4.495622240944355e-05
AT1G50010	4.4938584744442864e-05
AT5G44160	4.4913462307628264e-05
AT5G12430	4.4886602805883115e-05
AT5G46840	4.4877877482832934e-05
AT5G25370	4.486549544086799e-05
AT2G35890	4.48266806113677e-05
AT1G49040	4.4804599599940994e-05
AT3G47160	4.46802218043792e-05
AT1G23800	4.467086062582816e-05
AT5G57000	4.466812495442364e-05
AT2G26150	4.463082766453739e-05
AT2G39400	4.4625199672636444e-05
AT5G01390	4.46043149929127e-05
AT3G23940	4.459381108057867e-05
AT1G64230	4.4567044057135756e-05
AT4G26240	4.4547722732188053e-05
AT2G24600	4.4501813467936627e-05
AT1G01020	4.450075089685631e-05
AT1G18640	4.446075089210959e-05
AT3G19520	4.4459666709243026e-05
AT2G42640	4.445626067561537e-05
AT3G05030	4.444841439974967e-05
AT1G27360	4.442032832223279e-05
AT3G02980	4.4417584286272175e-05
AT3G17510	4.435208117356321e-05
AT5G46490	4.4330527042766604e-05
AT5G41940	4.43158712547852e-05
AT2G42520	4.4312057251645053e-05
AT3G58580	4.422013799136927e-05
AT1G73750	4.4188949958562006e-05
AT1G20816	4.4140763429753484e-05
AT1G31930	4.411657348266275e-05
AT1G09020	4.409081868208316e-05
AT1G71200	4.409076819815149e-05
AT1G78955	4.40584801722975e-05
AT5G38860	4.400832913071387e-05
AT5G11200	4.399147486972805e-05
AT5G56990	4.3980554926183146e-05
AT2G31751	4.3953214516358545e-05
AT4G38420	4.393773487547752e-05
AT1G52630	4.390309683906528e-05
AT3G23210	4.388984789048668e-05
AT3G51650	4.3889726994530784e-05
AT4G11655	4.38629948430939e-05
AT5G48240	4.3823063695610835e-05
AT3G55060	4.3819765230539527e-05
AT5G14740	4.381412855392956e-05
AT1G29060	4.3771079504388924e-05
AT5G15390	4.371608351318214e-05
AT4G28820	4.371473813486587e-05
AT5G10470	4.370309223692305e-05
AT4G12680	4.36693935615781e-05
AT2G20050	4.363634342999488e-05
AT4G17740	4.360349692743326e-05
AT4G21192	4.35895986810881e-05
AT1G58280	4.351075990749943e-05
AT3G28900	4.350300101948089e-05
AT3G14700	4.349126396302937e-05
AT5G23550	4.3478757576750226e-05
AT4G12760	4.3385979303659946e-05
AT2G45695	4.331922288773167e-05
AT5G26760	4.331299737830944e-05
AT1G78750	4.331175268276228e-05
AT4G27860	4.327663037565136e-05
AT3G27473	4.32734477337002e-05
AT2G23820	4.325335048115215e-05
AT4G16070	4.3220410383593654e-05
AT5G37690	4.3109162918263214e-05
AT5G44250	4.308957106658693e-05
AT2G24640	4.30661914476328e-05
AT5G10860	4.3059736377463654e-05
AT5G11950	4.304689488484659e-05
AT5G25790	4.303430497111946e-05
AT3G05580	4.3020704327868304e-05
AT5G24165	4.29792712078468e-05
AT5G64940	4.29706560857953e-05
AT3G12977	4.295537586220716e-05
AT1G33480	4.293721782748523e-05
AT1G04080	4.293563122397218e-05
AT5G01650	4.292319016522865e-05
AT1G11940	4.289934360956213e-05
AT2G24960	4.286084284711472e-05
AT3G48750	4.28429403094734e-05
AT3G29970	4.283903261824848e-05
AT1G34120	4.276980911819362e-05
AT5G66420	4.268926227496463e-05
AT5G40520	4.264512361350506e-05
AT4G32130	4.2633675115144266e-05
AT5G62575	4.261267911227479e-05
AT4G17486	4.2589589488480946e-05
AT2G34355	4.253265492296489e-05
AT1G05820	4.2461014320058023e-05
AT4G33530	4.239359640216322e-05
AT4G09720	4.237125599377715e-05
AT5G15090	4.232053916521535e-05
AT3G46130	4.2316156659016725e-05
AT1G23080	4.230786092771085e-05
AT1G30300	4.225280036897405e-05
AT1G24360	4.225214919771259e-05
AT5G47630	4.2202779401330923e-05
AT3G47910	4.2172500498468654e-05
AT5G41470	4.2170139694566886e-05
AT3G21755	4.215950060392424e-05
AT1G55110	4.2159362318845886e-05
AT1G61810	4.2147728679751136e-05
AT2G37620	4.212417387582687e-05
AT4G31230	4.2122084038589965e-05
AT3G51370	4.2081296557459544e-05
AT1G12730	4.2045736369434885e-05
AT1G11840	4.199691462998711e-05
AT5G20900	4.194867777690625e-05
AT5G63700	4.190224111070922e-05
AT5G47080	4.189848714647391e-05
AT5G62570	4.189428437553486e-05
AT4G32470	4.188935089161133e-05
AT1G03610	4.1883528941936575e-05
AT3G09320	4.187419352458858e-05
AT5G20040	4.183778294302343e-05
AT5G62950	4.183304453801903e-05
AT3G01860	4.182316081457385e-05
AT3G11820	4.182191901252018e-05
AT2G31580	4.1784321900402206e-05
AT4G13730	4.17091748007302e-05
AT5G49030	4.1683052434043666e-05
AT1G01690	4.160227222776163e-05
AT5G12980	4.1594403332872684e-05
AT3G48210	4.15923933057191e-05
AT5G56260	4.157685211224614e-05
AT1G31720	4.155591768882973e-05
AT5G17450	4.151953987171679e-05
AT3G27870	4.1495344786611034e-05
AT1G68710	4.148835058979804e-05
AT1G03290	4.148656087718601e-05
AT4G01100	4.147567551236903e-05
AT3G24730	4.142347622893243e-05
AT1G23060	4.140914363932269e-05
AT1G09140	4.1382562471185864e-05
AT3G16460	4.1367757189978875e-05
AT5G51340	4.136574803554067e-05
AT1G80500	4.1348892880718585e-05
AT1G69250	4.134030997384231e-05
AT3G13900	4.1200739212768375e-05
AT2G18100	4.118922156213207e-05
AT3G05675	4.1157317520311583e-05
AT2G33585	4.113687460165566e-05
AT2G03590	4.112231922972139e-05
AT2G03505	4.1054338593874994e-05
AT2G31970	4.1052855662624305e-05
AT1G14970	4.1035848608173074e-05
AT1G63430	4.10083340312196e-05
AT5G60640	4.0963264688443554e-05
AT5G27360	4.0933593415556286e-05
AT1G53770	4.092078633946268e-05
AT5G04980	4.075756715899338e-05
AT5G14390	4.06718597519355e-05
AT2G16940	4.063706477515575e-05
AT3G27240	4.063521927298546e-05
AT1G31860	4.062722886498881e-05
AT1G08820	4.0605875069211864e-05
AT5G45190	4.058483706951416e-05
AT5G17370	4.0502886895468585e-05
AT1G09300	4.037354690981432e-05
AT5G07440	4.035922880417935e-05
AT3G17300	4.035356313649218e-05
AT5G50320	4.035147899767229e-05
AT5G03250	4.0335448179976386e-05
AT1G74040	4.033082996063461e-05
AT3G09430	4.0290817385183195e-05
AT1G33790	4.0280486197698815e-05
AT3G28956	4.0274399106424065e-05
AT2G35050	4.022517070663015e-05
AT1G60650	4.02040896986697e-05
AT2G28800	4.01843799388532e-05
AT2G27930	4.0174270826989455e-05
AT5G43560	4.0138478145573225e-05
AT4G26950	4.012580449773534e-05
AT1G19880	4.012385854085163e-05
AT2G25100	4.0099239918183956e-05
AT1G76710	4.0051123622245504e-05
AT5G39785	3.9986096370099624e-05
AT2G41020	3.998540428102933e-05
AT2G41790	3.9971826268997634e-05
AT4G17830	3.991740387689565e-05
AT2G34020	3.991628883147181e-05
AT1G64060	3.977157882283009e-05
AT4G26310	3.97450866250498e-05
AT5G40280	3.969992741696127e-05
AT1G16010	3.955046777278995e-05
AT3G45290	3.9520787044142946e-05
AT2G47170	3.951654772883294e-05
AT3G07890	3.9513935878429616e-05
AT1G28570	3.950771715378004e-05
AT5G43270	3.9504661468876194e-05
AT5G49510	3.9455991510072004e-05
AT4G21410	3.943908901746936e-05
AT5G53850	3.943883892622558e-05
AT5G61540	3.941137125957564e-05
AT4G09140	3.9401365151555115e-05
AT1G72410	3.934157974239033e-05
AT4G02660	3.933977966634499e-05
AT1G33500	3.9326696190630294e-05
AT1G48240	3.928002007483576e-05
AT4G33910	3.927856824257874e-05
AT2G02170	3.925579736925434e-05
AT5G55810	3.92225240198208e-05
AT3G60286	3.921565523959563e-05
AT1G18730	3.920768701701971e-05
AT3G25570	3.920733684906109e-05
AT4G26970	3.919656270296853e-05
AT4G19560	3.918205667057132e-05
AT1G02860	3.916666451700116e-05
AT2G06850	3.914806222280548e-05
AT2G25320	3.91348380035994e-05
AT4G39330	3.9082877181131574e-05
AT1G31780	3.907767574604541e-05
AT4G33280	3.9023717105385234e-05
AT2G05840	3.9005947008599276e-05
AT1G78040	3.898821549751151e-05
AT4G33740	3.8987887878665824e-05
AT3G24515	3.898208059396208e-05
AT3G29760	3.895520180119572e-05
AT1G04190	3.886202827766629e-05
AT3G50140	3.883679931340641e-05
AT1G10070	3.882795811851307e-05
AT1G74910	3.882445997188207e-05
AT3G51950	3.8794258264416954e-05
AT2G27970	3.8791239199915065e-05
AT1G31885	3.8747376328547514e-05
AT1G11950	3.870907861492385e-05
AT3G45280	3.869807695373624e-05
AT2G23093	3.868916666690986e-05
AT1G78810	3.867435296910203e-05
AT2G47890	3.864638153320844e-05
AT1G20020	3.862629249684618e-05
AT1G05200	3.859625737915798e-05
AT3G04650	3.857964468986382e-05
AT4G35470	3.8547985351423504e-05
AT3G52526	3.848509213774866e-05
AT5G61560	3.8476563694361095e-05
AT1G48450	3.8469103313321826e-05
AT3G02050	3.846482831308354e-05
AT1G66460	3.841918342079053e-05
AT2G21380	3.8418145619127796e-05
AT2G14530	3.839030165926928e-05
AT5G62110	3.8364087392685496e-05
AT3G55280	3.835324431754514e-05
AT2G47510	3.8316285870626233e-05
AT5G63160	3.83140311404576e-05
AT1G01830	3.831140424271e-05
AT1G14570	3.8255046144932004e-05
AT5G16870	3.822790566072353e-05
AT5G26110	3.822011964217147e-05
AT1G80050	3.818573772434736e-05
AT2G03600	3.816957554079671e-05
AT1G13270	3.816522703774844e-05
AT1G51590	3.812731516630385e-05
AT3G12530	3.805931219325356e-05
AT2G26600	3.803263041444161e-05
AT5G58370	3.802380976431347e-05
AT1G22770	3.801693482562801e-05
AT3G17360	3.801130563081031e-05
AT2G27160	3.8009688827495174e-05
AT5G40710	3.7999570940627404e-05
AT5G21222	3.7986857094587454e-05
AT4G01450	3.798629970317562e-05
AT2G20320	3.7967029462770545e-05
AT1G10540	3.79646713640363e-05
AT1G04620	3.7948087666529455e-05
AT3G12710	3.7943177101847245e-05
AT3G60140	3.790820429177413e-05
AT5G35330	3.788278671142492e-05
AT4G27320	3.782580194996456e-05
AT5G02840	3.776580488195672e-05
AT5G42670	3.775995047912031e-05
AT4G24610	3.772233738594407e-05
AT2G31830	3.7718792363063665e-05
AT2G30630	3.771794578625322e-05
AT1G03380	3.770045280148831e-05
AT4G17510	3.769700088317211e-05
AT4G37130	3.766475164189221e-05
AT4G19900	3.764478280273338e-05
AT1G22640	3.7630903964546525e-05
AT5G23760	3.761402977531411e-05
AT3G20080	3.752946756192692e-05
AT3G17330	3.7491654050128365e-05
AT5G16660	3.7472605730729704e-05
AT5G42140	3.746089690941027e-05
AT3G44740	3.7450413587292705e-05
AT2G43010	3.7447406053007396e-05
AT5G27760	3.744544168144572e-05
AT2G25170	3.738335791124872e-05
AT5G42400	3.736793190233498e-05
AT2G17340	3.7358953315632236e-05
AT5G60930	3.733693494065461e-05
AT5G04070	3.7313223655858414e-05
AT1G11790	3.731155710439185e-05
AT3G45870	3.728269497143235e-05
AT2G38570	3.7270514686125615e-05
AT2G29980	3.721004749925557e-05
AT1G22630	3.7170900044308605e-05
AT1G21610	3.709349135096429e-05
AT5G55050	3.709045406378152e-05
AT1G13310	3.708391498691309e-05
AT2G36200	3.706470582926931e-05
AT5G65080	3.7052926862661725e-05
AT5G51070	3.701401163448616e-05
AT2G32590	3.699578761104991e-05
AT5G20580	3.698892639359065e-05
AT2G43080	3.6976543547473876e-05
AT4G27745	3.6920007676217516e-05
AT1G02890	3.689948484397746e-05
AT1G79190	3.686288834782558e-05
AT4G04223	3.6858105381278165e-05
AT1G75220	3.6853324629539275e-05
AT5G48335	3.682766926552854e-05
AT1G65060	3.6820896950645596e-05
AT1G27595	3.676229954160519e-05
AT1G50910	3.673623109921594e-05
AT4G34840	3.670709027455069e-05
AT2G44610	3.67035366266016e-05
AT3G44480	3.665192816915369e-05
AT2G33380	3.6624250725159466e-05
AT4G37445	3.662349232104803e-05
AT3G03310	3.658927657554638e-05
AT3G50845	3.657802492538019e-05
AT3G61160	3.657106826519115e-05
AT3G58380	3.6525919341004684e-05
AT5G64570	3.65215898499851e-05
AT2G22260	3.651833882645288e-05
AT4G21534	3.6505945750661715e-05
AT5G57890	3.649420931654487e-05
AT4G38280	3.647559309954956e-05
AT5G26670	3.639463606771095e-05
AT5G14580	3.638632909550372e-05
AT1G78670	3.636885191662076e-05
AT1G20910	3.6322303904533824e-05
AT3G22170	3.6234215333546e-05
AT2G38450	3.621521265320184e-05
AT5G61670	3.621271874983357e-05
AT1G64690	3.618261711234015e-05
AT3G12280	3.614910491764348e-05
AT1G02990	3.613693147821352e-05
AT5G17690	3.6097590883289085e-05
AT2G05160	3.608441388972473e-05
AT2G43700	3.601686180380744e-05
AT1G11720	3.592141270012935e-05
AT1G80690	3.591140246053244e-05
AT3G21465	3.587692003311534e-05
AT1G25230	3.580421431873252e-05
AT1G49160	3.577028254686174e-05
AT1G23720	3.572483590225069e-05
AT5G13110	3.568344515147701e-05
AT5G54260	3.5650990236295494e-05
AT1G04353	3.564700612882262e-05
AT5G02020	3.5643517803927364e-05
AT3G26070	3.5642652237926864e-05
AT2G44140	3.5640748248983075e-05
AT3G05090	3.557778495472915e-05
AT3G16120	3.556500275235039e-05
AT3G04450	3.5558186137345575e-05
AT1G20640	3.5538151248113085e-05
AT2G39890	3.550299780026335e-05
AT2G45010	3.549945305212892e-05
AT2G26550	3.5484669644497555e-05
AT1G26680	3.542545407871096e-05
AT2G16930	3.542346893223257e-05
AT1G04120	3.540267050052265e-05
AT1G18335	3.53763865176609e-05
AT5G65685	3.536026582504185e-05
AT4G39690	3.5287076361721026e-05
AT1G22870	3.5269938768681075e-05
AT3G26932	3.526948888862551e-05
AT1G73430	3.5257195240569525e-05
AT1G60260	3.5221388442394577e-05
AT5G44120	3.520848860951982e-05
AT2G06210	3.52044373118309e-05
AT5G44572	3.519970607977828e-05
AT3G24518	3.518804306435552e-05
AT2G41430	3.518471436418815e-05
AT1G47570	3.515032448480401e-05
AT4G29860	3.5094832862565975e-05
AT1G01140	3.5072797047673344e-05
AT4G18470	3.506451954026866e-05
AT1G17080	3.50194514035445e-05
AT3G12070	3.5000706803043004e-05
AT3G53880	3.4991081641770666e-05
AT5G24060	3.4984423017964837e-05
AT1G12070	3.4938792230274665e-05
AT1G76530	3.4932664600701895e-05
AT3G61070	3.493033707815748e-05
AT1G50460	3.4918904081498095e-05
AT1G20065	3.490258019599778e-05
AT4G14342	3.485450144945239e-05
AT1G10600	3.482697841306357e-05
AT2G34470	3.4809396167562505e-05
AT1G23550	3.477430771387952e-05
AT2G25530	3.476934197340852e-05
AT1G11400	3.472823990920978e-05
AT3G56690	3.47252365761784e-05
AT2G35140	3.4704253665313e-05
AT2G33255	3.470266104048866e-05
AT3G25900	3.4642059272440835e-05
AT5G37780	3.461352318335373e-05
AT3G06530	3.458168223103031e-05
AT1G68872	3.456855115848689e-05
AT1G09980	3.45002803087063e-05
AT1G48500	3.4493079378196314e-05
AT5G57090	3.4487551640362184e-05
AT4G16540	3.4470201061448795e-05
AT2G37700	3.446717800166677e-05
AT4G26630	3.445588601342613e-05
AT5G02170	3.438613066268599e-05
AT4G28220	3.437012918166033e-05
AT1G05520	3.43338772292422e-05
AT1G12370	3.427523172430607e-05
AT4G27090	3.4237048262230595e-05
AT1G51610	3.423612685066387e-05
AT2G18360	3.422491626703647e-05
AT3G02410	3.4203693438028066e-05
AT2G15430	3.4202966508671614e-05
AT4G21390	3.419130669382551e-05
AT2G17800	3.4184506387828225e-05
AT5G10330	3.412498010824932e-05
AT3G27325	3.4087455212870925e-05
AT1G63980	3.408489508884464e-05
AT4G31340	3.407221745373377e-05
AT3G52590	3.40083469583827e-05
AT5G10460	3.396284151221827e-05
AT3G07215	3.3956927365522215e-05
AT3G22970	3.395430668191471e-05
AT1G80190	3.389078034608471e-05
AT5G10320	3.3883993450092265e-05
AT1G13390	3.383526266889349e-05
AT5G64990	3.382333461382982e-05
AT1G77440	3.380970405483871e-05
AT1G14660	3.379021022907102e-05
AT4G32630	3.375756396618338e-05
AT4G28370	3.374811988124078e-05
AT4G20050	3.374694219579058e-05
AT3G05380	3.373161374219678e-05
AT3G58140	3.372452613606146e-05
AT1G52540	3.367137828379755e-05
AT1G60420	3.36686682126045e-05
AT3G45300	3.3534851616481356e-05
AT1G69700	3.349389041154184e-05
AT4G34240	3.34299820750836e-05
AT2G21830	3.342320824462298e-05
AT1G08750	3.3420986242223226e-05
AT4G16420	3.3349890493336454e-05
AT5G12200	3.3336450266513745e-05
AT4G25170	3.3297800875969177e-05
AT1G15080	3.321128254337013e-05
AT1G55300	3.320020939405926e-05
AT5G58260	3.3177731031442226e-05
AT5G24270	3.3081318516543656e-05
AT4G23493	3.304667764656152e-05
AT1G53710	3.304439314431524e-05
AT3G09410	3.302956986393003e-05
AT5G01950	3.300000797671113e-05
AT1G06900	3.299254494552001e-05
AT3G06210	3.295455260679976e-05
AT4G10760	3.290463324276459e-05
AT5G43720	3.2878742999421875e-05
AT4G10060	3.286575071162387e-05
AT5G35460	3.2864709400685556e-05
AT5G61280	3.2856535565888924e-05
AT4G19670	3.285073024381625e-05
AT3G15410	3.282976848774379e-05
AT5G25760	3.279565495103603e-05
AT3G23180	3.278588597873725e-05
AT4G03390	3.277395811343087e-05
AT3G22950	3.275400334742606e-05
AT3G02170	3.274921336934565e-05
AT5G08630	3.274616966438019e-05
AT2G29680	3.273087894151015e-05
AT3G12040	3.272499008414946e-05
AT5G47740	3.270995389401376e-05
AT4G30060	3.2690249299260096e-05
AT1G01160	3.2655203465409524e-05
AT1G54440	3.262323549361168e-05
AT1G65700	3.261116051293373e-05
AT5G23490	3.249917931365374e-05
AT1G64720	3.244033427860741e-05
AT5G11470	3.2435452491797744e-05
AT2G33110	3.2334425753911895e-05
AT5G51300	3.229941959064941e-05
AT4G23010	3.226689655305292e-05
AT4G29670	3.220005104632985e-05
AT5G14770	3.215026423623079e-05
AT1G02840	3.2146666759368265e-05
AT1G03830	3.2107233186563276e-05
AT1G49700	3.209714485944886e-05
AT1G52510	3.208788068788832e-05
AT5G44990	3.2082130280492336e-05
AT5G40870	3.19435885934805e-05
AT4G28540	3.191480954160161e-05
AT5G24310	3.191362469216066e-05
AT4G14713	3.190586869061695e-05
AT3G57380	3.188659747519945e-05
AT4G30340	3.188364658344757e-05
AT2G26210	3.187485294720595e-05
AT3G01480	3.184114240538641e-05
AT3G59430	3.180964838328376e-05
AT5G64410	3.1804533234437145e-05
AT5G65050	3.17970477099981e-05
AT2G01905	3.179339212420913e-05
AT2G36170	3.177952423913311e-05
AT3G05940	3.1745674115863976e-05
AT5G66470	3.173272275845174e-05
AT1G67460	3.163622217951e-05
AT1G06265	3.162901232746478e-05
AT1G66810	3.1619000132038305e-05
AT4G14965	3.1596577646757474e-05
AT1G12790	3.1512366029619055e-05
AT4G29040	3.150785211849927e-05
AT4G02070	3.146939333959367e-05
AT5G03880	3.1444629115007436e-05
AT2G27900	3.141826285340073e-05
AT4G18490	3.140258494490596e-05
AT4G32280	3.1392394497777544e-05
AT2G27250	3.1371507572010547e-05
AT1G63295	3.135555710596871e-05
AT3G51520	3.134018642608801e-05
AT1G63830	3.132182134331829e-05
AT4G16770	3.1280550609532895e-05
AT3G19180	3.1252137232671e-05
AT5G64500	3.120155215732935e-05
AT1G07620	3.119914386166185e-05
AT5G01600	3.118234669277083e-05
AT5G53580	3.11771382681939e-05
AT2G46280	3.116719726978721e-05
AT3G01640	3.113184919121041e-05
AT4G31650	3.1120924448842584e-05
AT4G37070	3.1110195650504965e-05
AT1G21760	3.109408079744709e-05
AT3G50660	3.1079951745538105e-05
AT4G24930	3.107037549001552e-05
AT3G28030	3.10034398440729e-05
AT2G21410	3.099848071852024e-05
AT4G14290	3.0971744622010934e-05
AT2G02300	3.0925473956588446e-05
AT3G50150	3.091897998306754e-05
AT3G09860	3.0879539019403026e-05
AT1G61850	3.0869726182910326e-05
AT1G67960	3.085345590904994e-05
AT5G38120	3.085068328608923e-05
AT1G72070	3.077380182621564e-05
AT3G43670	3.076270908697245e-05
AT1G11100	3.071139210883157e-05
AT3G14840	3.068420729166904e-05
AT3G28715	3.068409693269509e-05
AT3G03950	3.0643872912413445e-05
AT3G26085	3.059729513639947e-05
AT3G60820	3.0447267696826225e-05
AT2G35510	3.0425732752523176e-05
AT1G51130	3.039484209532228e-05
AT2G19430	3.0378506722934544e-05
AT3G26922	3.0325644237138166e-05
AT5G23520	3.0308852543249466e-05
AT3G21110	3.026424103104075e-05
AT2G14825	3.0262561288713867e-05
AT5G45310	3.0191860411142527e-05
AT5G27890	3.0186704440240158e-05
AT3G09820	3.0137283298106873e-05
AT3G07300	3.0103853468806227e-05
AT3G02460	3.0050004644279954e-05
AT5G45560	3.0036156026258786e-05
AT5G63950	3.0027263170267353e-05
AT5G58410	3.0022832389966804e-05
AT1G24260	2.9961315538871785e-05
AT1G63410	2.993203737813564e-05
AT1G78995	2.990099612238788e-05
AT1G12770	2.9898259735650943e-05
AT1G50430	2.9896962330811213e-05
AT2G17480	2.98804223518486e-05
AT1G55840	2.9877465057845355e-05
AT2G24040	2.9876243696111515e-05
AT3G19800	2.9875431169551768e-05
AT3G55270	2.9841369772853885e-05
AT2G16700	2.9837896607832036e-05
AT3G07980	2.9795152832577894e-05
AT2G03810	2.9789154785875956e-05
AT4G21745	2.9776834247638087e-05
AT3G19820	2.9772781468763654e-05
AT5G05740	2.9739887100083476e-05
AT2G27810	2.970660942958725e-05
AT1G55140	2.965801599513187e-05
AT1G79440	2.9593933244359896e-05
AT4G26940	2.95497805148381e-05
AT4G33925	2.954525510648618e-05
AT1G14270	2.9494605964515103e-05
AT5G03670	2.9494594728294663e-05
AT4G25000	2.9482856324515935e-05
AT4G26190	2.9464039435504878e-05
AT5G05987	2.945622735102716e-05
AT5G36170	2.943739671276537e-05
AT1G65800	2.9415659646077506e-05
AT5G11560	2.9415422866678335e-05
AT5G18370	2.9347858453738967e-05
AT1G06690	2.926354237309036e-05
AT3G50360	2.925558155320058e-05
AT4G13980	2.9230809019913185e-05
AT2G40700	2.9223040027453934e-05
AT1G44180	2.9200138817925693e-05
AT1G04500	2.917411110697141e-05
AT1G62320	2.91398643834263e-05
AT4G19450	2.9138163756826565e-05
AT5G02080	2.9135482388783068e-05
AT2G30460	2.9127236667355375e-05
AT1G02680	2.9106926177486276e-05
AT5G63440	2.908284151421664e-05
AT3G26980	2.900244065723998e-05
AT2G01260	2.8954382577149666e-05
AT2G40165	2.8928194783285097e-05
AT3G23580	2.89043892450539e-05
AT5G43810	2.8867363717790932e-05
AT3G14350	2.8839336423867242e-05
AT5G27610	2.8788064977790363e-05
AT3G26090	2.8758397523032166e-05
AT1G16340	2.8702667206767663e-05
AT3G58130	2.8699717749780137e-05
AT3G56300	2.8678176367375378e-05
AT5G40760	2.867646249678626e-05
AT3G53960	2.8652154309977264e-05
AT2G33000	2.861086640078199e-05
AT4G01770	2.8585913144774945e-05
AT5G57710	2.857101535749879e-05
AT3G10270	2.8530109843587574e-05
AT4G04920	2.8481694331542898e-05
AT3G29290	2.841945866780703e-05
AT5G21950	2.8411495290994297e-05
AT4G28610	2.835312813974756e-05
AT5G07770	2.8351823404513016e-05
AT3G21950	2.8344001253776354e-05
AT5G23670	2.8320852095977795e-05
AT1G33470	2.821134469176156e-05
AT2G42190	2.820843105623372e-05
AT2G40770	2.8189634354130548e-05
AT1G34065	2.818423092380391e-05
AT5G38200	2.814947986388219e-05
AT1G63420	2.7968587331902745e-05
AT4G17695	2.7915917033331388e-05
AT3G58750	2.7915247365431056e-05
AT4G13495	2.7904136196508426e-05
AT5G08570	2.7879560805466568e-05
AT4G33520	2.7866808914446105e-05
AT1G27470	2.7849119811779073e-05
AT5G63130	2.7829448588580118e-05
AT2G17010	2.7814581475155103e-05
AT1G26110	2.780407317047737e-05
AT5G64580	2.7736112163273095e-05
AT2G25980	2.7729452596843048e-05
AT1G25175	2.770942631932924e-05
AT3G26610	2.7699002960831562e-05
AT1G31050	2.7678730853641138e-05
AT3G10880	2.7674319381026627e-05
AT2G25110	2.7621713663393506e-05
AT5G63870	2.757806746365023e-05
AT1G23950	2.7494384564384316e-05
AT1G13450	2.7481853044970107e-05
AT4G23050	2.7477842067346188e-05
AT3G01510	2.741373066036344e-05
AT3G51610	2.7412589799774688e-05
AT5G53460	2.7390664390355073e-05
AT4G32910	2.7381853990617196e-05
AT3G19960	2.7314299455572958e-05
AT3G10030	2.731401879824802e-05
AT1G14205	2.7308953702836495e-05
AT1G67800	2.730820463280435e-05
AT1G17220	2.7260011073551164e-05
AT3G51460	2.7220845354384516e-05
AT1G59820	2.7209323353991515e-05
AT1G32550	2.715871120946745e-05
AT5G23660	2.7154347692875154e-05
AT4G30690	2.7117546913174892e-05
AT1G19100	2.7109458280968818e-05
AT5G51810	2.7108205176884873e-05
AT4G25310	2.70833194412579e-05
AT1G34360	2.7078737517900176e-05
AT3G62370	2.707251185179087e-05
AT4G23200	2.706073359727776e-05
AT5G48370	2.704515309601506e-05
AT5G55260	2.7033791322898484e-05
AT1G30070	2.7015421200231802e-05
AT5G26660	2.7008648195107906e-05
AT4G09780	2.6978694372006747e-05
AT1G14240	2.6973575243190397e-05
AT2G05400	2.6894164734118203e-05
AT3G53670	2.6892141590371456e-05
AT5G24670	2.6877086622671103e-05
AT4G24810	2.685240390096985e-05
AT2G32340	2.683098425323477e-05
AT1G18370	2.681060688370413e-05
AT4G26210	2.6796407465751172e-05
AT5G49570	2.6753781803561996e-05
AT5G42540	2.6729890505162724e-05
AT1G11280	2.6715573590803704e-05
AT3G07420	2.671341420047186e-05
AT4G15030	2.6702699294746153e-05
AT3G53450	2.6692579619920156e-05
AT2G32930	2.6680455168390553e-05
AT3G17450	2.6649801316947104e-05
AT5G09910	2.6629840797560694e-05
AT1G35190	2.660163503396107e-05
AT2G45950	2.6592689608754292e-05
AT1G50730	2.6568028558404096e-05
AT5G24430	2.656675149564608e-05
AT4G33430	2.6531096489222933e-05
AT5G04270	2.6530679021974822e-05
AT3G53580	2.6510610973904108e-05
AT1G04490	2.6502438388764504e-05
AT3G18900	2.6426593248995868e-05
AT1G51890	2.6414696797625728e-05
AT5G64540	2.6402057434102087e-05
AT1G50030	2.6401739938468848e-05
AT2G03530	2.6390886334186065e-05
AT3G58040	2.6381589918275064e-05
AT5G47480	2.635294469743095e-05
AT5G42820	2.6313667130678205e-05
AT4G23310	2.6312373024683267e-05
AT5G52710	2.6303249627931477e-05
AT4G21380	2.6244536953676795e-05
AT4G27390	2.623997397262007e-05
AT5G55300	2.6231244087531203e-05
AT5G17060	2.620635269282357e-05
AT5G15860	2.6203727785794557e-05
AT1G02580	2.615538619281215e-05
AT1G27030	2.6136340322852813e-05
AT5G16420	2.6116013183890203e-05
AT3G09150	2.6106628145714314e-05
AT1G51790	2.605168805295989e-05
AT1G08710	2.6037246703005943e-05
AT3G11220	2.5999684257354285e-05
AT2G35210	2.596168516157909e-05
AT4G34450	2.5900331570182144e-05
AT3G13100	2.5859930169977772e-05
AT5G48450	2.584291336024757e-05
AT2G01430	2.5778096848859915e-05
AT2G26030	2.5761756581320962e-05
AT4G36860	2.5701956577782117e-05
AT1G59600	2.5632960955354144e-05
AT5G20635	2.5632123311986532e-05
AT5G47020	2.563145573569707e-05
AT1G22660	2.5620512153788775e-05
AT4G24770	2.561594707572564e-05
AT4G28040	2.5600784879760993e-05
AT5G12990	2.556535418727691e-05
AT4G26830	2.556239211591946e-05
AT1G51720	2.5541403661051797e-05
AT3G05720	2.553459014766205e-05
AT2G17320	2.5522032596475744e-05
AT2G21280	2.5458162130224433e-05
AT3G48260	2.5452759826051253e-05
AT1G07350	2.5449894959797975e-05
AT3G46370	2.5441921499004753e-05
AT4G29330	2.5403425400318975e-05
AT4G39540	2.5361143697518748e-05
AT5G66060	2.535866081994334e-05
AT3G63190	2.534233487963157e-05
AT5G26010	2.5331239739654264e-05
AT1G50020	2.522968155722393e-05
AT2G41440	2.520755587888836e-05
AT3G63510	2.519766642753168e-05
AT1G79280	2.5174623893304955e-05
AT5G22620	2.5167579727439327e-05
AT1G11650	2.5165704552651525e-05
AT5G40670	2.5075893535297713e-05
AT2G45640	2.504221781360932e-05
AT5G22640	2.5011452712117822e-05
AT3G60600	2.500449135910364e-05
AT2G19390	2.496332652740648e-05
AT2G40070	2.496103736041166e-05
AT4G10400	2.4959345213870737e-05
AT2G27720	2.4932814299764358e-05
AT2G35630	2.4929041574852256e-05
AT1G49670	2.4927062863519983e-05
AT1G22140	2.4908886315658107e-05
AT3G21730	2.488438363512558e-05
AT4G23160	2.4865334222332586e-05
AT4G26470	2.4833974304947252e-05
AT1G69540	2.4811856356688127e-05
AT1G67520	2.4799106553068175e-05
AT5G14620	2.4798864581834452e-05
AT3G03300	2.4765339114358733e-05
AT1G15730	2.47579726822676e-05
AT4G23940	2.4716108398668055e-05
AT1G60110	2.4696124325127364e-05
AT4G28710	2.46715397264923e-05
AT4G24040	2.4671443550693697e-05
AT3G54880	2.4663769565072624e-05
AT5G50330	2.46582868705067e-05
AT5G20730	2.4652678710393148e-05
AT1G65040	2.465250818584526e-05
AT1G30240	2.459518226115541e-05
AT2G18910	2.456071280722175e-05
AT5G17020	2.4553322801963975e-05
AT4G10590	2.4540655407023106e-05
AT4G25280	2.453946397249201e-05
AT5G46290	2.45183560939817e-05
AT2G17510	2.450180608333908e-05
AT4G27010	2.447356238393905e-05
AT2G37975	2.44682940138472e-05
AT4G19840	2.444982763653549e-05
AT3G46210	2.444952219402219e-05
AT4G34360	2.443516016672162e-05
AT1G13320	2.442383127230364e-05
AT2G43180	2.434953344801878e-05
AT1G14530	2.4310665391055767e-05
AT4G13780	2.4217051196799152e-05
AT5G08720	2.4215854413167998e-05
AT4G01480	2.420038819372169e-05
AT1G73150	2.4186322900911516e-05
AT5G41350	2.418595208552461e-05
AT3G06550	2.4179958209152496e-05
AT1G29750	2.417122414755752e-05
AT1G50280	2.4158832722161477e-05
AT3G45040	2.4134463994075983e-05
AT1G04440	2.4114196160566147e-05
AT4G21770	2.411416769585979e-05
AT1G70690	2.3992666925109732e-05
AT1G75510	2.3989555071093466e-05
AT1G25290	2.3972967152905797e-05
AT4G14096	2.3928608707530587e-05
AT4G16990	2.39271750934532e-05
AT3G04780	2.3922842068268574e-05
AT4G35730	2.3858322329166848e-05
AT1G64400	2.378541251672313e-05
AT5G11520	2.376170368507852e-05
AT1G30510	2.374141340171236e-05
AT3G14230	2.3733141125496547e-05
AT5G16840	2.3711267659914046e-05
AT1G77510	2.3704769112833346e-05
AT2G29960	2.368571532976032e-05
AT4G27450	2.3664338106196326e-05
AT5G24530	2.36540678252072e-05
AT4G12540	2.3606635093713443e-05
AT3G19950	2.3591227362417964e-05
AT5G41000	2.354997510422878e-05
AT2G42750	2.3549275677017958e-05
AT3G60750	2.352856036425331e-05
AT1G11410	2.3483165979816875e-05
AT1G18450	2.346857464183237e-05
AT2G15730	2.345444674187655e-05
AT4G16510	2.34252956051017e-05
AT4G32060	2.3419291015296297e-05
AT3G47790	2.339465060922262e-05
AT1G45170	2.3392907188192683e-05
AT5G45140	2.3373699126153984e-05
AT1G70430	2.3359607976315903e-05
AT4G08690	2.3359366789157353e-05
AT1G15800	2.3354945810447906e-05
AT2G19080	2.334464554897238e-05
AT1G42470	2.3328373500192442e-05
AT5G39950	2.3322020608213793e-05
AT2G30580	2.3315906269182315e-05
AT2G46530	2.3178228129319764e-05
AT5G01410	2.313155008444635e-05
AT1G02380	2.3125606778186757e-05
AT1G60545	2.3088153524810272e-05
AT3G48430	2.3077630324140965e-05
AT5G51630	2.3026465549768027e-05
AT1G27000	2.302558625815379e-05
AT1G20160	2.296343419621033e-05
AT1G49180	2.296158498868976e-05
AT4G34180	2.2892920413422745e-05
AT3G56250	2.2866088637859728e-05
AT5G46570	2.2830499421148005e-05
AT4G00200	2.2824077223944233e-05
AT5G43630	2.2815349513381684e-05
AT3G11010	2.279622702825895e-05
AT5G43470	2.2773159695614565e-05
AT1G43650	2.274239467698999e-05
AT4G25420	2.272669882073689e-05
AT4G32920	2.2726615433878463e-05
AT2G36410	2.272398250187288e-05
AT2G16890	2.2663508800035283e-05
AT4G14030	2.2635034454811707e-05
AT1G77590	2.2633277428568086e-05
AT5G43730	2.2578851839639015e-05
AT1G48210	2.2540106715627018e-05
AT4G16160	2.2532051794465676e-05
AT1G73060	2.2512891702488646e-05
AT5G19500	2.24989924452146e-05
AT3G12640	2.2476124850433685e-05
AT3G10060	2.2437772608607146e-05
AT1G43020	2.2430366900243135e-05
AT3G51420	2.2413693347208105e-05
AT5G58140	2.2372778122948547e-05
AT2G17560	2.236587548705419e-05
AT5G27390	2.235889931586702e-05
AT1G05430	2.221442386571657e-05
AT2G22970	2.2211299712238342e-05
AT2G21520	2.2204772840897147e-05
AT3G53170	2.2181294252462243e-05
AT1G70580	2.214066698767578e-05
AT3G10390	2.2140515381804577e-05
AT5G04380	2.2119967409579673e-05
AT1G65480	2.2096250744450732e-05
AT5G10200	2.206945717232429e-05
AT4G15236	2.2047227951119244e-05
AT1G70030	2.199706872098257e-05
AT4G19960	2.199237158212173e-05
AT5G36290	2.1982506555629508e-05
AT1G77630	2.1978987715135754e-05
AT2G46495	2.1965136133337385e-05
AT5G27630	2.1949681104147392e-05
AT3G11330	2.1917111008835303e-05
AT3G13410	2.1910733967205744e-05
AT5G50870	2.1907208080686988e-05
AT3G13040	2.1878011289681886e-05
AT5G51400	2.180164656443017e-05
AT1G53210	2.177568182839983e-05
AT5G20570	2.177391240483618e-05
AT5G24040	2.176759191003629e-05
AT1G30420	2.1754383863944712e-05
AT4G35450	2.1736038592085683e-05
AT1G19000	2.1716910129155563e-05
AT1G74770	2.1634865071894343e-05
AT1G56700	2.1624268841733653e-05
AT2G06510	2.1621272025385265e-05
AT5G04740	2.1600688200027974e-05
AT2G21330	2.1598514117265787e-05
AT1G66880	2.159823314145801e-05
AT5G53048	2.1584669200471007e-05
AT3G26730	2.1505836488786297e-05
AT2G18950	2.1505816819066468e-05
AT5G65210	2.1495079339115423e-05
AT3G56350	2.1486200205332768e-05
AT3G03860	2.1465974951998086e-05
AT2G40730	2.143690766981507e-05
AT3G52050	2.140813345466267e-05
AT2G01600	2.1397868802137822e-05
AT1G77280	2.139171966944794e-05
AT3G05625	2.1379100289049248e-05
AT2G36792	2.1377034736859638e-05
AT3G29185	2.136698276784102e-05
AT5G60370	2.1366203805856023e-05
AT2G13370	2.136125237931113e-05
AT2G18890	2.1327689353474864e-05
AT3G19150	2.1309840116765592e-05
AT1G56200	2.1280440455911567e-05
AT3G05520	2.1269781573740202e-05
AT2G24150	2.12487408322002e-05
AT3G42950	2.118968886171797e-05
AT4G19490	2.117720885127444e-05
AT4G01430	2.116680572086873e-05
AT1G02090	2.1138388331239967e-05
AT1G66340	2.1134924767687948e-05
AT1G78420	2.1118987777893436e-05
AT3G49120	2.1066397986489923e-05
AT3G61490	2.105238486805841e-05
AT5G60360	2.1040830989840485e-05
AT5G38550	2.1038114553838364e-05
AT2G46340	2.1013398256742214e-05
AT3G17310	2.1011682197318326e-05
AT4G21340	2.0980202959079883e-05
AT1G46768	2.092003757305057e-05
AT3G05040	2.0912403078737325e-05
AT1G62660	2.0910437715232103e-05
AT4G29210	2.0896950237077434e-05
AT1G26670	2.089424200495526e-05
AT5G07780	2.0851407993495136e-05
AT5G42810	2.0845062670004942e-05
AT2G41515	2.0829103735659758e-05
AT3G05310	2.081222676245707e-05
AT1G77610	2.0799895680447828e-05
AT4G12460	2.0799063132860388e-05
AT5G37450	2.0792823747953397e-05
AT3G19130	2.077959935052477e-05
AT3G24080	2.0776165347620557e-05
AT4G30990	2.0745995076084616e-05
AT3G06590	2.072573073922645e-05
AT1G01770	2.0720064622642827e-05
AT5G45280	2.0710424244786006e-05
AT4G35020	2.0630449108519712e-05
AT5G19660	2.0619063114670696e-05
AT2G37130	2.0530527989086752e-05
AT2G02250	2.0529939560414882e-05
AT5G37180	2.0504166561450486e-05
AT3G56380	2.050124635834813e-05
AT1G05540	2.0499690264208237e-05
AT1G65440	2.048521171414215e-05
AT2G39340	2.048490651667553e-05
AT3G60500	2.0481433208810027e-05
AT3G02860	2.047835206746809e-05
AT2G42500	2.046233906870392e-05
AT4G01120	2.0436439672276416e-05
AT1G69680	2.0434977926756868e-05
AT1G08920	2.04280306533013e-05
AT2G24120	2.041645088385411e-05
AT3G04710	2.0405009581803462e-05
AT3G12570	2.039347354687733e-05
AT3G61380	2.0373609826358386e-05
AT2G22270	2.034099946791078e-05
AT1G05880	2.029677402888367e-05
AT4G01800	2.0276698059473998e-05
AT4G38230	2.0274456428045396e-05
AT2G11810	2.025595743386299e-05
AT4G20320	2.025490849181909e-05
AT2G31010	2.0208480348283868e-05
AT4G04740	2.017247353294385e-05
AT5G65640	2.0148110668269942e-05
AT5G57290	2.0144237475560865e-05
AT3G28007	2.0091020212586184e-05
AT3G53740	2.0076921841667903e-05
AT5G50430	2.0063081684762017e-05
AT1G59980	2.005136282616284e-05
AT4G00970	2.0022499928303445e-05
AT5G55840	2.0021528709293645e-05
AT1G15520	2.001299564462699e-05
AT1G34844	1.996774075512371e-05
AT1G08040	1.995052780266828e-05
AT1G16470	1.9944142295016418e-05
AT2G26230	1.9941814949435694e-05
AT1G10210	1.9921157963355725e-05
AT2G01735	1.988674002472286e-05
AT1G54210	1.9833648815029234e-05
AT2G38900	1.981882109717889e-05
AT1G03930	1.9766158847446962e-05
AT5G08535	1.9762331221400508e-05
AT4G16860	1.976194509182404e-05
AT5G37850	1.9699199958176236e-05
AT3G57810	1.968812912578955e-05
AT4G14950	1.966729546304541e-05
AT3G62750	1.9623149104477014e-05
AT1G32440	1.9595249325560534e-05
AT1G23970	1.9514388632431832e-05
AT4G38970	1.9506136061071893e-05
AT5G56870	1.9498986518235217e-05
AT3G04350	1.949149625378591e-05
AT3G46220	1.9491433998580302e-05
AT5G07290	1.948236281393065e-05
AT5G52580	1.9463882733698793e-05
AT1G64530	1.9454438137379425e-05
AT3G06290	1.9426009900933866e-05
AT1G78476	1.9418393269528795e-05
AT4G37010	1.941796997195402e-05
AT1G16360	1.939268023866028e-05
AT2G22920	1.9383588776049935e-05
AT1G64110	1.9380305997685348e-05
AT1G71940	1.937321265745015e-05
AT3G55510	1.929649710409044e-05
AT2G39690	1.9241107800200537e-05
AT5G28220	1.9215459138239437e-05
AT5G53070	1.9137416043853506e-05
AT1G29820	1.9112396356342427e-05
AT3G54010	1.906598861853852e-05
AT1G64710	1.9051063772899418e-05
AT4G37830	1.9047460112495554e-05
AT1G77810	1.9024826047904584e-05
AT2G34090	1.8989043547103353e-05
AT1G01800	1.890514883376718e-05
AT1G63460	1.8892037723324937e-05
AT1G67210	1.8890283537681774e-05
AT5G60940	1.887503055901072e-05
AT5G01270	1.8856596522700512e-05
AT5G57800	1.885065452947043e-05
AT4G01440	1.884230180538004e-05
AT5G38290	1.882208609445408e-05
AT5G23090	1.881489156742087e-05
AT4G19600	1.881219177582603e-05
AT4G39140	1.8798060312051728e-05
AT2G36740	1.8774629798448246e-05
AT4G23650	1.8756238242939335e-05
AT3G05910	1.8744849939005056e-05
AT5G42470	1.8742414656894332e-05
AT5G46870	1.8733436809299087e-05
AT4G33760	1.8710278975832024e-05
AT3G27700	1.8694538961401005e-05
AT2G42740	1.8660294330685517e-05
AT5G42620	1.857664156988298e-05
AT3G20860	1.8444514892101776e-05
AT1G07960	1.843880102560314e-05
AT5G66030	1.8363858945750965e-05
AT4G38120	1.835741663875999e-05
AT1G56130	1.8343001046212766e-05
AT3G03780	1.8337565239580572e-05
AT1G63020	1.8333056656573288e-05
AT3G13580	1.8332457032495308e-05
AT3G04120	1.8318297664603777e-05
AT5G03960	1.8315989415628468e-05
AT5G56610	1.8292203486390563e-05
AT4G09640	1.8285944353938647e-05
AT1G76940	1.828250079345462e-05
AT1G79590	1.826442693983378e-05
AT5G51820	1.8245051019648097e-05
AT1G09150	1.8232842692693428e-05
AT1G31190	1.823209146426595e-05
AT1G29410	1.8205067606586974e-05
AT1G12470	1.8194679257546913e-05
AT4G36390	1.8194538018764542e-05
AT4G18330	1.8177419269882375e-05
AT4G33940	1.8169562323346526e-05
AT5G14960	1.813554997496812e-05
AT2G39990	1.8131347207338506e-05
AT5G07250	1.8075860672945486e-05
AT1G51160	1.804989670657131e-05
AT1G50240	1.80202395772917e-05
AT4G16340	1.7968832048400737e-05
AT3G57440	1.796045556144544e-05
AT1G07880	1.795273234168218e-05
AT1G50490	1.7931603453538355e-05
AT4G05520	1.7912821368645347e-05
AT4G17040	1.791234696395763e-05
AT3G54660	1.7910868894429923e-05
AT2G30440	1.7907372545296082e-05
AT5G09380	1.790164302765645e-05
AT2G42380	1.7895299419975512e-05
AT3G44280	1.789002488719049e-05
AT5G53180	1.7883586339197306e-05
AT5G44090	1.7863198486491533e-05
AT1G13400	1.7841671956123476e-05
AT4G19210	1.783601494000057e-05
AT1G07080	1.7823240345041838e-05
AT2G42830	1.7816459785190478e-05
AT1G35460	1.781237717712116e-05
AT1G11475	1.7777972827737708e-05
AT1G80830	1.7758810757414643e-05
AT5G57110	1.7738902584630898e-05
AT5G63320	1.773744592359696e-05
AT2G22125	1.771686049168149e-05
AT4G17730	1.7701786902755815e-05
AT1G51200	1.769360765408698e-05
AT5G53420	1.766790400915803e-05
AT2G23930	1.765074998824164e-05
AT3G58100	1.7615377280987583e-05
AT5G65770	1.761405326161276e-05
AT4G24100	1.7610812785067327e-05
AT4G21750	1.7575308878238498e-05
AT3G29170	1.756186903471233e-05
AT3G13235	1.7546706712370483e-05
AT1G64625	1.7538904519058412e-05
AT2G30980	1.750671299595338e-05
AT3G62290	1.7506258934926623e-05
AT5G43080	1.747742651330372e-05
AT5G10745	1.7477221462954744e-05
AT1G68660	1.747014957867419e-05
AT5G41140	1.7469941567131844e-05
AT1G07700	1.7436188378269445e-05
AT4G09980	1.742296646305807e-05
AT2G04650	1.739298104994411e-05
AT5G67340	1.7368773152547237e-05
AT5G03660	1.7360179163938e-05
AT4G12640	1.7343525660130695e-05
AT3G57940	1.7342722502518047e-05
AT2G42490	1.7323519931044084e-05
AT2G23010	1.7287826476816596e-05
AT2G20740	1.7271761500502647e-05
AT2G44525	1.726904443249987e-05
AT3G25805	1.7252468676043863e-05
AT3G57040	1.722776584615428e-05
AT1G22370	1.7222401682486574e-05
AT1G17650	1.7191359411312352e-05
AT5G56750	1.7183966472818982e-05
AT4G19045	1.7181746556979556e-05
AT1G18800	1.7167147385649153e-05
AT3G55610	1.7081759483135525e-05
AT1G68480	1.707796234338159e-05
AT1G08540	1.7060296850869013e-05
AT1G68410	1.7047294924683787e-05
AT5G20840	1.7034374279883104e-05
AT1G48560	1.702028803532978e-05
AT5G65840	1.694763091981689e-05
AT5G02180	1.693325143925763e-05
AT2G26190	1.6929279508275005e-05
AT3G44150	1.6901260090910966e-05
AT5G50850	1.6893193602135726e-05
AT5G12370	1.685562476321824e-05
AT1G20260	1.6854167432465494e-05
AT3G07690	1.685072486946177e-05
AT4G08035	1.6837926829903425e-05
AT3G11130	1.6825264140268955e-05
AT5G56290	1.682051146329952e-05
AT3G13180	1.681750064896643e-05
AT4G04880	1.6803927006034328e-05
AT3G52750	1.6803720355273236e-05
AT5G63710	1.6764673916355044e-05
AT5G55660	1.676372371980269e-05
AT1G61770	1.6759132970234304e-05
AT5G14200	1.6751885046119982e-05
AT1G48460	1.6748115449109368e-05
AT4G11960	1.6731375916979812e-05
AT5G66180	1.6713102288695252e-05
AT1G45229	1.670783573029895e-05
AT2G34040	1.6680878386442066e-05
AT3G27550	1.667403750348812e-05
AT1G64150	1.6648831389551984e-05
AT3G62060	1.6631038801665088e-05
AT5G64960	1.6615416715215302e-05
AT1G75770	1.6590523882945697e-05
AT4G16144	1.6584059915549334e-05
AT2G45480	1.653972646799952e-05
AT1G10500	1.653431723705283e-05
AT5G51470	1.6533310963219766e-05
AT2G26890	1.6531656061391033e-05
AT2G03020	1.6503368580236527e-05
AT5G65290	1.6479084529502043e-05
AT2G14820	1.643672427926717e-05
AT1G25375	1.6428379323188293e-05
AT5G49290	1.6406757804591473e-05
AT1G45160	1.6391515724716143e-05
AT2G34170	1.6367074701460174e-05
AT5G06310	1.635733305696305e-05
AT3G45770	1.6351311214005846e-05
AT1G03030	1.6340770403073922e-05
AT4G11120	1.6338992146714365e-05
AT4G38760	1.6337052185039828e-05
AT1G59520	1.6333272035365792e-05
AT1G52260	1.6326276338901376e-05
AT5G40580	1.631181102526076e-05
AT5G10710	1.6307696608571355e-05
AT3G48343	1.6300387972777775e-05
AT3G16450	1.6298023474077475e-05
AT1G29200	1.6284407422594206e-05
AT5G66670	1.6259914696379784e-05
AT3G22990	1.6243016246557553e-05
AT1G14360	1.6233802012065773e-05
AT5G11240	1.6229753385605278e-05
AT1G71810	1.621797414697247e-05
AT5G02290	1.621149984695141e-05
AT1G08580	1.621039078248763e-05
AT1G03000	1.620646403245222e-05
AT4G38800	1.620054272133764e-05
AT5G57390	1.6168240922500183e-05
AT2G41451	1.616661536124424e-05
AT3G03900	1.6160542772981373e-05
AT2G30575	1.615542106225559e-05
AT5G10140	1.61454988017639e-05
AT2G47630	1.6142915175531673e-05
AT4G34960	1.6134447328844426e-05
AT3G45010	1.6128757539661604e-05
AT4G09080	1.612461058687503e-05
AT4G20910	1.6123820797270644e-05
AT5G23780	1.6123198231535707e-05
AT1G29840	1.611301903150595e-05
AT5G55950	1.609541367820453e-05
AT5G61290	1.60945709696212e-05
AT1G01610	1.6093244001033747e-05
AT1G16270	1.6086354457279695e-05
AT5G41080	1.6078098115323413e-05
AT5G55000	1.607754748805111e-05
AT4G35570	1.6060828108774396e-05
AT4G36360	1.6057909716937017e-05
AT3G14100	1.604261317189887e-05
AT3G29320	1.6025723844010626e-05
AT4G02480	1.602448711612615e-05
AT2G44350	1.601017604306658e-05
AT5G13560	1.6007277816055562e-05
AT1G06840	1.598996868765942e-05
AT1G11960	1.5987298378727248e-05
AT5G13500	1.5983130033182256e-05
AT2G39810	1.596873544273478e-05
AT5G22080	1.5934404116563225e-05
AT4G02450	1.593362828655547e-05
AT2G32060	1.5926139021595447e-05
AT2G18450	1.5924918215907966e-05
AT3G15180	1.592368261211682e-05
AT5G39380	1.5905361687845534e-05
AT2G25970	1.5896214310395732e-05
AT5G08415	1.5892203904097054e-05
AT1G61080	1.588368856733904e-05
AT1G69410	1.5881883991143075e-05
AT1G65820	1.5880163894102964e-05
AT4G00090	1.58773924928476e-05
AT3G54140	1.5870703429098463e-05
AT1G31230	1.5866020449447705e-05
AT2G19400	1.5864688268125313e-05
AT3G19920	1.584515052824789e-05
AT3G17340	1.5840980458467884e-05
AT3G02030	1.5822904574941416e-05
AT5G26260	1.5785959196890812e-05
AT3G27970	1.5783540400035187e-05
AT3G45140	1.57830676693789e-05
AT3G66652	1.5752404070911423e-05
AT4G35780	1.57430162517739e-05
AT1G35180	1.5739714488595322e-05
AT3G50550	1.5723696735019073e-05
AT4G34890	1.5695912043381873e-05
AT1G06390	1.569483758684807e-05
AT3G01460	1.568442113935511e-05
AT4G10180	1.5684247476671274e-05
AT4G16630	1.567127497217644e-05
AT1G53240	1.56570569155153e-05
AT1G16870	1.561756866956689e-05
AT1G26750	1.5611609479460793e-05
AT3G11170	1.5606446000524912e-05
AT1G01050	1.5601941934080158e-05
AT2G37110	1.5550958780847652e-05
AT5G58800	1.554588659989396e-05
AT1G52590	1.5516294106988392e-05
AT3G19740	1.5512208410226044e-05
AT5G18700	1.5508381137690694e-05
AT2G35650	1.5507275760291937e-05
AT1G14510	1.5497650494917233e-05
AT4G39910	1.5490210052847402e-05
AT3G05140	1.5482999612994117e-05
AT2G43660	1.547942957872922e-05
AT1G67320	1.546084117412577e-05
AT3G13070	1.5457425476619423e-05
AT3G18200	1.5442983150869322e-05
AT1G64650	1.544235023650514e-05
AT1G17110	1.543186830528173e-05
AT3G60860	1.541250821932464e-05
AT1G27840	1.5407516651658992e-05
AT1G30970	1.538230391089858e-05
AT1G69580	1.5363649547091642e-05
AT3G02680	1.5344919156291018e-05
AT5G44785	1.5322945522357634e-05
AT1G54520	1.528118373576732e-05
AT4G01960	1.5278888030367596e-05
AT2G46040	1.5227289033506047e-05
AT4G30420	1.5208845740553547e-05
AT1G17340	1.5205354302012419e-05
AT3G62530	1.5192544373748366e-05
AT1G49720	1.517990869766857e-05
AT3G12340	1.5150630958276387e-05
AT2G22840	1.5137180566906334e-05
AT4G36630	1.5122863702414387e-05
AT1G54220	1.5112264712127135e-05
AT2G23600	1.5112255347112716e-05
AT5G07140	1.5100484864209795e-05
AT5G20250	1.5092055090920155e-05
AT5G23300	1.507728022586703e-05
AT5G50960	1.5069830641578624e-05
AT5G57410	1.5051728825712215e-05
AT1G77850	1.5046833877853466e-05
AT1G64960	1.502511275161571e-05
AT5G57160	1.5017138850861839e-05
AT5G12480	1.4971549329661065e-05
AT5G44480	1.4969654176403184e-05
AT2G42770	1.4963505180786501e-05
AT3G05670	1.495556825637173e-05
AT5G23310	1.4943443168116285e-05
AT1G72680	1.4923038860250054e-05
AT4G36190	1.48928457350088e-05
AT5G17000	1.4877155581637117e-05
AT3G57510	1.4870023948032239e-05
AT1G02440	1.4859488892636858e-05
AT1G19140	1.4855297981920317e-05
AT5G65500	1.4849557514075453e-05
AT1G32900	1.4812126466206803e-05
AT4G32970	1.4799282675717935e-05
AT2G22980	1.4790816619742655e-05
AT4G04890	1.4764767368512213e-05
AT4G27820	1.4758325407046437e-05
AT5G38880	1.475243024429324e-05
AT3G29180	1.4747206109409455e-05
AT3G48040	1.4745537821548442e-05
AT5G01460	1.4745032834467533e-05
AT4G24330	1.4740043471500354e-05
AT4G39370	1.4694099714853347e-05
AT3G17380	1.4689979541191653e-05
AT2G19950	1.4667826191682865e-05
AT5G54800	1.4660380199865166e-05
AT3G47690	1.4628060439265781e-05
AT5G45360	1.4587930286857606e-05
AT4G04605	1.4559417205563339e-05
AT5G43745	1.455742750011302e-05
AT1G23890	1.4556523153353795e-05
AT4G11010	1.4541291241521797e-05
AT1G59760	1.452900791393639e-05
AT4G30490	1.4503657760410475e-05
AT1G30580	1.449192398861334e-05
AT1G27510	1.4480667533339933e-05
AT5G17330	1.445949783862162e-05
AT1G71920	1.4458770774987797e-05
AT1G73010	1.4440167179667857e-05
AT4G08520	1.4433168385509712e-05
AT1G52150	1.4417720268449768e-05
AT1G48170	1.439212018864501e-05
AT5G04250	1.4372948967964633e-05
AT1G25260	1.4348476608499736e-05
AT3G55040	1.432849115110868e-05
AT2G17430	1.4328183976677685e-05
AT5G40390	1.4258866560869782e-05
AT3G06110	1.4257524137825057e-05
AT1G47410	1.4228431266049175e-05
AT2G41710	1.41902327586047e-05
AT5G58440	1.4171189884762933e-05
AT5G51040	1.4126019083114036e-05
AT2G03070	1.4121468967827248e-05
AT4G35190	1.4096797803315863e-05
AT4G24260	1.4082808185703892e-05
AT2G40290	1.4073383722434545e-05
AT5G13060	1.4051303917991947e-05
AT2G33205	1.4050846797283011e-05
AT4G33950	1.4048415309126695e-05
AT2G46470	1.3989525510318393e-05
AT1G07780	1.3987432494973942e-05
AT1G45332	1.3937355029511582e-05
AT2G16740	1.3901390365987625e-05
AT5G66240	1.3899052407207763e-05
AT2G18280	1.3892522797285315e-05
AT1G33490	1.3861088549220013e-05
AT1G21060	1.384800919419243e-05
AT1G59560	1.3840804120138936e-05
AT5G23580	1.3811907567526516e-05
AT3G51120	1.3806320416677172e-05
AT1G75420	1.3775194925705755e-05
AT1G65130	1.3768911215909343e-05
AT2G27210	1.3742630503617691e-05
AT5G02800	1.3656247960851988e-05
AT4G22220	1.3615962509198619e-05
AT5G38410	1.3569239506474978e-05
AT4G09320	1.355899382777956e-05
AT1G61890	1.3425830013543879e-05
AT3G56120	1.338790418765357e-05
AT4G35985	1.3382691235152975e-05
AT1G49300	1.3381092822472798e-05
AT3G25013	1.3359915066967997e-05
AT1G68570	1.3318280859809697e-05
AT3G56870	1.3306842587932492e-05
AT4G09630	1.329813954657291e-05
AT4G35530	1.3250306138434447e-05
AT3G03070	1.3203138523378227e-05
AT2G03350	1.3185973325868774e-05
AT3G02750	1.3163677326864852e-05
AT2G35920	1.3157590300456825e-05
AT4G02620	1.3119174319579834e-05
AT2G28560	1.3020013677951608e-05
AT5G44100	1.301978115663544e-05
AT1G79910	1.3019540151562674e-05
AT1G70320	1.2981654016602615e-05
AT1G53590	1.287759234955351e-05
AT5G23830	1.2817762250183972e-05
AT5G19900	1.2753170204208237e-05
AT3G23920	1.2707476083134894e-05
AT3G21580	1.268767062560151e-05
AT2G48100	1.2668843304341485e-05
AT5G08200	1.2586434033222912e-05
AT3G24495	1.2427760895394551e-05
AT3G06420	1.2393532602332793e-05
AT1G21650	1.2355097843715038e-05
AT5G38480	1.2354607893320848e-05
AT5G47100	1.2126385843799716e-05
AT1G63780	1.2123725846571481e-05
AT5G07810	1.1873835022871635e-05
AT4G24010	1.1793692286307167e-05
AT1G18870	1.1779463287316595e-05
AT1G49830	1.1585722545493165e-05
AT3G01050	1.1483529038009698e-05
AT1G42970	1.1386010537427732e-05
AT2G37560	1.1222135581920462e-05
AT3G14910	1.0809861398813789e-05
AT3G22840	1.0597456506867424e-05
AT2G38710	1.0581019218713454e-05
AT5G41740	1.051491837092499e-05
AT4G24550	1.0502904795011987e-05
AT4G29730	1.0480445234484987e-05
AT1G30500	1.028195906574498e-05
AT3G63150	1.0101772895796284e-05
AT4G17680	9.917253144174453e-06
AT2G15240	9.898208293739659e-06
AT5G53450	9.860860992296243e-06
AT3G27530	9.644598366731843e-06
AT2G41450	9.566961518590704e-06
AT1G67060	8.513084713046475e-06
AT5G17220	0.0
AT5G16990	0.0
AT1G31070	0.0
AT1G31020	0.0
AT1G31010	0.0
AT1G30910	0.0
AT1G30845	0.0
AT1G30820	0.0
AT1G30680	0.0
AT1G30660	0.0
AT1G30640	0.0
AT1G30630	0.0
AT1G30610	0.0
AT1G30590	0.0
AT5G17170	0.0
AT5G18100	0.0
AT5G17930	0.0
AT5G17920	0.0
AT5G17910	0.0
AT5G17810	0.0
AT5G17780	0.0
AT5G17770	0.0
AT5G17310	0.0
AT5G17650	0.0
AT5G17620	0.0
AT5G17610	0.0
AT5G17550	0.0
AT5G17440	0.0
AT1G30545	0.0
AT5G17250	0.0
AT5G17230	0.0
AT5G17710	0.0
AT2G38630	0.0
AT2G38620	0.0
AT2G38610	0.0
AT2G38600	0.0
AT2G38460	0.0
AT1G30475	0.0
AT1G30400	0.0
AT1G30330	0.0
AT3G06778	0.0
AT5G16960	0.0
AT5G16900	0.0
AT5G16850	0.0
AT5G16830	0.0
AT5G16810	0.0
AT5G16790	0.0
AT5G16770	0.0
AT5G16730	0.0
AT5G16720	0.0
AT5G16970	0.0
AT3G06790	0.0
AT5G18120	0.0
AT3G06770	0.0
AT3G06760	0.0
AT3G06730	0.0
AT3G06720	0.0
AT3G06690	0.0
AT3G06650	0.0
AT3G06620	0.0
AT2G38670	0.0
AT3G06330	0.0
AT3G06250	0.0
AT2G38840	0.0
AT2G38810	0.0
AT2G38770	0.0
AT2G38760	0.0
AT2G38750	0.0
AT2G38740	0.0
AT2G38680	0.0
AT3G06600	0.0
AT5G19520	0.0
AT5G19485	0.0
AT5G19470	0.0
AT5G19380	0.0
AT5G19370	0.0
AT5G19330	0.0
AT5G19280	0.0
AT5G19221	0.0
AT5G18240	0.0
AT5G19150	0.0
AT5G18900	0.0
AT5G18860	0.0
AT5G18840	0.0
AT5G18820	0.0
AT5G18810	0.0
AT5G18670	0.0
AT5G18620	0.0
AT5G19220	0.0
AT1G27680	0.0
AT1G27530	0.0
AT1G27520	0.0
AT1G27450	0.0
AT1G27440	0.0
AT5G20010	0.0
AT5G19990	0.0
AT5G19940	0.0
AT5G19530	0.0
AT5G19840	0.0
AT5G19820	0.0
AT5G19760	0.0
AT5G19750	0.0
AT5G19690	0.0
AT5G19620	0.0
AT5G19560	0.0
AT5G19550	0.0
AT5G19920	0.0
AT1G29810	0.0
AT1G29785	0.0
AT1G29730	0.0
AT1G29720	0.0
AT1G29690	0.0
AT5G18525	0.0
AT5G18480	0.0
AT5G18460	0.0
AT5G18580	0.0
AT5G18400	0.0
AT5G18380	0.0
AT5G18280	0.0
AT5G18270	0.0
AT5G18260	0.0
AT5G18250	0.0
AT5G18170	0.0
AT5G18140	0.0
AT5G18410	0.0
AT1G29395	0.0
AT1G29330	0.0
AT1G29320	0.0
AT1G29250	0.0
AT1G29050	0.0
AT1G29030	0.0
AT1G29020	0.0
AT1G28660	0.0
AT1G29830	0.0
AT1G28560	0.0
AT1G28510	0.0
AT1G28410	0.0
AT1G28350	0.0
AT1G28340	0.0
AT1G30230	0.0
AT1G30220	0.0
AT1G29940	0.0
AT1G29880	0.0
AT1G28600	0.0
AT1G33700	0.0
AT1G33540	0.0
AT1G33430	0.0
AT1G33410	0.0
AT1G33390	0.0
AT1G33360	0.0
AT1G33330	0.0
AT1G33290	0.0
AT5G16710	0.0
AT1G33120	0.0
AT1G33080	0.0
AT5G14040	0.0
AT5G13920	0.0
AT5G13850	0.0
AT5G13840	0.0
AT5G13820	0.0
AT5G13740	0.0
AT1G33230	0.0
AT1G32090	0.0
AT1G32060	0.0
AT5G14800	0.0
AT5G14780	0.0
AT5G14750	0.0
AT5G14590	0.0
AT5G14530	0.0
AT5G14520	0.0
AT1G34010	0.0
AT5G14430	0.0
AT5G14420	0.0
AT5G14270	0.0
AT5G14260	0.0
AT5G14220	0.0
AT5G14210	0.0
AT5G14180	0.0
AT5G14170	0.0
AT5G14150	0.0
AT5G14440	0.0
AT2G37370	0.0
AT2G37300	0.0
AT3G07600	0.0
AT3G07400	0.0
AT3G07370	0.0
AT3G07330	0.0
AT3G07310	0.0
AT3G07200	0.0
AT5G13710	0.0
AT3G07160	0.0
AT3G07110	0.0
AT3G07060	0.0
AT3G07030	0.0
AT3G07020	0.0
AT3G07010	0.0
AT3G06930	0.0
AT3G06910	0.0
AT3G06860	0.0
AT3G07180	0.0
AT5G13700	0.0
AT5G13690	0.0
AT5G13680	0.0
AT5G13570	0.0
AT5G13530	0.0
AT5G13480	0.0
AT5G13450	0.0
AT5G13400	0.0
AT2G37420	0.0
AT1G35470	0.0
AT1G35350	0.0
AT2G37660	0.0
AT2G37585	0.0
AT2G37540	0.0
AT2G37520	0.0
AT2G37500	0.0
AT2G37460	0.0
AT2G37440	0.0
AT5G13390	0.0
AT1G31170	0.0
AT1G31120	0.0
AT5G16270	0.0
AT5G16260	0.0
AT5G16210	0.0
AT5G16180	0.0
AT5G16150	0.0
AT5G16130	0.0
AT1G32150	0.0
AT5G16040	0.0
AT5G16000	0.0
AT5G15970	0.0
AT5G15960	0.0
AT5G15940	0.0
AT5G15930	0.0
AT5G15910	0.0
AT5G15880	0.0
AT5G16050	0.0
AT1G27695	0.0
AT5G16690	0.0
AT5G16620	0.0
AT5G16570	0.0
AT5G16560	0.0
AT5G16480	0.0
AT5G16450	0.0
AT5G16440	0.0
AT1G31180	0.0
AT1G31970	0.0
AT1G31940	0.0
AT1G31880	0.0
AT1G31812	0.0
AT1G31800	0.0
AT1G31730	0.0
AT1G31660	0.0
AT1G31650	0.0
AT1G31220	0.0
AT1G32050	0.0
AT5G14920	0.0
AT5G14910	0.0
AT5G14890	0.0
AT5G14880	0.0
AT1G32950	0.0
AT1G32940	0.0
AT1G32930	0.0
AT1G32790	0.0
AT5G15810	0.0
AT1G32750	0.0
AT1G32700	0.0
AT1G32510	0.0
AT1G32490	0.0
AT1G32470	0.0
AT1G32400	0.0
AT1G32310	0.0
AT1G32210	0.0
AT1G32170	0.0
AT1G32780	0.0
AT5G15800	0.0
AT5G15790	0.0
AT5G15750	0.0
AT5G15730	0.0
AT5G15700	0.0
AT5G15680	0.0
AT5G15640	0.0
AT5G15500	0.0
AT5G15020	0.0
AT5G15450	0.0
AT5G15400	0.0
AT5G15265	0.0
AT5G15230	0.0
AT5G15200	0.0
AT5G15180	0.0
AT5G15120	0.0
AT5G15080	0.0
AT5G15050	0.0
AT5G15470	0.0
AT1G24560	0.0
AT1G24510	0.0
AT1G24490	0.0
AT1G24460	0.0
AT1G24400	0.0
AT1G24388	0.0
AT1G24340	0.0
AT1G24267	0.0
AT1G27720	0.0
AT1G24180	0.0
AT1G24160	0.0
AT1G24120	0.0
AT1G24095	0.0
AT1G24050	0.0
AT1G24030	0.0
AT5G25080	0.0
AT5G25050	0.0
AT1G24190	0.0
AT5G26000	0.0
AT5G25980	0.0
AT5G25970	0.0
AT5G25940	0.0
AT5G25900	0.0
AT5G25890	0.0
AT5G25780	0.0
AT5G25640	0.0
AT1G24764	0.0
AT5G25570	0.0
AT5G25560	0.0
AT5G25470	0.0
AT5G25450	0.0
AT5G25360	0.0
AT5G25270	0.0
AT5G25100	0.0
AT1G25250	0.0
AT1G25098	0.0
AT5G25580	0.0
AT5G24206	0.0
AT5G24205	0.0
AT5G24170	0.0
AT5G24150	0.0
AT5G24070	0.0
AT5G23880	0.0
AT5G23860	0.0
AT5G23820	0.0
AT5G25040	0.0
AT5G23770	0.0
AT5G23750	0.0
AT5G23700	0.0
AT5G23690	0.0
AT1G26470	0.0
AT1G26340	0.0
AT1G26300	0.0
AT1G26260	0.0
AT1G26255	0.0
AT5G23800	0.0
AT5G24960	0.0
AT5G24900	0.0
AT5G24780	0.0
AT5G24770	0.0
AT5G24760	0.0
AT5G24750	0.0
AT5G24710	0.0
AT5G24690	0.0
AT5G24210	0.0
AT5G24620	0.0
AT5G24520	0.0
AT5G24350	0.0
AT5G24320	0.0
AT5G24314	0.0
AT5G24300	0.0
AT5G24280	0.0
AT5G24260	0.0
AT5G24230	0.0
AT5G24650	0.0
AT1G22440	0.0
AT1G22330	0.0
AT1G22300	0.0
AT2G39080	0.0
AT2G39050	0.0
AT2G38960	0.0
AT2G38890	0.0
AT3G05010	0.0
AT1G22980	0.0
AT3G04870	0.0
AT3G04850	0.0
AT3G04840	0.0
AT3G04830	0.0
AT3G04820	0.0
AT3G04810	0.0
AT3G04770	0.0
AT3G04640	0.0
AT3G04940	0.0
AT5G27560	0.0
AT5G27540	0.0
AT5G27520	0.0
AT5G27380	0.0
AT5G27350	0.0
AT5G27290	0.0
AT5G27210	0.0
AT5G27150	0.0
AT1G22510	0.0
AT1G22950	0.0
AT1G22940	0.0
AT1G22880	0.0
AT1G22860	0.0
AT1G22850	0.0
AT1G22780	0.0
AT1G22700	0.0
AT1G22690	0.0
AT1G22530	0.0
AT5G27030	0.0
AT5G26340	0.0
AT5G26320	0.0
AT5G26240	0.0
AT5G26210	0.0
AT5G26160	0.0
AT5G26030	0.0
AT1G23900	0.0
AT1G23820	0.0
AT3G04620	0.0
AT1G23400	0.0
AT1G23310	0.0
AT1G23280	0.0
AT1G23260	0.0
AT1G23210	0.0
AT1G23180	0.0
AT1G23140	0.0
AT1G23110	0.0
AT1G23020	0.0
AT1G23465	0.0
AT3G04600	0.0
AT3G04580	0.0
AT3G04560	0.0
AT3G04460	0.0
AT3G04443	0.0
AT3G04400	0.0
AT3G04380	0.0
AT2G40190	0.0
AT5G26360	0.0
AT2G40010	0.0
AT1G22200	0.0
AT1G22070	0.0
AT5G27010	0.0
AT5G26940	0.0
AT5G26850	0.0
AT5G26830	0.0
AT5G26820	0.0
AT5G26610	0.0
AT2G40090	0.0
AT5G20890	0.0
AT5G20830	0.0
AT5G20660	0.0
AT5G20540	0.0
AT2G38410	0.0
AT2G38400	0.0
AT2G38380	0.0
AT2G38330	0.0
AT1G26208	0.0
AT2G38185	0.0
AT2G38180	0.0
AT3G06060	0.0
AT3G06010	0.0
AT3G05970	0.0
AT3G05932	0.0
AT3G05905	0.0
AT3G05890	0.0
AT2G38255	0.0
AT1G26660	0.0
AT1G26640	0.0
AT1G26630	0.0
AT1G26550	0.0
AT1G26520	0.0
AT5G22210	0.0
AT5G22140	0.0
AT5G22130	0.0
AT5G20930	0.0
AT5G22050	0.0
AT5G22030	0.0
AT5G22010	0.0
AT5G21430	0.0
AT5G21326	0.0
AT5G21160	0.0
AT5G21105	0.0
AT5G21090	0.0
AT5G20980	0.0
AT5G22120	0.0
AT5G20280	0.0
AT5G20240	0.0
AT5G20200	0.0
AT5G20160	0.0
AT5G20110	0.0
AT5G20080	0.0
AT5G20070	0.0
AT5G20060	0.0
AT3G05870	0.0
AT1G28240	0.0
AT1G28120	0.0
AT1G28100	0.0
AT1G28090	0.0
AT1G28080	0.0
AT1G27940	0.0
AT1G27880	0.0
AT1G27750	0.0
AT3G06850	0.0
AT1G28320	0.0
AT3G05840	0.0
AT3G05820	0.0
AT3G05780	0.0
AT3G05760	0.0
AT3G05750	0.0
AT3G05640	0.0
AT3G05630	0.0
AT3G05590	0.0
AT5G20290	0.0
AT3G05530	0.0
AT5G20520	0.0
AT5G20490	0.0
AT5G20480	0.0
AT5G20450	0.0
AT5G20420	0.0
AT5G20360	0.0
AT5G20350	0.0
AT5G20320	0.0
AT3G05560	0.0
AT2G39330	0.0
AT2G39310	0.0
AT2G39300	0.0
AT2G39240	0.0
AT2G39200	0.0
AT2G39110	0.0
AT2G39090	0.0
AT1G26150	0.0
AT1G26700	0.0
AT1G25570	0.0
AT1G25540	0.0
AT1G25500	0.0
AT1G25490	0.0
AT1G25380	0.0
AT1G25275	0.0
AT5G23590	0.0
AT5G23575	0.0
AT5G23510	0.0
AT1G25682	0.0
AT3G05500	0.0
AT3G05480	0.0
AT3G05430	0.0
AT3G05420	0.0
AT3G05400	0.0
AT3G05365	0.0
AT3G05350	0.0
AT3G05345	0.0
AT2G39390	0.0
AT3G05280	0.0
AT3G05220	0.0
AT3G05155	0.0
AT3G05070	0.0
AT3G05020	0.0
AT2G39530	0.0
AT2G39518	0.0
AT2G39440	0.0
AT2G39420	0.0
AT3G05330	0.0
AT5G22440	0.0
AT5G22370	0.0
AT5G22350	0.0
AT5G22340	0.0
AT5G22310	0.0
AT5G22300	0.0
AT5G22280	0.0
AT1G27400	0.0
AT5G23420	0.0
AT1G27380	0.0
AT1G27350	0.0
AT1G27150	0.0
AT1G27110	0.0
AT1G27090	0.0
AT1G27060	0.0
AT1G27045	0.0
AT1G26880	0.0
AT1G26840	0.0
AT1G27385	0.0
AT5G23390	0.0
AT5G23380	0.0
AT5G23290	0.0
AT5G23250	0.0
AT5G23210	0.0
AT5G23150	0.0
AT5G23130	0.0
AT5G23120	0.0
AT5G22480	0.0
AT5G23080	0.0
AT5G23060	0.0
AT5G23040	0.0
AT5G22850	0.0
AT5G22796	0.0
AT5G22790	0.0
AT5G22510	0.0
AT5G22500	0.0
AT5G22490	0.0
AT5G23110	0.0
AT3G10210	0.0
AT3G10160	0.0
AT3G10130	0.0
AT3G10110	0.0
AT3G10010	0.0
AT3G09980	0.0
AT3G09940	0.0
AT3G09890	0.0
AT1G34580	0.0
AT3G09760	0.0
AT3G09745	0.0
AT3G09740	0.0
AT3G09720	0.0
AT3G09710	0.0
AT3G09690	0.0
AT3G09660	0.0
AT3G09640	0.0
AT3G09840	0.0
AT5G03160	0.0
AT5G03150	0.0
AT5G03070	0.0
AT5G02970	0.0
AT5G02960	0.0
AT5G02940	0.0
AT5G02910	0.0
AT5G02860	0.0
AT3G10220	0.0
AT5G02790	0.0
AT5G02780	0.0
AT5G02740	0.0
AT5G02430	0.0
AT5G02370	0.0
AT5G02310	0.0
AT5G02270	0.0
AT2G35880	0.0
AT2G35800	0.0
AT5G02830	0.0
AT1G52400	0.0
AT1G52230	0.0
AT1G52155	0.0
AT1G52080	0.0
AT1G52070	0.0
AT1G52060	0.0
AT1G52000	0.0
AT1G51990	0.0
AT2G37220	0.0
AT1G51850	0.0
AT1G51745	0.0
AT1G51730	0.0
AT1G51710	0.0
AT5G01630	0.0
AT5G01620	0.0
AT5G01520	0.0
AT5G01510	0.0
AT5G01490	0.0
AT1G51980	0.0
AT2G37210	0.0
AT2G37160	0.0
AT2G37080	0.0
AT2G37050	0.0
AT2G36950	0.0
AT5G02250	0.0
AT5G02240	0.0
AT5G02230	0.0
AT5G01675	0.0
AT5G02120	0.0
AT5G02100	0.0
AT5G02060	0.0
AT5G02040	0.0
AT5G01990	0.0
AT5G01810	0.0
AT5G01760	0.0
AT5G01750	0.0
AT5G01720	0.0
AT5G02130	0.0
AT1G50200	0.0
AT1G50170	0.0
AT1G50110	0.0
AT1G49960	0.0
AT1G49940	0.0
AT1G49880	0.0
AT1G49730	0.0
AT5G04800	0.0
AT5G03220	0.0
AT5G04680	0.0
AT5G04590	0.0
AT5G04560	0.0
AT5G04550	0.0
AT5G04540	0.0
AT5G04490	0.0
AT5G04480	0.0
AT5G04420	0.0
AT5G04710	0.0
AT5G05490	0.0
AT5G05460	0.0
AT5G05450	0.0
AT5G05410	0.0
AT5G05230	0.0
AT5G05200	0.0
AT5G05170	0.0
AT5G05140	0.0
AT1G50260	0.0
AT5G05010	0.0
AT5G04920	0.0
AT5G04900	0.0
AT5G04885	0.0
AT1G50450	0.0
AT1G50410	0.0
AT1G50400	0.0
AT1G50370	0.0
AT1G50360	0.0
AT5G05060	0.0
AT1G51620	0.0
AT1G51580	0.0
AT1G51560	0.0
AT1G51520	0.0
AT1G51510	0.0
AT1G51500	0.0
AT1G51470	0.0
AT1G51430	0.0
AT5G04410	0.0
AT1G51350	0.0
AT1G51310	0.0
AT1G51110	0.0
AT1G50970	0.0
AT1G50940	0.0
AT5G03330	0.0
AT5G03290	0.0
AT5G03280	0.0
AT5G03270	0.0
AT1G51390	0.0
AT5G04370	0.0
AT5G04360	0.0
AT5G04290	0.0
AT5G04240	0.0
AT5G04140	0.0
AT5G04130	0.0
AT5G03900	0.0
AT5G03860	0.0
AT5G03380	0.0
AT5G03650	0.0
AT5G03530	0.0
AT5G03520	0.0
AT5G03495	0.0
AT5G03460	0.0
AT5G03455	0.0
AT5G03430	0.0
AT5G03420	0.0
AT5G03415	0.0
AT5G03830	0.0
AT4G38260	0.0
AT4G38220	0.0
AT4G38160	0.0
AT4G38130	0.0
AT4G38050	0.0
AT4G37920	0.0
AT1G55020	0.0
AT1G54960	0.0
AT5G01330	0.0
AT1G54820	0.0
AT1G54790	0.0
AT1G54770	0.0
AT1G54490	0.0
AT1G54350	0.0
AT1G54320	0.0
AT1G54290	0.0
AT1G54270	0.0
AT1G54840	0.0
AT3G10650	0.0
AT3G10572	0.0
AT3G10550	0.0
AT3G10540	0.0
AT3G10530	0.0
AT3G10330	0.0
AT2G36480	0.0
AT2G36390	0.0
AT4G38440	0.0
AT2G36340	0.0
AT2G36270	0.0
AT2G36160	0.0
AT2G36130	0.0
AT2G36070	0.0
AT2G36060	0.0
AT4G38570	0.0
AT4G38545	0.0
AT4G38540	0.0
AT2G36380	0.0
AT1G55820	0.0
AT1G55740	0.0
AT1G55730	0.0
AT1G55690	0.0
AT1G55535	0.0
AT1G55520	0.0
AT1G55360	0.0
AT1G55320	0.0
AT4G37870	0.0
AT1G55090	0.0
AT4G36970	0.0
AT4G36960	0.0
AT4G36930	0.0
AT4G36920	0.0
AT4G36850	0.0
AT4G36800	0.0
AT4G36530	0.0
AT4G36410	0.0
AT1G55150	0.0
AT4G37860	0.0
AT4G37682	0.0
AT4G37610	0.0
AT4G37553	0.0
AT4G37520	0.0
AT4G37510	0.0
AT4G37480	0.0
AT4G37440	0.0
AT1G55915	0.0
AT4G37409	0.0
AT4G37310	0.0
AT4G37280	0.0
AT4G37270	0.0
AT4G37220	0.0
AT4G37200	0.0
AT4G37180	0.0
AT4G37040	0.0
AT4G37020	0.0
AT4G37432	0.0
AT5G00780	0.0
AT4G40010	0.0
AT4G40000	0.0
AT4G39980	0.0
AT4G39970	0.0
AT4G39955	0.0
AT4G39900	0.0
AT4G39830	0.0
AT3G10690	0.0
AT4G39800	0.0
AT4G39790	0.0
AT4G39710	0.0
AT4G39660	0.0
AT4G39630	0.0
AT4G39520	0.0
AT4G39460	0.0
AT4G39420	0.0
AT4G39810	0.0
AT5G01290	0.0
AT5G01260	0.0
AT5G01240	0.0
AT5G01220	0.0
AT5G01190	0.0
AT5G01175	0.0
AT5G01060	0.0
AT5G01040	0.0
AT1G52410	0.0
AT1G53310	0.0
AT1G53300	0.0
AT1G53290	0.0
AT1G53280	0.0
AT1G53090	0.0
AT1G52857	0.0
AT1G52670	0.0
AT1G52600	0.0
AT1G52500	0.0
AT1G53380	0.0
AT1G53850	0.0
AT1G53790	0.0
AT1G53730	0.0
AT1G53720	0.0
AT1G53670	0.0
AT1G53580	0.0
AT1G53560	0.0
AT1G53510	0.0
AT4G39380	0.0
AT1G53390	0.0
AT3G11165	0.0
AT3G11040	0.0
AT3G11030	0.0
AT3G10970	0.0
AT3G10850	0.0
AT3G10840	0.0
AT3G10820	0.0
AT3G10740	0.0
AT1G53400	0.0
AT4G39350	0.0
AT4G39280	0.0
AT4G39220	0.0
AT4G39210	0.0
AT4G39200	0.0
AT4G39090	0.0
AT4G39080	0.0
AT4G39050	0.0
AT1G53970	0.0
AT4G38810	0.0
AT4G38790	0.0
AT4G38730	0.0
AT4G38630	0.0
AT1G54170	0.0
AT1G54150	0.0
AT1G54100	0.0
AT1G54080	0.0
AT1G54020	0.0
AT4G38900	0.0
AT1G43890	0.0
AT5G10780	0.0
AT5G10740	0.0
AT5G10730	0.0
AT5G10690	0.0
AT5G10580	0.0
AT5G10560	0.0
AT5G10540	0.0
AT5G05540	0.0
AT5G10490	0.0
AT5G10480	0.0
AT5G10440	0.0
AT5G10278	0.0
AT5G10270	0.0
AT5G10250	0.0
AT5G10170	0.0
AT5G10160	0.0
AT5G10510	0.0
AT5G10840	0.0
AT1G45231	0.0
AT1G45230	0.0
AT1G45207	0.0
AT1G45191	0.0
AT1G45150	0.0
AT1G45130	0.0
AT1G45050	0.0
AT1G43900	0.0
AT1G44910	0.0
AT1G44890	0.0
AT1G44835	0.0
AT1G44780	0.0
AT1G44760	0.0
AT1G44350	0.0
AT1G44170	0.0
AT1G44160	0.0
AT1G44120	0.0
AT1G45000	0.0
AT5G09290	0.0
AT5G09240	0.0
AT3G08650	0.0
AT3G08590	0.0
AT3G08580	0.0
AT3G08550	0.0
AT3G08510	0.0
AT3G08505	0.0
AT5G10080	0.0
AT3G08030	0.0
AT3G08020	0.0
AT3G07960	0.0
AT3G07950	0.0
AT3G07940	0.0
AT3G07910	0.0
AT3G07810	0.0
AT3G07780	0.0
AT3G07740	0.0
AT3G08040	0.0
AT5G10060	0.0
AT5G10030	0.0
AT5G10010	0.0
AT5G09950	0.0
AT5G09920	0.0
AT5G09880	0.0
AT5G09860	0.0
AT5G09850	0.0
AT5G09300	0.0
AT5G09810	0.0
AT5G09770	0.0
AT5G09720	0.0
AT5G09690	0.0
AT5G09660	0.0
AT5G09600	0.0
AT5G09420	0.0
AT5G09410	0.0
AT5G09400	0.0
AT5G09830	0.0
AT5G13050	0.0
AT5G13020	0.0
AT5G13010	0.0
AT5G13000	0.0
AT5G12920	0.0
AT5G12470	0.0
AT5G12410	0.0
AT5G12350	0.0
AT5G10870	0.0
AT5G12170	0.0
AT5G12130	0.0
AT5G11960	0.0
AT5G11880	0.0
AT5G11810	0.0
AT5G11800	0.0
AT5G11790	0.0
AT5G11780	0.0
AT5G12230	0.0
AT3G06810	0.0
AT5G27600	0.0
AT1G34570	0.0
AT1G34430	0.0
AT1G34340	0.0
AT1G34320	0.0
AT1G34220	0.0
AT1G34210	0.0
AT5G13070	0.0
AT1G34160	0.0
AT1G34150	0.0
AT5G13370	0.0
AT5G13360	0.0
AT5G13300	0.0
AT5G13280	0.0
AT5G13260	0.0
AT5G13180	0.0
AT5G13120	0.0
AT1G34190	0.0
AT1G36160	0.0
AT1G36070	0.0
AT1G35780	0.0
AT1G35730	0.0
AT1G35680	0.0
AT1G35660	0.0
AT1G35580	0.0
AT5G11500	0.0
AT5G11700	0.0
AT5G11440	0.0
AT5G11420	0.0
AT5G11410	0.0
AT5G11380	0.0
AT5G11360	0.0
AT5G11110	0.0
AT5G11060	0.0
AT5G11040	0.0
AT5G10980	0.0
AT5G11450	0.0
AT5G11670	0.0
AT5G11650	0.0
AT5G11610	0.0
AT5G11580	0.0
AT5G11530	0.0
AT1G43850	0.0
AT1G43770	0.0
AT1G43700	0.0
AT1G36280	0.0
AT1G43670	0.0
AT1G43190	0.0
AT1G43130	0.0
AT1G42960	0.0
AT1G42560	0.0
AT1G42480	0.0
AT1G41830	0.0
AT1G37150	0.0
AT1G36980	0.0
AT1G43690	0.0
AT5G06370	0.0
AT5G06360	0.0
AT5G06260	0.0
AT5G06155	0.0
AT5G06150	0.0
AT5G06130	0.0
AT5G06060	0.0
AT5G05980	0.0
AT3G07680	0.0
AT1G49630	0.0
AT1G49520	0.0
AT1G49510	0.0
AT1G49350	0.0
AT1G49240	0.0
AT1G49140	0.0
AT1G49130	0.0
AT2G36910	0.0
AT5G05850	0.0
AT5G06690	0.0
AT5G06620	0.0
AT5G06610	0.0
AT1G48700	0.0
AT1G48698	0.0
AT1G48690	0.0
AT1G48650	0.0
AT1G48635	0.0
AT5G06580	0.0
AT1G48490	0.0
AT1G48440	0.0
AT1G48430	0.0
AT1G48410	0.0
AT1G48390	0.0
AT1G48260	0.0
AT1G48230	0.0
AT1G48180	0.0
AT1G48160	0.0
AT1G48600	0.0
AT3G09090	0.0
AT3G08960	0.0
AT3G08930	0.0
AT3G08860	0.0
AT3G08800	0.0
AT3G08670	0.0
AT3G08660	0.0
AT1G49050	0.0
AT2G36900	0.0
AT1G48860	0.0
AT1G48850	0.0
AT1G48840	0.0
AT1G48830	0.0
AT1G48770	0.0
AT5G05680	0.0
AT5G05660	0.0
AT5G05600	0.0
AT5G05560	0.0
AT1G49030	0.0
AT2G36870	0.0
AT2G36835	0.0
AT2G36810	0.0
AT2G36690	0.0
AT2G36630	0.0
AT2G36580	0.0
AT3G09550	0.0
AT3G09540	0.0
AT3G09180	0.0
AT3G09470	0.0
AT3G09440	0.0
AT3G09405	0.0
AT3G09390	0.0
AT3G09360	0.0
AT3G09310	0.0
AT3G09260	0.0
AT3G09240	0.0
AT3G09220	0.0
AT3G09500	0.0
AT5G08490	0.0
AT5G08480	0.0
AT5G08440	0.0
AT5G08430	0.0
AT5G08420	0.0
AT5G08400	0.0
AT5G08390	0.0
AT1G48130	0.0
AT5G06820	0.0
AT1G48050	0.0
AT1G48000	0.0
AT1G47920	0.0
AT1G47840	0.0
AT1G47830	0.0
AT1G47640	0.0
AT1G47600	0.0
AT1G47560	0.0
AT1G48110	0.0
AT3G07650	0.0
AT3G07630	0.0
AT3G07610	0.0
AT2G38140	0.0
AT2G38130	0.0
AT2G38120	0.0
AT2G38020	0.0
AT2G38000	0.0
AT5G08580	0.0
AT2G37770	0.0
AT2G37690	0.0
AT5G09225	0.0
AT5G09210	0.0
AT5G08740	0.0
AT5G08710	0.0
AT5G08690	0.0
AT5G08680	0.0
AT5G08640	0.0
AT2G37840	0.0
AT5G07800	0.0
AT5G07740	0.0
AT5G07650	0.0
AT5G07570	0.0
AT5G07390	0.0
AT5G07380	0.0
AT5G07360	0.0
AT5G07350	0.0
AT1G47530	0.0
AT5G07270	0.0
AT5G07180	0.0
AT5G07090	0.0
AT5G07030	0.0
AT5G07020	0.0
AT5G06970	0.0
AT5G06950	0.0
AT5G06839	0.0
AT5G06830	0.0
AT5G07300	0.0
AT1G47420	0.0
AT1G47380	0.0
AT1G47330	0.0
AT1G47290	0.0
AT1G47210	0.0
AT1G46480	0.0
AT1G45688	0.0
AT5G08380	0.0
AT5G07910	0.0
AT5G08230	0.0
AT5G08170	0.0
AT5G08160	0.0
AT5G08110	0.0
AT5G08000	0.0
AT5G07980	0.0
AT5G07970	0.0
AT5G07960	0.0
AT5G07920	0.0
AT5G08260	0.0
AT5G56940	0.0
AT5G56900	0.0
AT5G56890	0.0
AT5G56860	0.0
AT5G56740	0.0
AT5G56700	0.0
AT5G56650	0.0
AT5G56630	0.0
AT5G27700	0.0
AT5G56530	0.0
AT5G56500	0.0
AT5G56320	0.0
AT5G56280	0.0
AT5G56170	0.0
AT5G56030	0.0
AT5G55990	0.0
AT5G55910	0.0
AT5G56620	0.0
AT1G08470	0.0
AT1G08420	0.0
AT1G08380	0.0
AT1G08360	0.0
AT1G08210	0.0
AT1G08200	0.0
AT1G08130	0.0
AT5G57350	0.0
AT5G57015	0.0
AT5G57300	0.0
AT5G57280	0.0
AT5G57240	0.0
AT5G57230	0.0
AT5G57210	0.0
AT5G57190	0.0
AT5G57150	0.0
AT5G57100	0.0
AT5G57040	0.0
AT5G57330	0.0
AT2G47350	0.0
AT2G47330	0.0
AT2G47320	0.0
AT2G47310	0.0
AT2G47300	0.0
AT2G47250	0.0
AT2G47240	0.0
AT2G47210	0.0
AT5G55860	0.0
AT2G47090	0.0
AT2G47070	0.0
AT2G47020	0.0
AT2G46990	0.0
AT2G46970	0.0
AT2G46950	0.0
AT2G46930	0.0
AT2G43140	0.0
AT2G47160	0.0
AT5G55850	0.0
AT1G09280	0.0
AT1G09230	0.0
AT1G09210	0.0
AT1G09060	0.0
AT1G09010	0.0
AT1G08980	0.0
AT1G08930	0.0
AT2G47470	0.0
AT1G08890	0.0
AT1G08830	0.0
AT1G08810	0.0
AT1G08760	0.0
AT1G08730	0.0
AT2G47610	0.0
AT2G47600	0.0
AT2G47500	0.0
AT2G47490	0.0
AT1G08910	0.0
AT5G58210	0.0
AT1G08110	0.0
AT1G08087	0.0
AT1G08070	0.0
AT1G08030	0.0
AT1G07980	0.0
AT1G07950	0.0
AT1G07870	0.0
AT1G08490	0.0
AT1G07830	0.0
AT1G07690	0.0
AT1G07670	0.0
AT2G42710	0.0
AT2G42700	0.0
AT2G42680	0.0
AT2G42670	0.0
AT2G42590	0.0
AT1G07840	0.0
AT5G59130	0.0
AT5G59010	0.0
AT5G58990	0.0
AT5G58970	0.0
AT5G58870	0.0
AT5G58770	0.0
AT5G58740	0.0
AT5G58720	0.0
AT5G58230	0.0
AT5G58610	0.0
AT5G58510	0.0
AT5G58450	0.0
AT5G58420	0.0
AT5G58340	0.0
AT5G58320	0.0
AT5G58300	0.0
AT5G58290	0.0
AT5G58270	0.0
AT5G58700	0.0
AT5G58160	0.0
AT5G58110	0.0
AT5G58100	0.0
AT5G58060	0.0
AT5G58050	0.0
AT5G58040	0.0
AT5G58010	0.0
AT5G57990	0.0
AT2G42580	0.0
AT5G57815	0.0
AT5G57770	0.0
AT5G57670	0.0
AT5G57630	0.0
AT5G57610	0.0
AT5G57590	0.0
AT5G57490	0.0
AT5G57450	0.0
AT1G08640	0.0
AT5G57940	0.0
AT2G46915	0.0
AT2G46910	0.0
AT2G46880	0.0
AT2G46860	0.0
AT2G46780	0.0
AT2G46740	0.0
AT2G46710	0.0
AT2G46640	0.0
AT5G58180	0.0
AT2G46455	0.0
AT2G46440	0.0
AT2G46380	0.0
AT2G46320	0.0
AT2G46270	0.0
AT2G46260	0.0
AT2G46100	0.0
AT1G07590	0.0
AT1G07550	0.0
AT2G46560	0.0
AT5G53090	0.0
AT5G53045	0.0
AT5G53020	0.0
AT5G52970	0.0
AT5G52950	0.0
AT5G52920	0.0
AT5G52910	0.0
AT5G52882	0.0
AT2G43000	0.0
AT5G52740	0.0
AT5G52560	0.0
AT5G52547	0.0
AT5G52520	0.0
AT5G52470	0.0
AT5G52450	0.0
AT5G52410	0.0
AT5G52330	0.0
AT5G52820	0.0
AT5G53170	0.0
AT5G53140	0.0
AT1G11310	0.0
AT1G11303	0.0
AT1G11190	0.0
AT1G11130	0.0
AT1G11060	0.0
AT1G10990	0.0
AT5G53130	0.0
AT1G10900	0.0
AT1G10870	0.0
AT1G10840	0.0
AT1G10820	0.0
AT1G10760	0.0
AT1G10750	0.0
AT1G10740	0.0
AT1G10730	0.0
AT1G10720	0.0
AT1G10950	0.0
AT1G11880	0.0
AT1G11820	0.0
AT1G11750	0.0
AT1G11710	0.0
AT1G11680	0.0
AT1G11670	0.0
AT1G11545	0.0
AT3G01120	0.0
AT5G52290	0.0
AT3G01080	0.0
AT2G48150	0.0
AT2G48130	0.0
AT2G47980	0.0
AT2G47940	0.0
AT2G47830	0.0
AT2G47760	0.0
AT2G47730	0.0
AT2G47710	0.0
AT3G01090	0.0
AT5G52220	0.0
AT5G52210	0.0
AT5G52200	0.0
AT5G52110	0.0
AT5G52100	0.0
AT5G51980	0.0
AT5G51960	0.0
AT5G51940	0.0
AT1G11890	0.0
AT5G51840	0.0
AT5G51730	0.0
AT5G51710	0.0
AT5G51600	0.0
AT5G51590	0.0
AT5G51530	0.0
AT5G51510	0.0
AT5G51450	0.0
AT1G11930	0.0
AT5G51850	0.0
AT1G10030	0.0
AT1G09940	0.0
AT1G09920	0.0
AT1G09910	0.0
AT1G09870	0.0
AT1G09800	0.0
AT1G09795	0.0
AT1G09760	0.0
AT5G53300	0.0
AT1G09710	0.0
AT1G09570	0.0
AT1G09450	0.0
AT1G09400	0.0
AT1G09340	0.0
AT1G09290	0.0
AT5G54940	0.0
AT5G54920	0.0
AT1G09740	0.0
AT2G42950	0.0
AT2G42910	0.0
AT2G42890	0.0
AT2G42880	0.0
AT2G42820	0.0
AT2G42790	0.0
AT5G55760	0.0
AT5G55610	0.0
AT5G55070	0.0
AT5G55510	0.0
AT5G55480	0.0
AT5G55470	0.0
AT5G55310	0.0
AT5G55280	0.0
AT5G55240	0.0
AT5G55230	0.0
AT5G55220	0.0
AT5G55120	0.0
AT5G55580	0.0
AT1G10310	0.0
AT1G10290	0.0
AT1G10200	0.0
AT1G10170	0.0
AT1G10130	0.0
AT1G10120	0.0
AT1G10090	0.0
AT5G54080	0.0
AT5G54770	0.0
AT5G53940	0.0
AT5G53800	0.0
AT5G53770	0.0
AT5G53700	0.0
AT5G53560	0.0
AT5G53500	0.0
AT5G53440	0.0
AT5G53430	0.0
AT5G53330	0.0
AT5G53970	0.0
AT5G54760	0.0
AT5G54680	0.0
AT5G54600	0.0
AT5G54570	0.0
AT5G54540	0.0
AT5G54500	0.0
AT5G54440	0.0
AT5G54250	0.0
AT1G10410	0.0
AT5G54190	0.0
AT5G54170	0.0
AT5G54160	0.0
AT5G54130	0.0
AT1G10657	0.0
AT1G10640	0.0
AT1G10530	0.0
AT1G10510	0.0
AT1G10490	0.0
AT5G54200	0.0
AT5G64070	0.0
AT5G64000	0.0
AT5G63980	0.0
AT5G63970	0.0
AT5G63960	0.0
AT5G63940	0.0
AT5G63930	0.0
AT1G04040	0.0
AT5G59140	0.0
AT1G04010	0.0
AT1G03980	0.0
AT1G03910	0.0
AT1G03780	0.0
AT1G03760	0.0
AT1G03630	0.0
AT1G03475	0.0
AT1G03365	0.0
AT1G04030	0.0
AT5G64600	0.0
AT1G03360	0.0
AT1G03270	0.0
AT1G03260	0.0
AT1G03180	0.0
AT1G03040	0.0
AT1G02690	0.0
AT1G02660	0.0
AT5G64170	0.0
AT5G64400	0.0
AT5G64380	0.0
AT5G64370	0.0
AT5G64350	0.0
AT5G64330	0.0
AT5G64300	0.0
AT5G64240	0.0
AT5G64220	0.0
AT5G64180	0.0
AT5G64440	0.0
AT1G04730	0.0
AT1G04710	0.0
AT1G04700	0.0
AT1G04680	0.0
AT1G04600	0.0
AT1G04530	0.0
AT1G04510	0.0
AT2G45910	0.0
AT5G63810	0.0
AT2G45820	0.0
AT2G45810	0.0
AT2G45790	0.0
AT2G45740	0.0
AT2G45710	0.0
AT2G45560	0.0
AT2G45520	0.0
AT2G43945	0.0
AT2G43940	0.0
AT2G45880	0.0
AT5G63790	0.0
AT5G63780	0.0
AT5G63770	0.0
AT5G63650	0.0
AT5G63640	0.0
AT5G63630	0.0
AT5G63600	0.0
AT5G63490	0.0
AT1G04850	0.0
AT5G63420	0.0
AT5G63400	0.0
AT5G63280	0.0
AT5G63260	0.0
AT5G63220	0.0
AT5G63200	0.0
AT1G05010	0.0
AT1G04960	0.0
AT1G04900	0.0
AT5G63480	0.0
AT1G01490	0.0
AT1G01320	0.0
AT5G67610	0.0
AT5G66760	0.0
AT1G02530	0.0
AT5G66120	0.0
AT2G44650	0.0
AT5G65810	0.0
AT5G64610	0.0
AT1G01780	0.0
AT1G01710	0.0
AT1G01670	0.0
AT1G01620	0.0
AT1G02475	0.0
AT1G02470	0.0
AT1G01650	0.0
AT1G02430	0.0
AT1G01790	0.0
AT2G44490	0.0
AT2G44440	0.0
AT2G44270	0.0
AT2G44220	0.0
AT2G44160	0.0
AT2G44150	0.0
AT2G44110	0.0
AT5G66360	0.0
AT1G02560	0.0
AT5G66270	0.0
AT5G66250	0.0
AT5G66190	0.0
AT5G66170	0.0
AT5G66150	0.0
AT5G66130	0.0
AT5G66090	0.0
AT5G65970	0.0
AT1G02630	0.0
AT5G66290	0.0
AT5G66720	0.0
AT5G66610	0.0
AT5G66570	0.0
AT5G66540	0.0
AT1G01820	0.0
AT5G65470	0.0
AT5G65450	0.0
AT5G66530	0.0
AT1G02410	0.0
AT5G66410	0.0
AT5G66380	0.0
AT5G65010	0.0
AT5G65000	0.0
AT5G64910	0.0
AT5G64860	0.0
AT5G64813	0.0
AT5G64730	0.0
AT5G64670	0.0
AT5G66480	0.0
AT1G01660	0.0
AT1G02310	0.0
AT1G02305	0.0
AT1G02300	0.0
AT1G02220	0.0
AT1G02205	0.0
AT1G02190	0.0
AT1G02145	0.0
AT5G66730	0.0
AT2G44040	0.0
AT2G43980	0.0
AT2G43970	0.0
AT5G67370	0.0
AT5G67180	0.0
AT5G67130	0.0
AT5G67100	0.0
AT5G66880	0.0
AT1G01540	0.0
AT2G44070	0.0
AT5G61060	0.0
AT5G60990	0.0
AT5G60980	0.0
AT5G60910	0.0
AT5G60880	0.0
AT5G60840	0.0
AT5G60810	0.0
AT5G60760	0.0
AT2G43920	0.0
AT5G60720	0.0
AT5G60690	0.0
AT5G60590	0.0
AT5G60450	0.0
AT5G60350	0.0
AT5G60335	0.0
AT5G60150	0.0
AT5G60142	0.0
AT5G60750	0.0
AT1G06290	0.0
AT1G06230	0.0
AT1G06130	0.0
AT1G06010	0.0
AT1G05960	0.0
AT1G05890	0.0
AT1G05860	0.0
AT1G05850	0.0
AT5G61070	0.0
AT1G05790	0.0
AT5G61450	0.0
AT5G61390	0.0
AT5G61380	0.0
AT5G61270	0.0
AT5G61240	0.0
AT5G61210	0.0
AT5G61150	0.0
AT5G61120	0.0
AT1G05830	0.0
AT1G06630	0.0
AT1G06590	0.0
AT5G59840	0.0
AT5G59780	0.0
AT5G59740	0.0
AT5G59660	0.0
AT5G59613	0.0
AT5G59480	0.0
AT5G60130	0.0
AT5G59460	0.0
AT5G59430	0.0
AT5G59420	0.0
AT5G59410	0.0
AT5G59400	0.0
AT5G59300	0.0
AT5G59250	0.0
AT5G59220	0.0
AT5G59210	0.0
AT5G59470	0.0
AT5G60040	0.0
AT5G60022	0.0
AT5G59970	0.0
AT5G59950	0.0
AT5G59880	0.0
AT1G07480	0.0
AT1G07440	0.0
AT1G07390	0.0
AT1G06640	0.0
AT1G07200	0.0
AT1G07010	0.0
AT1G06950	0.0
AT1G06820	0.0
AT1G06790	0.0
AT1G06730	0.0
AT1G06720	0.0
AT1G06670	0.0
AT1G06660	0.0
AT1G07280	0.0
AT5G63090	0.0
AT5G63080	0.0
AT5G63000	0.0
AT5G62960	0.0
AT5G62920	0.0
AT5G62890	0.0
AT5G62880	0.0
AT5G62850	0.0
AT1G06310	0.0
AT5G62790	0.0
AT5G62740	0.0
AT5G62710	0.0
AT5G62670	0.0
AT5G62650	0.0
AT5G62540	0.0
AT5G62530	0.0
AT5G62520	0.0
AT5G62810	0.0
AT2G43900	0.0
AT2G43850	0.0
AT2G43810	0.0
AT2G43790	0.0
AT2G43750	0.0
AT2G43670	0.0
AT2G43630	0.0
AT2G43560	0.0
AT5G63110	0.0
AT2G43400	0.0
AT2G43370	0.0
AT2G43350	0.0
AT2G43330	0.0
AT2G43280	0.0
AT2G43210	0.0
AT2G45280	0.0
AT1G04210	0.0
AT5G63190	0.0
AT2G43420	0.0
AT5G62300	0.0
AT5G62290	0.0
AT5G62270	0.0
AT5G62230	0.0
AT5G62190	0.0
AT5G62050	0.0
AT5G61960	0.0
AT5G61950	0.0
AT1G05767	0.0
AT5G61920	0.0
AT5G61865	0.0
AT5G61780	0.0
AT5G61580	0.0
AT1G06580	0.0
AT1G06560	0.0
AT1G06550	0.0
AT1G06430	0.0
AT1G06350	0.0
AT5G61940	0.0
AT1G05700	0.0
AT1G05670	0.0
AT1G05610	0.0
AT1G05570	0.0
AT1G05500	0.0
AT1G05470	0.0
AT1G05410	0.0
AT1G05350	0.0
AT5G62390	0.0
AT1G05280	0.0
AT1G05270	0.0
AT1G05205	0.0
AT1G05170	0.0
AT1G05160	0.0
AT1G05120	0.0
AT5G62500	0.0
AT5G62460	0.0
AT5G62410	0.0
AT1G05300	0.0
AT1G17810	0.0
AT1G17760	0.0
AT5G41770	0.0
AT5G41763	0.0
AT5G41670	0.0
AT5G41600	0.0
AT5G41580	0.0
AT5G41520	0.0
AT2G42390	0.0
AT5G41360	0.0
AT5G41240	0.0
AT5G41210	0.0
AT5G41170	0.0
AT5G41130	0.0
AT5G41100	0.0
AT1G19110	0.0
AT1G18910	0.0
AT5G41480	0.0
AT3G02820	0.0
AT3G02800	0.0
AT3G02780	0.0
AT3G02770	0.0
AT3G02760	0.0
AT2G40940	0.0
AT2G40930	0.0
AT2G40840	0.0
AT1G17840	0.0
AT2G40810	0.0
AT2G40740	0.0
AT2G40660	0.0
AT2G40600	0.0
AT2G40570	0.0
AT2G40550	0.0
AT2G40400	0.0
AT1G17930	0.0
AT1G17850	0.0
AT2G40830	0.0
AT1G19690	0.0
AT1G19640	0.0
AT1G19630	0.0
AT1G19580	0.0
AT1G19570	0.0
AT1G19540	0.0
AT1G19530	0.0
AT1G19485	0.0
AT1G18840	0.0
AT1G19396	0.0
AT1G19340	0.0
AT5G40270	0.0
AT5G40210	0.0
AT5G40200	0.0
AT5G40160	0.0
AT5G39940	0.0
AT5G39850	0.0
AT5G39830	0.0
AT1G19450	0.0
AT1G18830	0.0
AT1G18720	0.0
AT1G18700	0.0
AT1G18630	0.0
AT1G18550	0.0
AT1G18540	0.0
AT1G18500	0.0
AT1G18470	0.0
AT1G19850	0.0
AT5G40810	0.0
AT5G40740	0.0
AT5G40660	0.0
AT5G40640	0.0
AT5G40480	0.0
AT5G40380	0.0
AT5G40310	0.0
AT1G20060	0.0
AT1G20050	0.0
AT5G40880	0.0
AT5G43300	0.0
AT5G43280	0.0
AT5G43230	0.0
AT5G43100	0.0
AT5G42990	0.0
AT5G42950	0.0
AT5G42900	0.0
AT5G42870	0.0
AT3G02850	0.0
AT1G17665	0.0
AT1G17640	0.0
AT1G17580	0.0
AT1G17470	0.0
AT1G17450	0.0
AT1G17410	0.0
AT1G17360	0.0
AT1G17290	0.0
AT1G17690	0.0
AT5G44180	0.0
AT5G44150	0.0
AT5G44030	0.0
AT5G44020	0.0
AT5G43960	0.0
AT5G43940	0.0
AT5G43910	0.0
AT5G43880	0.0
AT5G43380	0.0
AT5G43822	0.0
AT5G43710	0.0
AT5G43680	0.0
AT5G43650	0.0
AT5G43640	0.0
AT5G43600	0.0
AT5G43500	0.0
AT5G43460	0.0
AT5G43440	0.0
AT5G43830	0.0
AT1G18340	0.0
AT1G18330	0.0
AT1G18270	0.0
AT1G18190	0.0
AT1G18180	0.0
AT1G18170	0.0
AT1G18100	0.0
AT1G18060	0.0
AT1G17210	0.0
AT1G17980	0.0
AT1G17960	0.0
AT3G03330	0.0
AT3G03320	0.0
AT3G03110	0.0
AT3G02950	0.0
AT3G02940	0.0
AT3G02900	0.0
AT3G02885	0.0
AT1G18030	0.0
AT1G17140	0.0
AT1G17130	0.0
AT1G17050	0.0
AT1G17040	0.0
AT5G42710	0.0
AT5G42630	0.0
AT5G42600	0.0
AT5G42490	0.0
AT1G18390	0.0
AT5G42370	0.0
AT5G42250	0.0
AT5G42240	0.0
AT5G42220	0.0
AT5G41950	0.0
AT5G41880	0.0
AT5G41850	0.0
AT1G18415	0.0
AT1G18410	0.0
AT5G42420	0.0
AT1G21270	0.0
AT1G21170	0.0
AT1G21080	0.0
AT1G21065	0.0
AT1G20950	0.0
AT5G36160	0.0
AT5G35980	0.0
AT5G35960	0.0
AT5G39740	0.0
AT5G35700	0.0
AT5G35690	0.0
AT5G35620	0.0
AT5G35590	0.0
AT5G35570	0.0
AT5G35530	0.0
AT5G35520	0.0
AT5G35450	0.0
AT5G35730	0.0
AT5G36940	0.0
AT5G36870	0.0
AT5G36740	0.0
AT5G36210	0.0
AT1G22060	0.0
AT1G21980	0.0
AT1G21880	0.0
AT1G21810	0.0
AT1G21380	0.0
AT1G21730	0.0
AT1G21720	0.0
AT1G21690	0.0
AT1G21660	0.0
AT1G21640	0.0
AT1G21630	0.0
AT1G21600	0.0
AT1G21590	0.0
AT1G21410	0.0
AT1G21750	0.0
AT5G28850	0.0
AT5G28830	0.0
AT5G28640	0.0
AT5G28540	0.0
AT5G28530	0.0
AT5G28510	0.0
AT5G28350	0.0
AT5G28290	0.0
AT5G35430	0.0
AT5G28060	0.0
AT5G28020	0.0
AT5G27860	0.0
AT5G27850	0.0
AT5G27840	0.0
AT5G27740	0.0
AT5G27720	0.0
AT4G36290	0.0
AT5G27607	0.0
AT5G28237	0.0
AT5G35410	0.0
AT5G35400	0.0
AT5G35360	0.0
AT5G35220	0.0
AT5G35200	0.0
AT5G35170	0.0
AT5G35160	0.0
AT5G35100	0.0
AT5G28900	0.0
AT5G34940	0.0
AT5G34871	0.0
AT5G34850	0.0
AT5G33320	0.0
AT5G33300	0.0
AT5G33290	0.0
AT5G32440	0.0
AT5G30510	0.0
AT5G28910	0.0
AT5G35080	0.0
AT2G39855	0.0
AT2G39670	0.0
AT2G39650	0.0
AT2G39580	0.0
AT2G39550	0.0
AT3G04290	0.0
AT3G04240	0.0
AT3G04110	0.0
AT5G37020	0.0
AT3G03970	0.0
AT3G03960	0.0
AT3G03940	0.0
AT3G03890	0.0
AT3G03810	0.0
AT3G03790	0.0
AT3G03773	0.0
AT3G03720	0.0
AT3G04080	0.0
AT5G39730	0.0
AT5G39580	0.0
AT5G39570	0.0
AT5G39510	0.0
AT5G39340	0.0
AT5G39220	0.0
AT5G39210	0.0
AT5G38970	0.0
AT2G39910	0.0
AT5G38720	0.0
AT5G38690	0.0
AT5G38660	0.0
AT1G20930	0.0
AT1G20925	0.0
AT1G20840	0.0
AT1G20830	0.0
AT1G20720	0.0
AT2G39970	0.0
AT5G38900	0.0
AT5G38360	0.0
AT5G38220	0.0
AT5G38140	0.0
AT5G38070	0.0
AT5G38050	0.0
AT5G38000	0.0
AT5G37830	0.0
AT5G37740	0.0
AT3G03702	0.0
AT5G37680	0.0
AT5G37630	0.0
AT5G37600	0.0
AT5G37500	0.0
AT5G37480	0.0
AT5G37370	0.0
AT5G37260	0.0
AT5G37240	0.0
AT5G37130	0.0
AT5G37720	0.0
AT3G03630	0.0
AT3G03610	0.0
AT3G03570	0.0
AT1G20700	0.0
AT1G20693	0.0
AT1G20630	0.0
AT1G20620	0.0
AT1G20610	0.0
AT5G38380	0.0
AT1G20540	0.0
AT1G20510	0.0
AT1G20270	0.0
AT1G20200	0.0
AT1G20110	0.0
AT1G20090	0.0
AT5G38650	0.0
AT5G38530	0.0
AT5G38520	0.0
AT1G20570	0.0
AT5G48655	0.0
AT5G48630	0.0
AT5G48600	0.0
AT5G48530	0.0
AT5G48470	0.0
AT5G48340	0.0
AT1G14670	0.0
AT1G14650	0.0
AT5G44190	0.0
AT1G14610	0.0
AT1G14600	0.0
AT1G14560	0.0
AT1G14400	0.0
AT1G14380	0.0
AT1G14350	0.0
AT1G14340	0.0
AT1G14320	0.0
AT1G14630	0.0
AT5G49010	0.0
AT5G48970	0.0
AT1G13880	0.0
AT1G13730	0.0
AT1G13560	0.0
AT1G13440	0.0
AT1G13220	0.0
AT1G13180	0.0
AT5G48657	0.0
AT1G13120	0.0
AT1G12970	0.0
AT5G48960	0.0
AT5G48830	0.0
AT5G48810	0.0
AT5G48780	0.0
AT5G48740	0.0
AT5G48720	0.0
AT5G48710	0.0
AT1G13160	0.0
AT3G01450	0.0
AT3G01435	0.0
AT3G01420	0.0
AT3G01410	0.0
AT3G01360	0.0
AT3G01320	0.0
AT3G01280	0.0
AT3G01150	0.0
AT1G14310	0.0
AT1G14210	0.0
AT1G14120	0.0
AT1G14000	0.0
AT1G13990	0.0
AT1G13970	0.0
AT1G13950	0.0
AT1G13930	0.0
AT5G48310	0.0
AT5G48290	0.0
AT3G01130	0.0
AT1G14300	0.0
AT2G41350	0.0
AT2G41340	0.0
AT2G41260	0.0
AT2G41250	0.0
AT2G41220	0.0
AT2G41210	0.0
AT2G41150	0.0
AT3G01490	0.0
AT3G01910	0.0
AT3G01820	0.0
AT3G01780	0.0
AT3G01710	0.0
AT3G01670	0.0
AT3G01650	0.0
AT3G01550	0.0
AT3G01540	0.0
AT3G01520	0.0
AT2G41050	0.0
AT5G51080	0.0
AT5G51020	0.0
AT5G51010	0.0
AT5G50950	0.0
AT5G50930	0.0
AT5G50920	0.0
AT5G50915	0.0
AT5G50860	0.0
AT5G49015	0.0
AT5G50780	0.0
AT5G50565	0.0
AT1G12950	0.0
AT1G12810	0.0
AT1G12780	0.0
AT1G12760	0.0
AT1G12640	0.0
AT1G12430	0.0
AT5G50840	0.0
AT2G42365	0.0
AT2G42300	0.0
AT2G42247	0.0
AT2G42210	0.0
AT2G42160	0.0
AT2G42130	0.0
AT2G42010	0.0
AT2G41980	0.0
AT5G51130	0.0
AT2G41945	0.0
AT2G41850	0.0
AT2G41830	0.0
AT2G41760	0.0
AT1G11530	0.0
AT1G11480	0.0
AT1G11340	0.0
AT5G51220	0.0
AT5G51140	0.0
AT2G41960	0.0
AT5G49850	0.0
AT5G49830	0.0
AT5G49780	0.0
AT5G49760	0.0
AT5G49650	0.0
AT5G49630	0.0
AT5G49555	0.0
AT5G49530	0.0
AT1G12350	0.0
AT5G49390	0.0
AT5G49360	0.0
AT5G49305	0.0
AT5G49230	0.0
AT5G49220	0.0
AT5G49210	0.0
AT5G49160	0.0
AT5G49110	0.0
AT5G49020	0.0
AT5G49500	0.0
AT1G12290	0.0
AT1G12240	0.0
AT1G12230	0.0
AT1G12050	0.0
AT1G12000	0.0
AT5G50420	0.0
AT5G50410	0.0
AT5G50400	0.0
AT5G49880	0.0
AT5G50250	0.0
AT5G50180	0.0
AT5G50110	0.0
AT5G50100	0.0
AT5G50020	0.0
AT5G49950	0.0
AT5G49940	0.0
AT5G49900	0.0
AT5G49890	0.0
AT5G50375	0.0
AT1G16820	0.0
AT1G16810	0.0
AT1G16800	0.0
AT1G16720	0.0
AT1G16705	0.0
AT1G16700	0.0
AT1G16670	0.0
AT1G16489	0.0
AT5G48230	0.0
AT1G16350	0.0
AT1G16300	0.0
AT5G45160	0.0
AT5G45130	0.0
AT5G45060	0.0
AT5G45050	0.0
AT5G45040	0.0
AT5G45000	0.0
AT1G16445	0.0
AT1G15690	0.0
AT1G15660	0.0
AT1G15470	0.0
AT1G15410	0.0
AT5G45900	0.0
AT5G45840	0.0
AT5G45775	0.0
AT5G45760	0.0
AT1G16825	0.0
AT5G45610	0.0
AT5G45580	0.0
AT5G45510	0.0
AT5G45430	0.0
AT5G45330	0.0
AT5G45290	0.0
AT5G45260	0.0
AT1G16970	0.0
AT1G16880	0.0
AT5G45650	0.0
AT3G02230	0.0
AT3G02200	0.0
AT3G02110	0.0
AT3G02090	0.0
AT3G02070	0.0
AT3G02065	0.0
AT3G02060	0.0
AT2G41630	0.0
AT5G44980	0.0
AT2G41550	0.0
AT2G41530	0.0
AT2G41520	0.0
AT2G41480	0.0
AT5G44565	0.0
AT5G44560	0.0
AT5G44510	0.0
AT5G44280	0.0
AT5G44240	0.0
AT2G41620	0.0
AT5G44920	0.0
AT5G44790	0.0
AT5G44740	0.0
AT5G44720	0.0
AT5G44650	0.0
AT5G44600	0.0
AT5G44582	0.0
AT5G44580	0.0
AT3G02290	0.0
AT5G44570	0.0
AT2G40340	0.0
AT3G02677	0.0
AT3G02560	0.0
AT3G02530	0.0
AT3G02520	0.0
AT3G02470	0.0
AT3G02370	0.0
AT3G02320	0.0
AT5G44578	0.0
AT5G47420	0.0
AT5G47400	0.0
AT5G47330	0.0
AT5G47320	0.0
AT5G47240	0.0
AT5G47200	0.0
AT5G47180	0.0
AT5G47040	0.0
AT1G15740	0.0
AT5G46910	0.0
AT5G46850	0.0
AT5G46800	0.0
AT1G15380	0.0
AT1G15370	0.0
AT1G15290	0.0
AT1G15215	0.0
AT1G15200	0.0
AT5G47010	0.0
AT5G48120	0.0
AT5G48110	0.0
AT5G48070	0.0
AT5G48010	0.0
AT5G48000	0.0
AT5G47930	0.0
AT5G47860	0.0
AT5G47840	0.0
AT5G47490	0.0
AT5G47800	0.0
AT5G47780	0.0
AT5G47770	0.0
AT5G47730	0.0
AT5G47590	0.0
AT5G47570	0.0
AT5G47560	0.0
AT5G47520	0.0
AT5G47500	0.0
AT5G47820	0.0
AT5G46330	0.0
AT5G46240	0.0
AT5G46210	0.0
AT5G46180	0.0
AT5G46110	0.0
AT5G46070	0.0
AT5G46030	0.0
AT5G46020	0.0
AT1G15130	0.0
AT5G45960	0.0
AT1G16250	0.0
AT1G16240	0.0
AT1G16190	0.0
AT1G16180	0.0
AT1G15980	0.0
AT1G15950	0.0
AT1G15940	0.0
AT1G15880	0.0
AT5G45970	0.0
AT1G15120	0.0
AT1G15110	0.0
AT1G15020	0.0
AT1G14870	0.0
AT1G14820	0.0
AT1G14760	0.0
AT1G14750	0.0
AT1G14730	0.0
AT5G46340	0.0
AT5G46610	0.0
AT5G46600	0.0
AT5G46590	0.0
AT5G46530	0.0
AT5G46470	0.0
AT5G46420	0.0
AT5G46410	0.0
AT5G46390	0.0
AT5G46350	0.0
AT5G46630	0.0
AT2G04450	0.0
AT2G04430	0.0
AT2G04400	0.0
AT2G04350	0.0
AT2G04305	0.0
AT3G58600	0.0
AT3G58560	0.0
AT3G58500	0.0
AT4G36195	0.0
AT3G58460	0.0
AT3G58450	0.0
AT3G58180	0.0
AT3G58030	0.0
AT3G57870	0.0
AT3G57800	0.0
AT3G57650	0.0
AT3G57630	0.0
AT3G58470	0.0
AT3G58980	0.0
AT3G58790	0.0
AT3G58780	0.0
AT3G58720	0.0
AT3G58700	0.0
AT3G58680	0.0
AT3G58670	0.0
AT3G58640	0.0
AT2G04530	0.0
AT2G05350	0.0
AT2G05310	0.0
AT2G05260	0.0
AT2G05185	0.0
AT2G04940	0.0
AT2G04852	0.0
AT2G04740	0.0
AT2G04630	0.0
AT2G04550	0.0
AT2G05380	0.0
AT3G57190	0.0
AT3G57000	0.0
AT3G56940	0.0
AT3G56900	0.0
AT3G56840	0.0
AT3G56760	0.0
AT3G56740	0.0
AT3G56730	0.0
AT2G12480	0.0
AT3G56580	0.0
AT3G56490	0.0
AT2G27860	0.0
AT2G27760	0.0
AT2G27680	0.0
AT2G27550	0.0
AT3G20560	0.0
AT3G20550	0.0
AT3G56620	0.0
AT2G12400	0.0
AT2G12170	0.0
AT2G11520	0.0
AT2G11270	0.0
AT2G11225	0.0
AT2G07690	0.0
AT2G07360	0.0
AT2G05710	0.0
AT3G57200	0.0
AT2G05510	0.0
AT3G57570	0.0
AT3G57520	0.0
AT3G57480	0.0
AT3G57390	0.0
AT3G57330	0.0
AT3G57300	0.0
AT3G57280	0.0
AT3G57220	0.0
AT2G05620	0.0
AT2G28940	0.0
AT2G28880	0.0
AT2G28840	0.0
AT2G28815	0.0
AT2G28760	0.0
AT2G28620	0.0
AT2G28590	0.0
AT2G28580	0.0
AT3G59000	0.0
AT3G19840	0.0
AT3G19830	0.0
AT3G19810	0.0
AT3G19770	0.0
AT3G19650	0.0
AT3G19590	0.0
AT3G19515	0.0
AT3G19490	0.0
AT3G19900	0.0
AT3G60660	0.0
AT3G60640	0.0
AT3G60350	0.0
AT3G60340	0.0
AT3G60300	0.0
AT2G04170	0.0
AT2G04050	0.0
AT2G04039	0.0
AT2G28960	0.0
AT2G04025	0.0
AT2G03870	0.0
AT2G03800	0.0
AT2G03720	0.0
AT2G29070	0.0
AT2G29060	0.0
AT2G29020	0.0
AT2G28990	0.0
AT2G28970	0.0
AT2G04030	0.0
AT3G59870	0.0
AT3G59830	0.0
AT3G59810	0.0
AT3G59800	0.0
AT3G59780	0.0
AT3G59760	0.0
AT3G59710	0.0
AT3G59650	0.0
AT3G19450	0.0
AT3G59540	0.0
AT3G59410	0.0
AT3G59390	0.0
AT3G59360	0.0
AT3G59340	0.0
AT3G59280	0.0
AT3G59220	0.0
AT3G59100	0.0
AT3G59020	0.0
AT3G59580	0.0
AT3G19420	0.0
AT2G03710	0.0
AT2G03670	0.0
AT2G03667	0.0
AT2G03520	0.0
AT2G03390	0.0
AT2G03360	0.0
AT2G03280	0.0
AT3G59990	0.0
AT2G03150	0.0
AT2G03120	0.0
AT3G60245	0.0
AT3G60210	0.0
AT3G60190	0.0
AT3G60180	0.0
AT3G60160	0.0
AT3G60130	0.0
AT3G60030	0.0
AT2G03240	0.0
AT2G17250	0.0
AT2G16970	0.0
AT2G16950	0.0
AT2G16920	0.0
AT2G16860	0.0
AT2G16770	0.0
AT2G16760	0.0
AT2G16750	0.0
AT3G20540	0.0
AT3G54280	0.0
AT3G54190	0.0
AT3G54180	0.0
AT3G54170	0.0
AT3G54120	0.0
AT3G54110	0.0
AT3G54085	0.0
AT3G54020	0.0
AT2G16510	0.0
AT2G15050	0.0
AT2G15010	0.0
AT2G14880	0.0
AT2G14835	0.0
AT3G55005	0.0
AT3G55000	0.0
AT3G54990	0.0
AT3G54970	0.0
AT2G17270	0.0
AT3G54840	0.0
AT3G54830	0.0
AT3G54770	0.0
AT3G54640	0.0
AT3G54470	0.0
AT3G54460	0.0
AT3G54440	0.0
AT3G54380	0.0
AT2G17280	0.0
AT3G54960	0.0
AT3G20790	0.0
AT3G20740	0.0
AT3G20720	0.0
AT3G20630	0.0
AT3G20620	0.0
AT2G28550	0.0
AT2G28540	0.0
AT2G28520	0.0
AT3G53990	0.0
AT2G28320	0.0
AT2G28290	0.0
AT2G28210	0.0
AT2G28190	0.0
AT2G28130	0.0
AT2G28110	0.0
AT2G27990	0.0
AT2G27980	0.0
AT2G27920	0.0
AT2G28480	0.0
AT3G53940	0.0
AT3G53900	0.0
AT3G53680	0.0
AT3G53540	0.0
AT3G53530	0.0
AT3G53520	0.0
AT3G53480	0.0
AT3G53460	0.0
AT3G20800	0.0
AT3G21360	0.0
AT3G21350	0.0
AT3G21300	0.0
AT3G21290	0.0
AT3G21090	0.0
AT3G21070	0.0
AT3G20970	0.0
AT3G20910	0.0
AT3G20870	0.0
AT3G21430	0.0
AT2G29290	0.0
AT2G29210	0.0
AT2G29200	0.0
AT2G29090	0.0
AT3G56480	0.0
AT3G56440	0.0
AT3G56408	0.0
AT3G56400	0.0
AT2G15230	0.0
AT3G56090	0.0
AT3G55970	0.0
AT3G55920	0.0
AT2G14720	0.0
AT2G14620	0.0
AT2G14510	0.0
AT2G14255	0.0
AT2G14120	0.0
AT3G56190	0.0
AT3G20520	0.0
AT3G20510	0.0
AT3G20500	0.0
AT3G20475	0.0
AT3G20460	0.0
AT3G20420	0.0
AT3G20395	0.0
AT3G20260	0.0
AT2G29320	0.0
AT3G20050	0.0
AT3G20000	0.0
AT3G19980	0.0
AT3G19970	0.0
AT2G29560	0.0
AT2G29550	0.0
AT2G29530	0.0
AT2G29525	0.0
AT2G29350	0.0
AT3G20060	0.0
AT3G55140	0.0
AT3G55070	0.0
AT3G55050	0.0
AT2G16485	0.0
AT2G16460	0.0
AT2G16440	0.0
AT2G16405	0.0
AT2G16400	0.0
AT2G14110	0.0
AT2G16385	0.0
AT2G16365	0.0
AT2G15970	0.0
AT2G15900	0.0
AT2G15860	0.0
AT2G15790	0.0
AT2G15695	0.0
AT2G15580	0.0
AT2G15310	0.0
AT2G16390	0.0
AT2G14095	0.0
AT2G14060	0.0
AT2G14050	0.0
AT2G14045	0.0
AT2G13810	0.0
AT2G13790	0.0
AT2G13560	0.0
AT2G13540	0.0
AT3G55330	0.0
AT2G13360	0.0
AT2G12646	0.0
AT3G55800	0.0
AT3G55750	0.0
AT3G55660	0.0
AT3G55530	0.0
AT3G55520	0.0
AT3G55410	0.0
AT3G55360	0.0
AT2G13440	0.0
AT1G79030	0.0
AT1G79020	0.0
AT1G79010	0.0
AT1G79000	0.0
AT1G78970	0.0
AT1G78960	0.0
AT1G78920	0.0
AT1G78915	0.0
AT3G60710	0.0
AT1G78800	0.0
AT1G78790	0.0
AT1G78770	0.0
AT1G78630	0.0
AT4G02030	0.0
AT4G02010	0.0
AT4G01995	0.0
AT4G01900	0.0
AT1G78900	0.0
AT4G02840	0.0
AT4G02740	0.0
AT4G02690	0.0
AT4G02640	0.0
AT4G02590	0.0
AT4G02520	0.0
AT4G02510	0.0
AT4G02460	0.0
AT1G79050	0.0
AT4G02290	0.0
AT4G02280	0.0
AT4G02260	0.0
AT4G02220	0.0
AT4G02195	0.0
AT4G02110	0.0
AT1G79103	0.0
AT1G79090	0.0
AT1G79070	0.0
AT4G02390	0.0
AT1G79550	0.0
AT1G79530	0.0
AT1G79480	0.0
AT1G79460	0.0
AT1G79380	0.0
AT1G79350	0.0
AT4G01330	0.0
AT4G01310	0.0
AT4G01897	0.0
AT4G01150	0.0
AT4G01090	0.0
AT4G01050	0.0
AT4G00990	0.0
AT4G00960	0.0
AT4G00860	0.0
AT4G00850	0.0
AT4G00840	0.0
AT4G00800	0.0
AT4G01290	0.0
AT4G01880	0.0
AT4G01750	0.0
AT4G01730	0.0
AT4G01720	0.0
AT4G01710	0.0
AT4G01690	0.0
AT4G01650	0.0
AT4G01610	0.0
AT1G79630	0.0
AT4G01560	0.0
AT4G01420	0.0
AT1G79920	0.0
AT1G79915	0.0
AT1G79890	0.0
AT1G79870	0.0
AT1G79840	0.0
AT1G79750	0.0
AT1G79730	0.0
AT4G01600	0.0
AT3G17850	0.0
AT3G17820	0.0
AT3G17810	0.0
AT3G17800	0.0
AT3G17750	0.0
AT3G17700	0.0
AT3G17660	0.0
AT4G04840	0.0
AT4G02890	0.0
AT4G04760	0.0
AT4G04750	0.0
AT4G04710	0.0
AT4G04680	0.0
AT4G04670	0.0
AT4G04540	0.0
AT4G04500	0.0
AT4G04470	0.0
AT4G04790	0.0
AT2G29940	0.0
AT2G29930	0.0
AT2G29910	0.0
AT2G29690	0.0
AT2G29670	0.0
AT2G29650	0.0
AT3G18300	0.0
AT3G18290	0.0
AT3G17860	0.0
AT3G18260	0.0
AT3G18210	0.0
AT3G18160	0.0
AT3G18080	0.0
AT3G17970	0.0
AT3G17920	0.0
AT3G17910	0.0
AT3G17890	0.0
AT3G17880	0.0
AT3G18270	0.0
AT1G77940	0.0
AT1G77710	0.0
AT1G77620	0.0
AT4G03610	0.0
AT4G03570	0.0
AT4G03560	0.0
AT4G03480	0.0
AT4G03410	0.0
AT4G04450	0.0
AT4G03320	0.0
AT4G03260	0.0
AT4G03205	0.0
AT4G03120	0.0
AT4G03020	0.0
AT4G03000	0.0
AT4G02980	0.0
AT4G02930	0.0
AT4G02920	0.0
AT4G03340	0.0
AT4G04350	0.0
AT4G04340	0.0
AT4G04330	0.0
AT4G04320	0.0
AT4G04180	0.0
AT4G04040	0.0
AT4G04020	0.0
AT4G03960	0.0
AT1G78060	0.0
AT1G78540	0.0
AT1G78510	0.0
AT1G78490	0.0
AT1G78280	0.0
AT1G78260	0.0
AT1G78240	0.0
AT1G78210	0.0
AT1G78150	0.0
AT1G78070	0.0
AT1G78600	0.0
AT3G61990	0.0
AT3G61960	0.0
AT3G61810	0.0
AT2G02060	0.0
AT2G01970	0.0
AT2G01940	0.0
AT2G01910	0.0
AT2G01900	0.0
AT4G00752	0.0
AT2G01880	0.0
AT2G01720	0.0
AT2G01670	0.0
AT2G01540	0.0
AT2G01490	0.0
AT2G01480	0.0
AT2G01470	0.0
AT2G01450	0.0
AT2G01890	0.0
AT3G63420	0.0
AT3G63400	0.0
AT3G63260	0.0
AT3G63080	0.0
AT3G63070	0.0
AT3G62910	0.0
AT3G62900	0.0
AT3G62880	0.0
AT3G62010	0.0
AT3G62800	0.0
AT3G62700	0.0
AT3G62500	0.0
AT3G62270	0.0
AT3G62260	0.0
AT3G62140	0.0
AT3G62120	0.0
AT3G62110	0.0
AT3G62040	0.0
AT3G62870	0.0
AT2G02810	0.0
AT2G02760	0.0
AT2G02740	0.0
AT2G02730	0.0
AT2G02570	0.0
AT2G02380	0.0
AT2G02360	0.0
AT2G02090	0.0
AT2G01440	0.0
AT3G61111	0.0
AT3G61110	0.0
AT3G61050	0.0
AT3G61028	0.0
AT3G61010	0.0
AT3G60960	0.0
AT3G60890	0.0
AT3G60840	0.0
AT3G60810	0.0
AT2G02070	0.0
AT2G01320	0.0
AT3G61790	0.0
AT3G61760	0.0
AT3G61710	0.0
AT3G61700	0.0
AT3G61650	0.0
AT3G61620	0.0
AT3G61610	0.0
AT2G02970	0.0
AT3G61570	0.0
AT3G61480	0.0
AT3G61430	0.0
AT3G61415	0.0
AT3G61390	0.0
AT3G61280	0.0
AT3G61260	0.0
AT3G61150	0.0
AT3G61130	0.0
AT3G61590	0.0
AT1G80350	0.0
AT1G80270	0.0
AT1G80170	0.0
AT1G80110	0.0
AT1G80090	0.0
AT1G80070	0.0
AT1G80040	0.0
AT1G80030	0.0
AT3G63460	0.0
AT2G01250	0.0
AT2G01170	0.0
AT2G01140	0.0
AT2G01130	0.0
AT2G01120	0.0
AT2G01090	0.0
AT1G80970	0.0
AT1G80960	0.0
AT1G79940	0.0
AT4G00740	0.0
AT4G00720	0.0
AT4G00695	0.0
AT4G00690	0.0
AT4G00660	0.0
AT4G00590	0.0
AT4G00580	0.0
AT4G00490	0.0
AT1G80410	0.0
AT4G00450	0.0
AT4G00400	0.0
AT4G00230	0.0
AT4G00050	0.0
AT4G00030	0.0
AT3G66658	0.0
AT1G80610	0.0
AT1G80560	0.0
AT1G80555	0.0
AT4G00480	0.0
AT3G18390	0.0
AT3G18350	0.0
AT2G30432	0.0
AT2G30424	0.0
AT2G30320	0.0
AT2G30270	0.0
AT2G30210	0.0
AT1G80930	0.0
AT1G80950	0.0
AT1G80790	0.0
AT1G80770	0.0
AT1G80750	0.0
AT1G80710	0.0
AT1G80670	0.0
AT3G63530	0.0
AT3G63520	0.0
AT3G63500	0.0
AT3G63490	0.0
AT1G80810	0.0
AT3G19370	0.0
AT3G19340	0.0
AT3G19300	0.0
AT3G19260	0.0
AT3G19170	0.0
AT3G19050	0.0
AT3G18890	0.0
AT3G18860	0.0
AT3G18410	0.0
AT3G18630	0.0
AT3G18610	0.0
AT3G18600	0.0
AT3G18550	0.0
AT3G18530	0.0
AT3G18524	0.0
AT3G18520	0.0
AT3G18500	0.0
AT3G18430	0.0
AT3G18850	0.0
AT2G24100	0.0
AT2G24060	0.0
AT2G24050	0.0
AT2G24020	0.0
AT2G24010	0.0
AT2G24000	0.0
AT2G23980	0.0
AT2G23940	0.0
AT3G53420	0.0
AT2G23830	0.0
AT3G28480	0.0
AT3G28370	0.0
AT3G28345	0.0
AT3G28155	0.0
AT3G28130	0.0
AT3G28080	0.0
AT3G28050	0.0
AT2G23910	0.0
AT3G29280	0.0
AT3G29200	0.0
AT3G29090	0.0
AT3G28950	0.0
AT3G28930	0.0
AT3G28910	0.0
AT3G28860	0.0
AT3G28770	0.0
AT2G24140	0.0
AT3G28740	0.0
AT3G28710	0.0
AT3G28690	0.0
AT2G24530	0.0
AT2G24490	0.0
AT2G24390	0.0
AT2G24290	0.0
AT2G24200	0.0
AT2G24190	0.0
AT3G28760	0.0
AT3G23510	0.0
AT2G26690	0.0
AT2G26660	0.0
AT2G26650	0.0
AT2G26580	0.0
AT2G26560	0.0
AT2G26540	0.0
AT2G26510	0.0
AT3G27990	0.0
AT2G26460	0.0
AT2G26420	0.0
AT2G26410	0.0
AT2G26360	0.0
AT2G26340	0.0
AT2G26330	0.0
AT3G27430	0.0
AT3G27420	0.0
AT2G26470	0.0
AT3G27884	0.0
AT3G27740	0.0
AT3G27670	0.0
AT3G27580	0.0
AT3G27570	0.0
AT3G24010	0.0
AT3G23990	0.0
AT3G23980	0.0
AT3G23540	0.0
AT3G23900	0.0
AT3G23890	0.0
AT3G23870	0.0
AT3G23830	0.0
AT3G23740	0.0
AT3G23690	0.0
AT3G23660	0.0
AT3G23620	0.0
AT3G23590	0.0
AT3G23910	0.0
AT3G44530	0.0
AT3G44370	0.0
AT3G44340	0.0
AT3G44330	0.0
AT3G44200	0.0
AT3G44190	0.0
AT3G44100	0.0
AT3G44050	0.0
AT3G29330	0.0
AT3G43590	0.0
AT3G43540	0.0
AT3G43440	0.0
AT3G43400	0.0
AT3G43240	0.0
AT3G43230	0.0
AT2G23780	0.0
AT2G23760	0.0
AT3G43930	0.0
AT3G22980	0.0
AT3G22942	0.0
AT3G22890	0.0
AT3G22880	0.0
AT3G22740	0.0
AT3G22620	0.0
AT3G22570	0.0
AT3G22565	0.0
AT3G44590	0.0
AT2G27490	0.0
AT2G27470	0.0
AT2G27370	0.0
AT2G27330	0.0
AT2G27285	0.0
AT2G22230	0.0
AT2G22140	0.0
AT2G22120	0.0
AT2G22080	0.0
AT2G27530	0.0
AT3G42790	0.0
AT3G42670	0.0
AT3G42660	0.0
AT3G42640	0.0
AT3G42180	0.0
AT3G42050	0.0
AT3G33520	0.0
AT3G32940	0.0
AT2G23740	0.0
AT3G30775	0.0
AT3G30380	0.0
AT3G30340	0.0
AT3G30305	0.0
AT3G30300	0.0
AT3G30210	0.0
AT3G30180	0.0
AT3G29810	0.0
AT3G29390	0.0
AT3G32920	0.0
AT2G23700	0.0
AT2G23680	0.0
AT2G23640	0.0
AT2G23590	0.0
AT2G23550	0.0
AT2G23470	0.0
AT2G23420	0.0
AT2G23410	0.0
AT3G42860	0.0
AT2G23380	0.0
AT2G23370	0.0
AT2G23360	0.0
AT2G23320	0.0
AT2G23170	0.0
AT2G23090	0.0
AT2G23070	0.0
AT2G22942	0.0
AT3G43190	0.0
AT2G23390	0.0
AT3G24315	0.0
AT3G24255	0.0
AT3G24200	0.0
AT3G24190	0.0
AT3G24170	0.0
AT3G24160	0.0
AT3G24120	0.0
AT3G24040	0.0
AT3G27380	0.0
AT1G02130	0.0
AT1G02080	0.0
AT1G01910	0.0
AT5G65950	0.0
AT5G65930	0.0
AT5G65900	0.0
AT5G65890	0.0
AT1G01560	0.0
AT1G02140	0.0
AT2G25710	0.0
AT2G25620	0.0
AT2G25610	0.0
AT2G25570	0.0
AT2G25460	0.0
AT3G25070	0.0
AT3G24880	0.0
AT3G24870	0.0
AT3G24320	0.0
AT3G24800	0.0
AT3G24740	0.0
AT3G24715	0.0
AT3G24590	0.0
AT3G24570	0.0
AT3G24560	0.0
AT3G24550	0.0
AT3G24430	0.0
AT3G24350	0.0
AT3G24830	0.0
AT2G45060	0.0
AT2G45030	0.0
AT2G45000	0.0
AT2G44995	0.0
AT2G44980	0.0
AT2G44950	0.0
AT2G44900	0.0
AT2G44870	0.0
AT5G65780	0.0
AT2G44830	0.0
AT2G44770	0.0
AT2G44690	0.0
AT1G01550	0.0
AT1G01040	0.0
AT5G67560	0.0
AT5G67550	0.0
AT5G67500	0.0
AT1G01210	0.0
AT2G44850	0.0
AT5G65760	0.0
AT5G65670	0.0
AT5G65650	0.0
AT1G01580	0.0
AT2G44570	0.0
AT5G65440	0.0
AT5G65400	0.0
AT5G65280	0.0
AT2G45100	0.0
AT5G65240	0.0
AT5G65165	0.0
AT5G65120	0.0
AT5G65110	0.0
AT5G65070	0.0
AT2G45270	0.0
AT2G45200	0.0
AT2G45190	0.0
AT2G45150	0.0
AT5G65250	0.0
AT2G25220	0.0
AT2G25160	0.0
AT2G25140	0.0
AT2G25080	0.0
AT2G25070	0.0
AT2G24990	0.0
AT2G24970	0.0
AT2G24850	0.0
AT2G25730	0.0
AT2G24700	0.0
AT2G24690	0.0
AT2G24650	0.0
AT2G24630	0.0
AT3G26840	0.0
AT3G26820	0.0
AT3G26770	0.0
AT3G26760	0.0
AT2G24800	0.0
AT3G27350	0.0
AT3G27280	0.0
AT3G27260	0.0
AT3G27220	0.0
AT3G27210	0.0
AT3G27190	0.0
AT3G27180	0.0
AT3G27160	0.0
AT2G25260	0.0
AT3G27100	0.0
AT3G27090	0.0
AT3G27070	0.0
AT3G27050	0.0
AT3G26935	0.0
AT3G26920	0.0
AT2G25350	0.0
AT2G25300	0.0
AT2G25270	0.0
AT3G27110	0.0
AT3G25660	0.0
AT3G25620	0.0
AT3G25610	0.0
AT3G25585	0.0
AT3G25560	0.0
AT3G25520	0.0
AT3G25470	0.0
AT3G25430	0.0
AT3G26710	0.0
AT3G25220	0.0
AT3G25150	0.0
AT2G26140	0.0
AT2G26080	0.0
AT2G26060	0.0
AT2G25920	0.0
AT2G25880	0.0
AT2G25850	0.0
AT2G25740	0.0
AT3G25230	0.0
AT3G26650	0.0
AT3G26590	0.0
AT3G26580	0.0
AT3G26510	0.0
AT3G26430	0.0
AT3G26420	0.0
AT3G26410	0.0
AT3G26380	0.0
AT3G25690	0.0
AT3G26115	0.0
AT3G26050	0.0
AT3G25990	0.0
AT3G25980	0.0
AT3G25940	0.0
AT3G25930	0.0
AT3G25920	0.0
AT3G25860	0.0
AT3G25800	0.0
AT3G26370	0.0
AT3G50810	0.0
AT3G50790	0.0
AT3G50620	0.0
AT3G50590	0.0
AT2G19940	0.0
AT2G19930	0.0
AT2G19790	0.0
AT2G19730	0.0
AT3G23190	0.0
AT2G19560	0.0
AT2G19540	0.0
AT2G19520	0.0
AT2G19470	0.0
AT2G19440	0.0
AT2G19380	0.0
AT2G19240	0.0
AT2G19160	0.0
AT2G19620	0.0
AT2G18770	0.0
AT2G18740	0.0
AT2G18600	0.0
AT2G18470	0.0
AT2G18440	0.0
AT2G18330	0.0
AT2G18290	0.0
AT2G18250	0.0
AT3G50830	0.0
AT2G18196	0.0
AT3G51310	0.0
AT3G51250	0.0
AT3G51240	0.0
AT3G51130	0.0
AT3G51090	0.0
AT3G51050	0.0
AT3G51040	0.0
AT3G50910	0.0
AT2G18230	0.0
AT2G27110	0.0
AT2G27100	0.0
AT2G27090	0.0
AT2G27020	0.0
AT2G26930	0.0
AT2G26910	0.0
AT2G26900	0.0
AT2G26830	0.0
AT2G19150	0.0
AT3G22470	0.0
AT3G22380	0.0
AT3G22370	0.0
AT3G22330	0.0
AT3G22200	0.0
AT3G21820	0.0
AT3G21720	0.0
AT3G21700	0.0
AT3G21690	0.0
AT2G26820	0.0
AT3G50530	0.0
AT3G50500	0.0
AT3G50430	0.0
AT3G50380	0.0
AT3G50370	0.0
AT3G50050	0.0
AT3G50000	0.0
AT3G49900	0.0
AT2G27200	0.0
AT3G49870	0.0
AT3G49860	0.0
AT3G49840	0.0
AT3G49800	0.0
AT3G49725	0.0
AT3G49720	0.0
AT3G49650	0.0
AT3G49620	0.0
AT2G27230	0.0
AT3G49890	0.0
AT2G17975	0.0
AT2G17930	0.0
AT2G17900	0.0
AT2G17850	0.0
AT2G17840	0.0
AT2G17820	0.0
AT2G17790	0.0
AT2G17760	0.0
AT2G18850	0.0
AT2G17720	0.0
AT2G17700	0.0
AT2G17695	0.0
AT2G17530	0.0
AT2G17520	0.0
AT2G17500	0.0
AT2G17442	0.0
AT2G17380	0.0
AT2G17730	0.0
AT3G53390	0.0
AT3G53230	0.0
AT3G53210	0.0
AT3G53190	0.0
AT3G53180	0.0
AT3G53120	0.0
AT3G53110	0.0
AT3G53100	0.0
AT2G18000	0.0
AT3G52940	0.0
AT3G52930	0.0
AT3G52890	0.0
AT3G52880	0.0
AT3G52870	0.0
AT3G52840	0.0
AT3G52800	0.0
AT2G18180	0.0
AT2G18030	0.0
AT3G53020	0.0
AT3G51880	0.0
AT3G51870	0.0
AT3G51850	0.0
AT3G51840	0.0
AT3G51820	0.0
AT3G51810	0.0
AT3G51800	0.0
AT3G51730	0.0
AT3G52680	0.0
AT3G51580	0.0
AT3G51530	0.0
AT3G51490	0.0
AT2G19060	0.0
AT2G19050	0.0
AT2G18990	0.0
AT2G18980	0.0
AT2G18900	0.0
AT2G18876	0.0
AT3G51630	0.0
AT3G52640	0.0
AT3G52560	0.0
AT3G52390	0.0
AT3G52300	0.0
AT3G52290	0.0
AT3G52270	0.0
AT3G52260	0.0
AT3G52250	0.0
AT3G51920	0.0
AT3G52190	0.0
AT3G52170	0.0
AT3G52160	0.0
AT3G52140	0.0
AT3G52110	0.0
AT3G52090	0.0
AT3G52040	0.0
AT3G52030	0.0
AT3G51960	0.0
AT3G52210	0.0
AT3G46450	0.0
AT3G46330	0.0
AT3G46190	0.0
AT3G46110	0.0
AT3G46100	0.0
AT3G46060	0.0
AT3G45750	0.0
AT3G45740	0.0
AT3G21620	0.0
AT2G21880	0.0
AT2G21850	0.0
AT2G21800	0.0
AT2G21790	0.0
AT2G21770	0.0
AT2G21630	0.0
AT2G21590	0.0
AT2G21550	0.0
AT2G21960	0.0
AT3G47780	0.0
AT3G47740	0.0
AT3G47730	0.0
AT3G47700	0.0
AT3G47640	0.0
AT3G47450	0.0
AT3G47390	0.0
AT3G47370	0.0
AT3G46480	0.0
AT3G47040	0.0
AT3G47010	0.0
AT3G46920	0.0
AT3G46880	0.0
AT3G46870	0.0
AT3G46780	0.0
AT3G46630	0.0
AT3G46616	0.0
AT3G46510	0.0
AT3G47340	0.0
AT2G22780	0.0
AT2G22620	0.0
AT2G22540	0.0
AT2G22530	0.0
AT2G22480	0.0
AT2G22475	0.0
AT2G22400	0.0
AT2G22310	0.0
AT2G21440	0.0
AT2G26270	0.0
AT2G26200	0.0
AT3G23480	0.0
AT3G23390	0.0
AT3G23370	0.0
AT3G23340	0.0
AT3G23310	0.0
AT3G23300	0.0
AT3G23280	0.0
AT2G26310	0.0
AT2G21400	0.0
AT2G21340	0.0
AT2G21320	0.0
AT3G45640	0.0
AT3G45630	0.0
AT3G45310	0.0
AT3G45240	0.0
AT3G45130	0.0
AT2G22795	0.0
AT3G44970	0.0
AT3G44890	0.0
AT3G44880	0.0
AT3G44820	0.0
AT3G44765	0.0
AT3G44750	0.0
AT3G44703	0.0
AT3G44680	0.0
AT3G44600	0.0
AT3G45030	0.0
AT3G48830	0.0
AT2G20560	0.0
AT2G20495	0.0
AT2G20450	0.0
AT2G20420	0.0
AT2G20400	0.0
AT2G20362	0.0
AT2G20360	0.0
AT3G47810	0.0
AT2G20330	0.0
AT2G20300	0.0
AT2G20270	0.0
AT2G20260	0.0
AT2G20210	0.0
AT2G20190	0.0
AT2G20180	0.0
AT2G20142	0.0
AT2G20340	0.0
AT3G21600	0.0
AT3G21510	0.0
AT3G21500	0.0
AT3G49590	0.0
AT3G49500	0.0
AT3G49400	0.0
AT3G49370	0.0
AT3G49310	0.0
AT3G48870	0.0
AT3G49260	0.0
AT3G49160	0.0
AT3G49110	0.0
AT3G49100	0.0
AT3G49080	0.0
AT3G49050	0.0
AT3G48980	0.0
AT3G48930	0.0
AT3G48880	0.0
AT3G49290	0.0
AT2G21260	0.0
AT2G21190	0.0
AT2G21160	0.0
AT2G21150	0.0
AT2G21120	0.0
AT2G21070	0.0
AT2G21050	0.0
AT2G20930	0.0
AT2G20020	0.0
AT2G20900	0.0
AT2G20860	0.0
AT2G20850	0.0
AT2G20750	0.0
AT2G20725	0.0
AT2G20680	0.0
AT2G20580	0.0
AT2G20570	0.0
AT3G47950	0.0
AT2G20920	0.0
AT2G19960	0.0
AT3G48820	0.0
AT3G48780	0.0
AT3G48740	0.0
AT3G48710	0.0
AT3G48540	0.0
AT3G48530	0.0
AT3G48500	0.0
AT3G48030	0.0
AT3G48460	0.0
AT3G48440	0.0
AT3G48420	0.0
AT3G48380	0.0
AT3G48170	0.0
AT3G48160	0.0
AT3G48120	0.0
AT3G48110	0.0
AT3G48100	0.0
AT3G48470	0.0
AT4G27880	0.0
AT4G27845	0.0
AT3G13670	0.0
AT3G13530	0.0
AT3G13510	0.0
AT3G13490	0.0
AT3G13470	0.0
AT3G13450	0.0
AT2G30070	0.0
AT3G13330	0.0
AT3G13320	0.0
AT3G13290	0.0
AT3G13226	0.0
AT3G13190	0.0
AT2G34190	0.0
AT2G34185	0.0
AT2G34160	0.0
AT3G13340	0.0
AT1G64385	0.0
AT1G64355	0.0
AT1G64330	0.0
AT1G64300	0.0
AT4G28470	0.0
AT4G28450	0.0
AT4G28410	0.0
AT4G28280	0.0
AT4G27900	0.0
AT4G28110	0.0
AT4G28080	0.0
AT4G28070	0.0
AT4G28060	0.0
AT4G28025	0.0
AT4G27980	0.0
AT4G27960	0.0
AT4G27940	0.0
AT4G27910	0.0
AT4G28190	0.0
AT4G27380	0.0
AT4G27370	0.0
AT4G27130	0.0
AT4G27060	0.0
AT4G27050	0.0
AT4G27020	0.0
AT4G27000	0.0
AT4G26990	0.0
AT2G34070	0.0
AT1G65840	0.0
AT1G65790	0.0
AT1G65620	0.0
AT1G65590	0.0
AT1G65580	0.0
AT1G65430	0.0
AT1G65390	0.0
AT1G65280	0.0
AT4G26980	0.0
AT2G34050	0.0
AT2G34030	0.0
AT2G33990	0.0
AT2G33830	0.0
AT2G33820	0.0
AT2G33815	0.0
AT2G33770	0.0
AT2G33640	0.0
AT4G27410	0.0
AT4G27830	0.0
AT4G27800	0.0
AT4G27760	0.0
AT4G27690	0.0
AT4G27640	0.0
AT4G27600	0.0
AT4G27585	0.0
AT4G27480	0.0
AT4G27430	0.0
AT2G33610	0.0
AT2G35035	0.0
AT2G35020	0.0
AT2G35010	0.0
AT2G34780	0.0
AT2G34770	0.0
AT2G34690	0.0
AT2G34680	0.0
AT2G34660	0.0
AT1G64430	0.0
AT1G63700	0.0
AT1G63690	0.0
AT1G63660	0.0
AT1G63640	0.0
AT1G63470	0.0
AT1G63290	0.0
AT4G30160	0.0
AT4G30140	0.0
AT1G63750	0.0
AT2G33560	0.0
AT2G33435	0.0
AT2G33390	0.0
AT2G33385	0.0
AT3G13090	0.0
AT3G13065	0.0
AT3G13060	0.0
AT3G12915	0.0
AT2G35040	0.0
AT3G12800	0.0
AT3G12760	0.0
AT3G12740	0.0
AT3G12730	0.0
AT3G12690	0.0
AT3G12670	0.0
AT3G12600	0.0
AT3G12590	0.0
AT2G35060	0.0
AT3G12810	0.0
AT4G28880	0.0
AT4G28706	0.0
AT4G28690	0.0
AT4G28550	0.0
AT1G64860	0.0
AT1G64820	0.0
AT1G64790	0.0
AT1G64770	0.0
AT4G30100	0.0
AT1G64740	0.0
AT1G64680	0.0
AT1G64670	0.0
AT1G64630	0.0
AT1G64610	0.0
AT1G64600	0.0
AT1G64550	0.0
AT1G64520	0.0
AT1G64440	0.0
AT1G64750	0.0
AT4G30020	0.0
AT4G29950	0.0
AT4G29900	0.0
AT4G29760	0.0
AT4G29740	0.0
AT4G29735	0.0
AT4G29590	0.0
AT4G29550	0.0
AT4G28940	0.0
AT4G29520	0.0
AT4G29510	0.0
AT4G29490	0.0
AT4G29380	0.0
AT4G29230	0.0
AT4G29160	0.0
AT4G29060	0.0
AT4G29010	0.0
AT4G29000	0.0
AT4G29530	0.0
AT4G24630	0.0
AT4G24620	0.0
AT4G24590	0.0
AT4G24580	0.0
AT4G24560	0.0
AT4G24540	0.0
AT4G24520	0.0
AT4G24490	0.0
AT1G65270	0.0
AT4G24450	0.0
AT4G24380	0.0
AT4G24350	0.0
AT4G24270	0.0
AT4G24250	0.0
AT4G24190	0.0
AT1G67580	0.0
AT1G67560	0.0
AT4G24470	0.0
AT1G65980	0.0
AT1G65970	0.0
AT1G65900	0.0
AT1G65860	0.0
AT4G25400	0.0
AT4G25340	0.0
AT4G25190	0.0
AT4G25100	0.0
AT4G24680	0.0
AT4G25070	0.0
AT4G25050	0.0
AT4G25030	0.0
AT4G24970	0.0
AT4G24940	0.0
AT4G24920	0.0
AT4G24840	0.0
AT4G24830	0.0
AT4G24820	0.0
AT4G25080	0.0
AT4G23800	0.0
AT4G23730	0.0
AT4G23710	0.0
AT4G23640	0.0
AT4G23630	0.0
AT4G23600	0.0
AT4G23590	0.0
AT4G23560	0.0
AT1G67550	0.0
AT4G23460	0.0
AT4G23440	0.0
AT4G23300	0.0
AT4G23290	0.0
AT4G23270	0.0
AT4G23260	0.0
AT4G23250	0.0
AT4G23210	0.0
AT4G23205	0.0
AT4G23510	0.0
AT1G67530	0.0
AT1G67490	0.0
AT1G67480	0.0
AT1G67430	0.0
AT1G67420	0.0
AT1G67400	0.0
AT1G67310	0.0
AT1G67280	0.0
AT4G23850	0.0
AT1G67150	0.0
AT1G67148	0.0
AT1G67120	0.0
AT1G67090	0.0
AT1G66940	0.0
AT4G23980	0.0
AT4G23950	0.0
AT4G23910	0.0
AT4G23895	0.0
AT1G67170	0.0
AT4G26550	0.0
AT4G26520	0.0
AT4G26510	0.0
AT4G26270	0.0
AT4G26255	0.0
AT4G26060	0.0
AT4G25970	0.0
AT4G25910	0.0
AT1G66020	0.0
AT4G25870	0.0
AT4G25840	0.0
AT4G25740	0.0
AT4G25730	0.0
AT4G25720	0.0
AT4G25600	0.0
AT4G25580	0.0
AT4G25550	0.0
AT4G25900	0.0
AT1G65240	0.0
AT1G65220	0.0
AT1G65120	0.0
AT1G65110	0.0
AT1G65080	0.0
AT1G65010	0.0
AT1G64880	0.0
AT4G26965	0.0
AT4G26555	0.0
AT4G26870	0.0
AT4G26860	0.0
AT4G26850	0.0
AT4G26720	0.0
AT4G26710	0.0
AT4G26670	0.0
AT4G26620	0.0
AT4G26570	0.0
AT4G26560	0.0
AT4G26900	0.0
AT2G33310	0.0
AT2G33240	0.0
AT2G33210	0.0
AT2G33170	0.0
AT2G33120	0.0
AT2G33040	0.0
AT2G32980	0.0
AT2G32940	0.0
AT4G25520	0.0
AT2G32770	0.0
AT2G32730	0.0
AT3G13730	0.0
AT3G13690	0.0
AT1G66330	0.0
AT1G66280	0.0
AT1G66270	0.0
AT1G66260	0.0
AT1G66240	0.0
AT2G32900	0.0
AT4G25434	0.0
AT1G66930	0.0
AT1G66760	0.0
AT1G66680	0.0
AT1G66530	0.0
AT1G66520	0.0
AT1G66510	0.0
AT1G66430	0.0
AT2G33340	0.0
AT3G14225	0.0
AT3G14172	0.0
AT3G14120	0.0
AT3G14110	0.0
AT3G14000	0.0
AT3G13930	0.0
AT3G13920	0.0
AT3G13882	0.0
AT3G13870	0.0
AT3G14290	0.0
AT4G34350	0.0
AT4G34280	0.0
AT4G34260	0.0
AT4G34230	0.0
AT4G34150	0.0
AT4G34120	0.0
AT4G34110	0.0
AT4G34071	0.0
AT1G63860	0.0
AT1G60160	0.0
AT1G60140	0.0
AT1G60090	0.0
AT1G60080	0.0
AT1G60070	0.0
AT1G60030	0.0
AT1G59940	0.0
AT1G59870	0.0
AT1G60220	0.0
AT4G35335	0.0
AT4G35250	0.0
AT4G35240	0.0
AT4G35220	0.0
AT4G35180	0.0
AT4G35110	0.0
AT4G35090	0.0
AT4G35030	0.0
AT4G34390	0.0
AT4G34900	0.0
AT4G34860	0.0
AT4G34830	0.0
AT4G34730	0.0
AT4G34700	0.0
AT4G34650	0.0
AT4G34620	0.0
AT4G34412	0.0
AT4G34400	0.0
AT4G35000	0.0
AT4G33440	0.0
AT4G33420	0.0
AT4G33350	0.0
AT4G33270	0.0
AT4G33220	0.0
AT2G34630	0.0
AT2G34560	0.0
AT2G34460	0.0
AT1G59780	0.0
AT2G34360	0.0
AT2G34317	0.0
AT2G34315	0.0
AT2G34250	0.0
AT2G34210	0.0
AT3G12480	0.0
AT3G12390	0.0
AT3G12380	0.0
AT3G12320	0.0
AT2G34410	0.0
AT1G59750	0.0
AT1G59740	0.0
AT1G59730	0.0
AT1G59660	0.0
AT1G59610	0.0
AT1G59540	0.0
AT1G59218	0.0
AT4G34060	0.0
AT4G33480	0.0
AT4G34030	0.0
AT4G34020	0.0
AT4G33920	0.0
AT4G33810	0.0
AT4G33790	0.0
AT4G33630	0.0
AT4G33620	0.0
AT4G33580	0.0
AT4G33510	0.0
AT4G34040	0.0
AT1G55960	0.0
AT1G55930	0.0
AT4G36052	0.0
AT4G35970	0.0
AT4G35950	0.0
AT4G35930	0.0
AT4G35920	0.0
AT4G35910	0.0
AT4G35410	0.0
AT4G35850	0.0
AT4G35740	0.0
AT4G35560	0.0
AT4G35520	0.0
AT1G58602	0.0
AT1G58590	0.0
AT1G58440	0.0
AT1G58360	0.0
AT4G35905	0.0
AT4G36280	0.0
AT4G36270	0.0
AT2G44520	0.0
AT4G36120	0.0
AT1G56630	0.0
AT1G56600	0.0
AT1G56590	0.0
AT1G56560	0.0
AT1G55980	0.0
AT1G56440	0.0
AT1G56340	0.0
AT1G56290	0.0
AT1G56280	0.0
AT1G56260	0.0
AT1G56210	0.0
AT1G56140	0.0
AT1G56080	0.0
AT1G56000	0.0
AT1G56460	0.0
AT3G11830	0.0
AT3G11800	0.0
AT3G11780	0.0
AT3G11710	0.0
AT3G11630	0.0
AT3G11530	0.0
AT3G11510	0.0
AT3G11500	0.0
AT1G58350	0.0
AT3G11397	0.0
AT1G58190	0.0
AT1G58080	0.0
AT1G58030	0.0
AT1G57820	0.0
AT1G57765	0.0
AT1G57720	0.0
AT1G57600	0.0
AT1G56650	0.0
AT3G11440	0.0
AT1G58270	0.0
AT1G58250	0.0
AT1G58225	0.0
AT1G58220	0.0
AT1G58200	0.0
AT2G35620	0.0
AT2G35610	0.0
AT2G35585	0.0
AT3G11850	0.0
AT2G35450	0.0
AT2G35410	0.0
AT2G35370	0.0
AT2G35340	0.0
AT2G35260	0.0
AT2G35190	0.0
AT2G35155	0.0
AT2G35130	0.0
AT2G35110	0.0
AT2G35530	0.0
AT1G62850	0.0
AT1G62810	0.0
AT1G62780	0.0
AT1G62740	0.0
AT1G62620	0.0
AT1G62610	0.0
AT1G62600	0.0
AT1G62580	0.0
AT3G12230	0.0
AT1G62560	0.0
AT1G62530	0.0
AT1G62430	0.0
AT1G62380	0.0
AT1G62305	0.0
AT1G62180	0.0
AT1G62130	0.0
AT4G31570	0.0
AT1G62570	0.0
AT4G32150	0.0
AT4G32120	0.0
AT4G32080	0.0
AT4G32050	0.0
AT4G32040	0.0
AT4G32030	0.0
AT4G31985	0.0
AT4G31870	0.0
AT1G62990	0.0
AT4G31770	0.0
AT4G31750	0.0
AT4G31700	0.0
AT4G31670	0.0
AT1G63180	0.0
AT1G63110	0.0
AT1G63100	0.0
AT1G63090	0.0
AT1G63050	0.0
AT4G31810	0.0
AT4G30975	0.0
AT4G30950	0.0
AT4G30935	0.0
AT4G30920	0.0
AT4G30870	0.0
AT4G30860	0.0
AT4G30840	0.0
AT4G30600	0.0
AT4G31530	0.0
AT4G30520	0.0
AT4G30500	0.0
AT4G30360	0.0
AT4G30330	0.0
AT4G30240	0.0
AT4G30220	0.0
AT1G64050	0.0
AT1G63970	0.0
AT1G63880	0.0
AT4G30560	0.0
AT4G31520	0.0
AT4G31490	0.0
AT4G31480	0.0
AT4G31430	0.0
AT4G31420	0.0
AT4G31408	0.0
AT4G31350	0.0
AT4G31300	0.0
AT4G30980	0.0
AT4G31210	0.0
AT4G31180	0.0
AT4G31110	0.0
AT4G31100	0.0
AT4G31080	0.0
AT4G31040	0.0
AT4G31020	0.0
AT4G31010	0.0
AT4G31000	0.0
AT4G31240	0.0
AT4G33060	0.0
AT4G33010	0.0
AT4G33000	0.0
AT4G32940	0.0
AT4G32930	0.0
AT4G32915	0.0
AT4G32900	0.0
AT4G32880	0.0
AT4G32240	0.0
AT4G32810	0.0
AT1G61120	0.0
AT1G61010	0.0
AT1G60995	0.0
AT1G60990	0.0
AT1G60940	0.0
AT1G60900	0.0
AT1G60890	0.0
AT4G32830	0.0
AT3G12150	0.0
AT3G12140	0.0
AT3G12100	0.0
AT3G12020	0.0
AT3G12010	0.0
AT3G11964	0.0
AT3G11910	0.0
AT2G35738	0.0
AT4G33080	0.0
AT2G35720	0.0
AT2G35710	0.0
AT2G35680	0.0
AT2G35660	0.0
AT4G33210	0.0
AT4G33180	0.0
AT4G33150	0.0
AT4G33140	0.0
AT4G33090	0.0
AT2G35730	0.0
AT1G61900	0.0
AT1G61820	0.0
AT1G61800	0.0
AT1G61795	0.0
AT1G61780	0.0
AT1G61610	0.0
AT1G61590	0.0
AT1G61580	0.0
AT1G60730	0.0
AT1G61430	0.0
AT1G61420	0.0
AT1G61400	0.0
AT1G61390	0.0
AT1G61370	0.0
AT1G61340	0.0
AT1G61250	0.0
AT1G61180	0.0
AT4G32270	0.0
AT1G61460	0.0
AT1G60670	0.0
AT1G60560	0.0
AT1G60505	0.0
AT1G60490	0.0
AT4G32760	0.0
AT4G32720	0.0
AT4G32710	0.0
AT4G32700	0.0
AT1G61990	0.0
AT4G32620	0.0
AT4G32551	0.0
AT4G32540	0.0
AT4G32520	0.0
AT4G32480	0.0
AT4G32410	0.0
AT4G32320	0.0
AT4G32272	0.0
AT1G62040	0.0
AT4G32650	0.0
AT1G73600	0.0
AT1G73480	0.0
AT1G73460	0.0
AT4G13890	0.0
AT4G13860	0.0
AT4G13810	0.0
AT4G13710	0.0
AT4G13670	0.0
AT4G23190	0.0
AT4G13590	0.0
AT4G13575	0.0
AT4G13500	0.0
AT4G13430	0.0
AT4G13410	0.0
AT4G13360	0.0
AT4G13350	0.0
AT4G13270	0.0
AT4G13640	0.0
AT4G14180	0.0
AT4G14147	0.0
AT4G14110	0.0
AT4G14070	0.0
AT4G14000	0.0
AT1G74060	0.0
AT1G74030	0.0
AT1G73970	0.0
AT1G73620	0.0
AT1G73950	0.0
AT1G73920	0.0
AT1G73910	0.0
AT1G73860	0.0
AT1G73805	0.0
AT1G73720	0.0
AT1G73690	0.0
AT1G73670	0.0
AT1G73655	0.0
AT1G73960	0.0
AT1G74920	0.0
AT1G74840	0.0
AT1G74800	0.0
AT1G74690	0.0
AT1G74670	0.0
AT1G74560	0.0
AT1G74530	0.0
AT1G74520	0.0
AT4G13260	0.0
AT1G74440	0.0
AT1G74420	0.0
AT1G74410	0.0
AT1G74205	0.0
AT1G74150	0.0
AT1G74140	0.0
AT4G12070	0.0
AT4G12060	0.0
AT4G12000	0.0
AT1G74510	0.0
AT4G13250	0.0
AT4G13220	0.0
AT4G13210	0.0
AT4G13200	0.0
AT4G13170	0.0
AT4G13030	0.0
AT4G12910	0.0
AT4G12880	0.0
AT1G74960	0.0
AT4G12750	0.0
AT4G12610	0.0
AT4G12590	0.0
AT4G12230	0.0
AT4G12130	0.0
AT4G12120	0.0
AT4G12080	0.0
AT1G75295	0.0
AT1G75060	0.0
AT4G12830	0.0
AT4G15475	0.0
AT1G72550	0.0
AT1G72530	0.0
AT1G72510	0.0
AT1G72500	0.0
AT1G72450	0.0
AT1G72390	0.0
AT1G72340	0.0
AT4G14210	0.0
AT1G72190	0.0
AT1G72170	0.0
AT1G72160	0.0
AT1G72150	0.0
AT1G72140	0.0
AT1G72090	0.0
AT1G72050	0.0
AT1G72040	0.0
AT1G72330	0.0
AT2G31730	0.0
AT2G31660	0.0
AT2G31650	0.0
AT2G31570	0.0
AT2G31530	0.0
AT4G15950	0.0
AT4G15940	0.0
AT4G15930	0.0
AT4G15530	0.0
AT4G15900	0.0
AT4G15890	0.0
AT4G15880	0.0
AT4G15850	0.0
AT4G15802	0.0
AT4G15730	0.0
AT4G15570	0.0
AT4G15560	0.0
AT4G15545	0.0
AT4G15920	0.0
AT1G73290	0.0
AT1G73230	0.0
AT1G73180	0.0
AT1G73130	0.0
AT1G73110	0.0
AT1G72660	0.0
AT4G14695	0.0
AT4G14570	0.0
AT1G72030	0.0
AT4G14455	0.0
AT4G14420	0.0
AT4G14390	0.0
AT4G14370	0.0
AT4G14365	0.0
AT4G14350	0.0
AT4G14320	0.0
AT4G14270	0.0
AT4G14240	0.0
AT4G14500	0.0
AT1G71980	0.0
AT1G71960	0.0
AT4G15470	0.0
AT4G15450	0.0
AT4G15430	0.0
AT4G15396	0.0
AT4G15393	0.0
AT4G15370	0.0
AT1G73300	0.0
AT4G15210	0.0
AT4G15130	0.0
AT4G15110	0.0
AT4G15093	0.0
AT4G14970	0.0
AT4G14840	0.0
AT4G14790	0.0
AT4G14720	0.0
AT1G73370	0.0
AT4G15300	0.0
AT1G76450	0.0
AT1G76350	0.0
AT1G76260	0.0
AT1G76200	0.0
AT1G76150	0.0
AT4G09020	0.0
AT4G09000	0.0
AT4G08790	0.0
AT4G11860	0.0
AT4G08535	0.0
AT4G08480	0.0
AT4G08390	0.0
AT4G08300	0.0
AT4G08280	0.0
AT4G08240	0.0
AT4G08230	0.0
AT4G08180	0.0
AT4G08590	0.0
AT4G09820	0.0
AT4G09810	0.0
AT4G09800	0.0
AT4G09750	0.0
AT4G09730	0.0
AT4G09680	0.0
AT4G09520	0.0
AT4G09340	0.0
AT1G76460	0.0
AT1G76930	0.0
AT1G76900	0.0
AT1G76850	0.0
AT1G76760	0.0
AT1G76700	0.0
AT1G76670	0.0
AT1G76570	0.0
AT1G76550	0.0
AT1G76540	0.0
AT4G09160	0.0
AT4G05420	0.0
AT4G05410	0.0
AT4G05390	0.0
AT4G05190	0.0
AT4G05180	0.0
AT4G05120	0.0
AT4G05110	0.0
AT4G05090	0.0
AT4G08150	0.0
AT4G05030	0.0
AT4G05020	0.0
AT4G04955	0.0
AT4G04940	0.0
AT4G04910	0.0
AT4G04885	0.0
AT4G04870	0.0
AT2G30110	0.0
AT2G30105	0.0
AT4G05050	0.0
AT4G07990	0.0
AT4G07390	0.0
AT4G06676	0.0
AT1G77600	0.0
AT1G77530	0.0
AT1G77490	0.0
AT1G77470	0.0
AT1G77420	0.0
AT4G05450	0.0
AT1G77300	0.0
AT1G77250	0.0
AT1G77120	0.0
AT1G77110	0.0
AT1G77060	0.0
AT1G77030	0.0
AT1G77020	0.0
AT4G06599	0.0
AT4G05590	0.0
AT1G77310	0.0
AT1G75730	0.0
AT1G75700	0.0
AT1G75630	0.0
AT1G75560	0.0
AT1G75500	0.0
AT1G75450	0.0
AT1G75400	0.0
AT1G75390	0.0
AT4G09970	0.0
AT4G11110	0.0
AT4G11090	0.0
AT4G11060	0.0
AT4G11050	0.0
AT4G10970	0.0
AT4G10955	0.0
AT4G10890	0.0
AT4G10850	0.0
AT1G75370	0.0
AT4G11845	0.0
AT4G11820	0.0
AT4G11800	0.0
AT4G11790	0.0
AT4G11740	0.0
AT4G11680	0.0
AT4G11560	0.0
AT4G11440	0.0
AT1G75840	0.0
AT4G11330	0.0
AT4G11270	0.0
AT4G11260	0.0
AT4G11160	0.0
AT4G11150	0.0
AT1G76140	0.0
AT1G76030	0.0
AT1G76010	0.0
AT1G75850	0.0
AT4G11380	0.0
AT3G16830	0.0
AT3G16810	0.0
AT2G31141	0.0
AT2G31060	0.0
AT2G31040	0.0
AT2G30970	0.0
AT2G30950	0.0
AT2G30933	0.0
AT4G10720	0.0
AT2G30910	0.0
AT2G30890	0.0
AT2G30870	0.0
AT2G30840	0.0
AT2G30820	0.0
AT2G30710	0.0
AT4G10040	0.0
AT4G10030	0.0
AT4G10020	0.0
AT2G30920	0.0
AT4G10650	0.0
AT4G10610	0.0
AT4G10510	0.0
AT4G10340	0.0
AT4G10320	0.0
AT4G10310	0.0
AT4G10140	0.0
AT4G10110	0.0
AT3G16950	0.0
AT3G17470	0.0
AT3G17465	0.0
AT3G17430	0.0
AT3G17410	0.0
AT3G17170	0.0
AT3G17090	0.0
AT3G17030	0.0
AT3G17000	0.0
AT3G16980	0.0
AT3G17590	0.0
AT1G68990	0.0
AT1G68940	0.0
AT1G68920	0.0
AT1G68890	0.0
AT1G68800	0.0
AT1G68740	0.0
AT1G68690	0.0
AT1G68650	0.0
AT2G31740	0.0
AT4G21210	0.0
AT4G21180	0.0
AT4G21150	0.0
AT4G21105	0.0
AT4G21100	0.0
AT4G21060	0.0
AT4G20920	0.0
AT4G20900	0.0
AT1G68490	0.0
AT4G21710	0.0
AT4G21570	0.0
AT4G21550	0.0
AT4G21540	0.0
AT4G21530	0.0
AT4G21520	0.0
AT4G21490	0.0
AT4G21470	0.0
AT1G69010	0.0
AT4G21220	0.0
AT1G69400	0.0
AT1G69340	0.0
AT1G69325	0.0
AT1G69220	0.0
AT1G69210	0.0
AT1G69070	0.0
AT1G69030	0.0
AT1G69020	0.0
AT4G21230	0.0
AT1G69526	0.0
AT1G69520	0.0
AT1G69480	0.0
AT1G69420	0.0
AT4G20030	0.0
AT4G19880	0.0
AT4G19870	0.0
AT4G19830	0.0
AT4G20480	0.0
AT4G19680	0.0
AT4G19660	0.0
AT4G19645	0.0
AT4G19550	0.0
AT4G19540	0.0
AT4G19530	0.0
AT2G31450	0.0
AT2G31400	0.0
AT2G31390	0.0
AT4G19710	0.0
AT4G20370	0.0
AT4G20340	0.0
AT4G20325	0.0
AT4G20280	0.0
AT4G20210	0.0
AT4G20130	0.0
AT1G70160	0.0
AT1G70150	0.0
AT1G69620	0.0
AT1G70060	0.0
AT1G69850	0.0
AT1G69840	0.0
AT1G69830	0.0
AT1G69800	0.0
AT1G69770	0.0
AT1G69720	0.0
AT1G69710	0.0
AT1G69660	0.0
AT1G70100	0.0
AT3G15070	0.0
AT3G15020	0.0
AT3G14990	0.0
AT3G14890	0.0
AT3G14860	0.0
AT3G14850	0.0
AT3G14810	0.0
AT3G14770	0.0
AT4G21760	0.0
AT3G14590	0.0
AT3G14570	0.0
AT3G14540	0.0
AT2G32580	0.0
AT2G32550	0.0
AT2G32540	0.0
AT2G32487	0.0
AT2G32440	0.0
AT3G14595	0.0
AT4G23140	0.0
AT4G23130	0.0
AT4G23020	0.0
AT4G22930	0.0
AT4G22920	0.0
AT4G22890	0.0
AT4G22880	0.0
AT4G22860	0.0
AT3G15080	0.0
AT1G68260	0.0
AT1G68240	0.0
AT1G68230	0.0
AT1G68160	0.0
AT1G68100	0.0
AT1G68070	0.0
AT1G68060	0.0
AT1G68030	0.0
AT1G68010	0.0
AT1G68300	0.0
AT4G22670	0.0
AT4G22590	0.0
AT4G22360	0.0
AT4G22350	0.0
AT4G22340	0.0
AT4G22310	0.0
AT4G22260	0.0
AT4G22130	0.0
AT2G32400	0.0
AT4G21990	0.0
AT4G21940	0.0
AT4G21926	0.0
AT4G21910	0.0
AT4G21880	0.0
AT4G21820	0.0
AT4G21810	0.0
AT4G21790	0.0
AT4G21780	0.0
AT4G22070	0.0
AT2G32295	0.0
AT2G32240	0.0
AT2G32235	0.0
AT2G32160	0.0
AT2G32040	0.0
AT3G14415	0.0
AT3G14410	0.0
AT3G14400	0.0
AT4G22756	0.0
AT1G67980	0.0
AT1G67890	0.0
AT1G67730	0.0
AT1G67630	0.0
AT1G67590	0.0
AT4G22850	0.0
AT4G22840	0.0
AT4G22780	0.0
AT4G22758	0.0
AT1G68000	0.0
AT1G71710	0.0
AT1G71697	0.0
AT1G71695	0.0
AT1G71692	0.0
AT1G71528	0.0
AT1G71340	0.0
AT1G71300	0.0
AT1G71280	0.0
AT2G31370	0.0
AT1G71240	0.0
AT1G71140	0.0
AT1G71070	0.0
AT1G71010	0.0
AT1G70980	0.0
AT1G70940	0.0
AT1G70900	0.0
AT4G16845	0.0
AT1G71270	0.0
AT4G17770	0.0
AT4G17620	0.0
AT4G17615	0.0
AT4G17530	0.0
AT4G17480	0.0
AT4G17420	0.0
AT4G17410	0.0
AT4G17350	0.0
AT1G71790	0.0
AT4G17140	0.0
AT4G17100	0.0
AT4G17098	0.0
AT4G17070	0.0
AT4G16920	0.0
AT4G16890	0.0
AT1G71950	0.0
AT1G71900	0.0
AT1G71840	0.0
AT4G17300	0.0
AT3G16640	0.0
AT3G16570	0.0
AT3G16560	0.0
AT3G16520	0.0
AT3G16500	0.0
AT3G16440	0.0
AT3G16340	0.0
AT3G16310	0.0
AT4G16830	0.0
AT3G16190	0.0
AT3G16175	0.0
AT3G16170	0.0
AT3G16100	0.0
AT3G16080	0.0
AT3G16060	0.0
AT2G31902	0.0
AT2G31870	0.0
AT2G31800	0.0
AT3G16290	0.0
AT4G16800	0.0
AT4G16720	0.0
AT4G16620	0.0
AT4G16570	0.0
AT4G16566	0.0
AT4G16370	0.0
AT4G16350	0.0
AT4G16260	0.0
AT3G16690	0.0
AT4G16180	0.0
AT4G16162	0.0
AT4G16155	0.0
AT4G16146	0.0
AT4G16130	0.0
AT4G16100	0.0
AT2G30700	0.0
AT2G30530	0.0
AT3G16730	0.0
AT4G16190	0.0
AT3G15450	0.0
AT3G15380	0.0
AT3G15353	0.0
AT3G15352	0.0
AT3G15240	0.0
AT3G15160	0.0
AT3G15090	0.0
AT4G19350	0.0
AT4G17790	0.0
AT4G19200	0.0
AT4G19185	0.0
AT4G19180	0.0
AT4G19140	0.0
AT4G19070	0.0
AT4G19020	0.0
AT4G18990	0.0
AT4G18960	0.0
AT4G19230	0.0
AT2G31340	0.0
AT2G31320	0.0
AT2G31300	0.0
AT2G31280	0.0
AT2G31260	0.0
AT2G31190	0.0
AT3G15940	0.0
AT3G15920	0.0
AT3G15460	0.0
AT3G15820	0.0
AT3G15790	0.0
AT3G15730	0.0
AT3G15720	0.0
AT3G15710	0.0
AT3G15680	0.0
AT3G15610	0.0
AT3G15580	0.0
AT3G15550	0.0
AT3G15880	0.0
AT1G70550	0.0
AT1G70520	0.0
AT1G70505	0.0
AT1G70410	0.0
AT1G70290	0.0
AT1G70250	0.0
AT1G70220	0.0
AT1G70210	0.0
AT4G18950	0.0
AT4G18530	0.0
AT4G18460	0.0
AT4G18440	0.0
AT4G18380	0.0
AT4G18375	0.0
AT4G18240	0.0
AT4G18060	0.0
AT4G18010	0.0
AT4G17840	0.0
AT4G18570	0.0
AT4G18940	0.0
AT4G18930	0.0
AT4G18820	0.0
AT4G18810	0.0
AT4G18730	0.0
AT4G18710	0.0
AT4G18640	0.0
AT4G18600	0.0
AT1G70590	0.0
AT4G18580	0.0
AT1G70850	0.0
AT1G70830	0.0
AT1G70820	0.0
AT1G70790	0.0
AT1G70770	0.0
AT1G70670	0.0
AT1G70650	0.0
AT1G70610	0.0
AT4G18593	0.0
