ID	GeneID	geneSymbol	chr	strand	exonStart_0base	exonEnd	upstreamES	upstreamEE	downstreamES	downstreamEE	ID.1	IJC_SAMPLE_1	SJC_SAMPLE_1	IJC_SAMPLE_2	SJC_SAMPLE_2	IncFormLen	SkipFormLen	PValue	FDR	IncLevel1	IncLevel2	IncLevelDifference	event_type	dPSI	event_id	longExonStart_0base	longExonEnd	shortES	shortEE	flankingES	flankingEE	1stExonStart_0base	1stExonEnd	2ndExonStart_0base	2ndExonEnd	riExonStart_0base	riExonEnd
37	AT4G35785		chr4	-	16953853.0	16953890.0	16953522.0	16953592.0	16953969.0	16954119.0	37	288,90,704,241,414,150,170,158,273,479,616,369,179,194,272,237,174,349	582,630,260,235,434,240,453,699,677,218,200,433,951,637,1101,278,182,405	190,220,267,60,0,159,335,252,235,137,97,155,100,170,231,77,38,143	414,625,694,190,482,366,522,545,527,740,302,400,528,442,281,282,208,249	86	49	6.26688828387e-06	0.0002354221617582	0.22,0.075,0.607,0.369,0.352,0.263,0.176,0.114,0.187,0.556,0.637,0.327,0.097,0.148,0.123,0.327,0.353,0.329	0.207,0.167,0.18,0.152,0.0,0.198,0.268,0.209,0.203,0.095,0.155,0.181,0.097,0.18,0.319,0.135,0.094,0.247	0.121	SE	0.121	SE_chr4_-_16953853-16953890-16953522-16953592-16953969-16954119												
217	AT4G24100		chr4	+	12518375.0	12518432.0	12518255.0	12518294.0	12518509.0	12518617.0	217	46,356,62,146,55,69,368,203,213,92,202,191,70,181,265,40,183,190	46,109,34,48,0,36,68,0,42,32,0,1,25,37,103,0,112,73	207,402,188,97,94,190,258,335,336,117,66,319,195,179,236,32,50,105	111,160,112,2,14,99,123,88,116,102,34,27,70,109,57,10,20,54	98	49	0.00119936601607	0.0294807128147576	0.333,0.62,0.477,0.603,1.0,0.489,0.73,1.0,0.717,0.59,1.0,0.99,0.583,0.71,0.563,1.0,0.45,0.565	0.483,0.557,0.456,0.96,0.77,0.49,0.512,0.656,0.592,0.364,0.493,0.855,0.582,0.451,0.674,0.615,0.556,0.493	0.103	SE	0.103	SE_chr4_+_12518375-12518432-12518255-12518294-12518509-12518617												
257	AT4G20930		chr4	-	11199964.0	11200115.0	11199752.0	11199835.0	11200301.0	11200416.0	257	484,513,371,337,151,193,482,518,355,449,726,220,341,415,635,150,199,202	0,15,0,0,0,0,0,36,0,0,0,0,0,7,16,0,0,0	338,213,477,19,59,158,402,363,405,137,75,92,159,367,247,143,37,133	0,50,49,4,0,50,0,0,40,32,0,0,0,11,33,28,3,3	98	49	0.0	0.0	1.0,0.945,1.0,1.0,1.0,1.0,1.0,0.878,1.0,1.0,1.0,1.0,1.0,0.967,0.952,1.0,1.0,1.0	1.0,0.681,0.83,0.704,1.0,0.612,1.0,1.0,0.835,0.682,1.0,1.0,1.0,0.943,0.789,0.719,0.86,0.957	0.118	SE	0.118	SE_chr4_-_11199964-11200115-11199752-11199835-11200301-11200416												
438	AT4G08460		chr4	-	5378697.0	5378821.0	5377117.0	5378202.0	5380530.0	5380645.0	438	104,235,139,535,237,325,221,138,204,326,151,102,151,553,393,279,369,175	330,281,0,58,53,104,446,217,419,26,123,108,400,557,862,206,128,33	291,156,272,97,242,215,273,179,355,83,350,192,145,618,585,127,110,157	510,526,662,263,274,259,540,324,528,261,155,312,261,575,425,213,167,126	98	49	2.31991755356e-05	0.0007873220197394	0.136,0.295,1.0,0.822,0.691,0.61,0.199,0.241,0.196,0.862,0.38,0.321,0.159,0.332,0.186,0.404,0.59,0.726	0.222,0.129,0.17,0.156,0.306,0.293,0.202,0.216,0.252,0.137,0.53,0.235,0.217,0.35,0.408,0.23,0.248,0.384	0.192	SE	0.192	SE_chr4_-_5378697-5378821-5377117-5378202-5380530-5380645												
439	AT4G08460		chr4	-	5378697.0	5378832.0	5377063.0	5378202.0	5380530.0	5380882.0	439	125,250,151,393,267,226,132,124,212,42,94,202,104,420,334,162,299,70	330,281,0,58,53,104,446,217,419,26,123,108,400,557,862,206,128,33	224,162,207,178,132,184,227,164,201,10,224,128,216,578,553,90,107,94	510,526,662,263,274,259,540,324,528,261,155,312,261,575,425,213,167,126	98	49	1.71554240167e-05	0.0006027608685397	0.159,0.308,1.0,0.772,0.716,0.521,0.129,0.222,0.202,0.447,0.276,0.483,0.115,0.274,0.162,0.282,0.539,0.515	0.18,0.133,0.135,0.253,0.194,0.262,0.174,0.202,0.16,0.019,0.419,0.17,0.293,0.334,0.394,0.174,0.243,0.272	0.173	SE	0.173	SE_chr4_-_5378697-5378832-5377063-5378202-5380530-5380882												
638	AT2G39780	RNS2	chr2	+	16592240.0	16592244.0	16591996.0	16592098.0	16592475.0	16592567.0	638	571,392,453,496,369,196,600,187,571,502,602,200,381,764,828,605,960,856	139,118,267,265,84,46,60,10,29,256,380,276,108,118,124,167,312,505	641,598,406,650,331,541,836,397,512,518,419,405,358,768,929,471,444,856	99,96,147,119,61,20,77,85,131,80,35,32,32,98,70,11,9,68	53	49	6.08846306704e-13	6.612070890805439e-11	0.792,0.754,0.611,0.634,0.802,0.798,0.902,0.945,0.948,0.645,0.594,0.401,0.765,0.857,0.861,0.77,0.74,0.61	0.857,0.852,0.719,0.835,0.834,0.962,0.909,0.812,0.783,0.857,0.917,0.921,0.912,0.879,0.925,0.975,0.979,0.921	-0.134	SE	-0.134	SE_chr2_+_16592240-16592244-16591996-16592098-16592475-16592567												
816	AT4G06701		chr4	-	3940465.0	3940510.0	3940247.0	3940331.0	3940614.0	3940749.0	816	473,455,0,107,56,38,264,311,401,193,173,0,489,467,489,144,119,169	78,138,287,93,0,64,307,157,219,153,74,54,327,389,539,191,113,430	547,363,355,77,57,101,249,305,278,378,161,26,277,438,338,64,37,182	304,311,143,0,0,95,30,160,108,17,85,25,215,390,208,166,12,151	94	49	0.000452259752404	0.0120595870585227	0.76,0.632,0.0,0.375,1.0,0.236,0.31,0.508,0.488,0.397,0.549,0.0,0.438,0.385,0.321,0.282,0.354,0.17	0.484,0.378,0.564,1.0,1.0,0.357,0.812,0.498,0.573,0.921,0.497,0.352,0.402,0.369,0.459,0.167,0.616,0.386	-0.146	SE	-0.146	SE_chr4_-_3940465-3940510-3940247-3940331-3940614-3940749												
826	AT2G27350		chr2	-	11702449.0	11702526.0	11701763.0	11702382.0	11704056.0	11704248.0	826	97,395,336,155,161,156,189,220,281,211,110,128,179,264,221,315,244,196	0,0,0,0,29,0,0,0,0,0,0,0,0,20,32,0,0,29	165,56,212,77,36,165,168,239,189,297,183,247,252,183,252,105,74,98	3,21,0,83,0,0,0,72,24,26,6,37,13,15,10,73,10,0	98	49	1.82458559372e-09	1.224522443965119e-07	1.0,1.0,1.0,1.0,0.735,1.0,1.0,1.0,1.0,1.0,1.0,1.0,1.0,0.868,0.775,1.0,1.0,0.772	0.965,0.571,1.0,0.317,1.0,1.0,1.0,0.624,0.797,0.851,0.938,0.769,0.906,0.859,0.926,0.418,0.787,1.0	0.135	SE	0.135	SE_chr2_-_11702449-11702526-11701763-11702382-11704056-11704248												
1293	AT4G33540		chr4	+	16132279.0	16132371.0	16131946.0	16132054.0	16132524.0	16132599.0	1293	1126,290,744,592,345,611,776,632,664,1098,1175,706,353,568,945,909,823,467	38,38,216,129,218,0,45,115,126,183,103,88,77,26,41,131,149,103	510,564,845,427,281,426,330,562,788,281,257,508,382,542,377,143,167,377	62,10,0,23,0,32,57,16,44,51,0,33,0,26,2,0,11,4	98	49	0.0	0.0	0.937,0.792,0.633,0.696,0.442,1.0,0.896,0.733,0.725,0.75,0.851,0.8,0.696,0.916,0.92,0.776,0.734,0.694	0.804,0.966,1.0,0.903,1.0,0.869,0.743,0.946,0.9,0.734,1.0,0.885,1.0,0.912,0.99,1.0,0.884,0.979	-0.14	SE	-0.14	SE_chr4_+_16132279-16132371-16131946-16132054-16132524-16132599												
1610	AT5G06120		chr5	+	1844736.0	1844803.0	1843827.0	1844184.0	1845291.0	1845549.0	1610	94,82,106,67,8,31,80,130,104,88,3,203,73,112,156,166,132,14	8,0,0,6,0,0,0,0,3,29,0,0,7,27,22,0,9,0	82,102,28,134,18,52,132,86,146,88,20,44,58,109,127,59,30,110	46,0,0,16,0,0,0,65,8,0,10,57,30,29,29,11,14,2	98	49	0.00020800558092	0.0060020161103147	0.855,1.0,1.0,0.848,1.0,1.0,1.0,1.0,0.945,0.603,1.0,1.0,0.839,0.675,0.78,1.0,0.88,1.0	0.471,1.0,1.0,0.807,1.0,1.0,1.0,0.398,0.901,1.0,0.5,0.278,0.492,0.653,0.686,0.728,0.517,0.965	0.168	SE	0.168	SE_chr5_+_1844736-1844803-1843827-1844184-1845291-1845549												
1611	AT5G06120		chr5	+	1844736.0	1844824.0	1843936.0	1844184.0	1845291.0	1845549.0	1611	94,78,74,73,33,36,107,46,58,88,41,149,59,111,126,186,129,14	8,0,0,6,0,0,0,0,3,29,0,0,7,27,22,0,9,0	50,73,28,75,18,59,100,56,81,36,62,47,44,75,78,100,18,62	46,0,0,16,0,0,0,65,8,0,10,57,30,29,29,11,14,2	98	49	9.63914640715e-05	0.0029831410098397	0.855,1.0,1.0,0.859,1.0,1.0,1.0,1.0,0.906,0.603,1.0,1.0,0.808,0.673,0.741,1.0,0.878,1.0	0.352,1.0,1.0,0.701,1.0,1.0,1.0,0.301,0.835,1.0,0.756,0.292,0.423,0.564,0.574,0.82,0.391,0.939	0.188	SE	0.188	SE_chr5_+_1844736-1844824-1843936-1844184-1845291-1845549												
2326	AT1G28330	DRM1	chr1	-	9934450.0	9934566.0	9933908.0	9934288.0	9934793.0	9935019.0	2326	9211,10529,6099,5779,5415,6480,10241,8225,12222,5262,5919,8099,7942,9468,11853,2470,3651,4795	9160,17950,16031,16443,13533,12343,13104,12401,14218,16173,16850,15102,10377,13963,16401,4719,5466,9373	10556,10361,10548,10576,8427,13424,9690,10588,11458,14725,13790,18443,7105,10891,8724,7136,5890,15599	13183,14711,12583,5393,6464,6481,11966,11692,9647,9126,8418,8974,6013,11013,8355,3480,2947,7575	98	49	0.0	0.0	0.335,0.227,0.16,0.149,0.167,0.208,0.281,0.249,0.301,0.14,0.149,0.211,0.277,0.253,0.265,0.207,0.25,0.204	0.286,0.26,0.295,0.495,0.395,0.509,0.288,0.312,0.373,0.447,0.45,0.507,0.371,0.331,0.343,0.506,0.5,0.507	-0.175	SE	-0.175	SE_chr1_-_9934450-9934566-9933908-9934288-9934793-9935019												
3666	AT1G19800	TGD1	chr1	+	6846539.0	6846628.0	6846373.0	6846470.0	6846730.0	6846858.0	3666	164,89,0,16,83,35,125,30,125,170,0,20,172,157,191,34,52,0	137,176,214,76,127,242,278,89,201,59,30,248,272,298,398,121,145,349	69,116,37,295,193,193,31,112,131,16,110,192,85,157,60,150,112,189	120,218,205,168,86,113,229,55,149,218,151,204,170,285,185,117,113,160	98	49	9.45916657002e-07	4.1240585345058006e-05	0.374,0.202,0.0,0.095,0.246,0.067,0.184,0.144,0.237,0.59,0.0,0.039,0.24,0.208,0.194,0.123,0.152,0.0	0.223,0.21,0.083,0.468,0.529,0.461,0.063,0.505,0.305,0.035,0.267,0.32,0.2,0.216,0.14,0.391,0.331,0.371	-0.112	SE	-0.112	SE_chr1_+_6846539-6846628-6846373-6846470-6846730-6846858												
3667	AT1G19800	TGD1	chr1	+	6846542.0	6846628.0	6846337.0	6846470.0	6846730.0	6846858.0	3667	232,64,0,46,41,19,91,30,112,237,0,39,193,175,258,32,49,0	137,176,214,76,127,242,278,89,201,59,30,248,272,298,398,121,145,349	133,116,82,272,169,187,111,169,95,103,166,264,82,151,77,153,107,232	120,218,205,168,86,113,229,55,149,218,151,204,170,285,185,117,113,160	98	49	6.33524344096e-11	5.405772724693441e-09	0.458,0.154,0.0,0.232,0.139,0.038,0.141,0.144,0.218,0.668,0.0,0.073,0.262,0.227,0.245,0.117,0.145,0.0	0.357,0.21,0.167,0.447,0.496,0.453,0.195,0.606,0.242,0.191,0.355,0.393,0.194,0.209,0.172,0.395,0.321,0.42	-0.142	SE	-0.142	SE_chr1_+_6846542-6846628-6846337-6846470-6846730-6846858												
4027	AT1G49670	NQR	chr1	-	18384472.0	18384560.0	18383932.0	18384119.0	18384829.0	18384906.0	4027	304,474,22,150,135,31,472,341,537,139,32,272,368,423,676,200,124,301	2,0,0,16,0,43,0,11,59,39,0,136,0,6,35,23,15,0	741,431,517,563,165,565,496,493,552,345,489,198,328,362,327,165,136,256	8,15,0,0,0,0,0,0,0,0,32,0,15,21,23,0,0,0	98	49	1.74461518343e-07	8.205186213092433e-06	0.987,1.0,1.0,0.824,1.0,0.265,1.0,0.939,0.82,0.641,1.0,0.5,1.0,0.972,0.906,0.813,0.805,1.0	0.979,0.935,1.0,1.0,1.0,1.0,1.0,1.0,1.0,1.0,0.884,1.0,0.916,0.896,0.877,1.0,1.0,1.0	-0.112	SE	-0.112	SE_chr1_-_18384472-18384560-18383932-18384119-18384829-18384906												
4147	AT1G03290		chr1	+	807591.0	807631.0	807378.0	807510.0	807950.0	808017.0	4147	0,0,25,8,17,20,23,0,28,0,0,1,87,28,13,0,0,24	97,216,122,257,103,139,64,82,163,370,236,269,177,134,225,416,316,286	8,0,50,14,39,16,0,35,44,0,13,12,15,26,7,7,3,15	83,161,56,25,0,102,111,112,80,62,186,75,22,135,149,115,11,96	89	49	2.19844873768e-05	0.0007546743856415	0.0,0.0,0.101,0.017,0.083,0.073,0.165,0.0,0.086,0.0,0.0,0.002,0.213,0.103,0.031,0.0,0.0,0.044	0.05,0.0,0.33,0.236,1.0,0.079,0.0,0.147,0.232,0.0,0.037,0.081,0.273,0.096,0.025,0.032,0.131,0.079	-0.106	SE	-0.106	SE_chr1_+_807591-807631-807378-807510-807950-808017												
5049	AT1G54370	NHX5	chr1	-	20294824.0	20294885.0	20294634.0	20294732.0	20294971.0	20295019.0	5049	565,527,124,331,454,151,448,323,592,110,303,162,224,422,547,238,482,403	7,164,0,49,0,36,14,38,58,75,129,59,70,88,89,35,109,0	488,522,359,384,297,401,430,448,449,366,362,385,388,459,336,249,224,377	58,32,13,15,0,35,23,0,99,23,0,43,82,48,33,31,2,38	98	49	0.000615182273653	0.0163310387579083	0.976,0.616,1.0,0.772,1.0,0.677,0.941,0.81,0.836,0.423,0.54,0.579,0.615,0.706,0.754,0.773,0.689,1.0	0.808,0.891,0.932,0.928,1.0,0.851,0.903,1.0,0.694,0.888,1.0,0.817,0.703,0.827,0.836,0.801,0.982,0.832	-0.11	SE	-0.11	SE_chr1_-_20294824-20294885-20294634-20294732-20294971-20295019												
5215	AT5G52040	ATRSP41	chr5	+	21131561.0	21131887.0	21131075.0	21131186.0	21132086.0	21132199.0	5215	803,768,1810,886,770,1057,747,582,1175,1700,1434,1224,355,470,717,857,619,638	1104,1504,850,1103,1467,1546,1164,1432,1925,464,774,1229,1569,1903,2514,1407,1334,1744	938,445,561,158,162,343,355,420,548,279,349,279,217,340,353,43,58,89	1580,1476,1457,1233,1184,1176,1931,1037,1635,1181,1275,1215,1153,2092,1809,860,663,1299	98	49	0.0	0.0	0.267,0.203,0.516,0.287,0.208,0.255,0.243,0.169,0.234,0.647,0.481,0.332,0.102,0.11,0.125,0.233,0.188,0.155	0.229,0.131,0.161,0.06,0.064,0.127,0.084,0.168,0.144,0.106,0.12,0.103,0.086,0.075,0.089,0.024,0.042,0.033	0.162	SE	0.162	SE_chr5_+_21131561-21131887-21131075-21131186-21132086-21132199												
5327	AT5G56140		chr5	+	22726609.0	22726755.0	22726166.0	22726252.0	22727167.0	22727281.0	5327	1882,2898,2000,1708,1952,1735,1826,1889,2141,1496,1433,1610,1402,1457,2147,1224,1167,1308	996,1705,2593,1767,1840,1719,1542,765,1485,2336,1989,1372,1359,1343,1763,1536,2340,2432	2108,2354,1917,1614,834,1180,2604,2930,2652,1221,1356,1435,1243,2001,1794,970,702,1306	1996,1799,2194,412,487,470,1637,1524,1742,774,908,801,849,1691,1617,429,249,751	98	49	6.66829532592e-07	3.0404372505129894e-05	0.486,0.459,0.278,0.326,0.347,0.335,0.372,0.553,0.419,0.243,0.265,0.37,0.34,0.352,0.378,0.285,0.2,0.212	0.346,0.395,0.304,0.662,0.461,0.557,0.443,0.49,0.432,0.441,0.427,0.473,0.423,0.372,0.357,0.531,0.585,0.465	-0.108	SE	-0.108	SE_chr5_+_22726609-22726755-22726166-22726252-22727167-22727281												
5712	AT3G49430	SR34A	chr3	+	18332247.0	18332471.0	18331545.0	18331712.0	18332641.0	18332754.0	5712	310,387,415,490,360,305,198,317,365,287,150,596,233,533,537,472,511,401	729,763,77,209,402,667,586,356,1002,215,182,332,1116,1533,2093,253,283,242	457,176,238,203,46,312,735,341,255,158,148,145,191,543,514,154,43,153	791,927,765,942,214,570,919,502,784,538,592,651,539,1136,677,398,295,583	98	49	6.02870853239e-09	3.750987089996403e-07	0.175,0.202,0.729,0.54,0.309,0.186,0.145,0.308,0.154,0.4,0.292,0.473,0.095,0.148,0.114,0.483,0.474,0.453	0.224,0.087,0.135,0.097,0.097,0.215,0.286,0.254,0.14,0.128,0.111,0.1,0.151,0.193,0.275,0.162,0.068,0.116	0.158	SE	0.158	SE_chr3_+_18332247-18332471-18331545-18331712-18332641-18332754												
5713	AT3G49430	SR34A	chr3	+	18332247.0	18332492.0	18331538.0	18331712.0	18332641.0	18332754.0	5713	240,131,381,352,192,197,102,156,209,236,53,364,133,311,294,255,308,184	729,763,77,209,402,667,586,356,1002,215,182,332,1116,1533,2093,253,283,242	231,131,123,158,46,193,460,158,98,140,79,65,115,337,265,86,40,116	791,927,765,942,214,570,919,502,784,538,592,651,539,1136,677,398,295,583	98	49	4.28982658285e-08	2.228098624292439e-06	0.141,0.079,0.712,0.457,0.193,0.129,0.08,0.18,0.094,0.354,0.127,0.354,0.056,0.092,0.066,0.335,0.352,0.275	0.127,0.066,0.074,0.077,0.097,0.145,0.2,0.136,0.059,0.115,0.063,0.048,0.096,0.129,0.164,0.098,0.063,0.09	0.124	SE	0.124	SE_chr3_+_18332247-18332492-18331538-18331712-18332641-18332754												
5809	AT3G08840		chr3	-	2680517.0	2680563.0	2680056.0	2680165.0	2680664.0	2680908.0	5809	50,110,167,23,19,56,100,143,125,0,43,65,42,158,163,126,118,36	47,26,0,39,0,31,30,61,36,49,58,110,32,55,55,0,22,0	110,52,143,62,72,54,113,152,149,310,45,69,83,105,160,74,31,63	40,37,29,0,0,0,52,42,21,3,21,11,0,31,65,0,2,5	95	49	0.00033568339848	0.0092398015627697	0.354,0.686,1.0,0.233,1.0,0.482,0.632,0.547,0.642,0.0,0.277,0.234,0.404,0.597,0.605,1.0,0.735,1.0	0.587,0.42,0.718,1.0,1.0,1.0,0.528,0.651,0.785,0.982,0.525,0.764,1.0,0.636,0.559,1.0,0.889,0.867	-0.194	SE	-0.194	SE_chr3_-_2680517-2680563-2680056-2680165-2680664-2680908												
12	AT4G38510		chr4	-							12	549,291,351,108,65,0,264,341,492,119,48,247,440,443,831,190,268,205	146,20,160,97,71,78,91,199,133,47,156,268,214,257,414,100,63,146	281,341,321,469,305,239,534,173,360,215,179,240,172,430,415,192,146,350	244,189,81,165,172,7,176,108,178,0,31,36,139,221,106,63,38,102	98	49	0.000364919868866	0.0050830165090118	0.653,0.879,0.523,0.358,0.314,0.0,0.592,0.461,0.649,0.559,0.133,0.315,0.507,0.463,0.501,0.487,0.68,0.412	0.365,0.474,0.665,0.587,0.47,0.945,0.603,0.445,0.503,1.0,0.743,0.769,0.382,0.493,0.662,0.604,0.658,0.632	-0.14	A5SS	-0.14	A5SS_chr4_-_18014902-18014975-18014959-18014975-18014734-18014796	18014902.0	18014975.0	18014959.0	18014975.0	18014734.0	18014796.0						
24	AT4G35785		chr4	-							24	695,1199,870,475,519,860,714,802,1397,542,307,541,609,712,1167,292,361,1060	121,52,477,204,275,150,72,71,156,356,329,267,154,89,140,183,87,210	875,486,960,453,325,483,1237,957,1016,500,702,592,504,587,523,252,203,350	72,207,143,60,0,45,150,156,104,103,27,86,52,88,136,46,21,82	98	49	5.57202589192e-05	0.0009379576918065	0.742,0.92,0.477,0.538,0.486,0.741,0.832,0.85,0.817,0.432,0.318,0.503,0.664,0.8,0.806,0.444,0.675,0.716	0.859,0.54,0.77,0.791,1.0,0.843,0.805,0.754,0.83,0.708,0.929,0.775,0.829,0.769,0.658,0.733,0.829,0.681	-0.13	A5SS	-0.13	A5SS_chr4_-_16953703-16953890-16953853-16953890-16953522-16953592	16953703.0	16953890.0	16953853.0	16953890.0	16953522.0	16953592.0						
25	AT4G35785		chr4	-							25	733,1358,1278,491,653,754,588,739,1306,553,365,767,665,708,1265,273,392,1098	121,52,477,204,275,150,72,71,156,356,329,267,154,89,140,183,87,210	813,667,1136,529,288,407,1174,801,988,444,692,609,552,615,520,246,219,369	72,207,143,60,0,45,150,156,104,103,27,86,52,88,136,46,21,82	98	49	6.66156270095e-05	0.0010689629119187	0.752,0.929,0.573,0.546,0.543,0.715,0.803,0.839,0.807,0.437,0.357,0.59,0.683,0.799,0.819,0.427,0.693,0.723	0.85,0.617,0.799,0.815,1.0,0.819,0.796,0.72,0.826,0.683,0.928,0.78,0.841,0.777,0.657,0.728,0.839,0.692	-0.118	A5SS	-0.118	A5SS_chr4_-_16953724-16953890-16953853-16953890-16953522-16953592	16953724.0	16953890.0	16953853.0	16953890.0	16953522.0	16953592.0						
211	AT2G39470	PNSL1	chr2	+							211	496,202,231,136,182,142,286,162,473,197,149,364,393,402,664,901,1429,1424	0,0,0,7,26,0,107,0,27,12,0,4,103,78,111,99,108,59	81,111,518,2751,1580,1492,621,332,239,1730,1738,1903,69,127,86,2808,2634,3506	0,53,0,560,484,191,53,22,98,122,347,317,55,27,9,619,516,616	73	49	4.25936286241e-10	1.976574603988641e-08	1.0,1.0,1.0,0.929,0.825,1.0,0.642,1.0,0.922,0.917,1.0,0.984,0.719,0.776,0.801,0.859,0.899,0.942	1.0,0.584,1.0,0.767,0.687,0.84,0.887,0.91,0.621,0.905,0.771,0.801,0.457,0.759,0.865,0.753,0.774,0.793	0.113	A5SS	0.113	A5SS_chr2_+_16476476-16476558-16476476-16476534-16476643-16476748	16476476.0	16476558.0	16476476.0	16476534.0	16476643.0	16476748.0						
242	AT4G38930		chr4	+							242	235,183,73,119,6,0,137,149,97,150,133,260,44,166,177,62,130,111	144,279,28,69,185,62,303,217,276,166,370,362,141,194,351,84,293,150	105,175,224,194,75,210,119,225,198,203,234,172,133,133,123,132,77,60	106,190,326,327,132,165,236,104,195,103,197,224,183,139,146,91,45,149	61	49	0.000578385881412	0.0075808286899572	0.567,0.345,0.677,0.581,0.025,0.0,0.266,0.355,0.22,0.421,0.224,0.366,0.2,0.407,0.288,0.372,0.263,0.373	0.443,0.425,0.356,0.323,0.313,0.506,0.288,0.635,0.449,0.613,0.488,0.381,0.369,0.435,0.404,0.538,0.579,0.244	-0.102	A5SS	-0.102	A5SS_chr4_+_18150892-18151113-18150892-18151101-18151188-18151427	18150892.0	18151113.0	18150892.0	18151101.0	18151188.0	18151427.0						
368	AT2G43760	MOCS2	chr2	+							368	126,7,136,65,0,89,207,152,232,49,0,43,67,139,263,107,94,55	313,54,62,186,221,207,298,228,355,468,297,112,225,395,393,344,121,148	85,223,62,173,156,297,150,231,184,98,202,150,137,162,123,141,112,194	286,149,140,86,153,250,137,164,228,274,147,91,200,389,314,99,78,76	98	49	1.79189996175e-13	1.4650915401546428e-11	0.168,0.061,0.523,0.149,0.0,0.177,0.258,0.25,0.246,0.05,0.0,0.161,0.13,0.15,0.251,0.135,0.28,0.157	0.129,0.428,0.181,0.501,0.338,0.373,0.354,0.413,0.288,0.152,0.407,0.452,0.255,0.172,0.164,0.416,0.418,0.561	-0.159	A5SS	-0.159	A5SS_chr2_+_18132483-18133081-18132483-18132693-18133188-18134068	18132483.0	18133081.0	18132483.0	18132693.0	18133188.0	18134068.0						
369	AT2G43760	MOCS2	chr2	+							369	191,7,136,85,0,126,229,152,265,49,7,43,75,176,339,122,106,55	75,25,108,50,28,26,124,42,111,94,50,21,100,156,148,52,146,28	85,222,90,187,156,341,183,266,194,92,223,158,151,243,176,152,120,221	43,55,6,61,0,21,105,96,69,21,5,68,54,122,28,70,14,50	98	49	2.13340456412e-11	1.5926328854756692e-09	0.56,0.123,0.386,0.459,0.0,0.708,0.48,0.644,0.544,0.207,0.065,0.506,0.273,0.361,0.534,0.54,0.266,0.495	0.497,0.669,0.882,0.605,1.0,0.89,0.466,0.581,0.584,0.687,0.957,0.537,0.583,0.499,0.759,0.521,0.811,0.688	-0.281	A5SS	-0.281	A5SS_chr2_+_18132483-18133081-18132483-18132788-18133188-18134068	18132483.0	18133081.0	18132483.0	18132788.0	18133188.0	18134068.0						
389	AT2G04690		chr2	+							389	1090,1576,2378,2063,1522,751,1154,1107,1118,1932,2472,2080,742,803,1167,1262,1288,1263	369,639,774,765,897,311,812,648,669,565,683,452,514,446,716,265,519,494	910,1202,987,500,1030,617,1017,1134,964,845,695,806,548,730,601,584,535,830	641,475,665,969,387,620,563,906,614,769,626,1040,372,390,455,582,413,754	84	49	1.38582256781e-10	8.386211395798e-09	0.633,0.59,0.642,0.611,0.497,0.585,0.453,0.499,0.494,0.666,0.679,0.729,0.457,0.512,0.487,0.735,0.591,0.599	0.453,0.596,0.464,0.231,0.608,0.367,0.513,0.422,0.478,0.391,0.393,0.311,0.462,0.522,0.435,0.369,0.43,0.391	0.146	A5SS	0.146	A5SS_chr2_+_1645913-1646066-1645913-1646031-1646154-1646443	1645913.0	1646066.0	1645913.0	1646031.0	1646154.0	1646443.0						
605	AT1G76510		chr1	-							605	105,74,38,150,11,80,120,42,113,91,198,60,115,184,279,64,185,245	140,36,100,82,13,83,19,74,44,0,42,0,57,81,84,0,0,0	72,30,19,129,0,100,156,295,170,22,90,104,133,176,99,66,45,129	30,86,33,0,147,98,0,42,61,41,65,121,7,67,67,57,72,88	72	49	0.00338168863347	0.0364158765985553	0.338,0.583,0.205,0.555,0.365,0.396,0.811,0.279,0.636,1.0,0.762,1.0,0.579,0.607,0.693,1.0,1.0,1.0	0.62,0.192,0.282,1.0,0.0,0.41,1.0,0.827,0.655,0.267,0.485,0.369,0.928,0.641,0.501,0.441,0.298,0.499	0.133	A5SS	0.133	A5SS_chr1_-_28712733-28712965-28712756-28712965-28712102-28712510	28712733.0	28712965.0	28712756.0	28712965.0	28712102.0	28712510.0						
649	AT5G37850	SOS4	chr5	+							649	282,203,330,105,189,192,246,105,269,88,121,87,187,143,219,126,146,96	382,205,76,162,230,84,380,199,325,180,166,161,390,290,371,140,311,86	77,229,197,191,23,181,182,309,284,33,280,125,59,61,130,42,61,124	277,233,197,616,90,587,419,212,335,563,387,590,94,144,198,354,255,424	82	49	4.81386100093e-07	1.1978839621154798e-05	0.306,0.372,0.722,0.279,0.329,0.577,0.279,0.24,0.331,0.226,0.303,0.244,0.223,0.228,0.261,0.35,0.219,0.4	0.142,0.37,0.374,0.156,0.132,0.156,0.206,0.466,0.336,0.034,0.302,0.112,0.273,0.202,0.282,0.066,0.125,0.149	0.111	A5SS	0.111	A5SS_chr5_+_15065299-15065512-15065299-15065479-15065604-15065701	15065299.0	15065512.0	15065299.0	15065479.0	15065604.0	15065701.0						
670	AT5G55100		chr5	-							670	123,144,58,133,2,175,108,309,226,35,227,222,79,232,424,340,224,456	0,0,0,2,0,0,0,81,51,27,140,49,66,40,108,0,9,0	251,17,247,145,0,235,122,155,270,324,185,203,228,153,202,106,73,145	6,21,18,25,40,33,24,57,82,94,2,36,10,31,0,23,51,14	98	49	0.000363463105484	0.0050830165090118	1.0,1.0,1.0,0.971,1.0,1.0,1.0,0.656,0.689,0.393,0.448,0.694,0.374,0.744,0.663,1.0,0.926,1.0	0.954,0.288,0.873,0.744,0.0,0.781,0.718,0.576,0.622,0.633,0.979,0.738,0.919,0.712,1.0,0.697,0.417,0.838	0.115	A5SS	0.115	A5SS_chr5_-_22363849-22364235-22364074-22364235-22362891-22363626	22363849.0	22364235.0	22364074.0	22364235.0	22362891.0	22363626.0						
671	AT2G36000		chr2	+							671	411,593,1100,1296,1318,781,498,542,731,845,1399,1011,870,806,1399,1539,1441,1077	229,385,1073,764,766,281,188,315,191,649,443,334,329,437,511,724,702,949	584,466,582,1817,773,1479,684,969,582,1240,1333,1329,840,919,987,1402,1048,1822	294,167,187,358,341,438,333,67,253,402,433,390,273,374,249,488,251,632	98	49	6.64070637701e-07	1.5836240068508572e-05	0.473,0.435,0.339,0.459,0.462,0.582,0.57,0.462,0.657,0.394,0.612,0.602,0.569,0.48,0.578,0.515,0.507,0.362	0.498,0.582,0.609,0.717,0.531,0.628,0.507,0.879,0.535,0.607,0.606,0.63,0.606,0.551,0.665,0.59,0.676,0.59	-0.108	A5SS	-0.108	A5SS_chr2_+_15117014-15118220-15117014-15118116-15118312-15119043	15117014.0	15118220.0	15117014.0	15118116.0	15118312.0	15119043.0						
681	AT3G26890		chr3	-							681	2,57,50,6,72,0,68,45,26,22,0,0,9,36,44,33,30,0	40,203,106,117,26,81,105,48,280,0,52,137,57,124,184,103,374,148	93,73,120,47,25,32,93,20,47,28,97,56,23,55,40,56,35,102	124,38,50,61,238,59,57,88,115,0,99,119,33,103,80,128,36,181	96	49	3.21315016816e-08	1.0609574689866769e-06	0.025,0.125,0.194,0.026,0.586,0.0,0.248,0.324,0.045,1.0,0.0,0.0,0.075,0.129,0.109,0.141,0.039,0.0	0.277,0.495,0.551,0.282,0.051,0.217,0.454,0.104,0.173,1.0,0.333,0.194,0.262,0.214,0.203,0.183,0.332,0.223	-0.138	A5SS	-0.138	A5SS_chr3_-_9911367-9911768-9911414-9911768-9909317-9910792	9911367.0	9911768.0	9911414.0	9911768.0	9909317.0	9910792.0						
741	AT4G11970		chr4	+							741	58,64,0,12,38,0,71,0,157,215,0,49,38,90,157,14,67,86	0,102,91,40,18,9,94,58,34,50,114,122,117,142,188,62,84,62	61,112,91,124,36,50,132,34,61,166,79,24,73,81,49,67,57,111	38,31,51,27,55,60,145,138,54,75,51,64,28,75,41,38,78,25	53	49	0.000297261315721	0.0042181626371318	1.0,0.367,0.0,0.217,0.661,0.0,0.411,0.0,0.81,0.799,0.0,0.271,0.231,0.369,0.436,0.173,0.424,0.562	0.597,0.77,0.623,0.809,0.377,0.435,0.457,0.186,0.511,0.672,0.589,0.257,0.707,0.5,0.525,0.62,0.403,0.804	-0.173	A5SS	-0.173	A5SS_chr4_+_7182945-7183006-7182945-7183002-7183224-7183277	7182945.0	7183006.0	7182945.0	7183002.0	7183224.0	7183277.0						
789	AT1G18690	XXT4	chr1	+							789	382,398,383,342,442,435,272,402,445,469,137,266,165,363,506,254,153,331	133,20,306,109,116,258,78,148,72,118,82,65,140,86,126,111,124,70	140,235,295,405,309,471,723,422,412,379,405,519,273,372,251,254,168,449	113,44,146,105,0,57,73,40,50,98,52,45,31,102,99,5,21,76	67	49	6.51753282455e-08	1.99832211781292e-06	0.677,0.936,0.478,0.696,0.736,0.552,0.718,0.665,0.819,0.744,0.55,0.75,0.463,0.755,0.746,0.626,0.474,0.776	0.475,0.796,0.596,0.738,1.0,0.858,0.879,0.885,0.858,0.739,0.851,0.894,0.866,0.727,0.65,0.974,0.854,0.812	-0.127	A5SS	-0.127	A5SS_chr1_+_6433516-6433688-6433516-6433670-6434161-6434239	6433516.0	6433688.0	6433516.0	6433670.0	6434161.0	6434239.0						
879	AT1G80380	GLYK	chr1	+							879	262,288,746,1106,1467,363,270,73,192,436,688,431,115,95,164,2641,2589,2983	290,672,1443,820,825,692,555,392,488,708,915,639,348,503,665,1292,1347,1660	442,477,144,301,118,234,180,178,202,157,172,401,209,385,482,171,145,472	561,374,551,2162,1175,1470,761,471,592,1519,1717,1665,294,573,413,1391,1234,1940	98	49	2.77941558657e-10	1.3256268228168584e-08	0.311,0.176,0.205,0.403,0.471,0.208,0.196,0.085,0.164,0.235,0.273,0.252,0.142,0.086,0.11,0.505,0.49,0.473	0.283,0.389,0.116,0.065,0.048,0.074,0.106,0.159,0.146,0.049,0.048,0.107,0.262,0.251,0.369,0.058,0.055,0.108	0.116	A5SS	0.116	A5SS_chr1_+_30217201-30217632-30217201-30217575-30217862-30218248	30217201.0	30217632.0	30217201.0	30217575.0	30217862.0	30218248.0						
1024	AT5G05800	LIMYB	chr5	-							1024	117,379,467,311,240,209,184,145,269,24,125,188,223,214,397,132,254,425	266,141,293,396,325,286,114,226,172,194,571,410,257,327,368,300,338,244	155,150,238,348,498,312,178,254,234,225,156,189,165,265,313,154,94,170	145,122,127,149,68,183,160,238,220,161,136,183,62,295,160,86,81,123	98	49	2.46311228524e-07	6.482937692362151e-06	0.18,0.573,0.443,0.282,0.27,0.268,0.447,0.243,0.439,0.058,0.099,0.187,0.303,0.247,0.35,0.18,0.273,0.465	0.348,0.381,0.484,0.539,0.785,0.46,0.357,0.348,0.347,0.411,0.364,0.341,0.571,0.31,0.494,0.472,0.367,0.409	-0.138	A5SS	-0.138	A5SS_chr5_-_1744939-1745245-1745136-1745245-1744445-1744781	1744939.0	1745245.0	1745136.0	1745245.0	1744445.0	1744781.0						
1223	AT3G15980		chr3	-							1223	639,453,227,121,160,323,473,660,903,165,50,156,491,596,810,190,279,194	311,175,109,107,152,145,204,16,247,87,153,118,291,376,408,231,176,159	425,475,454,408,184,254,809,485,568,234,261,297,380,482,712,152,120,258	113,98,144,218,0,144,201,105,256,52,83,131,156,256,392,108,38,89	92	49	0.00124318440627	0.0146593676232987	0.523,0.58,0.526,0.376,0.359,0.543,0.553,0.956,0.661,0.503,0.148,0.413,0.473,0.458,0.514,0.305,0.458,0.394	0.667,0.721,0.627,0.499,1.0,0.484,0.682,0.711,0.542,0.706,0.626,0.547,0.565,0.501,0.492,0.428,0.627,0.607	-0.127	A5SS	-0.127	A5SS_chr3_-_5411964-5412194-5412007-5412194-5411666-5411718	5411964.0	5412194.0	5412007.0	5412194.0	5411666.0	5411718.0						
1282	AT4G00060	MEE44	chr4	+							1282	18,96,58,10,0,0,45,81,7,0,0,0,100,43,81,85,60,0	264,215,167,123,35,51,104,143,73,41,183,69,228,156,272,170,128,118	42,1,20,25,294,40,21,16,109,0,37,70,24,54,78,51,58,35	114,67,55,212,196,81,64,148,127,146,198,64,16,165,114,60,37,87	98	49	3.22132275987e-06	6.745135583776572e-05	0.033,0.183,0.148,0.039,0.0,0.0,0.178,0.221,0.046,0.0,0.0,0.0,0.18,0.121,0.13,0.2,0.19,0.0	0.156,0.007,0.154,0.056,0.429,0.198,0.141,0.051,0.3,0.0,0.085,0.354,0.429,0.141,0.255,0.298,0.439,0.167	-0.111	A5SS	-0.111	A5SS_chr4_+_27867-28076-27867-28019-28155-28574	27867.0	28076.0	27867.0	28019.0	28155.0	28574.0						
1386	AT1G03290		chr1	+							1386	32,62,25,89,27,172,36,128,58,90,0,26,106,178,124,152,126,24	97,216,122,257,103,139,64,82,163,370,236,269,177,134,225,416,316,286	65,30,154,95,39,48,46,78,104,0,55,38,76,236,111,26,22,61	83,161,56,25,0,102,111,112,80,62,186,75,22,135,149,115,11,96	98	49	7.34469397429e-05	0.0011676703290607	0.142,0.126,0.093,0.148,0.116,0.382,0.22,0.438,0.151,0.108,0.0,0.046,0.23,0.399,0.216,0.154,0.166,0.04	0.281,0.085,0.579,0.655,1.0,0.19,0.172,0.258,0.394,0.0,0.129,0.202,0.633,0.466,0.271,0.102,0.5,0.241	-0.166	A5SS	-0.166	A5SS_chr1_+_807395-807631-807395-807510-807950-808017	807395.0	807631.0	807395.0	807510.0	807950.0	808017.0						
1560	AT2G02080	IDD4	chr2	-							1560	81,95,57,100,114,104,39,22,97,3,67,93,145,266,292,105,105,85	146,127,0,22,55,0,84,16,144,0,64,18,92,109,127,67,4,4	117,47,218,97,84,112,114,101,63,220,100,19,71,243,138,27,17,35	117,81,114,27,48,144,98,50,101,38,118,41,72,116,144,8,30,30	98	49	0.000876701999873	0.0107521238127281	0.217,0.272,1.0,0.694,0.509,1.0,0.188,0.407,0.252,1.0,0.344,0.721,0.441,0.55,0.535,0.439,0.929,0.914	0.333,0.225,0.489,0.642,0.467,0.28,0.368,0.502,0.238,0.743,0.298,0.188,0.33,0.512,0.324,0.628,0.221,0.368	0.181	A5SS	0.181	A5SS_chr2_-_521432-521707-521618-521707-520976-521205	521432.0	521707.0	521618.0	521707.0	520976.0	521205.0						
1643	AT1G26208		chr1	-							1643	79,112,0,101,0,131,113,174,303,30,191,273,148,194,211,74,92,74	80,57,210,89,7,47,53,42,88,48,0,65,39,52,181,89,79,30	120,290,143,262,134,261,75,246,187,491,322,152,146,145,92,258,177,232	16,73,50,128,14,62,122,71,22,222,58,16,25,56,37,36,57,24	98	49	6.19802281275e-05	0.0010135243018563	0.331,0.496,0.0,0.362,0.0,0.582,0.516,0.674,0.633,0.238,1.0,0.677,0.655,0.651,0.368,0.294,0.368,0.552	0.789,0.665,0.588,0.506,0.827,0.678,0.235,0.634,0.81,0.525,0.735,0.826,0.745,0.564,0.554,0.782,0.608,0.829	-0.195	A5SS	-0.195	A5SS_chr1_-_9067380-9068685-9067487-9068685-9066318-9067301	9067380.0	9068685.0	9067487.0	9068685.0	9066318.0	9067301.0						
1661	AT5G64460		chr5	-							1661	131,27,0,25,21,46,0,50,0,0,0,0,0,86,38,53,50,0	105,44,65,101,171,0,66,72,80,77,38,22,20,115,109,202,117,106	34,6,77,136,34,16,0,51,37,41,39,27,32,39,41,5,8,39	125,88,0,110,45,58,180,64,32,62,40,15,57,90,105,136,45,41	98	49	5.01871598114e-05	0.0008531817167937	0.384,0.235,0.0,0.11,0.058,1.0,0.0,0.258,0.0,0.0,0.0,0.0,0.0,0.272,0.148,0.116,0.176,0.0	0.12,0.033,1.0,0.382,0.274,0.121,0.0,0.285,0.366,0.248,0.328,0.474,0.219,0.178,0.163,0.018,0.082,0.322	-0.103	A5SS	-0.103	A5SS_chr5_-_25775305-25775568-25775477-25775568-25775040-25775115	25775305.0	25775568.0	25775477.0	25775568.0	25775040.0	25775115.0						
1676	AT2G46270	GBF3	chr2	+							1676	634,1050,2020,3893,4663,1636,1185,937,858,4851,6065,3324,712,855,1319,1960,2647,2306	296,109,28,281,274,275,364,387,309,512,688,335,335,323,462,355,286,333	1251,703,1072,471,575,298,1145,1067,907,351,456,453,658,762,1006,308,243,482	356,500,386,127,116,192,625,308,717,175,195,162,289,387,563,112,85,220	98	49	1.6875389974299997e-14	1.6097246992151722e-12	0.517,0.828,0.973,0.874,0.895,0.748,0.619,0.548,0.581,0.826,0.815,0.832,0.515,0.57,0.588,0.734,0.822,0.776	0.637,0.413,0.581,0.65,0.713,0.437,0.478,0.634,0.387,0.501,0.539,0.583,0.532,0.496,0.472,0.579,0.588,0.523	0.184	A5SS	0.184	A5SS_chr2_+_19002054-19002230-19002054-19002161-19002321-19002399	19002054.0	19002230.0	19002054.0	19002161.0	19002321.0	19002399.0						
1736	AT5G57565		chr5	+							1736	0,181,175,200,163,56,65,88,256,52,107,143,69,105,53,157,371,186	61,22,154,50,114,0,9,31,58,0,125,0,26,40,37,211,168,253	33,36,63,98,101,145,32,186,106,201,227,87,45,48,82,136,88,94	0,45,1,0,90,9,2,0,0,28,0,23,18,29,13,14,20,57	93	49	3.90356354142e-05	0.0006770119798604	0.0,0.813,0.375,0.678,0.43,1.0,0.792,0.599,0.699,1.0,0.311,1.0,0.583,0.58,0.43,0.282,0.538,0.279	1.0,0.297,0.971,1.0,0.372,0.895,0.894,1.0,1.0,0.791,1.0,0.666,0.568,0.466,0.769,0.837,0.699,0.465	-0.183	A5SS	-0.183	A5SS_chr5_+_23311213-23311285-23311213-23311241-23311383-23311437	23311213.0	23311285.0	23311213.0	23311241.0	23311383.0	23311437.0						
65	AT4G33650	DRP3A	chr4	+							65	46,0,24,28,0,0,6,0,26,0,0,0,38,31,45,1,17,0	279,31,59,110,25,98,141,166,63,82,108,226,149,162,328,168,193,91	61,70,31,64,111,77,126,38,78,0,61,15,38,18,15,14,27,14	158,23,199,210,147,226,29,236,72,63,218,126,45,149,160,48,82,79	52	49	2.1905810498900003e-12	2.0540909998583923e-10	0.134,0.0,0.277,0.193,0.0,0.0,0.039,0.0,0.28,0.0,0.0,0.0,0.194,0.153,0.114,0.006,0.077,0.0	0.267,0.741,0.128,0.223,0.416,0.243,0.804,0.132,0.505,0.0,0.209,0.101,0.443,0.102,0.081,0.216,0.237,0.143	-0.196	A3SS	-0.196	A3SS_chr4_+_16164959-16165058-16164962-16165058-16164757-16164871	16164959.0	16165058.0	16164962.0	16165058.0	16164757.0	16164871.0						
198	AT4G16990	RLM3	chr4	+							198	239,637,487,515,350,41,324,19,142,434,95,419,165,231,306,369,436,483	492,275,380,372,438,270,293,114,243,331,459,613,137,199,263,422,477,728	32,316,246,1158,1112,1155,198,205,195,1054,1189,980,129,136,61,242,277,265	79,27,289,982,763,801,87,148,185,658,1185,1031,125,97,91,352,199,275	52	49	0.0013754997461	0.0156704129952887	0.314,0.686,0.547,0.566,0.43,0.125,0.51,0.136,0.355,0.553,0.163,0.392,0.532,0.522,0.523,0.452,0.463,0.385	0.276,0.917,0.445,0.526,0.579,0.576,0.682,0.566,0.498,0.602,0.486,0.472,0.493,0.569,0.387,0.393,0.567,0.476	-0.103	A3SS	-0.103	A3SS_chr4_+_9563014-9563187-9563017-9563187-9562674-9562885	9563014.0	9563187.0	9563017.0	9563187.0	9562674.0	9562885.0						
256	AT4G05590		chr4	+							256	1,0,0,0,0,0,14,7,0,109,37,0,60,16,13,0,13,77	107,242,85,19,147,254,127,257,326,76,0,176,195,245,274,145,54,0	26,0,32,0,0,0,0,8,0,26,0,0,0,19,6,0,0,9	436,316,304,85,28,85,474,283,201,58,38,87,147,249,238,107,59,119	63	49	0.00375708344117	0.0372348350795628	0.007,0.0,0.0,0.0,0.0,0.0,0.079,0.021,0.0,0.527,1.0,0.0,0.193,0.048,0.036,0.0,0.158,1.0	0.044,0.0,0.076,0.0,0.0,0.0,0.0,0.022,0.0,0.259,0.0,0.0,0.0,0.056,0.019,0.0,0.0,0.056	0.141	A3SS	0.141	A3SS_chr4_+_2908002-2908090-2908016-2908090-2907844-2907897	2908002.0	2908090.0	2908016.0	2908090.0	2907844.0	2907897.0						
271	AT4G02430	SR34b	chr4	+							271	42,190,85,95,134,142,137,68,300,23,291,133,99,147,144,55,134,110	0,73,112,84,40,109,81,49,71,137,117,148,114,58,95,104,54,265	134,260,40,64,112,72,40,71,115,129,123,56,14,67,65,48,48,52	82,45,83,2,0,18,185,0,44,55,154,0,25,32,31,2,20,18	60	49	0.000839585321523	0.010033867715064	1.0,0.68,0.383,0.48,0.732,0.515,0.58,0.531,0.775,0.121,0.67,0.423,0.415,0.674,0.553,0.302,0.67,0.253	0.572,0.825,0.282,0.963,1.0,0.766,0.15,1.0,0.681,0.657,0.395,1.0,0.314,0.631,0.631,0.951,0.662,0.702	-0.135	A3SS	-0.135	A3SS_chr4_+_1071273-1071674-1071284-1071674-1070656-1070886	1071273.0	1071674.0	1071284.0	1071674.0	1070656.0	1070886.0						
338	AT2G39190	ATATH8	chr2	+							338	315,62,499,143,349,196,386,182,207,118,120,298,189,382,612,116,188,192	124,68,0,24,0,0,78,16,39,114,120,0,62,29,63,25,63,98	144,105,329,478,820,440,93,109,379,688,441,501,70,297,116,264,241,537	0,0,42,175,122,46,41,0,41,30,4,43,23,10,3,73,7,37	53	49	0.00174608012895	0.0192621871238918	0.701,0.457,1.0,0.846,1.0,1.0,0.821,0.913,0.831,0.489,0.48,1.0,0.738,0.924,0.9,0.811,0.734,0.644	1.0,1.0,0.879,0.716,0.861,0.898,0.677,1.0,0.895,0.955,0.99,0.915,0.738,0.965,0.973,0.77,0.97,0.931	-0.102	A3SS	-0.102	A3SS_chr2_+_16354495-16354566-16354499-16354566-16354280-16354393	16354495.0	16354566.0	16354499.0	16354566.0	16354280.0	16354393.0						
587	AT3G63180	ATTKL	chr3	-							587	106,309,75,21,0,2,31,43,126,49,2,39,139,100,208,25,24,0	76,42,33,8,26,13,46,41,76,0,8,24,92,65,125,49,64,93	74,82,208,87,126,58,33,94,129,178,66,86,40,50,49,58,23,6	152,106,14,11,0,2,8,0,62,45,31,11,39,66,22,92,27,26	73	49	0.000198042703656	0.002998932369648	0.484,0.832,0.604,0.638,0.0,0.094,0.311,0.413,0.527,1.0,0.144,0.522,0.504,0.508,0.528,0.255,0.201,0.0	0.246,0.342,0.909,0.841,1.0,0.951,0.735,1.0,0.583,0.726,0.588,0.84,0.408,0.337,0.599,0.297,0.364,0.134	-0.185	A3SS	-0.185	A3SS_chr3_-_23337761-23338097-23337761-23338073-23338186-23338253	23337761.0	23338097.0	23337761.0	23338073.0	23338186.0	23338253.0						
749	AT2G39950		chr2	-							749	23,137,90,22,20,28,11,41,15,0,0,38,18,40,45,38,42,88	87,200,143,138,272,2,155,83,294,200,106,93,140,231,229,75,203,61	37,20,0,0,0,0,0,0,60,0,25,17,25,46,20,8,16,36	218,56,268,182,79,189,476,276,207,366,262,174,132,119,176,99,47,201	98	49	9.03412755715e-08	3.3884927668202617e-06	0.117,0.255,0.239,0.074,0.035,0.875,0.034,0.198,0.025,0.0,0.0,0.17,0.06,0.08,0.089,0.202,0.094,0.419	0.078,0.152,0.0,0.0,0.0,0.0,0.0,0.0,0.127,0.0,0.046,0.047,0.087,0.162,0.054,0.039,0.145,0.082	0.108	A3SS	0.108	A3SS_chr2_-_16678034-16679015-16678034-16678278-16679656-16679772	16678034.0	16679015.0	16678034.0	16678278.0	16679656.0	16679772.0						
750	AT2G39950		chr2	-							750	23,138,42,38,20,31,19,0,0,28,0,69,58,33,29,71,100,76	87,200,143,138,272,2,155,83,294,200,106,93,140,231,229,75,203,61	36,0,53,0,0,21,23,8,24,0,51,17,12,38,56,49,13,60	218,56,268,182,79,189,476,276,207,366,262,174,132,119,176,99,47,201	98	49	0.000408280842079	0.0054691686427945	0.117,0.257,0.128,0.121,0.035,0.886,0.058,0.0,0.0,0.065,0.0,0.271,0.172,0.067,0.06,0.321,0.198,0.384	0.076,0.0,0.09,0.0,0.0,0.053,0.024,0.014,0.055,0.0,0.089,0.047,0.043,0.138,0.137,0.198,0.121,0.13	0.107	A3SS	0.107	A3SS_chr2_-_16678034-16679426-16678034-16678278-16679656-16679772	16678034.0	16679426.0	16678034.0	16678278.0	16679656.0	16679772.0						
780	AT5G06120		chr5	+							780	125,193,207,144,235,73,171,134,137,88,41,177,118,185,267,341,249,111	8,0,0,6,0,0,0,0,3,29,0,0,7,27,22,0,9,0	156,143,28,129,18,142,206,143,178,88,88,94,96,180,153,129,44,142	46,0,0,16,0,0,0,65,8,0,10,57,30,29,29,11,14,2	98	49	3.82086109418e-08	1.5024611850985226e-06	0.887,1.0,1.0,0.923,1.0,1.0,1.0,1.0,0.958,0.603,1.0,1.0,0.894,0.774,0.859,1.0,0.933,1.0	0.629,1.0,1.0,0.801,1.0,1.0,1.0,0.524,0.918,1.0,0.815,0.452,0.615,0.756,0.725,0.854,0.611,0.973	0.12	A3SS	0.12	A3SS_chr5_+_1844736-1845549-1845291-1845549-1843936-1844184	1844736.0	1845549.0	1845291.0	1845549.0	1843936.0	1844184.0						
785	AT1G70620		chr1	+							785	22,108,241,30,42,58,77,119,137,131,0,16,32,24,39,25,16,26	0,0,132,10,21,10,35,14,21,0,28,70,0,0,0,0,0,0	69,79,48,100,293,177,43,38,116,56,99,82,4,27,13,11,10,12	0,0,15,33,0,0,92,0,0,0,44,0,0,0,0,0,0,0	98	49	0.000787313237692	0.0095023251163024	1.0,1.0,0.477,0.6,0.5,0.744,0.524,0.81,0.765,1.0,0.0,0.103,1.0,1.0,1.0,1.0,1.0,1.0	1.0,1.0,0.615,0.602,1.0,1.0,0.189,1.0,1.0,1.0,0.529,1.0,1.0,1.0,1.0,1.0,1.0,1.0	-0.134	A3SS	-0.134	A3SS_chr1_+_26627774-26628053-26627841-26628053-26627195-26627512	26627774.0	26628053.0	26627841.0	26628053.0	26627195.0	26627512.0						
891	AT1G73350		chr1	-							891	132,267,342,246,312,348,312,205,274,259,180,453,187,334,385,132,300,357	78,22,0,28,91,40,179,114,202,85,15,118,68,162,163,97,0,96	146,179,240,130,48,268,160,226,220,310,287,247,128,190,210,201,104,208	99,65,67,198,0,216,205,244,123,49,98,133,86,132,88,141,121,192	89	49	3.11931484664e-06	7.60488959610832e-05	0.482,0.87,1.0,0.829,0.654,0.827,0.49,0.497,0.428,0.627,0.869,0.679,0.602,0.532,0.565,0.428,1.0,0.672	0.448,0.603,0.664,0.266,1.0,0.406,0.301,0.338,0.496,0.777,0.617,0.506,0.45,0.442,0.568,0.44,0.321,0.374	0.169	A3SS	0.169	A3SS_chr1_-_27576238-27576519-27576238-27576479-27576900-27576965	27576238.0	27576519.0	27576238.0	27576479.0	27576900.0	27576965.0						
903	AT1G72640		chr1	-							903	183,16,251,113,95,28,94,57,65,235,104,170,120,148,194,272,187,147	338,166,463,309,71,104,141,113,278,104,144,287,212,330,332,513,685,608	50,12,44,189,99,85,214,31,54,159,223,291,41,81,46,192,218,318	176,213,148,798,601,492,241,208,233,797,493,599,138,174,129,619,514,986	52	49	5.51476905867e-05	0.0009672666881321	0.338,0.083,0.338,0.256,0.558,0.202,0.386,0.322,0.181,0.68,0.405,0.358,0.348,0.297,0.355,0.333,0.205,0.186	0.211,0.05,0.219,0.182,0.134,0.14,0.456,0.123,0.179,0.158,0.299,0.314,0.219,0.305,0.252,0.226,0.286,0.233	0.102	A3SS	0.102	A3SS_chr1_-_27347584-27347661-27347584-27347658-27347769-27347856	27347584.0	27347661.0	27347584.0	27347658.0	27347769.0	27347856.0						
961	AT4G15510	PPD1	chr4	+							961	84,315,314,125,135,44,355,6,167,77,182,181,72,224,280,132,147,324	0,38,50,36,98,19,21,85,36,197,0,89,85,95,45,118,34,176	238,113,276,1121,256,755,143,152,192,402,372,339,131,131,58,383,356,591	0,0,18,106,0,13,41,0,51,72,99,54,20,25,17,62,57,119	63	49	4.76379367065e-07	1.38263440107675e-05	1.0,0.866,0.83,0.73,0.517,0.643,0.929,0.052,0.783,0.233,1.0,0.613,0.397,0.647,0.829,0.465,0.771,0.589	1.0,1.0,0.923,0.892,1.0,0.978,0.731,1.0,0.745,0.813,0.745,0.83,0.836,0.803,0.726,0.828,0.829,0.794	-0.199	A3SS	-0.199	A3SS_chr4_+_8861035-8861140-8861049-8861140-8860525-8860814	8861035.0	8861140.0	8861049.0	8861140.0	8860525.0	8860814.0						
962	AT4G15510	PPD1	chr4	+							962	201,113,181,83,29,36,295,42,151,0,147,138,173,226,240,153,116,246	0,60,119,73,160,57,33,95,89,74,116,130,112,67,118,192,111,280	93,21,172,558,522,586,228,186,155,509,378,550,85,111,75,347,301,447	73,74,0,119,34,73,10,76,84,51,155,145,36,64,52,102,52,160	59	49	2.08767900056e-06	5.3576435824897686e-05	1.0,0.61,0.558,0.486,0.131,0.344,0.881,0.269,0.585,0.0,0.513,0.469,0.562,0.737,0.628,0.398,0.465,0.422	0.514,0.191,1.0,0.796,0.927,0.87,0.95,0.67,0.605,0.892,0.669,0.759,0.662,0.59,0.545,0.739,0.828,0.699	-0.214	A3SS	-0.214	A3SS_chr4_+_8861323-8861752-8861333-8861752-8861035-8861140	8861323.0	8861752.0	8861333.0	8861752.0	8861035.0	8861140.0						
1022	AT4G35140		chr4	-							1022	50,139,0,99,54,64,100,44,101,30,32,39,127,121,152,23,55,0	81,266,33,61,120,78,117,119,260,35,16,79,142,104,169,24,121,28	61,58,22,72,11,71,252,61,33,52,69,57,104,117,107,115,84,133	171,63,30,169,0,76,82,111,44,34,43,78,25,83,81,34,52,114	98	49	0.000371037104024	0.0051106692633362	0.236,0.207,0.0,0.448,0.184,0.291,0.299,0.156,0.163,0.3,0.5,0.198,0.309,0.368,0.31,0.324,0.185,0.0	0.151,0.315,0.268,0.176,1.0,0.318,0.606,0.216,0.273,0.433,0.445,0.268,0.675,0.413,0.398,0.628,0.447,0.368	-0.162	A3SS	-0.162	A3SS_chr4_-_16723682-16724502-16723682-16724106-16724903-16725635	16723682.0	16724502.0	16723682.0	16724106.0	16724903.0	16725635.0						
1024	AT1G61150	GID8	chr1	+							1024	373,689,242,419,106,268,570,271,773,119,312,240,185,519,759,236,334,265	168,197,67,141,255,306,179,150,385,275,185,203,94,195,273,164,220,84	421,136,375,454,408,190,630,528,590,149,297,346,309,653,517,217,115,260	121,82,135,61,34,127,150,184,123,18,114,64,127,189,116,79,36,53	98	49	1.02907688038e-07	3.7446110960693137e-06	0.526,0.636,0.644,0.598,0.172,0.305,0.614,0.475,0.501,0.178,0.457,0.372,0.496,0.571,0.582,0.418,0.432,0.612	0.635,0.453,0.581,0.788,0.857,0.428,0.677,0.589,0.706,0.805,0.566,0.73,0.549,0.633,0.69,0.579,0.615,0.71	-0.167	A3SS	-0.167	A3SS_chr1_+_22542862-22542981-22542957-22542981-22542496-22542673	22542862.0	22542981.0	22542957.0	22542981.0	22542496.0	22542673.0						
1097	AT1G31830		chr1	-							1097	129,92,291,128,140,17,286,342,234,350,100,205,186,199,423,194,99,167	85,107,0,104,22,161,132,104,250,55,66,166,133,160,303,48,109,46	393,87,130,72,32,123,181,75,358,155,66,49,219,419,241,64,62,78	300,219,170,142,88,147,228,252,267,106,179,123,39,164,104,38,47,75	98	49	0.000402276845529	0.0054486163855538	0.431,0.301,1.0,0.381,0.761,0.05,0.52,0.622,0.319,0.761,0.431,0.382,0.412,0.383,0.411,0.669,0.312,0.645	0.396,0.166,0.277,0.202,0.154,0.295,0.284,0.13,0.401,0.422,0.156,0.166,0.737,0.561,0.537,0.457,0.397,0.342	0.151	A3SS	0.151	A3SS_chr1_-_11418588-11420423-11418588-11420356-11420683-11420961	11418588.0	11420423.0	11418588.0	11420356.0	11420683.0	11420961.0						
1163	AT2G20585	NFD6	chr2	+							1163	8,90,81,66,21,40,82,34,167,54,0,129,97,74,88,12,0,0	64,0,0,36,0,17,127,37,149,0,24,65,172,99,170,71,48,64	97,83,24,43,0,15,16,92,27,0,22,22,30,54,22,0,30,35	54,50,133,40,91,69,168,195,145,73,105,56,27,60,81,23,4,52	98	49	0.00149056222372	0.0167465009282458	0.059,1.0,1.0,0.478,1.0,0.541,0.244,0.315,0.359,1.0,0.0,0.498,0.22,0.272,0.206,0.078,0.0,0.0	0.473,0.454,0.083,0.35,0.0,0.098,0.045,0.191,0.085,0.0,0.095,0.164,0.357,0.31,0.12,0.0,0.789,0.252	0.189	A3SS	0.189	A3SS_chr2_+_8866092-8866403-8866347-8866403-8865657-8865779	8866092.0	8866403.0	8866347.0	8866403.0	8865657.0	8865779.0						
1197	AT1G17350		chr1	+							1197	182,99,85,104,96,130,122,115,165,112,158,74,77,247,270,136,14,110	0,21,98,14,18,0,81,86,51,0,0,0,0,71,76,26,9,0	54,68,92,142,0,58,103,88,125,0,11,130,58,82,87,77,26,34	8,0,90,39,75,32,24,0,14,12,14,1,0,38,28,14,33,45	82	49	0.00113155122467	0.0131367708845021	1.0,0.738,0.341,0.816,0.761,1.0,0.474,0.444,0.659,1.0,1.0,1.0,1.0,0.675,0.68,0.758,0.482,1.0	0.801,1.0,0.379,0.685,0.0,0.52,0.719,1.0,0.842,0.0,0.32,0.987,1.0,0.563,0.65,0.767,0.32,0.311	0.165	A3SS	0.165	A3SS_chr1_+_5942347-5942442-5942380-5942442-5941548-5941846	5942347.0	5942442.0	5942380.0	5942442.0	5941548.0	5941846.0						
1249	AT1G13770	RUS3	chr1	+							1249	45,76,71,99,72,70,206,108,271,125,57,150,197,225,227,89,115,207	82,26,13,18,8,50,51,27,58,21,51,30,86,42,35,113,34,36	144,114,163,279,287,233,31,134,65,103,85,133,84,176,142,44,57,76	33,21,29,0,0,3,199,66,3,0,10,26,38,20,24,10,11,10	66	49	4.23019600928e-05	0.000752789625593	0.289,0.685,0.802,0.803,0.87,0.51,0.75,0.748,0.776,0.815,0.453,0.788,0.63,0.799,0.828,0.369,0.715,0.81	0.764,0.801,0.807,1.0,1.0,0.983,0.104,0.601,0.941,1.0,0.863,0.792,0.621,0.867,0.815,0.766,0.794,0.849	-0.107	A3SS	-0.107	A3SS_chr1_+_4723610-4723749-4723627-4723749-4723395-4723488	4723610.0	4723749.0	4723627.0	4723749.0	4723395.0	4723488.0						
1347	AT5G13390	NEF1	chr5	+							1347	80,0,0,7,34,0,15,0,117,36,0,63,0,0,3,0,0,0	104,221,144,104,91,85,79,46,96,104,78,58,108,186,333,115,114,111	130,29,54,8,171,6,16,81,160,103,128,54,0,0,0,0,0,0	36,166,89,137,156,74,228,131,112,96,128,143,184,269,128,87,54,114	58	49	0.000311326034809	0.0043789205433754	0.394,0.0,0.0,0.054,0.24,0.0,0.138,0.0,0.507,0.226,0.0,0.479,0.0,0.0,0.008,0.0,0.0,0.0	0.753,0.129,0.339,0.047,0.481,0.064,0.056,0.343,0.547,0.475,0.458,0.242,0.0,0.0,0.0,0.0,0.0,0.0	-0.105	A3SS	-0.105	A3SS_chr5_+_4294836-4295065-4294845-4295065-4294183-4294755	4294836.0	4295065.0	4294845.0	4295065.0	4294183.0	4294755.0						
1435	AT1G02850	BGLU11	chr1	+							1435	315,393,353,530,430,314,361,440,440,1006,1068,326,117,197,326,936,844,357	272,481,744,304,619,377,401,197,416,1423,889,307,176,221,339,942,929,169	393,496,420,143,102,114,495,258,231,43,16,6,234,296,309,49,22,58	424,264,239,0,0,0,120,229,174,0,0,23,243,329,296,29,65,36	98	49	1.07529983256e-05	0.0002221678806594	0.367,0.29,0.192,0.466,0.258,0.294,0.31,0.528,0.346,0.261,0.375,0.347,0.249,0.308,0.325,0.332,0.312,0.514	0.317,0.484,0.468,1.0,1.0,1.0,0.673,0.36,0.399,1.0,1.0,0.115,0.325,0.31,0.343,0.458,0.145,0.446	-0.209	A3SS	-0.209	A3SS_chr1_+_631927-632043-632008-632043-631602-631858	631927.0	632043.0	632008.0	632043.0	631602.0	631858.0						
1544	AT1G01060	LHY	chr1	-							1544	50,87,195,114,120,168,247,128,164,118,235,99,112,133,185,384,359,196	258,163,186,79,98,198,65,86,249,79,160,87,150,74,219,195,413,118	149,151,152,510,416,138,440,351,391,74,164,198,67,128,83,393,203,118	21,218,85,115,313,64,95,102,183,19,89,168,102,93,70,246,94,124	52	49	0.000273957933603	0.0039756514412149	0.154,0.335,0.497,0.576,0.536,0.444,0.782,0.584,0.383,0.585,0.581,0.517,0.413,0.629,0.443,0.65,0.45,0.61	0.87,0.395,0.628,0.807,0.556,0.67,0.814,0.764,0.668,0.786,0.635,0.526,0.382,0.565,0.528,0.601,0.671,0.473	-0.121	A3SS	-0.121	A3SS_chr1_-_34400-35474-34400-35471-35566-35647	34400.0	35474.0	34400.0	35471.0	35566.0	35647.0						
1575	AT1G27752		chr1	+							1575	214,103,45,92,32,210,258,98,280,41,59,109,161,257,312,263,206,205	25,57,80,31,194,56,0,17,44,64,28,64,36,25,52,98,39,0	256,299,220,187,46,107,89,103,214,85,116,181,143,193,333,50,70,171	44,0,14,43,0,19,102,52,3,0,0,1,22,54,69,2,3,21	60	49	6.80128601993e-06	0.0001535327344128	0.875,0.596,0.315,0.708,0.119,0.754,1.0,0.825,0.839,0.343,0.632,0.582,0.785,0.894,0.831,0.687,0.812,1.0	0.826,1.0,0.928,0.78,1.0,0.821,0.416,0.618,0.983,1.0,1.0,0.993,0.841,0.745,0.798,0.953,0.95,0.869	-0.162	A3SS	-0.162	A3SS_chr1_+_9663958-9664053-9663969-9664053-9663087-9663149	9663958.0	9664053.0	9663969.0	9664053.0	9663087.0	9663149.0						
1589	AT1G06150	EMB1444	chr1	-							1589	264,144,43,100,43,0,254,89,195,210,299,238,139,192,402,18,83,142	409,374,360,204,315,172,313,327,362,356,504,239,491,265,526,141,211,507	305,214,175,233,197,224,561,335,239,161,148,127,183,187,161,84,64,120	463,335,409,474,102,201,391,94,255,142,375,439,403,263,300,163,166,223	55	49	8.26538378296e-06	0.0001831909605714	0.365,0.255,0.096,0.304,0.108,0.0,0.42,0.195,0.324,0.344,0.346,0.47,0.201,0.392,0.405,0.102,0.26,0.2	0.37,0.363,0.276,0.305,0.632,0.498,0.561,0.76,0.455,0.503,0.26,0.205,0.288,0.388,0.323,0.315,0.256,0.324	-0.128	A3SS	-0.128	A3SS_chr1_-_1869862-1870009-1869862-1870003-1870156-1870258	1869862.0	1870009.0	1869862.0	1870003.0	1870156.0	1870258.0						
1646	AT1G14270		chr1	-							1646	99,270,291,183,248,87,377,196,325,53,216,121,148,286,407,151,225,532	106,181,30,116,0,11,327,154,186,139,113,429,42,224,263,96,109,74	100,137,242,357,277,228,199,136,225,204,322,316,128,143,130,147,159,224	271,24,303,450,82,485,194,160,180,55,390,355,91,177,163,265,206,449	53	49	0.00018284350619	0.0028213447347545	0.463,0.58,0.9,0.593,1.0,0.88,0.516,0.541,0.618,0.261,0.639,0.207,0.765,0.541,0.589,0.593,0.656,0.869	0.254,0.841,0.425,0.423,0.757,0.303,0.487,0.44,0.536,0.774,0.433,0.451,0.565,0.428,0.424,0.339,0.416,0.316	0.144	A3SS	0.144	A3SS_chr1_-_4876360-4876472-4876360-4876468-4876669-4876767	4876360.0	4876472.0	4876360.0	4876468.0	4876669.0	4876767.0						
1843	AT3G23640	HGL1	chr3	+							1843	443,427,281,120,281,414,337,425,617,111,34,108,444,471,689,123,201,387	116,156,365,215,326,207,149,333,376,205,275,266,174,249,339,259,338,373	465,543,394,327,50,348,522,488,668,361,176,178,409,475,629,229,206,359	395,168,103,155,37,96,260,123,295,359,148,162,192,518,375,121,24,224	69	49	0.000171783461411	0.0026846671725642	0.731,0.66,0.353,0.284,0.38,0.587,0.616,0.475,0.538,0.278,0.081,0.224,0.644,0.573,0.591,0.252,0.297,0.424	0.455,0.697,0.731,0.6,0.49,0.72,0.588,0.738,0.617,0.417,0.458,0.438,0.602,0.394,0.544,0.573,0.859,0.532	-0.137	A3SS	-0.137	A3SS_chr3_+_8502306-8502597-8502326-8502597-8501555-8501989	8502306.0	8502597.0	8502326.0	8502597.0	8501555.0	8501989.0						
1979	AT1G71240		chr1	+							1979	0,0,0,0,0,0,0,8,0,0,0,0,0,9,2,0,0,0	68,85,90,31,36,60,75,86,67,13,55,84,28,65,78,27,15,22	0,0,24,0,95,0,0,23,0,0,0,7,0,8,0,2,13,12	70,66,87,132,158,32,96,72,158,52,75,74,82,53,56,15,0,28	52	49	8.96040308618e-09	4.045456060019786e-07	0.0,0.0,0.0,0.0,0.0,0.0,0.0,0.081,0.0,0.0,0.0,0.0,0.0,0.115,0.024,0.0,0.0,0.0	0.0,0.0,0.206,0.0,0.362,0.0,0.0,0.231,0.0,0.0,0.0,0.082,0.0,0.125,0.0,0.112,1.0,0.288	-0.121	A3SS	-0.121	A3SS_chr1_+_26856086-26856237-26856089-26856237-26855766-26855998	26856086.0	26856237.0	26856089.0	26856237.0	26855766.0	26855998.0						
2084	AT1G09140	SR30	chr1	-							2084	1566,2582,2980,2195,2801,1613,1289,1300,2181,1694,2844,1512,1343,1842,2528,2763,3305,2722	363,349,294,219,210,145,302,409,636,255,333,176,310,420,435,244,278,300	1729,1942,1143,1065,647,1145,1259,1765,1402,900,1192,861,814,1414,1517,761,735,908	280,444,494,322,483,210,696,468,465,231,268,229,168,379,359,231,106,138	98	49	1.32674649045e-10	1.0108149824115938e-08	0.683,0.787,0.835,0.834,0.87,0.848,0.681,0.614,0.632,0.769,0.81,0.811,0.684,0.687,0.744,0.85,0.856,0.819	0.755,0.686,0.536,0.623,0.401,0.732,0.475,0.653,0.601,0.661,0.69,0.653,0.708,0.651,0.679,0.622,0.776,0.767	0.119	A3SS	0.119	A3SS_chr1_-_2943168-2943564-2943168-2943226-2944168-2944246	2943168.0	2943564.0	2943168.0	2943226.0	2944168.0	2944246.0						
2097	AT2G26800	HMGCL	chr2	-							2097	513,686,788,697,771,459,512,723,538,1340,727,894,420,345,558,591,694,1019	0,111,406,199,295,201,270,135,310,162,417,339,87,59,130,69,176,73	523,538,856,713,1027,627,922,522,574,720,755,625,251,352,353,240,129,293	191,264,127,467,773,484,399,403,262,413,415,567,12,65,10,129,58,178	98	49	0.00160951013424	0.0179177429556032	1.0,0.756,0.492,0.637,0.566,0.533,0.487,0.728,0.465,0.805,0.466,0.569,0.707,0.745,0.682,0.811,0.663,0.875	0.578,0.505,0.771,0.433,0.399,0.393,0.536,0.393,0.523,0.466,0.476,0.355,0.913,0.73,0.946,0.482,0.527,0.451	0.117	A3SS	0.117	A3SS_chr2_-_11432021-11432313-11432021-11432202-11432567-11432797	11432021.0	11432313.0	11432021.0	11432202.0	11432567.0	11432797.0						
2170	AT4G33740		chr4	+							2170	0,82,0,9,8,0,93,46,18,20,0,25,111,106,141,0,0,44	41,37,75,41,12,48,116,29,141,44,78,28,68,94,106,6,26,86	77,80,50,27,33,26,102,13,94,0,61,79,49,111,131,20,1,66	32,90,134,127,0,56,38,40,85,28,67,49,62,149,203,51,27,65	85	49	0.00278855070247	0.0290533615924011	0.0,0.561,0.0,0.112,0.278,0.0,0.316,0.478,0.069,0.208,0.0,0.34,0.485,0.394,0.434,0.0,0.0,0.228	0.581,0.339,0.177,0.109,1.0,0.211,0.607,0.158,0.389,0.0,0.344,0.482,0.313,0.3,0.271,0.184,0.021,0.369	-0.108	A3SS	-0.108	A3SS_chr4_+_16187325-16189123-16187361-16189123-16186790-16186954	16187325.0	16189123.0	16187361.0	16189123.0	16186790.0	16186954.0						
2188	AT5G25520		chr5	+							2188	229,193,373,355,285,261,236,212,378,619,244,276,175,240,413,585,269,459	58,10,18,56,131,200,82,40,224,0,226,5,162,134,220,50,90,0	396,307,219,50,0,240,237,542,410,287,146,238,105,216,304,131,49,143	321,45,59,113,76,33,66,130,178,124,80,53,127,142,161,40,25,56	98	49	4.19349538905e-06	9.830520921638364e-05	0.664,0.906,0.912,0.76,0.521,0.395,0.59,0.726,0.458,1.0,0.351,0.965,0.351,0.472,0.484,0.854,0.599,1.0	0.382,0.773,0.65,0.181,0.0,0.784,0.642,0.676,0.535,0.536,0.477,0.692,0.292,0.432,0.486,0.621,0.495,0.561	0.155	A3SS	0.155	A3SS_chr5_+_8888097-8888590-8888530-8888590-8887835-8887956	8888097.0	8888590.0	8888530.0	8888590.0	8887835.0	8887956.0						
2205	AT3G56860	UBA2A	chr3	-							2205	343,478,587,194,69,326,425,268,497,65,24,81,351,320,534,109,237,331	494,845,966,352,155,404,412,464,453,576,555,588,478,431,694,542,698,851	337,298,621,466,256,439,501,438,493,126,370,333,415,454,279,241,120,170	356,224,238,126,314,328,171,332,514,349,490,372,132,204,280,285,263,307	98	49	3.6071146070100003e-13	4.1876882913763706e-11	0.258,0.22,0.233,0.216,0.182,0.287,0.34,0.224,0.354,0.053,0.021,0.064,0.269,0.271,0.278,0.091,0.145,0.163	0.321,0.399,0.566,0.649,0.29,0.401,0.594,0.397,0.324,0.153,0.274,0.309,0.611,0.527,0.333,0.297,0.186,0.217	-0.177	A3SS	-0.177	A3SS_chr3_-_21049532-21050491-21049532-21049754-21050682-21052286	21049532.0	21050491.0	21049532.0	21049754.0	21050682.0	21052286.0						
2207	AT3G56860	UBA2A	chr3	-							2207	190,383,523,163,43,273,312,163,271,65,108,192,191,130,271,112,127,267	494,845,966,352,155,404,412,464,453,576,555,588,478,431,694,542,698,851	198,223,425,239,409,394,325,334,220,66,320,322,109,167,175,222,113,153	356,224,238,126,314,328,171,332,514,349,490,372,132,204,280,285,263,307	98	49	1.11022302463e-16	1.933374095748528e-14	0.161,0.185,0.213,0.188,0.122,0.253,0.275,0.149,0.23,0.053,0.089,0.14,0.167,0.131,0.163,0.094,0.083,0.136	0.218,0.332,0.472,0.487,0.394,0.375,0.487,0.335,0.176,0.086,0.246,0.302,0.292,0.29,0.238,0.28,0.177,0.199	-0.142	A3SS	-0.142	A3SS_chr3_-_21048726-21050017-21048726-21049754-21050682-21052320	21048726.0	21050017.0	21048726.0	21049754.0	21050682.0	21052320.0						
2208	AT3G56860	UBA2A	chr3	-							2208	127,390,413,131,0,212,266,240,223,65,84,192,149,94,172,61,85,131	303,241,160,136,149,236,78,208,234,87,84,91,230,212,440,225,268,328	165,173,317,207,351,286,275,294,219,96,287,298,89,132,138,158,92,135	235,249,115,121,127,154,52,150,235,138,171,112,133,207,169,89,60,94	98	49	2.55722841436e-05	0.0004795786826315	0.173,0.447,0.563,0.325,0.0,0.31,0.63,0.366,0.323,0.272,0.333,0.513,0.245,0.181,0.163,0.119,0.137,0.166	0.26,0.258,0.58,0.461,0.58,0.481,0.726,0.495,0.318,0.258,0.456,0.571,0.251,0.242,0.29,0.47,0.434,0.418	-0.127	A3SS	-0.127	A3SS_chr3_-_21048726-21050017-21048726-21049768-21050682-21052320	21048726.0	21050017.0	21048726.0	21049768.0	21050682.0	21052320.0						
2209	AT3G56860	UBA2A	chr3	-							2209	280,485,477,162,26,265,379,345,449,65,0,81,309,284,435,58,195,195	303,241,160,136,149,236,78,208,234,87,84,91,230,212,440,225,268,328	304,248,513,434,198,331,451,398,492,156,337,309,395,419,242,177,99,152	235,249,115,121,127,154,52,150,235,138,171,112,133,207,169,89,60,94	98	49	1.72212694771e-07	5.673710133131054e-06	0.316,0.502,0.598,0.373,0.08,0.36,0.708,0.453,0.49,0.272,0.0,0.308,0.402,0.401,0.331,0.114,0.267,0.229	0.393,0.332,0.69,0.642,0.438,0.518,0.813,0.57,0.511,0.361,0.496,0.58,0.598,0.503,0.417,0.499,0.452,0.447	-0.17	A3SS	-0.17	A3SS_chr3_-_21048726-21050491-21048726-21049768-21050682-21052320	21048726.0	21050491.0	21048726.0	21049768.0	21050682.0	21052320.0						
2324	AT5G42900	COR27	chr5	-							2324	478,517,481,935,1037,514,322,544,264,489,1030,1047,317,377,495,1029,1126,1154	33,342,220,315,192,125,208,167,212,213,620,172,85,139,175,210,463,260	743,413,337,0,73,246,245,403,741,115,135,127,394,553,505,37,53,279	178,436,210,20,96,373,69,185,238,165,34,112,254,248,296,30,7,108	52	49	0.000285505591672	0.0040944860735078	0.932,0.588,0.673,0.737,0.836,0.795,0.593,0.754,0.54,0.684,0.61,0.852,0.778,0.719,0.727,0.822,0.696,0.807	0.797,0.472,0.602,0.0,0.417,0.383,0.77,0.672,0.746,0.396,0.789,0.517,0.594,0.678,0.617,0.538,0.877,0.709	0.143	A3SS	0.143	A3SS_chr5_-_17198502-17198609-17198502-17198606-17198692-17198978	17198502.0	17198609.0	17198502.0	17198606.0	17198692.0	17198978.0						
2342	AT3G19780		chr3	+							2342	15,0,0,15,9,16,46,76,21,41,27,1,54,29,24,12,0,2	190,242,60,66,131,127,105,67,113,135,188,52,58,100,236,140,94,46	35,8,43,0,36,12,74,86,66,0,58,15,7,37,38,16,21,27	111,161,150,51,0,63,182,150,123,46,52,80,101,124,138,29,46,39	52	49	0.000357254230053	0.0049487830276659	0.069,0.0,0.0,0.176,0.061,0.106,0.292,0.517,0.149,0.223,0.119,0.018,0.467,0.215,0.087,0.075,0.0,0.039	0.229,0.045,0.213,0.0,1.0,0.152,0.277,0.351,0.336,0.0,0.512,0.15,0.061,0.219,0.206,0.342,0.301,0.395	-0.121	A3SS	-0.121	A3SS_chr3_+_6873360-6873461-6873363-6873461-6871919-6873225	6873360.0	6873461.0	6873363.0	6873461.0	6871919.0	6873225.0						
2421	AT5G52040	ATRSP41	chr5	+							2421	802,1046,2134,709,776,932,866,738,1310,1159,1259,1001,654,696,970,495,710,810	1104,1504,850,1103,1467,1546,1164,1432,1925,464,774,1229,1569,1903,2514,1407,1334,1744	1139,381,554,82,219,381,689,761,636,543,474,210,243,356,348,174,31,211	1580,1476,1457,1233,1184,1176,1931,1037,1635,1181,1275,1215,1153,2092,1809,860,663,1299	98	49	0.0	0.0	0.266,0.258,0.557,0.243,0.209,0.232,0.271,0.205,0.254,0.555,0.449,0.289,0.172,0.155,0.162,0.15,0.21,0.188	0.265,0.114,0.16,0.032,0.085,0.139,0.151,0.268,0.163,0.187,0.157,0.08,0.095,0.078,0.088,0.092,0.023,0.075	0.143	A3SS	0.143	A3SS_chr5_+_21131561-21132199-21132086-21132199-21131075-21131186	21131561.0	21132199.0	21132086.0	21132199.0	21131075.0	21131186.0						
2465	AT3G15520	CYP37	chr3	-							2465	2,88,0,25,43,0,32,102,71,79,168,18,29,66,63,101,35,0	87,48,196,76,68,51,188,101,205,126,114,89,159,286,392,111,419,113	24,2,28,257,0,91,22,53,24,125,18,60,0,32,8,46,51,40	101,70,421,537,390,525,137,59,276,380,536,565,172,170,110,630,387,769	54	49	6.83105857643e-05	0.0011646238328207	0.02,0.625,0.0,0.23,0.365,0.0,0.134,0.478,0.239,0.363,0.572,0.155,0.142,0.173,0.127,0.452,0.07,0.0	0.177,0.025,0.057,0.303,0.0,0.136,0.127,0.449,0.073,0.23,0.03,0.088,0.0,0.146,0.062,0.062,0.107,0.045	0.113	A3SS	0.113	A3SS_chr3_-_5251846-5252112-5251846-5252107-5252258-5252697	5251846.0	5252112.0	5251846.0	5252107.0	5252258.0	5252697.0						
2618	AT3G04500		chr3	-							2618	516,865,1131,1040,1099,761,444,764,1077,1310,1409,900,394,640,906,960,1344,1069	366,282,78,274,233,323,400,606,484,94,255,86,502,544,762,66,182,106	605,556,597,341,83,341,589,572,600,93,250,222,397,519,491,134,200,198	272,553,445,224,321,295,384,216,348,89,246,334,312,428,239,257,106,254	98	49	5.25800958329e-10	3.4646019902867626e-08	0.413,0.605,0.879,0.655,0.702,0.541,0.357,0.387,0.527,0.874,0.734,0.84,0.282,0.37,0.373,0.879,0.787,0.835	0.527,0.335,0.401,0.432,0.114,0.366,0.434,0.57,0.463,0.343,0.337,0.249,0.389,0.377,0.507,0.207,0.485,0.28	0.235	A3SS	0.235	A3SS_chr3_-_1212469-1212735-1212469-1212566-1212833-1212931	1212469.0	1212735.0	1212469.0	1212566.0	1212833.0	1212931.0						
2619	AT3G49430	SR34A	chr3	+							2619	388,508,500,655,474,416,252,415,448,618,405,614,309,539,760,713,868,392	729,763,77,209,402,667,586,356,1002,215,182,332,1116,1533,2093,253,283,242	500,363,294,233,48,311,768,269,503,235,376,138,230,551,556,187,82,251	791,927,765,942,214,570,919,502,784,538,592,651,539,1136,677,398,295,583	98	49	8.69450922369e-09	3.9994742428974e-07	0.21,0.25,0.765,0.61,0.371,0.238,0.177,0.368,0.183,0.59,0.527,0.48,0.122,0.15,0.154,0.585,0.605,0.447	0.24,0.164,0.161,0.11,0.101,0.214,0.295,0.211,0.243,0.179,0.241,0.096,0.176,0.195,0.291,0.19,0.122,0.177	0.19	A3SS	0.19	A3SS_chr3_+_18332247-18332754-18332641-18332754-18331508-18331712	18332247.0	18332754.0	18332641.0	18332754.0	18331508.0	18331712.0						
2648	AT3G08840		chr3	-							2648	50,110,166,25,28,56,158,101,94,0,124,65,45,130,150,98,96,36	47,26,0,39,0,31,30,61,36,49,58,110,32,55,55,0,22,0	151,71,123,62,56,28,103,79,79,174,64,62,66,92,130,51,17,69	40,37,29,0,0,0,52,42,21,3,21,11,0,31,65,0,2,5	98	49	0.00334138194507	0.0336623519920688	0.347,0.679,1.0,0.243,1.0,0.475,0.725,0.453,0.566,0.0,0.517,0.228,0.413,0.542,0.577,1.0,0.686,1.0	0.654,0.49,0.68,1.0,1.0,1.0,0.498,0.485,0.653,0.967,0.604,0.738,1.0,0.597,0.5,1.0,0.81,0.873	-0.172	A3SS	-0.172	A3SS_chr3_-_2680056-2680563-2680056-2680165-2680664-2680908	2680056.0	2680563.0	2680056.0	2680165.0	2680664.0	2680908.0						
84	AT1G75670		chr1	-			28415847.0	28415957.0	28416744.0	28416867.0	84	411,290,710,177,246,337,212,420,425,113,110,150,336,463,733,281,207,166	370,228,275,198,69,354,509,241,442,220,97,55,530,551,839,185,158,0	390,196,170,42,97,261,221,256,321,58,171,137,256,405,460,104,86,112	314,151,285,315,64,230,622,480,476,283,59,127,352,548,408,127,54,212	98	98	0.000991696766177	0.0164869587376926	0.526,0.56,0.721,0.472,0.781,0.488,0.294,0.635,0.49,0.339,0.531,0.732,0.388,0.457,0.466,0.603,0.567,1.0	0.554,0.565,0.374,0.118,0.602,0.532,0.262,0.348,0.403,0.17,0.743,0.519,0.421,0.425,0.53,0.45,0.614,0.346	0.115	MXE	0.115	MXE_chr1_-_28416069-28416221-28416395-28416519-28415847-28415957-28416744-28416867							28416069.0	28416221.0	28416395.0	28416519.0		
184	AT5G65685		chr5	-			26274791.0	26274996.0	26275748.0	26275857.0	184	31,37,78,56,31,14,76,28,70,60,49,102,27,39,56,16,0,20	304,207,404,140,114,59,164,190,484,180,216,109,347,256,303,136,192,245	30,60,59,140,91,174,69,108,45,136,127,189,0,30,23,29,72,73	161,33,293,356,265,209,316,51,292,267,406,226,198,171,230,102,209,204	83	98	0.001248548244	0.0195361078178823	0.107,0.174,0.186,0.321,0.243,0.219,0.354,0.148,0.146,0.282,0.211,0.525,0.084,0.152,0.179,0.122,0.0,0.088	0.18,0.682,0.192,0.317,0.288,0.496,0.205,0.714,0.154,0.376,0.27,0.497,0.0,0.172,0.106,0.251,0.289,0.297	-0.108	MXE	-0.108	MXE_chr5_-_26275107-26275236-26275480-26275514-26274791-26274996-26275748-26275857							26275107.0	26275236.0	26275480.0	26275514.0		
197	AT5G26240	CLC-D	chr5	+			9189424.0	9189877.0	9190419.0	9190518.0	197	57,74,262,165,223,144,124,95,153,113,203,60,161,158,327,136,129,154	0,32,86,34,0,27,34,56,24,68,89,104,94,49,107,70,57,0	265,177,200,122,75,171,153,203,149,51,188,89,142,220,159,89,61,111	34,14,14,6,0,2,60,57,5,0,5,26,28,40,53,6,8,17	98	96	6.01540660616e-08	5.333660524128534e-06	1.0,0.694,0.749,0.826,1.0,0.839,0.781,0.624,0.862,0.619,0.691,0.361,0.627,0.76,0.75,0.656,0.689,1.0	0.884,0.925,0.933,0.952,1.0,0.988,0.714,0.777,0.967,1.0,0.974,0.77,0.832,0.843,0.746,0.936,0.882,0.865	-0.137	MXE	-0.137	MXE_chr5_+_9189971-9190193-9190278-9190325-9189424-9189877-9190419-9190518							9189971.0	9190193.0	9190278.0	9190325.0		
268	AT3G43300	ATMIN7	chr3	-			15243246.0	15243368.0	15244931.0	15245034.0	268	0,0,0,9,44,29,127,135,55,0,18,64,44,66,132,78,23,119	169,78,237,76,124,112,113,179,129,95,70,74,114,245,294,143,76,165	79,161,113,109,39,125,91,96,22,54,148,104,132,100,74,37,25,49	93,77,201,103,0,116,35,224,234,153,175,154,147,246,322,102,33,127	98	98	5.07501666025e-07	2.699908863253e-05	0.0,0.0,0.0,0.106,0.262,0.206,0.529,0.43,0.299,0.0,0.205,0.464,0.278,0.212,0.31,0.353,0.232,0.419	0.459,0.676,0.36,0.514,1.0,0.519,0.722,0.3,0.086,0.261,0.458,0.403,0.473,0.289,0.187,0.266,0.431,0.278	-0.188	MXE	-0.188	MXE_chr3_-_15243534-15243775-15244115-15244164-15243246-15243368-15244931-15245034							15243534.0	15243775.0	15244115.0	15244164.0		
5	AT4G39270		chr4	+			18276310.0	18278768.0	18278856.0	18278985.0	5	66,65,174,80,19,48,27,211,44,78,40,4,91,92,102,58,11,47	234,216,102,80,19,82,202,78,159,33,286,69,128,65,64,38,46,48	160,62,54,300,163,156,204,78,64,46,117,111,132,78,29,70,51,68	191,230,57,58,0,139,191,350,232,24,30,113,143,143,189,26,32,25	98	49	0.00507308949652	0.0332257284416349	0.124,0.131,0.46,0.333,0.333,0.226,0.063,0.575,0.122,0.542,0.065,0.028,0.262,0.414,0.443,0.433,0.107,0.329	0.295,0.119,0.321,0.721,1.0,0.359,0.348,0.1,0.121,0.489,0.661,0.329,0.316,0.214,0.071,0.574,0.443,0.576	-0.115	RI	-0.115	RI_chr4_+_18276310-18278985-18276310-18278768-18278856-18278985											18276310.0	18278985.0
6	AT4G39270		chr4	+			18276310.0	18278985.0	18279065.0	18279088.0	6	131,107,93,94,75,95,40,139,73,32,0,30,204,78,136,51,20,128	136,149,110,113,91,33,241,115,51,144,318,300,74,52,117,81,69,65	62,102,56,17,86,119,239,45,205,163,134,54,155,86,33,45,59,125	292,496,225,42,34,67,77,435,335,0,47,60,191,168,148,2,0,9	98	49	0.00758928323957	0.0474544993508207	0.325,0.264,0.297,0.294,0.292,0.59,0.077,0.377,0.417,0.1,0.0,0.048,0.58,0.429,0.368,0.239,0.127,0.496	0.096,0.093,0.111,0.168,0.558,0.47,0.608,0.049,0.234,1.0,0.588,0.31,0.289,0.204,0.1,0.918,1.0,0.874	-0.131	RI	-0.131	RI_chr4_+_18276310-18279088-18276310-18278985-18279065-18279088											18276310.0	18279088.0
7	AT4G39270		chr4	+			18276535.0	18279088.0	18279162.0	18279898.0	7	98,105,43,35,43,41,31,98,17,0,0,64,139,67,112,47,0,18	94,148,110,137,157,104,290,155,71,116,303,271,95,63,155,81,58,118	57,38,38,97,68,95,219,42,111,87,93,17,88,88,52,37,51,69	309,524,297,59,34,91,63,402,370,28,62,79,210,214,153,12,8,9	98	49	0.000126088148355	0.0012170566708207	0.343,0.262,0.163,0.113,0.12,0.165,0.051,0.24,0.107,0.0,0.0,0.106,0.422,0.347,0.265,0.225,0.0,0.071	0.084,0.035,0.06,0.451,0.5,0.343,0.635,0.05,0.13,0.608,0.429,0.097,0.173,0.171,0.145,0.607,0.761,0.793	-0.171	RI	-0.171	RI_chr4_+_18276535-18279898-18276535-18279088-18279162-18279898											18276535.0	18279898.0
40	AT4G35785		chr4	-			16953522.0	16953592.0	16953853.0	16953890.0	40	1616,2110,1661,872,927,943,1451,1708,2047,1079,596,910,1233,1228,2383,695,826,2065	121,52,477,204,275,150,72,71,156,356,329,267,154,89,140,183,87,210	1526,1377,2060,963,942,1104,2297,1842,1897,1050,1390,1152,855,1115,833,504,354,611	72,207,143,60,0,45,150,156,104,103,27,86,52,88,136,46,21,82	98	49	3.46402274642e-08	6.547398126408297e-07	0.87,0.953,0.635,0.681,0.628,0.759,0.91,0.923,0.868,0.602,0.475,0.63,0.8,0.873,0.895,0.655,0.826,0.831	0.914,0.769,0.878,0.889,1.0,0.925,0.884,0.855,0.901,0.836,0.963,0.87,0.892,0.864,0.754,0.846,0.894,0.788	-0.106	RI	-0.106	RI_chr4_-_16953522-16953890-16953522-16953592-16953853-16953890											16953522.0	16953890.0
98	AT4G30890	UBP24	chr4	-			15038810.0	15038899.0	15039142.0	15039417.0	98	576,614,98,251,197,353,499,359,806,417,469,225,798,620,999,283,401,60	132,82,0,10,34,88,97,15,30,0,61,108,155,108,170,125,59,38	507,509,535,333,200,79,686,569,720,472,278,384,631,949,724,170,220,278	125,75,101,121,159,72,167,192,161,54,104,230,65,111,116,63,81,56	98	49	2.79142422716e-05	0.0003118240411957	0.686,0.789,1.0,0.926,0.743,0.667,0.72,0.923,0.931,1.0,0.794,0.51,0.72,0.742,0.746,0.531,0.773,0.441	0.67,0.772,0.726,0.579,0.386,0.354,0.673,0.597,0.691,0.814,0.572,0.455,0.829,0.81,0.757,0.574,0.576,0.713	0.116	RI	0.116	RI_chr4_-_15038810-15039417-15038810-15038899-15039142-15039417											15038810.0	15039417.0
224	AT4G21400	CRK28	chr4	-			11400868.0	11401477.0	11401555.0	11401709.0	224	455,652,234,209,82,208,321,458,505,101,36,264,172,144,261,83,147,165	26,0,183,35,18,2,23,48,49,0,0,210,0,30,51,110,129,24	337,178,109,41,251,167,194,494,395,257,348,127,43,102,78,61,66,45	45,0,55,0,0,0,0,10,5,49,0,14,0,24,20,4,0,5	98	49	0.000214816969041	0.0019655968738857	0.897,1.0,0.39,0.749,0.695,0.981,0.875,0.827,0.837,1.0,1.0,0.386,1.0,0.706,0.719,0.274,0.363,0.775	0.789,1.0,0.498,1.0,1.0,1.0,1.0,0.961,0.975,0.724,1.0,0.819,1.0,0.68,0.661,0.884,1.0,0.818	-0.13	RI	-0.13	RI_chr4_-_11400868-11401709-11400868-11401477-11401555-11401709											11400868.0	11401709.0
318	AT4G16660		chr4	+			9376698.0	9376834.0	9377178.0	9377986.0	318	146,119,52,73,199,121,133,101,328,149,36,109,129,221,292,160,175,2	39,31,0,48,63,30,96,143,265,0,49,0,205,194,330,92,30,55	156,142,288,105,142,175,282,228,207,49,162,63,61,157,71,33,39,23	223,99,119,163,0,38,116,213,181,82,91,89,77,249,205,73,32,89	98	49	0.00575244166294	0.0372821219119618	0.652,0.657,1.0,0.432,0.612,0.669,0.409,0.261,0.382,1.0,0.269,1.0,0.239,0.363,0.307,0.465,0.745,0.018	0.259,0.418,0.548,0.244,1.0,0.697,0.549,0.349,0.364,0.23,0.471,0.261,0.284,0.24,0.148,0.184,0.379,0.114	0.152	RI	0.152	RI_chr4_+_9376698-9377986-9376698-9376834-9377178-9377986											9376698.0	9377986.0
441	AT4G02430	SR34b	chr4	+			1070656.0	1070886.0	1071284.0	1071674.0	441	480,371,207,203,113,117,138,202,202,320,196,132,309,433,592,291,438,387	0,73,112,84,40,109,81,49,71,137,117,148,114,58,95,104,54,265	464,206,233,458,239,160,279,491,422,430,279,221,118,288,513,202,101,213	82,45,83,2,0,18,185,0,44,55,154,0,25,32,31,2,20,18	98	49	9.56513757089e-11	2.612543893675505e-09	1.0,0.718,0.48,0.547,0.585,0.349,0.46,0.673,0.587,0.539,0.456,0.308,0.575,0.789,0.757,0.583,0.802,0.422	0.739,0.696,0.584,0.991,1.0,0.816,0.43,1.0,0.827,0.796,0.475,1.0,0.702,0.818,0.892,0.981,0.716,0.855	-0.205	RI	-0.205	RI_chr4_+_1070656-1071674-1070656-1070886-1071284-1071674											1070656.0	1071674.0
508	AT2G45830	DTA2	chr2	+			18865922.0	18866503.0	18866606.0	18867160.0	508	121,201,44,217,65,116,153,91,107,202,165,118,137,80,133,76,114,262	26,31,0,22,39,0,18,0,67,0,0,11,38,22,63,0,11,0	230,124,108,45,78,144,167,220,225,163,82,170,89,205,161,111,79,219	60,29,42,7,0,39,26,47,40,94,41,93,33,114,80,10,12,44	98	49	3.79015839824e-08	7.056508388633349e-07	0.699,0.764,1.0,0.831,0.455,1.0,0.81,1.0,0.444,1.0,1.0,0.843,0.643,0.645,0.514,1.0,0.838,1.0	0.657,0.681,0.562,0.763,1.0,0.649,0.763,0.701,0.738,0.464,0.5,0.478,0.574,0.473,0.502,0.847,0.767,0.713	0.147	RI	0.147	RI_chr2_+_18865922-18867160-18865922-18866503-18866606-18867160											18865922.0	18867160.0
663	AT2G35060	KUP11	chr2	-			14778034.0	14778202.0	14778749.0	14779106.0	663	140,131,209,222,158,36,26,177,159,274,190,40,122,158,215,377,546,298	42,80,202,140,0,11,176,58,56,210,71,106,90,43,50,104,41,138	295,102,304,149,110,146,162,218,229,132,107,70,228,445,471,86,80,110	58,98,96,20,0,0,93,73,37,53,30,32,87,103,209,7,7,24	98	49	0.00208862280408	0.014919819128022	0.625,0.45,0.341,0.442,1.0,0.621,0.069,0.604,0.587,0.395,0.572,0.159,0.404,0.648,0.683,0.644,0.869,0.519	0.718,0.342,0.613,0.788,1.0,1.0,0.466,0.599,0.756,0.555,0.641,0.522,0.567,0.684,0.53,0.86,0.851,0.696	-0.142	RI	-0.142	RI_chr2_-_14778034-14779106-14778034-14778202-14778749-14779106											14778034.0	14779106.0
874	AT2G20815	QWRF3	chr2	+			8959254.0	8960041.0	8960128.0	8960923.0	874	77,17,0,1,0,28,27,78,95,43,50,37,115,23,79,60,71,63	14,40,81,27,77,0,0,0,98,0,0,22,8,18,33,10,4,102	2,20,16,21,36,76,81,30,74,91,46,50,32,15,41,1,13,2	52,0,0,0,0,15,9,20,45,0,0,0,8,21,43,0,0,0	98	49	0.00326446434342	0.0223829686222631	0.733,0.175,0.0,0.018,0.0,1.0,1.0,1.0,0.326,1.0,1.0,0.457,0.878,0.39,0.545,0.75,0.899,0.236	0.019,1.0,1.0,1.0,1.0,0.717,0.818,0.429,0.451,1.0,1.0,1.0,0.667,0.263,0.323,1.0,1.0,1.0	-0.182	RI	-0.182	RI_chr2_+_8959254-8960923-8959254-8960041-8960128-8960923											8959254.0	8960923.0
1132	AT4G14300	RNP1	chr4	+			8231771.0	8232877.0	8233099.0	8233159.0	1132	263,253,125,264,105,329,117,402,269,147,166,111,209,427,428,219,248,143	136,0,138,73,225,63,76,167,153,0,88,145,40,84,125,58,152,0	210,225,273,230,96,300,220,263,315,267,132,223,273,371,360,199,128,304	8,91,39,88,0,68,80,42,71,0,0,56,57,107,152,19,4,25	98	49	0.00109889048528	0.008629675517104	0.492,1.0,0.312,0.644,0.189,0.723,0.435,0.546,0.468,1.0,0.485,0.277,0.723,0.718,0.631,0.654,0.449,1.0	0.929,0.553,0.778,0.567,1.0,0.688,0.579,0.758,0.689,1.0,1.0,0.666,0.705,0.634,0.542,0.84,0.941,0.859	-0.166	RI	-0.166	RI_chr4_+_8231771-8233159-8231771-8232877-8233099-8233159											8231771.0	8233159.0
1232	AT3G52340	SPP2	chr3	+			19406852.0	19407274.0	19407406.0	19407471.0	1232	140,136,102,221,376,127,163,93,127,125,248,180,187,143,154,452,347,92	201,310,0,117,158,21,241,144,125,218,59,253,104,110,178,157,227,271	145,162,150,141,11,16,54,140,48,60,56,26,59,103,101,75,43,109	101,156,167,127,67,92,100,167,203,94,168,115,43,133,101,31,53,109	98	49	0.000199430382856	0.0018461237116893	0.258,0.18,1.0,0.486,0.543,0.751,0.253,0.244,0.337,0.223,0.678,0.262,0.473,0.394,0.302,0.59,0.433,0.145	0.418,0.342,0.31,0.357,0.076,0.08,0.213,0.295,0.106,0.242,0.143,0.102,0.407,0.279,0.333,0.547,0.289,0.333	0.149	RI	0.149	RI_chr3_+_19406852-19407471-19406852-19407274-19407406-19407471											19406852.0	19407471.0
1245	AT3G51830	SAC8	chr3	+			19221395.0	19221429.0	19221567.0	19221648.0	1245	0,0,0,107,0,0,47,96,86,128,40,11,33,46,56,23,66,35	91,252,61,230,203,288,154,198,297,548,209,81,260,227,350,343,268,269	130,30,58,0,79,24,34,2,56,97,24,12,19,43,54,74,21,72	130,166,198,196,0,61,169,294,258,33,151,136,72,180,307,102,61,162	98	49	0.00110711790044	0.0086691691730752	0.0,0.0,0.0,0.189,0.0,0.0,0.132,0.195,0.126,0.105,0.087,0.064,0.06,0.092,0.074,0.032,0.11,0.061	0.333,0.083,0.128,0.0,1.0,0.164,0.091,0.003,0.098,0.595,0.074,0.042,0.117,0.107,0.081,0.266,0.147,0.182	-0.121	RI	-0.121	RI_chr3_+_19221395-19221648-19221395-19221429-19221567-19221648											19221395.0	19221648.0
1280	AT5G19030		chr5	-			6357382.0	6357584.0	6357770.0	6357877.0	1280	0,0,0,10,0,0,5,0,15,0,0,0,34,20,54,0,0,0	110,37,63,36,56,102,47,70,112,12,110,100,108,97,113,73,158,193	26,72,1,22,0,37,1,32,0,0,12,18,17,30,40,8,0,9	22,106,87,52,47,33,161,40,68,2,80,53,14,38,52,55,30,26	98	49	1.22124532709e-15	5.3723986911189294e-14	0.0,0.0,0.0,0.122,0.0,0.0,0.051,0.0,0.063,0.0,0.0,0.0,0.136,0.093,0.193,0.0,0.0,0.0	0.371,0.254,0.006,0.175,0.0,0.359,0.003,0.286,0.0,0.0,0.07,0.145,0.378,0.283,0.278,0.068,0.0,0.148	-0.12	RI	-0.12	RI_chr5_-_6357382-6357877-6357382-6357584-6357770-6357877											6357382.0	6357877.0
1314	AT5G11980		chr5	-			3868651.0	3869099.0	3869231.0	3869416.0	1314	103,54,160,116,96,305,147,165,75,192,97,134,34,18,23,13,59,46	585,531,137,138,260,155,539,387,372,83,35,311,325,427,748,372,203,345	11,147,116,10,0,0,102,237,108,67,37,33,32,89,91,14,25,2	270,536,738,237,334,414,496,566,502,307,477,309,296,385,187,142,131,365	98	49	6.82716031597e-07	1.013069072557817e-05	0.081,0.048,0.369,0.296,0.156,0.496,0.12,0.176,0.092,0.536,0.581,0.177,0.05,0.021,0.015,0.017,0.127,0.063	0.02,0.121,0.073,0.021,0.0,0.0,0.093,0.173,0.097,0.098,0.037,0.051,0.051,0.104,0.196,0.047,0.087,0.003	0.119	RI	0.119	RI_chr5_-_3868651-3869416-3868651-3869099-3869231-3869416											3868651.0	3869416.0
1416	AT5G06120		chr5	+			1844736.0	1844803.0	1845291.0	1845549.0	1416	82,111,162,104,226,84,173,62,69,26,78,48,97,136,200,214,135,133	0,34,32,18,0,0,0,84,46,0,0,54,38,26,52,34,15,0	88,41,20,32,18,146,99,72,106,0,152,93,87,115,65,96,28,53	44,29,0,74,0,14,32,30,73,52,23,20,15,49,61,17,12,55	98	49	1.82225766021e-06	2.4885831947538217e-05	1.0,0.62,0.717,0.743,1.0,1.0,1.0,0.27,0.429,1.0,1.0,0.308,0.561,0.723,0.658,0.759,0.818,1.0	0.5,0.414,1.0,0.178,1.0,0.839,0.607,0.545,0.421,0.0,0.768,0.699,0.744,0.54,0.348,0.738,0.538,0.325	0.189	RI	0.189	RI_chr5_+_1844736-1845549-1844736-1844803-1845291-1845549											1844736.0	1845549.0
1427	AT5G05550		chr5	-			1639453.0	1639551.0	1639823.0	1640960.0	1427	226,125,114,132,77,140,255,106,113,68,155,65,245,290,299,171,258,125	88,87,48,210,246,266,166,63,163,326,110,126,115,133,167,131,104,122	192,254,154,179,144,193,10,108,106,174,113,151,78,144,114,200,166,192	246,101,17,94,0,50,67,168,80,67,78,44,24,126,143,74,24,82	98	49	0.00110740744818	0.0086691691730752	0.562,0.418,0.543,0.239,0.135,0.208,0.434,0.457,0.257,0.094,0.413,0.205,0.516,0.522,0.472,0.395,0.554,0.339	0.281,0.557,0.819,0.488,1.0,0.659,0.069,0.243,0.398,0.565,0.42,0.632,0.619,0.364,0.285,0.575,0.776,0.539	-0.14	RI	-0.14	RI_chr5_-_1639453-1640960-1639453-1639551-1639823-1640960											1639453.0	1640960.0
1435	AT1G70620		chr1	+			26630246.0	26630582.0	26630700.0	26631104.0	1435	448,863,1346,697,699,463,653,559,1007,671,1181,603,438,851,1148,1005,883,867	395,552,688,538,498,512,440,488,669,531,699,981,405,373,521,263,552,493	663,542,511,440,150,318,163,549,706,459,659,234,361,440,390,222,218,335	489,510,846,956,690,858,472,737,779,1050,570,751,334,316,192,222,290,252	98	49	1.38285605189e-10	3.599045776934654e-09	0.362,0.439,0.494,0.393,0.412,0.311,0.426,0.364,0.429,0.387,0.458,0.235,0.351,0.533,0.524,0.656,0.444,0.468	0.404,0.347,0.232,0.187,0.098,0.156,0.147,0.271,0.312,0.179,0.366,0.135,0.351,0.41,0.504,0.333,0.273,0.399	0.143	RI	0.143	RI_chr1_+_26630246-26631104-26630246-26630582-26630700-26631104											26630246.0	26631104.0
1442	AT3G27320	CXE11	chr3	+			10090055.0	10090592.0	10090688.0	10091151.0	1442	148,364,0,101,160,134,93,174,150,40,42,176,313,194,291,131,197,215	123,58,72,64,84,95,188,158,136,35,72,43,196,126,194,73,68,50	240,57,201,237,244,363,193,138,216,192,291,292,275,192,94,115,107,264	143,85,213,12,0,48,93,234,94,168,71,44,205,152,110,30,23,106	98	49	0.0036805346449	0.0249603515959043	0.376,0.758,0.0,0.441,0.488,0.414,0.198,0.355,0.355,0.364,0.226,0.672,0.444,0.435,0.429,0.473,0.592,0.683	0.456,0.251,0.321,0.908,1.0,0.791,0.509,0.228,0.535,0.364,0.672,0.768,0.401,0.387,0.299,0.657,0.699,0.555	-0.117	RI	-0.117	RI_chr3_+_10090055-10091151-10090055-10090592-10090688-10091151											10090055.0	10091151.0
1492	AT4G37110		chr4	-			17485375.0	17485790.0	17485916.0	17486358.0	1492	178,56,0,4,0,28,93,69,281,0,0,172,160,113,175,11,1,6	149,151,129,18,16,72,147,166,220,83,45,260,271,242,489,63,42,40	107,277,169,22,193,127,90,40,152,124,181,117,56,37,47,162,140,100	178,127,258,276,331,252,63,190,180,234,228,195,78,124,113,108,126,126	98	49	5.29059177024e-07	8.042670241548331e-06	0.374,0.156,0.0,0.1,0.0,0.163,0.24,0.172,0.39,0.0,0.0,0.249,0.228,0.189,0.152,0.08,0.012,0.07	0.231,0.522,0.247,0.038,0.226,0.201,0.417,0.095,0.297,0.209,0.284,0.231,0.264,0.13,0.172,0.429,0.357,0.284	-0.114	RI	-0.114	RI_chr4_-_17485375-17486358-17485375-17485790-17485916-17486358											17485375.0	17486358.0
1512	AT1G80860	PLMT	chr1	-			30387977.0	30388302.0	30388378.0	30388681.0	1512	155,91,26,116,151,134,293,135,206,136,43,232,182,179,279,53,119,181	144,311,376,153,138,112,260,58,232,328,138,140,103,108,230,28,54,26	143,174,158,45,28,171,31,43,134,239,108,157,75,129,98,74,67,112	243,187,287,32,528,95,165,188,183,159,181,108,219,183,153,130,86,122	98	49	0.00213030164329	0.0151498275662297	0.35,0.128,0.033,0.275,0.354,0.374,0.36,0.538,0.307,0.172,0.135,0.453,0.469,0.453,0.378,0.486,0.524,0.777	0.227,0.318,0.216,0.413,0.026,0.474,0.086,0.103,0.268,0.429,0.23,0.421,0.146,0.261,0.243,0.222,0.28,0.315	0.105	RI	0.105	RI_chr1_-_30387977-30388681-30387977-30388302-30388378-30388681											30387977.0	30388681.0
1527	AT1G80000	MLN51	chr1	+			30092806.0	30093078.0	30093160.0	30093661.0	1527	265,67,246,124,23,28,115,97,114,114,93,80,175,242,384,111,96,66	53,93,187,45,68,34,88,47,82,92,85,77,95,99,139,28,168,44	113,142,125,229,306,134,284,346,203,230,213,145,164,313,173,166,165,140	141,119,22,136,75,32,141,106,170,82,44,71,54,122,147,41,28,128	98	49	0.00249602902338	0.0174757186974957	0.714,0.265,0.397,0.579,0.145,0.292,0.395,0.508,0.41,0.383,0.354,0.342,0.479,0.55,0.58,0.665,0.222,0.429	0.286,0.374,0.74,0.457,0.671,0.677,0.502,0.62,0.374,0.584,0.708,0.505,0.603,0.562,0.37,0.669,0.747,0.354	-0.116	RI	-0.116	RI_chr1_+_30092806-30093661-30092806-30093078-30093160-30093661											30092806.0	30093661.0
1564	AT4G24740	AFC2	chr4	-			12756539.0	12756566.0	12756744.0	12756934.0	1564	73,133,105,124,73,215,25,121,99,121,99,175,85,175,131,137,126,123	86,118,60,119,90,93,142,96,140,99,0,178,81,173,175,52,63,140	62,39,99,148,51,38,0,68,100,0,54,26,41,120,118,55,44,51	85,304,114,82,62,121,281,113,90,33,57,56,91,130,174,55,17,87	98	49	8.11078299268e-06	9.955235125089453e-05	0.298,0.36,0.467,0.343,0.289,0.536,0.081,0.387,0.261,0.379,1.0,0.33,0.344,0.336,0.272,0.568,0.5,0.305	0.267,0.06,0.303,0.474,0.291,0.136,0.0,0.231,0.357,0.0,0.321,0.188,0.184,0.316,0.253,0.333,0.564,0.227	0.142	RI	0.142	RI_chr4_-_12756539-12756934-12756539-12756566-12756744-12756934											12756539.0	12756934.0
1588	AT1G77290	TCHQD	chr1	+			29038365.0	29038543.0	29038876.0	29039125.0	1588	33,92,250,183,133,158,98,176,143,106,43,86,77,100,176,85,38,110	261,35,0,133,149,107,159,71,173,206,77,18,147,149,175,120,13,124	140,43,55,60,32,94,225,64,151,141,118,60,15,64,66,52,56,71	134,158,14,181,437,35,265,119,186,131,122,146,18,94,70,110,70,106	98	49	0.00594237450926	0.0381887967509515	0.059,0.568,1.0,0.408,0.309,0.425,0.236,0.553,0.292,0.205,0.218,0.705,0.208,0.251,0.335,0.262,0.594,0.307	0.343,0.12,0.663,0.142,0.035,0.573,0.298,0.212,0.289,0.35,0.326,0.17,0.294,0.254,0.32,0.191,0.286,0.251	0.101	RI	0.101	RI_chr1_+_29038365-29039125-29038365-29038543-29038876-29039125											29038365.0	29039125.0
1605	AT1G76520	PILS3	chr1	+			28714764.0	28715256.0	28715343.0	28715521.0	1605	9,207,293,236,191,60,95,207,89,135,163,156,129,139,168,198,200,309	41,42,0,115,253,40,28,123,64,0,30,0,8,54,75,26,81,23	160,156,105,249,0,133,265,167,94,215,198,165,79,222,131,237,22,159	106,79,146,239,39,178,65,22,23,53,81,63,57,65,75,23,16,72	98	49	0.000665871249152	0.0055259532212597	0.099,0.711,1.0,0.506,0.274,0.429,0.629,0.457,0.41,1.0,0.731,1.0,0.89,0.563,0.528,0.792,0.552,0.87	0.43,0.497,0.264,0.343,0.0,0.272,0.671,0.791,0.671,0.67,0.55,0.567,0.409,0.631,0.466,0.837,0.407,0.525	0.136	RI	0.136	RI_chr1_+_28714764-28715521-28714764-28715256-28715343-28715521											28714764.0	28715521.0
1633	AT1G79500	KDSA1	chr1	+			29905932.0	29906013.0	29906287.0	29906653.0	1633	334,325,133,100,205,113,377,397,510,41,101,237,579,539,817,101,93,250	0,29,0,2,22,33,48,14,9,38,0,0,111,122,134,0,30,0	281,330,388,377,421,373,344,506,554,358,416,331,173,219,252,152,181,324	86,39,16,118,146,21,34,2,75,21,175,80,25,78,109,22,63,78	98	49	5.12548023801e-07	7.815571246364328e-06	1.0,0.849,1.0,0.962,0.823,0.631,0.797,0.934,0.966,0.35,1.0,1.0,0.723,0.688,0.753,1.0,0.608,1.0	0.62,0.809,0.924,0.615,0.59,0.899,0.835,0.992,0.787,0.895,0.543,0.674,0.776,0.584,0.536,0.776,0.59,0.675	0.109	RI	0.109	RI_chr1_+_29905932-29906653-29905932-29906013-29906287-29906653											29905932.0	29906653.0
1637	AT1G09863		chr1	+			29907707.0	29908894.0	29908997.0	29909325.0	1637	40,204,369,145,129,67,219,51,257,336,238,98,208,187,289,76,169,323	20,0,0,0,0,90,114,105,31,0,35,53,8,49,62,23,0,0	130,100,314,531,281,383,147,165,217,173,409,468,162,152,157,259,204,376	0,31,10,0,0,0,78,23,27,0,0,0,0,26,36,8,4,5	98	49	0.00112356870703	0.0087680691407317	0.5,1.0,1.0,1.0,1.0,0.271,0.49,0.195,0.806,1.0,0.773,0.48,0.929,0.656,0.7,0.623,1.0,1.0	1.0,0.617,0.94,1.0,1.0,1.0,0.485,0.782,0.801,1.0,1.0,1.0,1.0,0.745,0.686,0.942,0.962,0.974	-0.139	RI	-0.139	RI_chr1_+_29907707-29909325-29907707-29908894-29908997-29909325											29907707.0	29909325.0
1668	AT4G19160		chr4	+			10478243.0	10478347.0	10478540.0	10478904.0	1668	64,378,350,247,212,280,209,467,253,253,245,258,158,271,333,409,765,696	27,156,53,274,317,46,94,109,126,239,172,285,195,120,213,514,500,203	294,337,245,604,275,212,125,153,308,319,365,273,141,244,249,435,319,372	77,221,103,637,549,364,282,177,217,394,496,460,140,147,176,339,235,401	98	49	0.000417920181513	0.0036004873870036	0.542,0.548,0.768,0.311,0.251,0.753,0.526,0.682,0.501,0.346,0.416,0.312,0.288,0.53,0.439,0.285,0.433,0.632	0.656,0.433,0.543,0.322,0.2,0.226,0.181,0.302,0.415,0.288,0.269,0.229,0.335,0.454,0.414,0.391,0.404,0.317	0.121	RI	0.121	RI_chr4_+_10478243-10478904-10478243-10478347-10478540-10478904											10478243.0	10478904.0
1685	AT1G73650		chr1	-			27688231.0	27688457.0	27688560.0	27688666.0	1685	84,82,0,154,163,68,150,50,219,58,54,91,156,172,127,125,31,15	77,38,191,56,42,79,40,62,34,31,0,0,19,65,77,60,44,16	97,81,225,290,90,54,230,63,135,130,127,171,111,72,93,144,62,93	71,40,223,170,270,129,86,119,67,193,63,95,44,61,103,126,43,152	98	49	0.00583456961024	0.0376276301354629	0.353,0.519,0.0,0.579,0.66,0.301,0.652,0.287,0.763,0.483,1.0,1.0,0.804,0.57,0.452,0.51,0.261,0.319	0.406,0.503,0.335,0.46,0.143,0.173,0.572,0.209,0.502,0.252,0.502,0.474,0.558,0.371,0.311,0.364,0.419,0.234	0.151	RI	0.151	RI_chr1_-_27688231-27688666-27688231-27688457-27688560-27688666											27688231.0	27688666.0
1701	AT1G11870	OVA7	chr1	+			4006096.0	4006190.0	4006305.0	4006771.0	1701	308,118,56,103,272,205,163,234,209,257,169,183,108,119,308,130,154,112	14,61,73,13,0,0,67,0,11,0,0,34,0,0,0,0,0,0	105,129,219,81,128,114,193,162,65,262,172,104,75,89,96,57,82,170	0,0,0,0,0,0,5,0,0,0,41,4,0,0,0,0,0,0	98	49	0.00179660404745	0.0131530467155728	0.917,0.492,0.277,0.798,1.0,1.0,0.549,1.0,0.905,1.0,1.0,0.729,1.0,1.0,1.0,1.0,1.0,1.0	1.0,1.0,1.0,1.0,1.0,1.0,0.951,1.0,1.0,1.0,0.677,0.929,1.0,1.0,1.0,1.0,1.0,1.0	-0.105	RI	-0.105	RI_chr1_+_4006096-4006771-4006096-4006190-4006305-4006771											4006096.0	4006771.0
1725	AT5G10350	PABN3	chr5	-			3256021.0	3256213.0	3256502.0	3256927.0	1725	481,360,434,404,491,515,524,603,509,486,607,223,592,539,686,254,398,375	123,187,0,125,150,108,125,59,282,137,153,48,11,100,95,9,74,0	275,246,312,302,154,167,317,288,319,52,191,157,276,418,389,141,111,203	151,101,149,64,0,80,171,185,132,44,136,74,125,193,170,4,33,92	98	49	1.37925012522e-07	2.356100471638701e-06	0.662,0.49,1.0,0.618,0.621,0.705,0.677,0.836,0.474,0.639,0.665,0.699,0.964,0.729,0.783,0.934,0.729,1.0	0.477,0.549,0.511,0.702,1.0,0.511,0.481,0.438,0.547,0.371,0.413,0.515,0.525,0.52,0.534,0.946,0.627,0.525	0.168	RI	0.168	RI_chr5_-_3256021-3256927-3256021-3256213-3256502-3256927											3256021.0	3256927.0
1732	AT5G37850	SOS4	chr5	+			15065299.0	15065479.0	15065604.0	15065701.0	1732	516,699,730,312,236,327,387,396,554,315,564,389,408,733,872,831,961,455	382,205,76,162,230,84,380,199,325,180,166,161,390,290,371,140,311,86	336,299,336,795,92,466,395,566,416,399,539,354,178,466,395,386,425,343	277,233,197,616,90,587,419,212,335,563,387,590,94,144,198,354,255,424	98	49	1.01022267318e-06	1.4430508357407414e-05	0.403,0.63,0.828,0.491,0.339,0.661,0.337,0.499,0.46,0.467,0.629,0.547,0.343,0.558,0.54,0.748,0.607,0.726	0.378,0.391,0.46,0.392,0.338,0.284,0.32,0.572,0.383,0.262,0.411,0.231,0.486,0.618,0.499,0.353,0.455,0.288	0.15	RI	0.15	RI_chr5_+_15065299-15065701-15065299-15065479-15065604-15065701											15065299.0	15065701.0
1741	AT5G60120	TOE2	chr5	+			24209970.0	24210095.0	24210295.0	24210409.0	1741	68,138,76,81,61,2,86,4,81,143,51,42,87,52,74,115,40,24	74,94,127,94,156,22,130,68,12,138,24,52,82,73,44,20,115,39	45,81,12,66,0,47,70,50,36,0,164,49,10,48,24,24,11,16	46,16,127,69,390,262,160,40,81,120,216,233,36,70,79,112,60,240	98	49	2.67518470376e-07	4.345863778559137e-06	0.315,0.423,0.23,0.301,0.164,0.043,0.249,0.029,0.771,0.341,0.515,0.288,0.347,0.263,0.457,0.742,0.148,0.235	0.328,0.717,0.045,0.324,0.0,0.082,0.179,0.385,0.182,0.0,0.275,0.095,0.122,0.255,0.132,0.097,0.084,0.032	0.14	RI	0.14	RI_chr5_+_24209970-24210409-24209970-24210095-24210295-24210409											24209970.0	24210409.0
1795	AT2G45850	AHL9	chr2	-			18873006.0	18873521.0	18873619.0	18873972.0	1795	63,285,248,144,140,60,164,153,355,197,21,130,223,390,503,134,172,165	233,165,253,173,111,141,76,76,218,0,203,96,300,175,280,82,267,123	155,181,245,198,314,240,74,168,266,436,315,323,112,237,182,128,145,244	149,73,58,320,74,194,20,148,66,226,136,165,39,129,115,86,17,225	98	49	0.00564995727319	0.0367616984358998	0.119,0.463,0.329,0.294,0.387,0.175,0.519,0.502,0.449,1.0,0.049,0.404,0.271,0.527,0.473,0.45,0.244,0.401	0.342,0.554,0.679,0.236,0.68,0.382,0.649,0.362,0.668,0.491,0.537,0.495,0.589,0.479,0.442,0.427,0.81,0.352	-0.118	RI	-0.118	RI_chr2_-_18873006-18873972-18873006-18873521-18873619-18873972											18873006.0	18873972.0
1814	AT1G78290	SRK2C	chr1	-			29458789.0	29458920.0	29459267.0	29459493.0	1814	16,30,6,89,143,170,13,42,21,27,21,68,11,23,34,31,131,40	0,28,0,137,62,129,42,0,62,0,34,22,33,35,44,19,56,0	164,27,54,12,0,19,73,28,137,41,11,36,58,124,109,15,7,45	139,41,54,18,72,0,53,41,62,134,15,10,34,99,98,45,25,39	98	49	0.00503436129859	0.0330591942077818	1.0,0.349,1.0,0.245,0.536,0.397,0.134,1.0,0.145,1.0,0.236,0.607,0.143,0.247,0.279,0.449,0.539,1.0	0.371,0.248,0.333,0.25,0.0,1.0,0.408,0.255,0.525,0.133,0.268,0.643,0.46,0.385,0.357,0.143,0.123,0.366	0.169	RI	0.169	RI_chr1_-_29458789-29459493-29458789-29458920-29459267-29459493											29458789.0	29459493.0
1875	AT4G16670		chr4	+			9387022.0	9387072.0	9387159.0	9387222.0	1875	633,1160,2067,1201,1646,838,297,465,233,1148,2555,1064,113,161,205,543,458,525	545,211,0,23,18,106,473,317,528,130,0,145,317,394,593,46,59,197	232,761,537,196,31,210,443,719,516,326,135,216,170,160,146,115,130,134	418,672,725,5,0,115,760,680,779,56,53,27,315,418,420,26,27,24	98	49	0.0030920593401	0.021318484021688	0.367,0.733,1.0,0.963,0.979,0.798,0.239,0.423,0.181,0.815,1.0,0.786,0.151,0.17,0.147,0.855,0.795,0.571	0.217,0.362,0.27,0.951,1.0,0.477,0.226,0.346,0.249,0.744,0.56,0.8,0.212,0.161,0.148,0.689,0.707,0.736	0.118	RI	0.118	RI_chr4_+_9387022-9387222-9387022-9387072-9387159-9387222											9387022.0	9387222.0
1881	AT1G73990	SPPA	chr1	+			27828142.0	27828230.0	27828310.0	27828454.0	1881	81,96,164,153,193,98,58,171,280,138,268,136,143,231,333,149,154,50	180,13,138,114,46,92,266,158,323,212,157,134,184,252,446,123,182,176	138,119,62,45,8,36,176,251,120,135,69,104,122,106,106,117,86,117	208,71,243,272,104,222,85,228,310,196,249,174,67,176,137,251,170,368	98	49	0.000113665852368	0.0011100843853071	0.184,0.787,0.373,0.402,0.677,0.348,0.098,0.351,0.302,0.246,0.46,0.337,0.28,0.314,0.272,0.377,0.297,0.124	0.249,0.456,0.113,0.076,0.037,0.075,0.509,0.355,0.162,0.256,0.122,0.23,0.477,0.231,0.279,0.189,0.202,0.137	0.115	RI	0.115	RI_chr1_+_27828142-27828454-27828142-27828230-27828310-27828454											27828142.0	27828454.0
1997	AT5G18245		chr5	+			6028150.0	6028330.0	6028828.0	6029282.0	1997	287,277,135,130,87,177,160,87,147,190,126,338,210,184,230,30,46,206	58,46,64,48,0,47,113,63,34,31,23,27,41,77,135,64,20,124	236,166,255,117,250,103,181,258,315,153,170,222,63,220,112,171,127,86	60,88,30,43,0,23,0,10,68,0,21,12,5,18,64,49,28,19	98	49	7.06018119012e-06	8.708724738483008e-05	0.712,0.751,0.513,0.575,1.0,0.653,0.415,0.408,0.684,0.754,0.733,0.862,0.719,0.544,0.46,0.19,0.535,0.454	0.663,0.485,0.81,0.576,1.0,0.691,1.0,0.928,0.698,1.0,0.802,0.902,0.863,0.859,0.467,0.636,0.694,0.694	-0.156	RI	-0.156	RI_chr5_+_6028150-6029282-6028150-6028330-6028828-6029282											6028150.0	6029282.0
2014	AT5G05310		chr5	+			1571143.0	1571372.0	1571457.0	1571622.0	2014	34,85,543,170,110,13,88,9,173,152,548,109,37,96,134,199,269,323	3,41,124,61,33,43,16,85,98,0,157,52,116,190,149,62,55,32	300,87,10,11,145,76,0,143,91,106,79,43,12,108,100,49,45,29	108,105,50,0,161,93,185,160,116,164,69,33,60,96,58,22,13,10	98	49	0.000741007196133	0.0060885070611192	0.85,0.509,0.686,0.582,0.625,0.131,0.733,0.05,0.469,1.0,0.636,0.512,0.138,0.202,0.31,0.616,0.71,0.835	0.581,0.293,0.091,1.0,0.31,0.29,0.0,0.309,0.282,0.244,0.364,0.394,0.091,0.36,0.463,0.527,0.634,0.592	0.154	RI	0.154	RI_chr5_+_1571143-1571622-1571143-1571372-1571457-1571622											1571143.0	1571622.0
2059	AT2G27060		chr2	+			11552307.0	11553696.0	11553767.0	11553852.0	2059	254,157,53,44,39,143,297,111,201,94,41,143,355,297,572,71,16,76	133,0,14,0,17,35,50,10,15,0,61,51,0,13,31,24,0,0	213,199,348,118,231,142,226,212,188,249,92,224,200,225,203,183,114,126	0,0,0,0,0,0,5,22,15,0,37,0,20,10,12,0,0,0	98	49	4.81355755255e-09	1.0313876980054332e-07	0.488,1.0,0.654,1.0,0.534,0.671,0.748,0.847,0.87,1.0,0.252,0.584,1.0,0.92,0.902,0.597,1.0,1.0	1.0,1.0,1.0,1.0,1.0,1.0,0.958,0.828,0.862,1.0,0.554,1.0,0.833,0.918,0.894,1.0,1.0,1.0	-0.154	RI	-0.154	RI_chr2_+_11552307-11553852-11552307-11553696-11553767-11553852											11552307.0	11553852.0
2109	AT1G51645		chr1	+			19150247.0	19151040.0	19151139.0	19152074.0	2109	0,63,27,8,93,0,6,25,48,31,0,0,17,47,82,106,32,57	101,170,8,38,110,26,118,61,21,53,49,79,14,67,159,28,71,183	85,107,35,108,171,24,25,98,50,28,14,22,13,50,74,23,37,63	49,0,32,0,0,83,59,27,73,20,34,40,48,85,17,28,39,66	98	49	3.9380484651e-08	7.304492134332872e-07	0.0,0.156,0.628,0.095,0.297,0.0,0.025,0.17,0.533,0.226,0.0,0.0,0.378,0.26,0.205,0.654,0.184,0.135	0.464,1.0,0.354,1.0,1.0,0.126,0.175,0.645,0.255,0.412,0.171,0.216,0.119,0.227,0.685,0.291,0.322,0.323	-0.213	RI	-0.213	RI_chr1_+_19150247-19152074-19150247-19151040-19151139-19152074											19150247.0	19152074.0
2200	AT3G61010		chr3	-			22574072.0	22574183.0	22574454.0	22574491.0	2200	379,189,300,219,152,123,242,220,504,109,328,248,987,813,1315,767,865,974	19,203,419,89,98,104,103,211,196,60,79,152,227,231,296,262,275,332	281,457,163,236,94,440,288,293,295,551,388,358,436,579,571,596,499,669	77,18,92,145,320,43,58,73,101,126,87,22,73,152,116,68,57,106	98	49	0.000494510823976	0.0042020740273242	0.909,0.318,0.264,0.552,0.437,0.372,0.54,0.343,0.563,0.476,0.675,0.449,0.685,0.638,0.69,0.594,0.611,0.595	0.646,0.927,0.47,0.449,0.128,0.837,0.713,0.667,0.594,0.686,0.69,0.891,0.749,0.656,0.711,0.814,0.814,0.759	-0.138	RI	-0.138	RI_chr3_-_22574072-22574491-22574072-22574183-22574454-22574491											22574072.0	22574491.0
2416	AT5G02860		chr5	+			653985.0	656619.0	656890.0	657003.0	2416	39,8,107,34,11,0,25,40,72,103,26,59,30,41,83,48,74,72	6,0,217,61,42,60,119,43,69,177,131,0,141,106,122,18,83,103	0,3,60,63,0,65,40,0,0,0,0,40,0,28,22,7,30,18	95,85,12,67,80,72,53,131,101,35,30,94,57,70,22,6,39,116	98	49	5.07954243589e-06	6.457904206856569e-05	0.765,1.0,0.198,0.218,0.116,0.0,0.095,0.317,0.343,0.225,0.09,1.0,0.096,0.162,0.254,0.571,0.308,0.259	0.0,0.017,0.714,0.32,0.0,0.311,0.274,0.0,0.0,0.0,0.0,0.175,0.0,0.167,0.333,0.368,0.278,0.072	0.166	RI	0.166	RI_chr5_+_653985-657003-653985-656619-656890-657003											653985.0	657003.0
2481	AT2G47000	ABCB4	chr2	-			19310456.0	19310750.0	19310833.0	19311097.0	2481	0,114,0,20,0,84,11,27,69,0,0,38,56,54,38,15,49,0	137,179,60,75,16,78,203,222,379,77,54,32,79,140,226,0,28,41	23,35,2,77,7,11,0,88,3,0,26,55,30,35,8,7,32,23	666,311,295,129,85,57,406,625,560,175,126,188,248,388,395,172,29,143	98	49	0.00157721852769	0.0118077609957032	0.0,0.242,0.0,0.118,0.0,0.35,0.026,0.057,0.083,0.0,0.0,0.373,0.262,0.162,0.078,1.0,0.467,0.0	0.017,0.053,0.003,0.23,0.04,0.088,0.0,0.066,0.003,0.0,0.094,0.128,0.057,0.043,0.01,0.02,0.356,0.074	0.108	RI	0.108	RI_chr2_-_19310456-19311097-19310456-19310750-19310833-19311097											19310456.0	19311097.0
2559	AT1G72855		chr1	+			27416524.0	27417724.0	27417840.0	27419122.0	2559	1,29,0,26,9,41,90,59,37,0,30,35,98,16,87,18,13,83	76,203,87,42,63,224,40,58,73,118,109,187,22,52,64,47,160,92	126,89,185,40,140,81,15,67,146,78,99,27,43,43,39,38,67,112	13,13,58,151,0,55,119,57,105,18,27,49,2,88,78,15,5,27	98	49	6.183942247159999e-14	2.364644377740951e-12	0.007,0.067,0.0,0.236,0.067,0.084,0.529,0.337,0.202,0.0,0.121,0.086,0.69,0.133,0.405,0.161,0.039,0.311	0.829,0.774,0.615,0.117,1.0,0.424,0.059,0.37,0.41,0.684,0.647,0.216,0.915,0.196,0.2,0.559,0.87,0.675	-0.338	RI	-0.338	RI_chr1_+_27416524-27419122-27416524-27417724-27417840-27419122											27416524.0	27419122.0
2569	AT2G18750	CBP60C	chr2	+			8125127.0	8125594.0	8125801.0	8125942.0	2569	106,125,39,58,20,97,144,121,133,28,21,72,80,138,172,14,149,50	26,98,35,64,70,142,109,60,76,30,50,31,20,51,56,38,9,34	221,42,81,74,23,69,84,119,111,131,68,19,90,218,248,73,40,119	85,29,12,25,0,40,29,70,72,0,71,37,41,45,68,0,0,22	98	49	7.38930496484e-05	0.0007466069472593	0.671,0.389,0.358,0.312,0.125,0.255,0.398,0.502,0.467,0.318,0.174,0.537,0.667,0.575,0.606,0.156,0.892,0.424	0.565,0.42,0.771,0.597,1.0,0.463,0.592,0.459,0.435,1.0,0.324,0.204,0.523,0.708,0.646,1.0,1.0,0.73	-0.201	RI	-0.201	RI_chr2_+_8125127-8125942-8125127-8125594-8125801-8125942											8125127.0	8125942.0
2666	AT1G02850	BGLU11	chr1	+			631602.0	631858.0	632008.0	632043.0	2666	888,524,1093,1030,931,484,715,591,629,1962,1455,1205,171,378,645,1779,1693,1376	272,481,744,304,619,377,401,197,416,1423,889,307,176,221,339,942,929,169	898,822,652,257,168,143,870,244,527,138,68,36,365,494,493,79,26,224	424,264,239,0,0,0,120,229,174,0,0,23,243,329,296,29,65,36	98	49	8.69563071493e-06	0.0001062063397639	0.62,0.353,0.423,0.629,0.429,0.391,0.471,0.6,0.431,0.408,0.45,0.662,0.327,0.461,0.488,0.486,0.477,0.803	0.514,0.609,0.577,1.0,1.0,1.0,0.784,0.348,0.602,1.0,1.0,0.439,0.429,0.429,0.454,0.577,0.167,0.757	-0.154	RI	-0.154	RI_chr1_+_631602-632043-631602-631858-632008-632043											631602.0	632043.0
2672	AT5G05800	LIMYB	chr5	-			1744445.0	1744781.0	1745136.0	1745245.0	2672	126,222,204,137,93,182,144,120,253,24,98,189,112,107,195,71,182,116	266,141,293,396,325,286,114,226,172,194,571,410,257,327,368,300,338,244	137,133,130,352,347,171,160,175,116,145,110,135,144,147,164,85,67,76	145,122,127,149,68,183,160,238,220,161,136,183,62,295,160,86,81,123	98	49	5.50039469527e-09	1.1585788995842021e-07	0.191,0.44,0.258,0.147,0.125,0.241,0.387,0.21,0.424,0.058,0.079,0.187,0.179,0.141,0.209,0.106,0.212,0.192	0.321,0.353,0.339,0.542,0.718,0.318,0.333,0.269,0.209,0.31,0.288,0.269,0.537,0.199,0.339,0.331,0.293,0.236	-0.134	RI	-0.134	RI_chr5_-_1744445-1745245-1744445-1744781-1745136-1745245											1744445.0	1745245.0
2917	AT1G10910		chr1	+			3643453.0	3643582.0	3643731.0	3644187.0	2917	176,416,1127,449,504,458,346,655,789,229,642,549,362,667,1083,614,885,728	208,351,288,371,296,136,232,201,292,226,209,257,327,247,358,107,245,329	321,187,384,224,70,18,87,315,317,293,356,194,171,228,185,195,99,193	195,225,326,639,217,252,237,134,218,412,418,272,232,203,115,202,169,341	98	49	4.77395900589e-15	1.9776125181899329e-13	0.297,0.372,0.662,0.377,0.46,0.627,0.427,0.62,0.575,0.336,0.606,0.516,0.356,0.575,0.602,0.742,0.644,0.525	0.451,0.294,0.371,0.149,0.139,0.034,0.155,0.54,0.421,0.262,0.299,0.263,0.269,0.36,0.446,0.326,0.227,0.221	0.227	RI	0.227	RI_chr1_+_3643453-3644187-3643453-3643582-3643731-3644187											3643453.0	3644187.0
2957	AT4G31150		chr4	-			15143216.0	15143502.0	15143751.0	15143918.0	2957	135,316,0,37,55,190,223,96,207,25,58,124,177,260,229,147,190,11	55,14,125,110,58,24,92,130,66,94,85,157,0,3,11,0,11,24	273,224,242,192,52,185,114,277,125,172,156,97,236,246,149,101,139,154	13,0,82,0,0,0,132,144,51,0,45,14,0,3,14,0,0,0	98	49	7.96964605421e-10	1.9138700741776772e-08	0.551,0.919,0.0,0.144,0.322,0.798,0.548,0.27,0.611,0.117,0.254,0.283,1.0,0.977,0.912,1.0,0.896,0.186	0.913,1.0,0.596,1.0,1.0,1.0,0.302,0.49,0.551,1.0,0.634,0.776,1.0,0.976,0.842,1.0,1.0,1.0	-0.294	RI	-0.294	RI_chr4_-_15143216-15143918-15143216-15143502-15143751-15143918											15143216.0	15143918.0
3125	AT3G19570	SCO3	chr3	+			6800612.0	6800702.0	6801105.0	6801213.0	3125	0,0,45,71,83,35,98,0,28,64,153,58,0,11,13,34,15,0	44,145,37,53,2,69,89,233,190,25,30,88,120,181,302,29,107,240	41,0,0,49,33,0,68,0,26,0,7,19,15,8,0,3,2,2	61,103,98,183,47,35,94,117,105,107,167,83,105,119,61,58,39,38	98	49	0.00208895476023	0.014919819128022	0.0,0.0,0.378,0.401,0.954,0.202,0.355,0.0,0.069,0.561,0.718,0.248,0.0,0.029,0.021,0.37,0.066,0.0	0.252,0.0,0.0,0.118,0.26,0.0,0.266,0.0,0.11,0.0,0.021,0.103,0.067,0.033,0.0,0.025,0.025,0.026	0.17	RI	0.17	RI_chr3_+_6800612-6801213-6800612-6800702-6801105-6801213											6800612.0	6801213.0
3250	AT1G69840	HIR2	chr1	-			26294961.0	26295159.0	26295447.0	26295649.0	3250	170,140,132,443,271,229,58,47,59,129,137,267,7,78,71,10,0,55	0,0,0,12,2,0,0,0,36,0,53,0,0,8,11,6,13,0	95,100,1,627,159,182,137,23,149,193,451,221,5,11,8,29,36,59	20,60,25,119,108,0,36,39,0,55,65,29,1,4,0,0,0,0	98	49	4.04787038055e-06	5.199473814396396e-05	1.0,1.0,1.0,0.949,0.985,1.0,1.0,1.0,0.45,1.0,0.564,1.0,1.0,0.83,0.763,0.455,0.0,1.0	0.704,0.455,0.02,0.725,0.424,1.0,0.656,0.228,1.0,0.637,0.776,0.792,0.714,0.579,1.0,1.0,1.0,1.0	0.127	RI	0.127	RI_chr1_-_26294961-26295649-26294961-26295159-26295447-26295649											26294961.0	26295649.0
3399	AT5G27730		chr5	+			9822308.0	9822400.0	9822494.0	9822638.0	3399	0,97,55,109,103,50,40,23,144,134,183,0,116,145,156,53,71,72	159,152,341,240,226,65,77,177,157,266,298,122,302,284,347,360,390,505	42,84,98,100,60,164,180,88,130,32,152,234,59,65,43,137,140,222	131,141,112,222,25,249,111,117,123,106,245,230,65,149,92,285,150,305	98	49	8.10018718767e-13	2.7206777371559168e-11	0.0,0.242,0.075,0.185,0.186,0.278,0.206,0.061,0.314,0.201,0.235,0.0,0.161,0.203,0.184,0.069,0.083,0.067	0.138,0.23,0.304,0.184,0.545,0.248,0.448,0.273,0.346,0.131,0.237,0.337,0.312,0.179,0.189,0.194,0.318,0.267	-0.118	RI	-0.118	RI_chr5_+_9822308-9822638-9822308-9822400-9822494-9822638											9822308.0	9822638.0
3401	AT5G15270		chr5	+			4960898.0	4960974.0	4961134.0	4962102.0	3401	163,306,517,167,243,245,248,445,370,115,152,123,182,345,482,490,517,694	153,116,299,305,10,310,289,215,392,202,346,82,369,290,337,160,295,133	150,133,139,195,159,261,134,320,242,518,315,231,140,272,459,134,155,176	238,380,385,320,395,177,232,410,192,412,343,300,208,217,192,177,140,135	98	49	0.00115220018334	0.008958857058814	0.348,0.569,0.464,0.215,0.924,0.283,0.3,0.509,0.321,0.222,0.18,0.429,0.198,0.373,0.417,0.605,0.467,0.723	0.24,0.149,0.153,0.234,0.168,0.424,0.224,0.281,0.387,0.386,0.315,0.278,0.252,0.385,0.544,0.275,0.356,0.395	0.117	RI	0.117	RI_chr5_+_4960898-4962102-4960898-4960974-4961134-4962102											4960898.0	4962102.0
3600	AT1G14760	KNATM	chr1	-			5084314.0	5084655.0	5084825.0	5084951.0	3600	194,23,111,69,101,32,61,36,92,12,94,25,70,51,70,25,83,4	171,182,0,56,37,132,142,49,167,91,97,10,117,88,221,17,173,0	22,50,57,0,0,9,70,0,33,29,0,3,0,32,33,0,2,0	63,102,76,197,48,45,34,162,183,102,108,103,41,73,40,29,49,38	98	49	1.13977716154e-11	3.4131519698887587e-10	0.362,0.059,1.0,0.381,0.577,0.108,0.177,0.269,0.216,0.062,0.326,0.556,0.23,0.225,0.137,0.424,0.193,1.0	0.149,0.197,0.273,0.0,0.0,0.091,0.507,0.0,0.083,0.124,0.0,0.014,0.0,0.18,0.292,0.0,0.02,0.0	0.243	RI	0.243	RI_chr1_-_5084314-5084951-5084314-5084655-5084825-5084951											5084314.0	5084951.0
3610	AT5G48640	CYCC1-1	chr5	-			19724984.0	19725029.0	19725196.0	19725236.0	3610	0,12,87,54,46,37,29,56,98,145,119,100,29,37,49,18,17,24	205,286,0,63,181,60,131,25,208,88,183,88,292,289,286,52,124,71	15,32,11,36,2,50,49,85,2,0,20,37,0,21,36,33,25,31	136,271,127,218,192,86,143,188,216,50,191,14,134,254,141,57,68,133	98	49	0.000173731445686	0.0016325501257185	0.0,0.021,1.0,0.3,0.113,0.236,0.1,0.528,0.191,0.452,0.245,0.362,0.047,0.06,0.079,0.148,0.064,0.145	0.052,0.056,0.042,0.076,0.005,0.225,0.146,0.184,0.005,0.0,0.05,0.569,0.0,0.04,0.113,0.224,0.155,0.104	0.114	RI	0.114	RI_chr5_-_19724984-19725236-19724984-19725029-19725196-19725236											19724984.0	19725236.0
3618	AT5G07100	WRKY26	chr5	+			2204205.0	2204465.0	2204607.0	2205165.0	3618	286,114,138,605,399,136,279,18,77,219,227,214,27,33,74,353,123,84	361,273,1124,676,569,116,186,47,171,115,228,551,228,171,186,485,531,769	159,103,224,100,494,246,216,140,131,433,151,38,80,69,102,23,6,8	121,215,145,0,0,39,280,259,149,75,43,105,86,190,247,30,18,5	98	49	2.5471911369e-07	4.165160243924309e-06	0.284,0.173,0.058,0.309,0.26,0.37,0.429,0.161,0.184,0.488,0.332,0.163,0.056,0.088,0.166,0.267,0.104,0.052	0.397,0.193,0.436,1.0,1.0,0.759,0.278,0.213,0.305,0.743,0.637,0.153,0.317,0.154,0.171,0.277,0.143,0.444	-0.204	RI	-0.204	RI_chr5_+_2204205-2205165-2204205-2204465-2204607-2205165											2204205.0	2205165.0
3709	AT1G31500		chr1	-			11273572.0	11274126.0	11274235.0	11274383.0	3709	112,83,279,45,90,26,194,175,61,171,86,116,92,116,143,79,77,3	196,133,0,74,118,42,89,84,266,106,106,82,146,171,248,44,65,57	75,132,83,67,84,100,69,140,116,2,23,8,38,92,26,37,48,74	156,144,58,76,42,136,175,147,67,294,111,64,172,130,119,93,73,92	98	49	0.00109295211993	0.0085966218167278	0.222,0.238,1.0,0.233,0.276,0.236,0.522,0.51,0.103,0.446,0.289,0.414,0.24,0.253,0.224,0.473,0.372,0.026	0.194,0.314,0.417,0.306,0.5,0.269,0.165,0.323,0.464,0.003,0.094,0.059,0.099,0.261,0.098,0.166,0.247,0.287	0.101	RI	0.101	RI_chr1_-_11273572-11274383-11273572-11274126-11274235-11274383											11273572.0	11274383.0
3758	AT3G21755		chr3	-			7666297.0	7667043.0	7667123.0	7669480.0	3758	244,29,235,51,32,61,142,84,187,63,128,133,164,146,207,123,91,134	0,0,0,5,0,0,13,0,0,0,96,195,55,37,68,13,9,0	112,35,161,68,288,30,74,36,72,73,114,91,56,105,75,52,62,170	11,11,99,15,0,26,0,22,0,162,63,64,12,24,1,22,27,60	98	49	2.23753041106e-06	2.9980495076493965e-05	1.0,1.0,1.0,0.836,1.0,1.0,0.845,1.0,1.0,1.0,0.4,0.254,0.599,0.664,0.603,0.826,0.835,1.0	0.836,0.614,0.448,0.694,1.0,0.366,1.0,0.45,1.0,0.184,0.475,0.416,0.7,0.686,0.974,0.542,0.534,0.586	0.187	RI	0.187	RI_chr3_-_7666297-7669480-7666297-7667043-7667123-7669480											7666297.0	7669480.0
3822	AT1G59520	CW7	chr1	+			21865662.0	21865889.0	21865989.0	21866210.0	3822	0,0,16,7,12,115,81,52,51,0,0,1,8,47,111,0,19,0	22,203,398,161,226,198,198,228,292,212,186,92,171,352,366,214,511,401	151,73,36,92,0,50,61,75,88,63,48,23,77,33,51,62,12,37	195,195,211,74,41,95,267,219,184,138,140,224,88,251,290,139,121,184	98	49	0.0	0.0	0.0,0.0,0.02,0.021,0.026,0.225,0.17,0.102,0.08,0.0,0.0,0.005,0.023,0.063,0.132,0.0,0.018,0.0	0.279,0.158,0.079,0.383,0.0,0.208,0.103,0.146,0.193,0.186,0.146,0.049,0.304,0.062,0.081,0.182,0.047,0.091	-0.101	RI	-0.101	RI_chr1_+_21865662-21866210-21865662-21865889-21865989-21866210											21865662.0	21866210.0
3908	AT5G16800		chr5	-			5524272.0	5524701.0	5524810.0	5525039.0	3908	32,66,54,16,97,46,43,0,418,76,0,38,11,81,253,65,113,13	164,298,780,286,466,273,224,212,346,502,324,166,270,268,499,295,450,219	113,53,112,275,130,218,132,187,249,235,136,162,122,137,50,114,80,100	188,438,245,258,233,418,253,410,200,342,386,378,189,203,201,192,145,286	98	49	0.0	0.0	0.089,0.1,0.033,0.027,0.094,0.078,0.088,0.0,0.377,0.07,0.0,0.103,0.02,0.131,0.202,0.099,0.112,0.029	0.231,0.057,0.186,0.348,0.218,0.207,0.207,0.186,0.384,0.256,0.15,0.176,0.244,0.252,0.111,0.229,0.216,0.149	-0.12	RI	-0.12	RI_chr5_-_5524272-5525039-5524272-5524701-5524810-5525039											5524272.0	5525039.0
3936	AT5G18310		chr5	+			6061297.0	6061767.0	6062149.0	6062404.0	3936	710,507,1239,764,483,237,469,452,803,391,377,420,225,478,549,644,610,785	426,219,360,432,293,306,530,504,293,149,373,421,208,598,558,259,222,161	337,356,322,55,71,128,337,538,311,229,102,79,104,359,256,107,113,235	501,370,362,490,440,199,790,246,301,220,313,192,179,469,516,255,198,234	98	49	8.65973959208e-15	3.4998020741650153e-13	0.455,0.537,0.632,0.469,0.452,0.279,0.307,0.31,0.578,0.567,0.336,0.333,0.351,0.286,0.33,0.554,0.579,0.709	0.252,0.325,0.308,0.053,0.075,0.243,0.176,0.522,0.341,0.342,0.14,0.171,0.225,0.277,0.199,0.173,0.222,0.334	0.205	RI	0.205	RI_chr5_+_6061297-6062404-6061297-6061767-6062149-6062404											6061297.0	6062404.0
3937	AT5G18310		chr5	+			6062149.0	6062261.0	6062345.0	6062404.0	3937	2842,3598,2259,2209,2115,2106,3999,2496,3373,1430,2206,1651,2133,3011,3789,2083,1435,2808	1180,901,2175,1243,749,608,780,530,929,910,881,806,545,716,921,918,1242,1940	3249,3085,2889,1791,1577,1320,3549,2338,2940,1651,1581,1394,1364,2429,2417,1322,1147,1287	374,764,471,124,265,297,778,781,406,770,390,267,554,550,506,313,239,339	98	49	3.34035762384e-08	6.337754865690321e-07	0.546,0.666,0.342,0.471,0.585,0.634,0.719,0.702,0.645,0.44,0.556,0.506,0.662,0.678,0.673,0.532,0.366,0.42	0.813,0.669,0.754,0.878,0.748,0.69,0.695,0.599,0.784,0.517,0.67,0.723,0.552,0.688,0.705,0.679,0.706,0.655	-0.132	RI	-0.132	RI_chr5_+_6062149-6062404-6062149-6062261-6062345-6062404											6062149.0	6062404.0
3946	AT1G09140	SR30	chr1	-			2943168.0	2943226.0	2944168.0	2944246.0	3946	1168,1747,1643,1358,1916,967,911,774,1157,1079,2438,921,852,1080,1674,1747,1857,1808	363,349,294,219,210,145,302,409,636,255,333,176,310,420,435,244,278,300	1141,1575,864,713,474,937,951,1261,1033,719,793,571,506,875,808,468,484,471	280,444,494,322,483,210,696,468,465,231,268,229,168,379,359,231,106,138	98	49	1.79406195566e-07	3.0334292454373677e-06	0.617,0.715,0.736,0.756,0.82,0.769,0.601,0.486,0.476,0.679,0.785,0.723,0.579,0.562,0.658,0.782,0.77,0.751	0.671,0.639,0.467,0.525,0.329,0.69,0.406,0.574,0.526,0.609,0.597,0.555,0.601,0.536,0.529,0.503,0.695,0.631	0.121	RI	0.121	RI_chr1_-_2943168-2944246-2943168-2943226-2944168-2944246											2943168.0	2944246.0
3958	AT5G19210	RH58	chr5	+			6461804.0	6461898.0	6461991.0	6462105.0	3958	80,0,0,46,59,47,14,20,57,17,54,16,28,12,30,25,20,0	65,52,42,18,15,0,38,18,9,0,2,80,137,150,200,6,65,23	11,14,0,19,0,45,20,0,7,20,3,21,26,19,11,5,9,14	47,65,65,81,34,100,47,44,64,107,48,91,139,94,100,84,56,87	98	49	9.24043483064e-07	1.3275780792806777e-05	0.381,0.0,0.0,0.561,0.663,1.0,0.156,0.357,0.76,1.0,0.931,0.091,0.093,0.038,0.07,0.676,0.133,0.0	0.105,0.097,0.0,0.105,0.0,0.184,0.175,0.0,0.052,0.085,0.03,0.103,0.086,0.092,0.052,0.029,0.074,0.074	0.309	RI	0.309	RI_chr5_+_6461804-6462105-6461804-6461898-6461991-6462105											6461804.0	6462105.0
4075	AT3G59210		chr3	+			21889475.0	21889695.0	21889909.0	21890877.0	4075	130,0,103,103,44,62,277,113,166,34,178,84,139,210,279,86,46,50	30,75,36,82,77,83,46,23,28,130,142,114,14,62,58,0,0,0	138,132,53,241,45,212,261,158,277,136,121,114,108,203,258,123,57,102	78,0,0,40,0,22,82,82,64,0,14,10,6,53,34,0,2,8	98	49	3.3330055933e-06	4.360097580077448e-05	0.684,0.0,0.589,0.386,0.222,0.272,0.751,0.711,0.748,0.116,0.385,0.269,0.832,0.629,0.706,1.0,1.0,1.0	0.469,1.0,1.0,0.751,1.0,0.828,0.614,0.491,0.684,1.0,0.812,0.851,0.9,0.657,0.791,1.0,0.934,0.864	-0.241	RI	-0.241	RI_chr3_+_21889475-21890877-21889475-21889695-21889909-21890877											21889475.0	21890877.0
4099	AT5G25520		chr5	+			8887835.0	8887956.0	8888530.0	8888590.0	4099	118,17,271,143,102,231,138,65,167,271,188,87,76,90,222,259,94,247	58,10,18,56,131,200,82,40,224,0,226,5,162,134,220,50,90,0	150,76,48,0,0,85,44,60,196,41,13,61,48,109,127,60,42,62	321,45,59,113,76,33,66,130,178,124,80,53,127,142,161,40,25,56	98	49	7.10688952132e-10	1.7317817554157705e-08	0.504,0.459,0.883,0.561,0.28,0.366,0.457,0.448,0.272,1.0,0.294,0.897,0.19,0.251,0.335,0.721,0.343,1.0	0.189,0.458,0.289,0.0,0.0,0.563,0.25,0.188,0.355,0.142,0.075,0.365,0.159,0.277,0.283,0.429,0.457,0.356	0.246	RI	0.246	RI_chr5_+_8887835-8888590-8887835-8887956-8888530-8888590											8887835.0	8888590.0
4124	AT5G26760		chr5	-			9405127.0	9405754.0	9405964.0	9406063.0	4124	0,47,0,42,17,9,56,82,21,0,28,70,51,55,89,34,0,0	71,104,64,143,19,49,109,103,203,94,0,115,157,179,253,62,115,110	15,0,9,16,0,0,0,15,9,0,13,53,5,52,63,4,24,29	211,243,287,118,211,280,197,190,175,54,109,139,83,190,227,63,60,105	98	49	5.66852357312e-05	0.0005982639210611	0.0,0.184,0.0,0.128,0.309,0.084,0.204,0.285,0.049,0.0,1.0,0.233,0.14,0.133,0.15,0.215,0.0,0.0	0.034,0.0,0.015,0.063,0.0,0.0,0.0,0.038,0.025,0.0,0.056,0.16,0.029,0.12,0.122,0.031,0.167,0.121	0.118	RI	0.118	RI_chr5_-_9405127-9406063-9405127-9405754-9405964-9406063											9405127.0	9406063.0
4183	AT3G62310		chr3	-			23058404.0	23058520.0	23058773.0	23059858.0	4183	0,148,38,40,33,62,56,108,188,0,0,59,145,123,168,126,144,0	197,302,894,191,261,210,194,154,243,94,334,573,241,210,357,328,305,341	65,136,0,77,142,11,95,46,118,93,122,87,66,107,109,90,91,60	260,201,308,152,12,164,208,275,192,94,175,112,222,220,295,80,65,83	98	49	5.32078347382e-07	8.063906904987567e-06	0.0,0.197,0.021,0.095,0.059,0.129,0.126,0.26,0.279,0.0,0.0,0.049,0.231,0.227,0.19,0.161,0.191,0.0	0.111,0.253,0.0,0.202,0.855,0.032,0.186,0.077,0.235,0.331,0.258,0.28,0.129,0.196,0.156,0.36,0.412,0.265	-0.118	RI	-0.118	RI_chr3_-_23058404-23059858-23058404-23058520-23058773-23059858											23058404.0	23059858.0
4362	AT5G43500	ARP9	chr5	+			17472767.0	17472811.0	17472944.0	17472994.0	4362	105,50,0,34,0,0,99,14,130,24,68,69,7,11,25,0,0,0	509,179,270,44,78,143,203,415,202,33,250,88,82,124,216,17,64,127	193,102,40,227,127,27,107,110,195,36,59,108,14,7,2,6,0,32	187,104,83,149,30,129,135,237,191,89,137,112,32,101,90,84,68,51	98	49	1.16156084751e-10	3.0877641566696307e-09	0.093,0.123,0.0,0.279,0.0,0.0,0.196,0.017,0.243,0.267,0.12,0.282,0.041,0.042,0.055,0.0,0.0,0.0	0.34,0.329,0.194,0.432,0.679,0.095,0.284,0.188,0.338,0.168,0.177,0.325,0.179,0.033,0.011,0.034,0.0,0.239	-0.127	RI	-0.127	RI_chr5_+_17472767-17472994-17472767-17472811-17472944-17472994											17472767.0	17472994.0
4418	AT3G21230	4CL4	chr3	-			7448623.0	7448837.0	7448930.0	7449126.0	4418	0,79,371,170,298,222,16,54,0,110,76,137,12,47,83,36,66,38	110,90,0,2,5,63,25,107,94,0,0,121,7,54,53,0,0,16	17,16,150,148,91,56,65,0,15,81,97,25,27,16,16,30,31,48	126,189,110,0,0,0,173,197,60,81,12,52,30,149,127,5,16,10	98	49	0.0020621493304	0.0148135033546508	0.0,0.305,1.0,0.977,0.968,0.638,0.242,0.201,0.0,1.0,1.0,0.361,0.462,0.303,0.439,1.0,1.0,0.543	0.063,0.041,0.405,1.0,1.0,1.0,0.158,0.0,0.111,0.333,0.802,0.194,0.31,0.051,0.059,0.75,0.492,0.706	0.165	RI	0.165	RI_chr3_-_7448623-7449126-7448623-7448837-7448930-7449126											7448623.0	7449126.0
4422	AT1G54730		chr1	+			20429658.0	20429773.0	20429853.0	20430153.0	4422	298,109,320,151,148,200,160,131,196,0,117,308,157,236,219,329,378,719	30,35,0,40,28,48,74,137,77,91,33,56,76,57,74,0,42,35	179,18,10,199,48,320,82,126,116,437,262,287,156,89,98,141,159,217	53,64,34,0,105,71,83,69,144,57,81,88,152,89,94,110,80,81	98	49	0.000209132124229	0.0019277239520723	0.832,0.609,1.0,0.654,0.725,0.676,0.519,0.323,0.56,0.0,0.639,0.733,0.508,0.674,0.597,1.0,0.818,0.911	0.628,0.123,0.128,1.0,0.186,0.693,0.331,0.477,0.287,0.793,0.618,0.62,0.339,0.333,0.343,0.391,0.498,0.573	0.19	RI	0.19	RI_chr1_+_20429658-20430153-20429658-20429773-20429853-20430153											20429658.0	20430153.0
4433	AT1G26208		chr1	-			9065954.0	9067301.0	9067487.0	9067841.0	4433	131,125,0,96,4,41,97,132,251,19,136,141,55,179,160,14,27,60	80,57,210,89,7,47,53,42,88,48,0,65,39,52,181,89,79,30	69,147,179,179,57,143,278,135,118,118,229,58,53,134,59,112,27,121	16,73,50,128,14,62,122,71,22,222,58,16,25,56,37,36,57,24	98	49	0.00161295297501	0.0120209733714763	0.45,0.523,0.0,0.35,0.222,0.304,0.478,0.611,0.588,0.165,1.0,0.52,0.414,0.633,0.307,0.073,0.146,0.5	0.683,0.502,0.642,0.411,0.671,0.536,0.533,0.487,0.728,0.21,0.664,0.644,0.515,0.545,0.444,0.609,0.191,0.716	-0.136	RI	-0.136	RI_chr1_-_9065954-9067841-9065954-9067301-9067487-9067841											9065954.0	9067841.0
4562	AT5G52040	ATRSP41	chr5	+			21131075.0	21131186.0	21131561.0	21131887.0	4562	347,608,846,192,354,266,364,440,412,195,170,477,146,348,477,229,250,235	696,586,1577,518,529,679,616,410,793,957,1041,798,238,274,311,309,236,340	430,278,317,289,229,312,411,195,288,834,363,278,13,181,227,161,62,209	735,304,430,33,162,206,306,367,413,222,281,156,98,154,175,17,16,47	98	49	3.67291237757e-07	5.833241990064048e-06	0.2,0.342,0.211,0.156,0.251,0.164,0.228,0.349,0.206,0.092,0.075,0.23,0.235,0.388,0.434,0.27,0.346,0.257	0.226,0.314,0.269,0.814,0.414,0.431,0.402,0.21,0.259,0.653,0.392,0.471,0.062,0.37,0.393,0.826,0.66,0.69	-0.19	RI	-0.19	RI_chr5_+_21131075-21131887-21131075-21131186-21131561-21131887											21131075.0	21131887.0
4613	AT3G16800		chr3	+			5721273.0	5721501.0	5721741.0	5722029.0	4613	78,67,248,221,258,201,208,76,137,359,456,148,53,122,111,33,116,86	0,0,0,33,0,0,10,18,11,130,39,0,0,30,19,22,0,0	177,165,151,123,190,204,81,108,214,146,78,113,119,310,333,206,74,155	59,0,30,36,0,12,41,72,31,0,12,8,33,47,19,29,24,68	98	49	5.18780846315e-06	6.5720781892339e-05	1.0,1.0,1.0,0.77,1.0,1.0,0.912,0.679,0.862,0.58,0.854,1.0,1.0,0.67,0.745,0.429,1.0,1.0	0.6,1.0,0.716,0.631,1.0,0.895,0.497,0.429,0.775,1.0,0.765,0.876,0.643,0.767,0.898,0.78,0.607,0.533	0.116	RI	0.116	RI_chr3_+_5721273-5722029-5721273-5721501-5721741-5722029											5721273.0	5722029.0
4661	AT5G56190		chr5	+			22742066.0	22742575.0	22742684.0	22742800.0	4661	60,377,251,310,240,289,353,310,289,378,463,237,263,265,248,315,444,171	287,144,0,138,100,110,94,97,255,113,203,50,70,177,119,135,164,2	307,165,122,355,0,139,205,197,265,178,30,84,160,292,313,84,84,247	296,154,57,217,17,170,269,76,46,38,74,102,110,175,233,141,26,169	98	49	6.20116483012e-05	0.0006472964506347	0.095,0.567,1.0,0.529,0.545,0.568,0.652,0.615,0.362,0.626,0.533,0.703,0.653,0.428,0.51,0.538,0.575,0.977	0.341,0.349,0.517,0.45,0.0,0.29,0.276,0.564,0.742,0.701,0.169,0.292,0.421,0.455,0.402,0.23,0.618,0.422	0.18	RI	0.18	RI_chr5_+_22742066-22742800-22742066-22742575-22742684-22742800											22742066.0	22742800.0
4701	AT5G57565		chr5	+			23311213.0	23311241.0	23311383.0	23311437.0	4701	26,191,95,280,99,22,82,196,273,110,408,266,160,127,81,254,209,339	61,22,154,50,114,0,9,31,58,0,125,0,26,40,37,211,168,253	35,102,100,113,349,122,275,311,216,193,329,141,40,94,111,119,47,134	0,45,1,0,90,9,2,0,0,28,0,23,18,29,13,14,20,57	98	49	1.05802527569e-05	0.000127347303764	0.176,0.813,0.236,0.737,0.303,1.0,0.82,0.76,0.702,1.0,0.62,1.0,0.755,0.614,0.523,0.376,0.383,0.401	1.0,0.531,0.98,1.0,0.66,0.871,0.986,1.0,1.0,0.775,1.0,0.754,0.526,0.618,0.81,0.81,0.54,0.54	-0.177	RI	-0.177	RI_chr5_+_23311213-23311437-23311213-23311241-23311383-23311437											23311213.0	23311437.0
4706	AT5G57790		chr5	-			23411886.0	23412239.0	23412675.0	23412894.0	4706	123,114,24,66,0,48,73,28,105,0,37,0,168,115,188,39,88,81	82,64,0,39,96,0,67,13,43,52,102,21,49,61,84,29,17,48	30,95,26,356,182,39,103,55,124,177,35,65,59,74,84,153,138,143	34,0,22,203,0,116,0,6,99,53,27,56,16,60,44,42,28,39	98	49	0.00152007823197	0.0114663260866811	0.429,0.471,1.0,0.458,0.0,1.0,0.353,0.519,0.55,0.0,0.154,0.0,0.632,0.485,0.528,0.402,0.721,0.458	0.306,1.0,0.371,0.467,1.0,0.144,1.0,0.821,0.385,0.625,0.393,0.367,0.648,0.381,0.488,0.646,0.711,0.647	-0.124	RI	-0.124	RI_chr5_-_23411886-23412894-23411886-23412239-23412675-23412894											23411886.0	23412894.0
4731	AT4G32660	AFC3	chr4	+			15756992.0	15757019.0	15757111.0	15757265.0	4731	50,240,118,179,114,86,173,178,299,34,189,58,145,311,339,239,414,226	108,300,190,69,58,53,162,129,263,132,106,63,91,203,313,122,159,73	205,283,208,299,202,287,279,161,183,165,114,253,88,304,334,187,263,261	185,88,128,108,192,133,226,172,148,83,102,51,58,192,196,18,41,92	98	49	0.00195445396689	0.0141420533761429	0.188,0.286,0.237,0.565,0.496,0.448,0.348,0.408,0.362,0.114,0.471,0.315,0.443,0.434,0.351,0.495,0.566,0.608	0.357,0.617,0.448,0.581,0.345,0.519,0.382,0.319,0.382,0.498,0.358,0.713,0.431,0.442,0.46,0.839,0.762,0.587	-0.106	RI	-0.106	RI_chr4_+_15756992-15757265-15756992-15757019-15757111-15757265											15756992.0	15757265.0
4787	AT5G61530		chr5	+			24743833.0	24744051.0	24744193.0	24744350.0	4787	466,449,231,172,223,45,260,192,263,265,177,300,158,245,323,215,241,297	0,45,161,72,79,11,86,111,42,100,141,43,17,12,46,77,15,19	216,199,229,190,104,195,592,552,260,115,295,285,132,266,151,60,75,179	81,65,18,46,0,0,32,0,35,44,60,4,7,36,20,10,0,16	98	49	8.07560258707e-05	0.0008109862719257	1.0,0.833,0.418,0.544,0.585,0.672,0.602,0.464,0.758,0.57,0.386,0.777,0.823,0.911,0.778,0.583,0.889,0.887	0.571,0.605,0.864,0.674,1.0,1.0,0.902,1.0,0.788,0.567,0.711,0.973,0.904,0.787,0.791,0.75,1.0,0.848	-0.125	RI	-0.125	RI_chr5_+_24743833-24744350-24743833-24744051-24744193-24744350											24743833.0	24744350.0
4841	AT5G64360		chr5	-			25736244.0	25736550.0	25736688.0	25736890.0	4841	33,243,43,66,83,0,42,98,156,117,11,200,223,316,305,192,217,321	272,196,140,190,159,141,209,279,321,264,283,166,18,25,28,40,24,0	4,111,55,103,0,245,159,130,118,43,110,54,84,175,266,99,69,91	153,54,28,21,48,99,101,157,171,38,8,57,10,17,6,6,0,7	98	49	0.0064578363579	0.0410510288172901	0.057,0.383,0.133,0.148,0.207,0.0,0.091,0.149,0.195,0.181,0.019,0.376,0.861,0.863,0.845,0.706,0.819,1.0	0.013,0.507,0.495,0.71,0.0,0.553,0.44,0.293,0.257,0.361,0.873,0.321,0.808,0.837,0.957,0.892,1.0,0.867	-0.175	RI	-0.175	RI_chr5_-_25736244-25736890-25736244-25736550-25736688-25736890											25736244.0	25736890.0
4938	AT3G02150	TCP13	chr3	+			391496.0	392355.0	392447.0	392767.0	4938	16,48,199,684,836,392,217,12,74,1035,740,263,135,165,276,565,553,547	27,44,111,364,157,77,110,91,76,251,303,239,44,40,101,232,275,176	39,53,309,404,278,211,113,285,239,146,214,278,112,127,159,338,262,365	0,103,54,42,249,90,19,84,77,38,38,104,0,40,13,60,58,75	98	49	3.3038920945e-05	0.0003649699467057	0.229,0.353,0.473,0.484,0.727,0.718,0.497,0.062,0.327,0.673,0.55,0.355,0.605,0.673,0.577,0.549,0.501,0.608	1.0,0.205,0.741,0.828,0.358,0.54,0.748,0.629,0.608,0.658,0.738,0.572,1.0,0.614,0.859,0.738,0.693,0.709	-0.182	RI	-0.182	RI_chr3_+_391496-392767-391496-392355-392447-392767											391496.0	392767.0
4968	AT3G13060	ECT5	chr3	+			4182994.0	4183207.0	4183293.0	4183975.0	4968	0,141,1109,552,249,98,39,45,0,500,285,201,0,12,23,421,894,421	565,441,182,225,251,540,477,506,747,206,572,388,600,580,932,301,303,111	31,57,0,315,0,334,0,34,8,127,251,354,15,35,2,250,155,418	720,692,1015,241,287,452,503,774,945,180,266,500,511,657,417,284,151,430	98	49	0.00101071844975	0.0080132079963433	0.0,0.138,0.753,0.551,0.332,0.083,0.039,0.043,0.0,0.548,0.199,0.206,0.0,0.01,0.012,0.412,0.596,0.655	0.021,0.04,0.0,0.395,0.0,0.27,0.0,0.021,0.004,0.261,0.321,0.261,0.014,0.026,0.002,0.306,0.339,0.327	0.109	RI	0.109	RI_chr3_+_4182994-4183975-4182994-4183207-4183293-4183975											4182994.0	4183975.0
4992	AT3G04500		chr3	-			1212469.0	1212566.0	1212833.0	1212931.0	4992	298,452,614,581,637,514,206,507,564,968,656,525,139,368,475,593,665,554	366,282,78,274,233,323,400,606,484,94,255,86,502,544,762,66,182,106	272,324,232,212,0,137,264,215,348,116,115,78,166,240,291,83,119,143	272,553,445,224,321,295,384,216,348,89,246,334,312,428,239,257,106,254	98	49	1.08682396416e-10	2.9203253653185732e-09	0.289,0.445,0.797,0.515,0.578,0.443,0.205,0.295,0.368,0.837,0.563,0.753,0.122,0.253,0.238,0.818,0.646,0.723	0.333,0.227,0.207,0.321,0.0,0.188,0.256,0.332,0.333,0.395,0.189,0.105,0.21,0.219,0.378,0.139,0.36,0.22	0.249	RI	0.249	RI_chr3_-_1212469-1212931-1212469-1212566-1212833-1212931											1212469.0	1212931.0
4996	AT3G49430	SR34A	chr3	+			18331508.0	18331712.0	18332641.0	18332754.0	4996	169,401,119,326,282,219,150,259,247,382,352,250,183,235,477,458,560,216	729,763,77,209,402,667,586,356,1002,215,182,332,1116,1533,2093,253,283,242	282,243,171,75,2,118,308,111,427,95,306,78,122,228,291,101,42,142	791,927,765,942,214,570,919,502,784,538,592,651,539,1136,677,398,295,583	98	49	9.470202400049999e-14	3.566392131109739e-12	0.104,0.208,0.436,0.438,0.26,0.141,0.113,0.267,0.11,0.47,0.492,0.274,0.076,0.071,0.102,0.475,0.497,0.309	0.151,0.116,0.101,0.038,0.005,0.094,0.144,0.1,0.214,0.081,0.205,0.057,0.102,0.091,0.177,0.113,0.066,0.109	0.16	RI	0.16	RI_chr3_+_18331508-18332754-18331508-18331712-18332641-18332754											18331508.0	18332754.0
5145	AT3G11470		chr3	-			3610146.0	3610340.0	3610427.0	3610557.0	5145	0,0,31,14,45,146,43,19,89,25,73,38,87,70,146,12,24,0	122,67,104,7,84,90,46,134,21,80,176,32,60,90,124,122,20,105	26,89,0,21,113,15,102,135,96,4,26,51,122,78,57,31,22,25	59,68,69,0,47,10,39,100,94,0,122,29,15,42,22,84,21,57	98	49	0.000209408757618	0.0019277239520723	0.0,0.0,0.13,0.5,0.211,0.448,0.319,0.066,0.679,0.135,0.172,0.373,0.42,0.28,0.371,0.047,0.375,0.0	0.181,0.396,0.0,1.0,0.546,0.429,0.567,0.403,0.338,1.0,0.096,0.468,0.803,0.481,0.564,0.156,0.344,0.18	-0.19	RI	-0.19	RI_chr3_-_3610146-3610557-3610146-3610340-3610427-3610557											3610146.0	3610557.0
5154	AT3G11820	SYP121	chr3	-			3730294.0	3730848.0	3730965.0	3731251.0	5154	251,268,256,421,420,308,305,317,216,534,244,728,412,782,1088,112,156,226	294,321,386,159,142,179,285,588,602,93,37,240,316,344,558,110,93,248	409,405,413,1112,1330,1054,581,139,633,818,1079,660,142,314,262,444,293,391	306,214,96,61,193,96,155,211,214,44,188,258,100,228,219,140,70,117	98	49	1.70168011124e-05	0.0001985692918538	0.299,0.295,0.249,0.57,0.597,0.462,0.349,0.212,0.152,0.742,0.767,0.603,0.395,0.532,0.494,0.337,0.456,0.313	0.401,0.486,0.683,0.901,0.775,0.846,0.652,0.248,0.597,0.903,0.742,0.561,0.415,0.408,0.374,0.613,0.677,0.626	-0.171	RI	-0.171	RI_chr3_-_3730294-3731251-3730294-3730848-3730965-3731251											3730294.0	3731251.0
5224	AT3G15010	UBA2C	chr3	+			5052724.0	5054062.0	5054605.0	5056017.0	5224	276,530,377,222,183,321,347,713,1049,369,71,249,190,299,320,282,279,213	309,0,0,73,182,114,227,259,243,0,0,79,46,91,95,0,54,0	480,408,269,218,93,288,225,218,242,230,228,324,67,129,208,77,116,108	175,192,251,111,50,155,128,174,259,90,53,81,70,106,48,22,11,28	98	49	8.43791259086e-10	2.016579975440628e-08	0.309,1.0,1.0,0.603,0.335,0.585,0.433,0.579,0.683,1.0,1.0,0.612,0.674,0.622,0.627,1.0,0.721,1.0	0.578,0.515,0.349,0.495,0.482,0.482,0.468,0.385,0.318,0.561,0.683,0.667,0.324,0.378,0.684,0.636,0.841,0.659	0.182	RI	0.182	RI_chr3_+_5052724-5056017-5052724-5054062-5054605-5056017											5052724.0	5056017.0
5230	AT3G15430		chr3	+			5208558.0	5208818.0	5208924.0	5208960.0	5230	3,61,0,34,31,32,104,61,80,48,53,106,40,159,255,78,185,0	50,34,374,73,35,31,68,58,84,30,69,55,64,108,107,49,138,140	66,64,31,86,30,70,124,72,50,114,129,83,45,118,114,77,39,187	194,55,122,68,125,59,107,0,78,50,36,75,2,95,81,8,30,48	98	49	0.000530457746851	0.0044921728442867	0.029,0.473,0.0,0.189,0.307,0.34,0.433,0.345,0.323,0.444,0.277,0.491,0.238,0.424,0.544,0.443,0.401,0.0	0.145,0.368,0.113,0.387,0.107,0.372,0.367,1.0,0.243,0.533,0.642,0.356,0.918,0.383,0.413,0.828,0.394,0.661	-0.141	RI	-0.141	RI_chr3_+_5208558-5208960-5208558-5208818-5208924-5208960											5208558.0	5208960.0
5257	AT3G14205	SAC2	chr3	-			4719070.0	4719293.0	4719895.0	4720061.0	5257	179,0,105,48,60,186,13,104,66,40,0,41,33,39,86,82,13,36	0,89,0,43,0,84,101,199,114,34,31,55,109,68,163,20,6,40	0,131,53,112,0,45,27,0,93,22,33,40,13,57,33,16,32,71	192,54,120,149,74,152,33,179,190,73,88,24,81,81,48,44,35,67	98	49	0.000162250432585	0.0015392116419466	1.0,0.0,1.0,0.358,1.0,0.525,0.06,0.207,0.224,0.37,0.0,0.272,0.131,0.223,0.209,0.672,0.52,0.31	0.0,0.548,0.181,0.273,0.0,0.129,0.29,0.0,0.197,0.131,0.158,0.455,0.074,0.26,0.256,0.154,0.314,0.346	0.184	RI	0.184	RI_chr3_-_4719070-4720061-4719070-4719293-4719895-4720061											4719070.0	4720061.0
5295	AT1G20920	RH42	chr1	+			7288999.0	7289309.0	7289385.0	7289943.0	5295	451,645,221,245,347,173,484,536,528,439,445,88,208,458,553,377,582,459	130,287,475,428,222,60,209,146,388,156,242,165,160,320,301,268,208,404	506,167,315,307,36,433,399,236,420,416,382,298,146,414,555,130,137,376	263,175,59,10,0,124,113,200,127,131,153,197,42,157,213,86,104,133	98	49	0.000597765010928	0.005053554199529	0.634,0.529,0.189,0.223,0.439,0.59,0.537,0.647,0.405,0.585,0.479,0.211,0.394,0.417,0.479,0.413,0.583,0.362	0.49,0.323,0.727,0.939,1.0,0.636,0.638,0.371,0.623,0.614,0.555,0.431,0.635,0.569,0.566,0.43,0.397,0.586	-0.134	RI	-0.134	RI_chr1_+_7288999-7289943-7288999-7289309-7289385-7289943											7288999.0	7289943.0
5314	AT3G21250	MRP6	chr3	-			7461000.0	7461603.0	7461692.0	7462952.0	5314	95,241,91,136,141,166,189,188,354,163,558,119,96,147,212,124,170,115	16,75,74,156,186,145,18,24,34,106,77,74,0,5,19,82,59,106	203,158,74,144,72,168,174,96,176,340,79,54,166,194,332,14,34,34	56,13,15,0,0,0,21,48,20,21,11,2,0,17,20,10,0,0	98	49	1.30532172848e-08	2.637705004989464e-07	0.748,0.616,0.381,0.304,0.275,0.364,0.84,0.797,0.839,0.435,0.784,0.446,1.0,0.936,0.848,0.431,0.59,0.352	0.644,0.859,0.712,1.0,1.0,1.0,0.806,0.5,0.815,0.89,0.782,0.931,1.0,0.851,0.892,0.412,1.0,1.0	-0.228	RI	-0.228	RI_chr3_-_7461000-7462952-7461000-7461603-7461692-7462952											7461000.0	7462952.0
5357	AT3G24740		chr3	+			9031846.0	9032064.0	9032376.0	9033475.0	5357	0,56,160,45,56,1,82,63,203,108,129,20,113,135,187,21,109,41	88,205,400,253,74,182,329,221,157,461,317,371,146,196,313,169,121,331	233,299,124,178,124,109,114,298,140,19,115,89,80,168,153,18,4,57	137,129,135,160,172,137,373,132,290,310,159,211,28,216,228,105,27,127	98	49	1.252405053e-07	2.1617033050218742e-06	0.0,0.12,0.167,0.082,0.275,0.003,0.111,0.125,0.393,0.105,0.169,0.026,0.279,0.256,0.23,0.058,0.311,0.058	0.46,0.537,0.315,0.357,0.265,0.285,0.133,0.53,0.194,0.03,0.266,0.174,0.588,0.28,0.251,0.079,0.069,0.183	-0.124	RI	-0.124	RI_chr3_+_9031846-9033475-9031846-9032064-9032376-9033475											9031846.0	9033475.0
5460	AT3G26085		chr3	+			9531001.0	9531042.0	9531129.0	9531384.0	5460	110,171,188,247,72,159,302,102,160,248,223,256,106,252,324,225,186,118	34,135,109,280,516,95,181,46,233,236,90,44,155,171,235,288,254,173	147,63,181,163,0,154,137,113,90,0,210,115,75,107,97,178,114,95	123,55,131,463,112,250,340,296,165,171,221,247,89,186,218,248,167,319	98	49	1.78716630383e-09	4.0940109199718576e-08	0.618,0.388,0.463,0.306,0.065,0.456,0.455,0.526,0.256,0.344,0.553,0.744,0.255,0.424,0.408,0.281,0.268,0.254	0.374,0.364,0.409,0.15,0.0,0.235,0.168,0.16,0.214,0.0,0.322,0.189,0.296,0.223,0.182,0.264,0.254,0.13	0.174	RI	0.174	RI_chr3_+_9531001-9531384-9531001-9531042-9531129-9531384											9531001.0	9531384.0
5480	AT3G59950	ATG4B	chr3	-			22146421.0	22146796.0	22146890.0	22146963.0	5480	148,245,76,150,10,197,197,128,165,182,306,174,268,301,373,160,128,236	69,30,43,10,0,0,20,117,31,35,0,5,70,41,122,16,38,33	244,186,269,350,198,169,259,372,333,179,241,122,127,355,230,97,130,313	26,15,118,0,0,12,84,14,9,0,19,25,10,52,47,0,0,0	98	49	3.3325613253e-05	0.0003673206729061	0.517,0.803,0.469,0.882,1.0,1.0,0.831,0.354,0.727,0.722,1.0,0.946,0.657,0.786,0.605,0.833,0.627,0.781	0.824,0.861,0.533,1.0,1.0,0.876,0.607,0.93,0.949,1.0,0.864,0.709,0.864,0.773,0.71,1.0,1.0,1.0	-0.109	RI	-0.109	RI_chr3_-_22146421-22146963-22146421-22146796-22146890-22146963											22146421.0	22146963.0
