ID	GeneID	geneSymbol	chr	strand	exonStart_0base	exonEnd	upstreamES	upstreamEE	downstreamES	downstreamEE	ID.1	IJC_SAMPLE_1	SJC_SAMPLE_1	IJC_SAMPLE_2	SJC_SAMPLE_2	IncFormLen	SkipFormLen	PValue	FDR	IncLevel1	IncLevel2	IncLevelDifference	event_type	longExonStart_0base	longExonEnd	shortES	shortEE	flankingES	flankingEE	1stExonStart_0base	1stExonEnd	2ndExonStart_0base	2ndExonEnd	riExonStart_0base	riExonEnd	dPSI
35	AT4G35785		chr4	-	16953703.0	16953890.0	16953522.0	16953592.0	16953969.0	16954119.0	35	306,180,240,266,200,211,293,323,226,168,206,210	104,108,83,164,112,166,122,106,58,83,90,87	178,236,171,269,158,192,172,181	150,117,116,135,182,128,147,192	300	150	8.43178895671e-06	0.0007219719294182	0.595,0.455,0.591,0.448,0.472,0.389,0.546,0.604,0.661,0.503,0.534,0.547	0.372,0.502,0.424,0.499,0.303,0.429,0.369,0.32	0.127	SE													0.127
36	AT4G35785		chr4	-	16953724.0	16953890.0	16953522.0	16953592.0	16953969.0	16954119.0	36	294,191,238,293,216,230,306,341,229,196,216,222	104,108,83,164,112,166,122,106,58,83,90,87	201,243,192,275,165,200,193,190	150,117,116,135,182,128,147,192	300	150	5.64364800859e-06	0.0005241896794419	0.586,0.469,0.589,0.472,0.491,0.409,0.556,0.617,0.664,0.541,0.545,0.561	0.401,0.509,0.453,0.505,0.312,0.439,0.396,0.331	0.123	SE													0.123
422	AT4G09680	CTC1	chr4	+	6121458.0	6121567.0	6121178.0	6121395.0	6122087.0	6122407.0	422	71,72,54,92,77,48,51,68,55,45,49,60	0,2,0,1,0,0,0,0,0,0,0,0	44,54,46,32,56,35,41,33	4,4,4,3,3,2,20,0	259	150	1.11022302463e-16	2.028007391657467e-13	1.0,0.954,1.0,0.982,1.0,1.0,1.0,1.0,1.0,1.0,1.0,1.0	0.864,0.887,0.869,0.861,0.915,0.91,0.543,1.0	0.139	SE													0.139
909	AT2G45540	BCHC2	chr2	-	18772421.0	18772459.0	18770275.0	18772281.0	18772631.0	18772906.0	909	3,0,2,2,18,8,6,4,11,1,0,5	37,42,23,42,42,45,44,54,66,26,23,51	15,32,18,7,31,8,0,25	61,40,47,52,73,76,46,67	188	150	2.70106221054e-05	0.0018736482169315	0.061,0.0,0.065,0.037,0.255,0.124,0.098,0.056,0.117,0.03,0.0,0.073	0.164,0.39,0.234,0.097,0.253,0.077,0.0,0.229	-0.104	SE													-0.104
1062	AT4G17310		chr4	-	9685902.0	9686024.0	9685185.0	9685710.0	9686497.0	9686616.0	1062	18,18,51,55,33,38,42,13,23,12,27,20	19,0,8,2,3,8,11,0,8,5,5,0	35,22,14,18,19,38,25,20	0,4,3,0,2,2,0,0	272	150	5.73865332858e-05	0.0034942022489576	0.343,1.0,0.779,0.938,0.858,0.724,0.678,1.0,0.613,0.57,0.749,1.0	1.0,0.752,0.72,1.0,0.84,0.913,1.0,1.0	-0.132	SE													-0.132
1184	AT3G60286		chr3	-	22282179.0	22282255.0	22281686.0	22281990.0	22282702.0	22283103.0	1184	41,30,74,11,24,28,31,16,23,29,33,39	0,0,0,0,0,0,0,7,8,0,0,0	18,52,27,49,20,13,8,5	4,4,1,2,0,3,8,0	226	150	4.74563998691e-05	0.0029552394463939	1.0,1.0,1.0,1.0,1.0,1.0,1.0,0.603,0.656,1.0,1.0,1.0	0.749,0.896,0.947,0.942,1.0,0.742,0.399,1.0	0.104	SE													0.104
1332	AT3G52720	ACA1	chr3	-	19541255.0	19541343.0	19541043.0	19541149.0	19542011.0	19542286.0	1332	294,290,327,558,458,410,386,259,384,54,149,475	256,113,776,599,195,179,775,203,285,113,96,327	375,652,467,576,95,85,28,31	161,293,236,235,8,2,0,2	238	150	8.35164082336e-09	2.080317805091491e-06	0.42,0.618,0.21,0.37,0.597,0.591,0.239,0.446,0.459,0.231,0.494,0.478	0.595,0.584,0.555,0.607,0.882,0.964,1.0,0.907	-0.332	SE													-0.332
1770	AT3G23255		chr3	+	8312274.0	8312391.0	8311965.0	8312086.0	8312486.0	8312570.0	1770	42,76,55,20,69,63,44,49,43,30,52,27	5,0,1,4,3,0,0,0,2,0,0,8	41,58,25,64,18,39,49,49	0,2,7,3,16,0,4,13	267	150	0.00099473122683	0.0320654536648729	0.825,1.0,0.969,0.737,0.928,1.0,1.0,1.0,0.924,1.0,1.0,0.655	1.0,0.942,0.667,0.923,0.387,1.0,0.873,0.679	0.111	SE													0.111
1821	AT5G06265		chr5	+	1905778.0	1906172.0	1905247.0	1905383.0	1906563.0	1906766.0	1821	119,180,222,195,96,146,205,94,138,137,133,108	43,44,78,75,67,99,37,42,44,51,55,47	126,160,101,107,63,73,35,80	55,51,74,54,51,67,34,50	300	150	0.00142216983628	0.0429034700941428	0.58,0.672,0.587,0.565,0.417,0.424,0.735,0.528,0.611,0.573,0.547,0.535	0.534,0.611,0.406,0.498,0.382,0.353,0.34,0.444	0.118	SE													0.118
1823	AT5G06265		chr5	+	1905778.0	1906243.0	1905286.0	1905383.0	1906563.0	1906766.0	1823	119,180,222,195,96,146,205,94,135,137,130,108	43,44,78,75,67,99,37,42,44,51,55,47	126,154,101,107,61,73,35,80	55,51,74,54,51,67,34,50	300	150	0.00116780472087	0.0367791371860206	0.58,0.672,0.587,0.565,0.417,0.424,0.735,0.528,0.605,0.573,0.542,0.535	0.534,0.602,0.406,0.498,0.374,0.353,0.34,0.444	0.12	SE													0.12
1987	AT3G26890		chr3	-	9910872.0	9910944.0	9909317.0	9910792.0	9911606.0	9911790.0	1987	3,5,12,2,6,4,9,3,4,0,5,7	5,8,11,19,17,12,11,7,34,20,29,11	14,9,2,1,22,8,8,36	17,10,6,3,5,17,12,16	222	150	0.000460351646461	0.0176613496303664	0.288,0.297,0.424,0.066,0.193,0.184,0.356,0.225,0.074,0.0,0.104,0.301	0.358,0.378,0.184,0.184,0.748,0.241,0.311,0.603	-0.167	SE													-0.167
2154	AT1G55915		chr1	+	20910065.0	20910171.0	20909237.0	20909932.0	20910617.0	20910829.0	2154	20,26,2,11,46,20,8,17,8,17,7,17	11,0,0,0,5,0,0,7,0,1,0,2	23,26,18,17,8,16,14,20	17,4,5,3,1,6,3,5	256	150	0.000183511572478	0.0093985366091536	0.516,1.0,1.0,1.0,0.844,1.0,1.0,0.587,1.0,0.909,1.0,0.833	0.442,0.792,0.678,0.769,0.824,0.61,0.732,0.701	0.197	SE													0.197
2312	AT1G18750	AGL65	chr1	+	6468056.0	6468075.0	6467897.0	6467957.0	6468165.0	6468230.0	2312	47,48,47,74,41,54,72,13,72,42,39,31	2,5,4,4,1,4,6,0,2,0,5,0	29,25,18,40,19,16,8,25	0,9,12,6,1,1,0,8	169	150	8.50789324747e-05	0.0049077110522247	0.954,0.895,0.913,0.943,0.973,0.923,0.914,1.0,0.97,1.0,0.874,1.0	1.0,0.711,0.571,0.855,0.944,0.934,1.0,0.735	0.103	SE													0.103
2746	AT5G48880	KAT5	chr5	-	19816922.0	19817029.0	19816740.0	19816805.0	19817772.0	19817831.0	2746	226,211,255,177,350,240,363,323,192,105,533,130	158,134,301,274,254,175,364,311,322,32,563,132	273,259,317,416,311,307,211,188	229,361,200,309,0,6,5,2	257	150	1.70663193577e-08	3.74093720320784e-06	0.455,0.479,0.331,0.274,0.446,0.445,0.368,0.377,0.258,0.657,0.356,0.365	0.41,0.295,0.481,0.44,1.0,0.968,0.961,0.982	-0.291	SE													-0.291
2747	AT5G48880	KAT5	chr5	-	19816922.0	19817121.0	19816740.0	19816805.0	19817772.0	19817911.0	2747	312,294,371,282,469,354,506,415,266,133,741,197	158,134,301,274,254,175,364,311,322,32,563,132	395,353,411,544,445,431,254,267	229,361,200,309,0,6,5,2	300	150	7.93160759294e-09	2.0697718861576764e-06	0.497,0.523,0.381,0.34,0.48,0.503,0.41,0.4,0.292,0.675,0.397,0.427	0.463,0.328,0.507,0.468,1.0,0.973,0.962,0.985	-0.267	SE													-0.267
2841	AT5G47455		chr5	+	19251657.0	19251704.0	19251077.0	19251196.0	19252203.0	19252383.0	2841	82,13,34,46,13,30,22,55,60,7,51,34	0,0,5,0,2,4,4,34,1,0,2,0	28,27,29,42,150,79,61,102	4,5,18,7,21,10,17,37	197	150	5.09129923032e-06	0.0004903957801463	1.0,1.0,0.838,1.0,0.832,0.851,0.807,0.552,0.979,1.0,0.951,1.0	0.842,0.804,0.551,0.82,0.845,0.857,0.732,0.677	0.135	SE													0.135
2842	AT5G47455		chr5	+	19251934.0	19251979.0	19251077.0	19251196.0	19252203.0	19252364.0	2842	7,8,6,10,15,36,5,17,9,20,16,9	0,0,5,0,2,4,4,34,1,0,2,0	11,14,8,9,44,45,24,21	4,5,18,7,21,10,17,37	195	150	2.15147996846e-05	0.0015513302930474	1.0,1.0,0.48,1.0,0.852,0.874,0.49,0.278,0.874,1.0,0.86,1.0	0.679,0.683,0.255,0.497,0.617,0.776,0.521,0.304	0.268	SE													0.268
3249	AT1G50970		chr1	+	18899051.0	18899111.0	18898881.0	18898986.0	18899415.0	18899478.0	3249	58,39,68,96,48,60,134,62,23,25,78,45	27,10,5,10,4,22,2,0,0,7,19,3	45,40,48,54,16,27,20,40	12,18,25,21,22,0,5,13	210	150	0.000192961435438	0.0097011804238554	0.605,0.736,0.907,0.873,0.896,0.661,0.98,1.0,1.0,0.718,0.746,0.915	0.728,0.613,0.578,0.647,0.342,1.0,0.741,0.687	0.169	SE													0.169
3259	AT1G22180		chr1	-	7829670.0	7829751.0	7829379.0	7829556.0	7830150.0	7830424.0	3259	41,70,166,158,52,151,139,71,60,373,179,103	23,9,12,48,2,29,38,0,14,31,44,27	108,113,111,121,52,52,22,52	9,5,6,13,0,2,2,0	231	150	3.39527516102e-08	6.645038529424857e-06	0.537,0.835,0.9,0.681,0.944,0.772,0.704,1.0,0.736,0.887,0.725,0.712	0.886,0.936,0.923,0.858,1.0,0.944,0.877,1.0	-0.142	SE													-0.142
3523	AT1G33615		chr1	-	12194172.0	12194261.0	12193811.0	12193938.0	12194350.0	12194413.0	3523	10,3,4,3,4,8,6,36,5,9,4,18	5,0,0,0,2,0,0,4,0,0,10,0	18,7,11,3,6,11,18,2	0,0,0,0,0,0,0,0	239	150	0.000547231163443	0.0202623430788354	0.557,1.0,1.0,1.0,0.557,1.0,1.0,0.85,1.0,1.0,0.201,1.0	1.0,1.0,1.0,1.0,1.0,1.0,1.0,1.0	-0.153	SE													-0.153
3647	AT1G27630	CYCT1-3	chr1	+	9612008.0	9612429.0	9611479.0	9611876.0	9612589.0	9612671.0	3647	79,96,53,65,38,63,68,30,68,50,46,27	62,63,124,143,72,121,159,114,106,182,99,86	49,46,31,45,268,214,204,226	115,118,59,67,89,128,138,119	300	150	0.00112777118407	0.0357236190098474	0.389,0.432,0.176,0.185,0.209,0.207,0.176,0.116,0.243,0.121,0.189,0.136	0.176,0.163,0.208,0.251,0.601,0.455,0.425,0.487	-0.131	SE													-0.131
3985	AT5G65685		chr5	-	26275748.0	26275857.0	26275480.0	26275514.0	26277561.0	26278112.0	3985	139,58,62,57,99,89,65,117,140,36,111,75	4,0,15,9,9,21,28,7,13,11,27,17	85,99,83,150,153,233,157,141	4,23,10,10,7,6,0,0	259	150	1.65378861416e-06	0.0002012540109364	0.953,1.0,0.705,0.786,0.864,0.711,0.573,0.906,0.862,0.655,0.704,0.719	0.925,0.714,0.828,0.897,0.927,0.957,1.0,1.0	-0.119	SE													-0.119
4088	AT3G25013		chr3	+	9115461.0	9115807.0	9115002.0	9115178.0	9116053.0	9116236.0	4088	10,21,80,62,19,38,32,29,47,24,29,36	0,0,0,0,2,3,1,0,0,0,0,0	41,59,42,43,10,9,37,7	2,2,0,7,4,0,0,1	300	150	0.000244287511273	0.0117429435243512	1.0,1.0,1.0,1.0,0.826,0.864,0.941,1.0,1.0,1.0,1.0,1.0	0.911,0.937,1.0,0.754,0.556,1.0,1.0,0.778	0.102	SE													0.102
4167	AT5G19900		chr5	-	6727976.0	6728095.0	6727379.0	6727652.0	6728276.0	6730397.0	4167	70,40,47,48,31,83,44,35,70,12,65,73	17,12,2,19,8,10,2,15,26,0,10,14	30,45,47,79,53,35,5,10	22,21,29,14,12,13,2,15	269	150	0.00119067496933	0.037285136182448	0.697,0.65,0.929,0.585,0.684,0.822,0.925,0.565,0.6,1.0,0.784,0.744	0.432,0.544,0.475,0.759,0.711,0.6,0.582,0.271	0.202	SE													0.202
4885	AT4G26480		chr4	-	13374132.0	13374272.0	13373541.0	13373655.0	13374882.0	13374968.0	4885	348,317,250,470,456,601,543,301,461,237,321,433	86,95,117,109,86,73,103,68,114,108,130,123	497,525,558,707,733,623,504,563	115,121,68,94,93,61,41,89	290	150	5.72441566371e-08	1.0119289624880904e-05	0.677,0.633,0.525,0.69,0.733,0.81,0.732,0.696,0.677,0.532,0.561,0.645	0.691,0.692,0.809,0.796,0.803,0.841,0.864,0.766	-0.124	SE													-0.124
4946	AT5G56140		chr5	+	22726609.0	22726755.0	22726166.0	22726252.0	22727167.0	22727281.0	4946	543,672,378,419,682,772,440,489,575,326,522,409	193,114,281,270,147,281,313,154,194,173,203,248	673,767,763,704,688,661,739,745	172,235,233,234,156,133,71,116	296	150	6.25655462383e-06	0.0005714319889764	0.588,0.749,0.405,0.44,0.702,0.582,0.416,0.617,0.6,0.488,0.566,0.455	0.665,0.623,0.624,0.604,0.691,0.716,0.841,0.765	-0.14	SE													-0.14
4974	AT5G65740		chr5	-	26303175.0	26303246.0	26302829.0	26302904.0	26303332.0	26303514.0	4974	17,9,21,4,9,7,9,21,8,2,19,12	5,11,15,18,14,17,2,7,19,2,2,15	5,6,8,9,5,7,3,8	20,3,7,16,25,37,15,27	221	150	0.00069057039062	0.0238007908213685	0.698,0.357,0.487,0.131,0.304,0.218,0.753,0.671,0.222,0.404,0.866,0.352	0.145,0.576,0.437,0.276,0.12,0.114,0.12,0.167	0.211	SE													0.211
5079	AT3G03690	UNE7	chr3	-	912269.0	912385.0	911213.0	911945.0	912596.0	912672.0	5079	308,155,363,341,338,205,271,306,303,192,403,215	29,6,53,2,43,49,40,23,20,2,43,8	260,322,249,292,202,173,133,179	46,42,14,45,36,42,44,27	266	150	2.46198312137e-06	0.0002698333501021	0.857,0.936,0.794,0.99,0.816,0.702,0.793,0.882,0.895,0.982,0.841,0.938	0.761,0.812,0.909,0.785,0.76,0.699,0.63,0.789	0.101	SE													0.101
5357	AT1G67900		chr1	+	25467031.0	25467159.0	25464725.0	25464987.0	25467618.0	25467795.0	5357	39,72,62,59,98,89,64,74,91,71,71,91	106,49,5,46,135,37,22,45,62,30,24,53	42,80,74,97,84,28,53,26	49,74,97,79,92,71,59,116	278	150	2.22457902782e-05	0.0015832068925264	0.166,0.442,0.87,0.409,0.281,0.565,0.611,0.47,0.442,0.561,0.615,0.481	0.316,0.368,0.292,0.398,0.33,0.175,0.326,0.108	0.204	SE													0.204
5541	AT3G18100	MYB4R1	chr3	+	6201272.0	6201304.0	6200562.0	6201154.0	6201639.0	6202112.0	5541	3,2,1,5,0,14,18,24,0,0,8,10	6,16,24,17,19,21,17,22,24,31,26,7	15,26,13,8,16,7,4,12	11,9,19,33,20,19,9,10	182	150	0.00080987738337	0.0270617564687048	0.292,0.093,0.033,0.195,0.0,0.355,0.466,0.473,0.0,0.0,0.202,0.541	0.529,0.704,0.361,0.167,0.397,0.233,0.268,0.497	-0.174	SE													-0.174
5658	AT3G05870	APC11	chr3	+	1753657.0	1754312.0	1753308.0	1753495.0	1754401.0	1754520.0	5658	3,17,20,14,24,14,24,28,8,8,23,29	0,0,0,2,1,0,0,0,2,0,0,0	22,12,5,21,3,10,11,19	4,0,0,0,6,16,2,2	300	150	5.06281749857e-09	1.5413466606757555e-06	1.0,1.0,1.0,0.778,0.923,1.0,1.0,1.0,0.667,1.0,1.0,1.0	0.733,1.0,1.0,1.0,0.2,0.238,0.733,0.826	0.231	SE													0.231
5660	AT3G05870	APC11	chr3	+	1753951.0	1754312.0	1753288.0	1753495.0	1754401.0	1754520.0	5660	7,23,28,30,30,45,41,36,22,23,52,41	0,0,0,2,1,0,0,0,2,0,0,0	35,23,13,23,18,32,32,31	4,0,0,0,6,16,2,2	300	150	5.090705634810001e-12	3.4871333598448505e-09	1.0,1.0,1.0,0.882,0.938,1.0,1.0,1.0,0.846,1.0,1.0,1.0	0.814,1.0,1.0,1.0,0.6,0.5,0.889,0.886	0.136	SE													0.136
5681	AT3G55850	LAF3	chr3	-	20724648.0	20724721.0	20724352.0	20724459.0	20724922.0	20725024.0	5681	42,91,84,132,103,115,109,44,20,39,86,78	14,41,16,39,10,50,30,19,36,23,27,55	97,98,126,88,82,146,169,145	28,11,27,39,25,20,23,27	223	150	0.00142489626955	0.0429034700941428	0.669,0.599,0.779,0.695,0.874,0.607,0.71,0.609,0.272,0.533,0.682,0.488	0.7,0.857,0.758,0.603,0.688,0.831,0.832,0.783	-0.13	SE													-0.13
57	AT4G29990		chr4	-							57	11,70,29,95,16,19,16,14,36,3,9,64	0,0,0,5,0,2,0,0,0,0,0,0	16,44,8,43,10,6,19,20	1,1,7,0,7,5,11,5	205	150	6.2172489378999994e-15	5.253575352525499e-12	1.0,1.0,1.0,0.933,1.0,0.874,1.0,1.0,1.0,1.0,1.0,1.0	0.921,0.97,0.455,1.0,0.511,0.468,0.558,0.745	0.28	A5SS	14666297.0	14666487.0	14666352.0	14666487.0	14665683.0	14666201.0							0.28
89	AT4G30820		chr4	+							89	9,5,32,12,25,14,11,25,15,17,13,18	26,40,35,38,35,35,54,40,48,51,25,47	3,4,15,4,15,21,3,17	35,54,51,67,50,57,29,51	207	150	8.47490671113e-05	0.0021335191982558	0.201,0.083,0.399,0.186,0.341,0.225,0.129,0.312,0.185,0.195,0.274,0.217	0.058,0.051,0.176,0.041,0.179,0.211,0.07,0.195	0.106	A5SS	15006647.0	15007268.0	15006647.0	15007211.0	15007601.0	15007675.0							0.106
184	AT4G35300	TMT2	chr4	-							184	36,27,44,43,16,52,171,43,49,5,182,69	31,18,36,26,14,23,55,24,42,0,97,12	43,44,9,56,10,31,12,12	42,31,38,27,21,19,27,17	181	150	0.00145763511663	0.0207008684630647	0.49,0.554,0.503,0.578,0.486,0.652,0.72,0.598,0.492,1.0,0.609,0.827	0.459,0.54,0.164,0.632,0.283,0.575,0.269,0.369	0.214	A5SS	16799424.0	16799635.0	16799455.0	16799635.0	16798992.0	16799167.0							0.214
363	AT2G43760	MOCS2	chr2	+							363	29,0,13,66,48,22,24,21,45,30,25,18	113,78,178,208,132,135,362,173,149,206,175,132	13,33,37,60,84,48,57,61	127,112,77,161,64,101,44,61	300	150	3.5991210012300005e-12	1.007882349009714e-09	0.114,0.0,0.035,0.137,0.154,0.075,0.032,0.057,0.131,0.068,0.067,0.064	0.049,0.128,0.194,0.157,0.396,0.192,0.393,0.333	-0.152	A5SS	18132483.0	18133081.0	18132483.0	18132693.0	18133188.0	18134068.0							-0.152
434	AT3G56730		chr3	+							434	18,16,31,13,37,33,11,20,10,3,13,12	0,2,11,0,3,1,3,0,3,0,12,8	17,54,18,31,23,23,16,29	0,1,0,5,2,2,0,0	189	150	1.57021744319e-05	0.0006285572812591	1.0,0.864,0.691,1.0,0.907,0.963,0.744,1.0,0.726,1.0,0.462,0.543	1.0,0.977,1.0,0.831,0.901,0.901,1.0,1.0	-0.126	A5SS	21014349.0	21014547.0	21014349.0	21014508.0	21014635.0	21015081.0							-0.126
567	AT5G02080		chr5	+							567	12,15,23,18,39,46,26,16,12,18,16,40	1,4,3,2,2,3,4,3,10,8,11,0	24,40,11,18,39,18,13,17	0,2,0,0,8,4,0,0	300	150	0.00215601441461	0.02802818738993	0.857,0.652,0.793,0.818,0.907,0.885,0.765,0.727,0.375,0.529,0.421,1.0	1.0,0.909,1.0,1.0,0.709,0.692,1.0,1.0	-0.186	A5SS	410161.0	410615.0	410161.0	410413.0	410720.0	410780.0							-0.186
598	AT1G79270	ECT8	chr1	+							598	3,12,6,16,7,4,0,4,4,35,18,0	10,5,8,32,18,32,20,14,16,20,69,14	0,13,4,1,0,0,0,1	9,11,36,7,3,6,8,14	300	150	0.00323702897836	0.0379901317599194	0.13,0.545,0.273,0.2,0.163,0.059,0.0,0.125,0.111,0.467,0.115,0.0	0.0,0.371,0.053,0.067,0.0,0.0,0.0,0.034	0.117	A5SS	29815505.0	29816515.0	29815505.0	29815873.0	29816606.0	29816677.0							0.117
636	AT1G70490	ARF2-A	chr1	-							636	0,4,2,4,19,3,11,19,24,1,5,0	2,9,13,11,12,31,14,20,2,4,2,7	9,4,13,2,4,6,0,1	21,20,23,20,33,35,26,31	166	150	0.00308153155907	0.0366745657382274	0.0,0.287,0.122,0.247,0.589,0.08,0.415,0.462,0.916,0.184,0.693,0.0	0.279,0.153,0.338,0.083,0.099,0.134,0.0,0.028	0.194	A5SS	26565301.0	26565849.0	26565317.0	26565849.0	26565004.0	26565161.0							0.194
642	AT5G37850	SOS4	chr5	+							642	93,138,72,151,171,168,120,100,150,250,87,111	113,112,106,180,170,247,139,151,211,68,102,140	142,109,140,121,136,138,55,146	184,202,175,201,221,213,219,259	183	150	0.000369755267184	0.0069431822393439	0.403,0.502,0.358,0.407,0.452,0.358,0.414,0.352,0.368,0.751,0.411,0.394	0.387,0.307,0.396,0.33,0.335,0.347,0.171,0.316	0.107	A5SS	15065299.0	15065512.0	15065299.0	15065479.0	15065604.0	15065701.0							0.107
787	AT3G29160	KIN11	chr3	-							787	191,270,233,321,213,326,324,238,228,244,318,176	22,50,8,35,43,46,16,31,31,22,42,38	259,234,167,337,189,198,210,194	27,41,59,64,50,56,24,64	298	150	6.22008878156e-05	0.0017816864475993	0.814,0.731,0.936,0.822,0.714,0.781,0.911,0.794,0.787,0.848,0.792,0.7	0.828,0.742,0.588,0.726,0.655,0.64,0.815,0.604	0.103	A5SS	11131808.0	11132105.0	11131956.0	11132105.0	11131317.0	11131513.0							0.103
816	AT1G06710		chr1	-							816	7,19,14,13,2,20,23,2,7,8,4,17	0,0,0,6,0,3,3,0,0,0,2,0	1,4,20,6,20,16,15,2	4,5,4,1,0,19,3,5	300	150	5.1641699661e-07	3.63643635112875e-05	1.0,1.0,1.0,0.52,1.0,0.769,0.793,1.0,1.0,1.0,0.5,1.0	0.111,0.286,0.714,0.75,1.0,0.296,0.714,0.167	0.377	A5SS	2056650.0	2057043.0	2056851.0	2057043.0	2056233.0	2056329.0							0.377
903	AT1G70630		chr1	+							903	23,2,8,16,37,7,11,6,3,12,28,2	0,4,2,4,21,15,0,4,9,0,0,12	17,21,20,13,5,5,16,6	21,11,13,6,15,16,10,24	271	150	0.00333026454911	0.0385489526575061	1.0,0.217,0.689,0.689,0.494,0.205,1.0,0.454,0.156,1.0,1.0,0.084	0.309,0.514,0.46,0.545,0.156,0.147,0.47,0.122	0.242	A5SS	26631150.0	26631471.0	26631150.0	26631350.0	26631553.0	26631924.0							0.242
953	AT1G14380	IQD28	chr1	-							953	0,1,4,1,4,8,0,2,5,0,4,1	17,12,6,14,30,22,5,28,25,16,12,12	2,0,9,10,6,7,0,12	16,6,26,12,4,5,46,16	300	150	0.000587778055277	0.0101436017462968	0.0,0.04,0.25,0.034,0.062,0.154,0.0,0.034,0.091,0.0,0.143,0.04	0.059,0.0,0.148,0.294,0.429,0.412,0.0,0.273	-0.131	A5SS	4921294.0	4921535.0	4921458.0	4921535.0	4920671.0	4920804.0							-0.131
967	AT5G48880	KAT5	chr5	-							967	329,310,403,288,494,389,537,449,285,133,777,211	158,134,301,274,254,175,364,311,322,32,563,132	412,370,423,552,446,431,254,267	229,361,200,309,0,6,5,2	300	150	1.09700816209e-08	1.5449531616100834e-06	0.51,0.536,0.401,0.344,0.493,0.526,0.425,0.419,0.307,0.675,0.408,0.444	0.474,0.339,0.514,0.472,1.0,0.973,0.962,0.985	-0.258	A5SS	19816922.0	19817955.0	19817772.0	19817955.0	19816740.0	19816805.0							-0.258
982	AT1G53160	SPL4	chr1	+							982	129,77,300,423,72,192,231,161,165,54,221,150	16,22,310,323,49,87,153,92,42,77,99,81	124,148,90,128,57,64,80,62	19,32,44,24,17,27,17,8	214	150	3.21658759679e-05	0.0010867603322562	0.85,0.71,0.404,0.479,0.507,0.607,0.514,0.551,0.734,0.33,0.61,0.565	0.821,0.764,0.589,0.789,0.702,0.624,0.767,0.845	-0.166	A5SS	19806854.0	19807087.0	19806854.0	19807023.0	19807342.0	19807655.0							-0.166
1034	AT1G27370	SPL10	chr1	-							1034	44,46,72,18,79,52,66,31,60,44,43,61	0,9,14,1,10,10,4,4,19,0,4,7	24,48,58,69,10,36,6,17	15,11,3,24,30,19,14,6	300	150	7.24419516429e-06	0.0003308835088554	1.0,0.719,0.72,0.9,0.798,0.722,0.892,0.795,0.612,1.0,0.843,0.813	0.444,0.686,0.906,0.59,0.143,0.486,0.176,0.586	0.316	A5SS	9507211.0	9508542.0	9508146.0	9508542.0	9506332.0	9507023.0							0.316
1038	AT1G06630		chr1	+							1038	6,4,13,7,22,0,6,4,16,16,2,16	22,44,21,34,32,18,12,29,33,24,17,15	0,10,1,1,6,11,1,8	43,39,26,47,31,41,37,46	296	150	9.45143522002e-07	5.915898341419926e-05	0.121,0.044,0.239,0.094,0.258,0.0,0.202,0.065,0.197,0.253,0.056,0.351	0.0,0.115,0.019,0.011,0.089,0.12,0.014,0.081	0.101	A5SS	2027605.0	2027962.0	2027605.0	2027816.0	2028052.0	2028976.0							0.101
1204	AT2G45500		chr2	-							1204	25,55,23,49,42,68,56,50,13,26,49,66	33,32,30,26,36,58,37,32,4,21,52,31	30,48,41,33,11,13,9,20	35,51,44,44,28,30,16,38	162	150	5.52331662699e-05	0.0016442142721125	0.412,0.614,0.415,0.636,0.519,0.521,0.584,0.591,0.751,0.534,0.466,0.663	0.442,0.466,0.463,0.41,0.267,0.286,0.342,0.328	0.183	A5SS	18752149.0	18752241.0	18752161.0	18752241.0	18752007.0	18752030.0							0.183
1221	AT3G06630		chr3	-							1221	0,0,1,0,2,4,15,0,0,0,0,1	13,12,12,6,1,7,18,10,5,2,4,13	0,16,11,0,7,12,11,2	10,2,19,5,22,23,21,3	300	150	9.36070894736e-05	0.0022926953798606	0.0,0.0,0.04,0.0,0.5,0.222,0.294,0.0,0.0,0.0,0.0,0.037	0.0,0.8,0.224,0.0,0.137,0.207,0.208,0.25	-0.137	A5SS	2070574.0	2070868.0	2070786.0	2070868.0	2070391.0	2070486.0							-0.137
1275	AT1G73170		chr1	-							1275	155,165,190,247,205,148,231,105,102,129,190,145	231,156,183,186,151,201,174,199,165,178,176,197	147,223,122,144,86,101,35,92	196,231,161,222,193,195,160,145	154	150	0.00137689320002	0.0198884573336222	0.395,0.507,0.503,0.564,0.569,0.418,0.564,0.339,0.376,0.414,0.513,0.418	0.422,0.485,0.425,0.387,0.303,0.335,0.176,0.382	0.101	A5SS	27514350.0	27514797.0	27514354.0	27514797.0	27514053.0	27514268.0							0.101
1312	AT1G27630	CYCT1-3	chr1	+							1312	125,161,90,103,71,127,120,60,81,86,96,45	62,63,124,143,72,121,159,114,106,182,99,86	92,108,53,81,472,455,368,464	115,118,59,67,89,128,138,119	300	150	0.000468213604885	0.0084178828963367	0.502,0.561,0.266,0.265,0.33,0.344,0.274,0.208,0.276,0.191,0.327,0.207	0.286,0.314,0.31,0.377,0.726,0.64,0.571,0.661	-0.173	A5SS	9611548.0	9612429.0	9611548.0	9611876.0	9612589.0	9612671.0							-0.173
1421	AT5G65685		chr5	-							1421	101,178,228,192,177,189,203,144,193,164,108,160	217,118,82,97,149,145,99,145,208,58,158,144	186,128,109,164,97,108,53,51	148,167,147,231,257,358,262,222	213	150	3.35917876848e-08	3.436416637393235e-06	0.247,0.515,0.662,0.582,0.456,0.479,0.591,0.412,0.395,0.666,0.325,0.439	0.47,0.351,0.343,0.333,0.21,0.175,0.125,0.139	0.213	A5SS	26275685.0	26276606.0	26275748.0	26276606.0	26275480.0	26275514.0							0.213
1437	AT1G61970		chr1	+							1437	35,14,33,22,4,39,4,18,16,10,20,6	15,21,17,12,3,9,18,14,13,7,6,15	20,13,25,7,13,27,22,40	10,10,16,0,0,3,0,5	300	150	9.92900686003e-05	0.0023633833230212	0.538,0.25,0.493,0.478,0.4,0.684,0.1,0.391,0.381,0.417,0.625,0.167	0.5,0.394,0.439,1.0,1.0,0.818,1.0,0.8	-0.334	A5SS	22906472.0	22906923.0	22906472.0	22906610.0	22907128.0	22907730.0							-0.334
1443	AT3G03970	SINE2	chr3	-							1443	11,8,15,14,24,9,6,8,9,13,17,2	12,0,4,1,0,9,0,2,0,0,2,7	3,17,7,23,15,8,33,13	1,12,4,5,14,27,4,14	300	150	0.000771966671835	0.0125444584173187	0.314,1.0,0.652,0.875,1.0,0.333,1.0,0.667,1.0,1.0,0.81,0.125	0.6,0.415,0.467,0.697,0.349,0.129,0.805,0.317	0.259	A5SS	1030117.0	1030671.0	1030477.0	1030671.0	1028736.0	1029910.0							0.259
1648	AT5G64460		chr5	-							1648	58,22,30,54,28,28,44,17,57,22,42,48	30,91,39,34,65,62,8,51,57,31,27,15	23,41,36,35,32,32,30,31	68,53,72,90,78,68,49,52	300	150	0.00124197952582	0.0184317149311807	0.492,0.108,0.278,0.443,0.177,0.184,0.733,0.143,0.333,0.262,0.438,0.615	0.145,0.279,0.2,0.163,0.17,0.19,0.234,0.23	0.149	A5SS	25775305.0	25775568.0	25775477.0	25775568.0	25775040.0	25775115.0							0.149
1692	AT5G53050		chr5	-							1692	204,143,338,262,124,281,247,254,274,114,82,316	15,40,19,9,39,84,7,35,25,93,147,33	146,150,196,206,71,66,13,18	51,19,31,49,220,135,230,296	158	150	4.40711957483e-06	0.0002190597671018	0.928,0.772,0.944,0.965,0.751,0.761,0.971,0.873,0.912,0.538,0.346,0.901	0.731,0.882,0.857,0.8,0.235,0.317,0.051,0.055	0.314	A5SS	21511417.0	21511543.0	21511425.0	21511543.0	21510837.0	21510925.0							0.314
1695	AT5G53850		chr5	-							1695	314,277,629,357,276,378,511,284,312,130,328,250	111,165,91,114,209,127,57,160,140,18,115,95	347,229,207,323,261,188,123,239	127,101,127,130,162,216,138,235	300	150	8.1239224427e-05	0.0020802165042671	0.586,0.456,0.776,0.61,0.398,0.598,0.818,0.47,0.527,0.783,0.588,0.568	0.577,0.531,0.449,0.554,0.446,0.303,0.308,0.337	0.16	A5SS	21863801.0	21864225.0	21864088.0	21864225.0	21863652.0	21863700.0							0.16
1711	AT2G40316		chr2	+							1711	32,29,32,14,14,29,53,15,16,9,8,11	27,63,73,70,82,98,46,77,82,32,21,50	15,16,11,32,18,26,6,5	73,102,78,124,92,105,79,116	167	150	1.84173128238e-05	0.0006916724149382	0.516,0.293,0.283,0.152,0.133,0.21,0.509,0.149,0.149,0.202,0.255,0.165	0.156,0.123,0.112,0.188,0.149,0.182,0.064,0.037	0.125	A5SS	16836734.0	16836794.0	16836734.0	16836777.0	16837117.0	16837171.0							0.125
1888	AT4G25600	P4H12	chr4	+							1888	4,25,9,7,16,23,2,16,5,0,16,10	64,29,20,33,32,33,15,33,47,7,31,29	3,14,5,1,6,1,8,4	29,30,40,49,43,32,27,43	155	150	0.000327624589734	0.0062211860297804	0.057,0.455,0.303,0.17,0.326,0.403,0.114,0.319,0.093,0.0,0.333,0.25	0.091,0.311,0.108,0.019,0.119,0.029,0.223,0.083	0.112	A5SS	13060911.0	13061036.0	13060911.0	13061031.0	13061145.0	13061203.0							0.112
1924	AT3G21250	MRP6	chr3	-							1924	57,56,45,60,63,26,163,99,64,48,117,61	4,8,6,9,11,6,27,16,5,4,21,3	67,73,53,68,19,11,21,24	41,16,10,14,10,4,15,3	260	150	7.66938357148e-05	0.0020573425771113	0.892,0.802,0.812,0.794,0.768,0.714,0.777,0.781,0.881,0.874,0.763,0.921	0.485,0.725,0.754,0.737,0.523,0.613,0.447,0.822	0.177	A5SS	7463245.0	7463525.0	7463355.0	7463525.0	7461000.0	7462952.0							0.177
10	AT4G39140		chr4	-							10	45,92,92,103,91,188,212,91,149,115,177,100	21,13,16,13,8,18,40,22,21,86,48,7	134,165,146,167,135,88,157,115	12,19,13,19,6,9,0,32	227	150	0.000148636760149	0.0038206284208086	0.586,0.824,0.792,0.84,0.883,0.873,0.778,0.732,0.824,0.469,0.709,0.904	0.881,0.852,0.881,0.853,0.937,0.866,1.0,0.704	-0.104	A3SS	18230996.0	18231378.0	18230996.0	18231301.0	18231913.0	18232202.0							-0.104
31	AT4G35785		chr4	-							31	499,383,582,521,383,508,524,508,484,290,378,409	104,108,83,164,112,166,122,106,58,83,90,87	406,542,338,524,294,355,303,361	150,117,116,135,182,128,147,192	300	150	2.14505792123e-05	0.0007611891251907	0.706,0.639,0.778,0.614,0.631,0.605,0.682,0.706,0.807,0.636,0.677,0.702	0.575,0.698,0.593,0.66,0.447,0.581,0.508,0.485	0.114	A3SS	16953522.0	16953890.0	16953522.0	16953592.0	16953969.0	16954119.0							0.114
101	AT4G25500	RS40	chr4	+							101	253,166,276,304,143,233,304,193,219,233,194,168	152,147,184,221,182,268,215,206,129,216,250,153	223,182,150,178,222,164,145,216	307,205,218,195,347,398,378,391	300	150	2.12232453833e-11	5.8576157257908e-09	0.454,0.361,0.429,0.408,0.282,0.303,0.414,0.319,0.459,0.35,0.28,0.354	0.266,0.307,0.256,0.313,0.242,0.171,0.161,0.216	0.126	A3SS	13025599.0	13026168.0	13026055.0	13026168.0	13025162.0	13025273.0							0.126
146	AT4G21400	CRK28	chr4	-							146	24,17,64,60,22,30,24,10,14,5,12,19	5,0,14,31,0,4,3,6,17,7,20,7	23,28,22,46,15,19,22,15	9,2,10,3,0,0,0,0	186	150	0.000453153796604	0.0085897042980218	0.795,1.0,0.787,0.61,1.0,0.858,0.866,0.573,0.399,0.365,0.326,0.686	0.673,0.919,0.64,0.925,1.0,1.0,1.0,1.0	-0.206	A3SS	11399611.0	11399751.0	11399611.0	11399715.0	11399837.0	11400376.0							-0.206
150	AT4G20380	LSD1	chr4	+							150	26,12,38,64,36,5,41,19,37,112,34,32	48,16,46,50,50,50,44,10,58,41,81,54	12,25,25,19,10,11,0,15	49,40,32,47,28,40,25,28	211	150	0.00123320835119	0.0180291112933637	0.278,0.348,0.37,0.476,0.339,0.066,0.398,0.575,0.312,0.66,0.23,0.296	0.148,0.308,0.357,0.223,0.202,0.164,0.0,0.276	0.153	A3SS	11004963.0	11005150.0	11005024.0	11005150.0	11004834.0	11004896.0							0.153
186	AT4G18020	APRR2	chr4	-							186	27,35,54,37,42,59,44,33,33,26,48,51	7,2,11,14,10,10,33,37,5,23,25,22	23,27,47,43,16,11,8,14	5,13,11,7,0,0,0,2	170	150	0.00320630380182	0.0362020847441858	0.773,0.939,0.812,0.7,0.788,0.839,0.541,0.44,0.853,0.499,0.629,0.672	0.802,0.647,0.79,0.844,1.0,1.0,1.0,0.861	-0.161	A3SS	10006534.0	10006775.0	10006534.0	10006755.0	10007153.0	10007312.0							-0.161
215	AT4G15010		chr4	-							215	63,26,52,32,67,115,73,88,78,88,50,107	12,28,15,42,50,58,76,31,24,39,38,36	63,103,101,58,60,107,75,69	34,44,22,39,9,15,16,13	172	150	0.00187981499631	0.02420326036451	0.821,0.447,0.751,0.399,0.539,0.634,0.456,0.712,0.739,0.663,0.534,0.722	0.618,0.671,0.8,0.565,0.853,0.862,0.803,0.822	-0.131	A3SS	8574747.0	8574919.0	8574747.0	8574897.0	8575068.0	8575340.0							-0.131
239	AT4G33240	FAB1A	chr4	-							239	46,45,33,40,17,64,31,19,39,98,60,25	11,1,2,2,0,11,2,0,12,5,24,4	66,58,45,64,29,19,24,28	7,13,22,12,8,2,12,8	156	150	0.001402033939	0.0194561581255642	0.801,0.977,0.941,0.951,1.0,0.848,0.937,1.0,0.758,0.95,0.706,0.857	0.901,0.811,0.663,0.837,0.777,0.901,0.658,0.771	0.104	A3SS	16035782.0	16036502.0	16035782.0	16036496.0	16036679.0	16037358.0							0.104
286	AT4G00560		chr4	-							286	120,150,202,196,191,196,215,154,163,46,89,170	28,37,121,134,75,54,113,105,69,3,59,61	131,193,150,139,121,138,127,129	44,51,36,62,24,43,2,24	300	150	0.00440153620923	0.0460758406981568	0.682,0.67,0.455,0.422,0.56,0.645,0.488,0.423,0.542,0.885,0.43,0.582	0.598,0.654,0.676,0.529,0.716,0.616,0.969,0.729	-0.121	A3SS	241024.0	241370.0	241024.0	241155.0	241458.0	241646.0							-0.121
313	AT2G43465		chr2	-							313	33,10,53,45,24,33,55,31,15,43,9,56	27,25,18,24,12,17,33,39,26,0,10,19	38,38,23,56,34,50,31,31	20,17,8,11,20,4,8,6	157	150	0.00376290971771	0.0409068456417683	0.539,0.276,0.738,0.642,0.656,0.65,0.614,0.432,0.355,1.0,0.462,0.738	0.645,0.681,0.733,0.829,0.619,0.923,0.787,0.832	-0.164	A3SS	18048100.0	18048194.0	18048100.0	18048187.0	18048309.0	18048435.0							-0.164
443	AT2G27150	AAO3	chr2	+							443	24,45,26,45,50,80,41,40,37,102,189,28	14,4,11,12,35,41,39,16,24,14,69,21	69,81,55,66,48,47,49,69	28,11,3,15,12,12,8,10	250	150	0.000184687741341	0.0044735157981104	0.507,0.871,0.586,0.692,0.462,0.539,0.387,0.6,0.481,0.814,0.622,0.444	0.597,0.815,0.917,0.725,0.706,0.701,0.786,0.805	-0.173	A3SS	11602329.0	11603940.0	11602429.0	11603940.0	11601726.0	11602078.0							-0.173
493	AT2G21370	XK-1	chr2	-							493	184,124,175,147,146,201,158,151,138,58,164,146	131,220,107,185,215,216,143,134,95,79,114,137	111,126,138,138,149,124,74,101	165,201,177,155,306,227,276,242	154	150	8.35538303323e-07	4.450197568907566e-05	0.578,0.354,0.614,0.436,0.398,0.475,0.518,0.523,0.586,0.417,0.584,0.509	0.396,0.379,0.432,0.464,0.322,0.347,0.207,0.289	0.145	A3SS	9139445.0	9139589.0	9139445.0	9139585.0	9139702.0	9139905.0							0.145
503	AT2G20400		chr2	+							503	35,18,19,23,23,22,17,13,20,8,7,7	69,137,82,57,33,108,49,45,47,55,60,69	3,23,5,8,5,4,0,9	64,57,40,78,50,42,32,51	153	150	0.00015381637971	0.0038593927999963	0.332,0.114,0.185,0.283,0.406,0.166,0.254,0.221,0.294,0.125,0.103,0.09	0.044,0.283,0.109,0.091,0.089,0.085,0.0,0.147	0.108	A3SS	8801117.0	8801178.0	8801120.0	8801178.0	8800769.0	8800809.0							0.108
572	AT2G03060	AGL30	chr2	+							572	1,0,0,1,4,6,3,0,0,1,4,0	5,28,9,6,8,17,26,23,4,24,15,14	11,2,7,1,0,6,2,1	9,17,12,17,32,15,2,4	233	150	0.000434245918662	0.0084763563779649	0.114,0.0,0.0,0.097,0.244,0.185,0.069,0.0,0.0,0.026,0.147,0.0	0.44,0.07,0.273,0.036,0.0,0.205,0.392,0.139	-0.121	A3SS	901529.0	901798.0	901612.0	901798.0	901142.0	901317.0							-0.121
659	AT3G53500	RS2Z32	chr3	-							659	331,318,374,382,293,381,430,272,306,273,291,328	166,209,152,198,230,258,224,242,152,173,269,239	301,386,365,394,269,295,224,319	276,307,330,302,372,401,347,318	300	150	1.29904664803e-08	1.1951229161876e-06	0.499,0.432,0.552,0.491,0.389,0.425,0.49,0.36,0.502,0.441,0.351,0.407	0.353,0.386,0.356,0.395,0.266,0.269,0.244,0.334	0.12	A3SS	19835872.0	19836130.0	19835872.0	19835912.0	19836400.0	19836514.0							0.12
747	AT2G05210	POT1A	chr2	+							747	26,62,70,50,70,56,76,66,54,2,27,24	43,56,39,46,20,23,67,22,31,29,4,42	56,65,70,59,61,70,64,49	13,44,43,11,7,15,8,24	216	150	0.000280571822792	0.0061676142284542	0.296,0.435,0.555,0.43,0.709,0.628,0.441,0.676,0.547,0.046,0.824,0.284	0.749,0.506,0.531,0.788,0.858,0.764,0.847,0.586	-0.214	A3SS	1891713.0	1891940.0	1891779.0	1891940.0	1891470.0	1891550.0							-0.214
880	AT1G75150		chr1	-							880	24,11,21,6,9,24,5,6,13,16,18,11	1,0,2,4,0,0,2,3,0,0,0,4	21,12,11,15,75,53,32,52	5,4,9,6,18,6,1,12	186	150	2.71055006121e-05	0.0009098657232494	0.951,1.0,0.894,0.547,1.0,1.0,0.668,0.617,1.0,1.0,1.0,0.689	0.772,0.708,0.496,0.668,0.771,0.877,0.963,0.778	0.11	A3SS	28204386.0	28204774.0	28204386.0	28204738.0	28204857.0	28205121.0							0.11
886	AT5G27970		chr5	+							886	26,44,40,75,46,63,41,56,53,48,58,53	11,2,2,1,0,10,13,21,4,14,8,2	44,38,49,87,70,101,95,72	6,22,16,21,26,22,31,17	153	150	1.83647267551e-05	0.0006611301631836	0.699,0.956,0.951,0.987,1.0,0.861,0.756,0.723,0.929,0.771,0.877,0.963	0.878,0.629,0.75,0.802,0.725,0.818,0.75,0.806	0.103	A3SS	10009230.0	10009318.0	10009233.0	10009318.0	10009043.0	10009141.0							0.103
894	AT1G73350		chr1	-							894	149,139,270,294,144,216,224,166,223,246,160,231	137,64,167,142,104,161,141,165,93,128,108,138	218,217,145,199,190,130,94,109	95,159,109,199,209,167,139,173	190	150	0.00115665658117	0.0172135073440088	0.462,0.632,0.561,0.62,0.522,0.514,0.556,0.443,0.654,0.603,0.539,0.569	0.644,0.519,0.512,0.441,0.418,0.381,0.348,0.332	0.107	A3SS	27576238.0	27576519.0	27576238.0	27576479.0	27576900.0	27576965.0							0.107
899	AT1G72990	BGAL17	chr1	-							899	4,1,4,4,23,9,2,19,10,3,4,0	17,9,21,13,20,44,30,30,9,17,46,6	2,13,4,6,0,0,2,0	37,26,21,22,24,34,19,28	163	150	0.00300572141993	0.0347265674749121	0.178,0.093,0.149,0.221,0.514,0.158,0.058,0.368,0.506,0.14,0.074,0.0	0.047,0.315,0.149,0.201,0.0,0.0,0.088,0.0	0.105	A3SS	27461458.0	27461667.0	27461458.0	27461654.0	27461790.0	27461895.0							0.105
907	AT2G39280		chr2	-							907	75,23,51,19,67,73,46,92,52,45,34,48	32,33,38,40,43,30,30,32,14,12,20,58	52,48,32,31,64,62,29,52	65,45,76,53,39,46,29,65	165	150	0.00202030855836	0.0254743475074428	0.681,0.388,0.55,0.302,0.586,0.689,0.582,0.723,0.772,0.773,0.607,0.429	0.421,0.492,0.277,0.347,0.599,0.551,0.476,0.421	0.142	A3SS	16403158.0	16403220.0	16403158.0	16403205.0	16403428.0	16403832.0							0.142
923	AT5G06265		chr5	+							923	221,228,319,293,135,228,277,143,194,211,183,169	43,44,78,75,67,99,37,42,44,51,55,47	187,208,152,149,87,142,55,119	55,51,74,54,51,67,34,50	300	150	0.00045645771632	0.0085897042980218	0.72,0.722,0.672,0.661,0.502,0.535,0.789,0.63,0.688,0.674,0.625,0.643	0.63,0.671,0.507,0.58,0.46,0.514,0.447,0.543	0.111	A3SS	1905778.0	1906766.0	1906563.0	1906766.0	1905247.0	1905383.0							0.111
962	AT4G15510	PPD1	chr4	+							962	286,379,310,294,470,386,197,355,318,198,219,291	140,85,99,145,159,109,55,95,110,50,58,165	360,373,473,525,601,599,509,539	65,94,103,128,47,51,45,41	160	150	0.0	0.0	0.657,0.807,0.746,0.655,0.735,0.769,0.771,0.778,0.73,0.788,0.78,0.623	0.839,0.788,0.812,0.794,0.923,0.917,0.914,0.925	-0.127	A3SS	8861323.0	8861752.0	8861333.0	8861752.0	8861035.0	8861140.0							-0.127
973	AT3G02500		chr3	+							973	3,4,5,6,4,8,3,3,13,0,7,5	10,4,26,11,22,27,9,23,19,4,43,33	1,2,3,2,0,1,0,1	17,9,18,19,3,11,3,14	153	150	3.8540554008e-05	0.0012118321032388	0.227,0.495,0.159,0.348,0.151,0.225,0.246,0.113,0.401,0.0,0.138,0.129	0.055,0.179,0.14,0.094,0.0,0.082,0.0,0.065	0.142	A3SS	520431.0	520592.0	520434.0	520592.0	520046.0	520349.0							0.142
1032	AT4G31570		chr4	+							1032	19,59,47,73,21,29,12,24,32,27,123,68	4,10,11,13,6,28,19,18,3,23,15,16	63,46,42,30,69,47,29,49	47,15,27,12,28,45,21,42	161	150	0.00406470744264	0.0435801017055289	0.816,0.846,0.799,0.84,0.765,0.491,0.37,0.554,0.909,0.522,0.884,0.798	0.555,0.741,0.592,0.7,0.697,0.493,0.563,0.521	0.108	A3SS	15298134.0	15303824.0	15298145.0	15303824.0	15297330.0	15297993.0							0.108
1068	AT1G56720		chr1	-							1068	21,13,8,10,11,8,6,34,14,9,5,60	15,27,23,37,50,16,8,43,47,9,51,47	22,51,15,28,54,65,36,42	14,37,23,26,57,23,43,100	155	150	0.00105647478105	0.0162998966219142	0.575,0.318,0.252,0.207,0.176,0.326,0.421,0.433,0.224,0.492,0.087,0.553	0.603,0.572,0.387,0.51,0.478,0.732,0.448,0.289	-0.164	A3SS	21264921.0	21265570.0	21264921.0	21265565.0	21265872.0	21265946.0							-0.164
1128	AT2G33815		chr2	-							1128	23,29,2,4,15,39,3,2,15,2,48,12	4,0,12,1,4,7,1,12,19,7,4,1	61,56,13,56,46,39,52,59	0,6,0,2,4,6,14,9	168	150	0.000716751884478	0.0120298086556983	0.837,1.0,0.13,0.781,0.77,0.833,0.728,0.13,0.413,0.203,0.915,0.915	1.0,0.893,1.0,0.962,0.911,0.853,0.768,0.854	-0.267	A3SS	14305007.0	14305640.0	14305007.0	14305622.0	14305717.0	14306053.0							-0.267
1130	AT1G52630	OFUT13	chr1	-							1130	16,54,22,68,41,38,52,23,21,9,47,25	42,5,16,48,21,44,13,13,9,12,21,10	22,27,25,29,16,35,8,8	26,19,26,25,35,22,34,23	184	150	0.00123387637676	0.0180291112933637	0.237,0.898,0.529,0.536,0.614,0.413,0.765,0.591,0.655,0.379,0.646,0.671	0.408,0.537,0.439,0.486,0.271,0.565,0.161,0.221	0.192	A3SS	19607836.0	19607941.0	19607836.0	19607907.0	19608198.0	19608278.0							0.192
1196	AT1G17350		chr1	+							1196	3,8,11,4,8,12,14,11,23,5,5,15	6,0,0,0,3,3,0,0,0,0,0,0	14,5,26,17,10,10,8,5	5,1,0,0,1,8,0,13	183	150	0.000103932590007	0.0028370170722789	0.291,1.0,1.0,1.0,0.686,0.766,1.0,1.0,1.0,1.0,1.0,1.0	0.697,0.804,1.0,1.0,0.891,0.506,1.0,0.24	0.128	A3SS	5942347.0	5942442.0	5942380.0	5942442.0	5941749.0	5941842.0							0.128
1204	AT1G06710		chr1	-							1204	11,23,28,15,13,17,18,12,7,10,10,15	0,0,0,6,0,3,3,0,0,0,2,0	7,24,10,7,21,17,20,18	4,5,4,1,0,19,3,5	300	150	7.10219699163e-07	3.9250310839884e-05	1.0,1.0,1.0,0.556,1.0,0.739,0.75,1.0,1.0,1.0,0.714,1.0	0.467,0.706,0.556,0.778,1.0,0.309,0.769,0.643	0.243	A3SS	2056233.0	2056771.0	2056233.0	2056329.0	2056851.0	2057043.0							0.243
1205	AT1G06710		chr1	-							1205	0,19,20,12,6,26,26,12,2,4,6,26	19,0,0,4,2,2,0,0,2,0,1,2	14,12,17,13,9,12,9,9	14,2,3,11,1,7,2,8	202	150	0.00077745656219	0.0127894178839732	0.0,1.0,1.0,0.69,0.69,0.906,1.0,1.0,0.426,1.0,0.817,0.906	0.426,0.817,0.808,0.467,0.87,0.56,0.77,0.455	0.14	A3SS	2056233.0	2056771.0	2056233.0	2056719.0	2056851.0	2057043.0							0.14
1270	AT5G36930		chr5	-							1270	0,6,2,11,20,14,37,7,13,15,5,12	35,83,38,77,32,38,54,24,25,37,8,42	5,1,9,6,6,10,2,9	56,46,52,80,34,45,26,39	174	150	0.000242493853027	0.005577358619621	0.0,0.059,0.043,0.11,0.35,0.241,0.371,0.201,0.31,0.259,0.35,0.198	0.071,0.018,0.13,0.061,0.132,0.161,0.062,0.166	0.108	A3SS	14571428.0	14571933.0	14571428.0	14571909.0	14572404.0	14572449.0							0.108
1293	AT1G09995		chr1	-							1293	12,10,2,14,15,9,9,6,2,1,6,5	24,5,18,13,17,44,12,10,26,14,44,15	2,5,15,22,0,0,5,7	33,26,27,75,35,29,60,13	260	150	0.00327671876392	0.0368297258351913	0.224,0.536,0.06,0.383,0.337,0.106,0.302,0.257,0.042,0.04,0.073,0.161	0.034,0.1,0.243,0.145,0.0,0.0,0.046,0.237	0.109	A3SS	3262221.0	3263018.0	3262221.0	3262908.0	3263350.0	3263621.0							0.109
1347	AT1G05320		chr1	+							1347	0,2,6,0,2,0,0,0,0,0,15,3	7,12,9,18,18,15,16,11,29,2,11,6	0,0,0,0,0,0,2,0	12,6,11,6,17,14,23,9	164	150	1.51289915369e-05	0.0005609017160844	0.0,0.132,0.379,0.0,0.092,0.0,0.0,0.0,0.0,0.0,0.555,0.314	0.0,0.0,0.0,0.0,0.0,0.0,0.074,0.0	0.113	A3SS	1554798.0	1554900.0	1554812.0	1554900.0	1553893.0	1553949.0							0.113
1379	AT5G16520		chr5	-							1379	79,108,109,114,141,118,105,73,127,91,124,126	6,11,8,22,11,30,13,9,17,2,17,11	68,83,79,116,90,59,63,41	33,27,6,14,13,18,22,9	185	150	5.49426683127e-05	0.0016643608303505	0.914,0.888,0.917,0.808,0.912,0.761,0.868,0.868,0.858,0.974,0.855,0.903	0.626,0.714,0.914,0.87,0.849,0.727,0.699,0.787	0.104	A3SS	5395341.0	5395515.0	5395341.0	5395480.0	5395607.0	5395697.0							0.104
1488	AT4G12460	ORP2B	chr4	+							1488	8,19,44,62,52,25,22,32,29,6,64,13	22,31,68,72,80,45,60,70,52,48,89,62	12,22,21,21,6,5,0,0	66,70,80,78,58,50,46,33	300	150	8.01470001477e-13	3.9817029673377356e-10	0.154,0.235,0.244,0.301,0.245,0.217,0.155,0.186,0.218,0.059,0.264,0.095	0.083,0.136,0.116,0.119,0.049,0.048,0.0,0.0	0.129	A3SS	7391876.0	7393053.0	7392690.0	7393053.0	7391207.0	7391726.0							0.129
1612	AT5G43630	TZP	chr5	+							1612	11,37,20,6,17,8,17,20,14,21,25,6	23,12,17,37,33,15,25,20,34,52,12,35	13,19,6,10,3,1,7,3	26,21,23,32,39,26,12,20	300	150	0.00115726881097	0.0172135073440088	0.193,0.607,0.37,0.075,0.205,0.211,0.254,0.333,0.171,0.168,0.51,0.079	0.2,0.311,0.115,0.135,0.037,0.019,0.226,0.07	0.126	A3SS	17526961.0	17527594.0	17527240.0	17527594.0	17526728.0	17526859.0							0.126
1770	AT1G33615		chr1	-							1770	12,12,23,7,21,25,20,37,11,4,19,27	5,0,0,0,2,0,0,4,0,0,10,0	10,7,20,10,6,14,15,13	0,0,0,0,0,0,0,0	300	150	0.000149409714933	0.0038206284208086	0.545,1.0,1.0,1.0,0.84,1.0,1.0,0.822,1.0,1.0,0.487,1.0	1.0,1.0,1.0,1.0,1.0,1.0,1.0,1.0	-0.109	A3SS	12193811.0	12194261.0	12193811.0	12193938.0	12194350.0	12194413.0							-0.109
1782	AT1G28395		chr1	-							1782	66,44,82,74,64,95,48,49,88,66,77,95	24,12,42,12,10,15,13,6,11,3,18,14	76,79,70,95,108,141,94,91	19,20,16,44,41,27,46,59	300	150	0.00183135300507	0.0239425308662835	0.579,0.647,0.494,0.755,0.762,0.76,0.649,0.803,0.8,0.917,0.681,0.772	0.667,0.664,0.686,0.519,0.568,0.723,0.505,0.435	0.122	A3SS	9969245.0	9969836.0	9969245.0	9969587.0	9971072.0	9971188.0							0.122
1820	AT1G29730		chr1	-							1820	15,2,18,16,15,8,26,12,5,25,19,0	23,40,33,22,27,21,34,21,7,24,21,22	4,20,0,10,2,1,3,8	21,23,37,17,16,18,32,33	163	150	0.000979517614877	0.0154975907984361	0.375,0.044,0.334,0.401,0.338,0.26,0.413,0.345,0.397,0.489,0.454,0.0	0.149,0.445,0.0,0.351,0.103,0.049,0.079,0.182	0.151	A3SS	10400563.0	10401064.0	10400563.0	10401051.0	10401126.0	10401280.0							0.151
1852	AT5G50240	PIMT2	chr5	+							1852	11,5,12,2,9,6,9,7,10,8,21,12	8,9,14,11,15,11,11,26,22,4,28,13	20,3,10,24,5,4,12,3	7,16,17,16,1,0,0,0	159	150	0.00144385632373	0.019815133194173	0.565,0.344,0.447,0.146,0.361,0.34,0.436,0.203,0.3,0.654,0.414,0.465	0.729,0.15,0.357,0.586,0.825,1.0,1.0,1.0	-0.316	A3SS	20451631.0	20451902.0	20451640.0	20451902.0	20451532.0	20451544.0							-0.316
1853	AT1G12350	PPCS1	chr1	+							1853	0,2,9,4,1,8,2,8,1,0,3,1	2,0,9,4,3,1,1,4,5,7,3,0	2,0,3,2,12,4,14,2	0,4,0,4,2,3,0,0	300	150	0.00429207386995	0.0455620149271615	0.0,1.0,0.333,0.333,0.143,0.8,0.5,0.5,0.091,0.0,0.333,1.0	1.0,0.0,1.0,0.2,0.75,0.4,1.0,1.0	-0.249	A3SS	4198561.0	4198999.0	4198862.0	4198999.0	4198365.0	4198485.0							-0.249
1888	AT1G23020	FRO3	chr1	-							1888	67,67,28,20,93,89,53,62,195,56,42,57	23,40,17,16,28,46,29,49,62,23,31,33	61,61,45,74,44,61,65,66	10,17,32,18,12,13,15,17	159	150	0.000135823022233	0.0036277891099652	0.733,0.612,0.608,0.541,0.758,0.646,0.633,0.544,0.748,0.697,0.561,0.62	0.852,0.772,0.57,0.795,0.776,0.816,0.803,0.786	-0.13	A3SS	8152669.0	8152870.0	8152669.0	8152861.0	8152967.0	8153070.0							-0.13
1967	AT1G62610		chr1	-							1967	7,9,13,4,1,5,9,1,9,8,8,3	0,0,11,15,3,11,3,0,6,0,5,8	9,3,2,1,1,0,2,0	10,1,1,13,6,5,8,5	153	150	0.000138641894275	0.0036636858019053	1.0,1.0,0.537,0.207,0.246,0.308,0.746,1.0,0.595,1.0,0.611,0.269	0.469,0.746,0.662,0.07,0.14,0.0,0.197,0.0	0.341	A3SS	23181462.0	23182358.0	23181462.0	23182355.0	23182436.0	23183183.0							0.341
1993	AT3G05430		chr3	+							1993	16,17,43,58,4,27,5,22,11,6,10,7	0,6,4,1,0,0,4,0,1,0,2,0	38,18,21,16,3,15,9,4	4,0,3,7,1,3,13,0	180	150	0.000325622151261	0.0067970203674985	1.0,0.702,0.9,0.98,1.0,1.0,0.51,1.0,0.902,1.0,0.806,1.0	0.888,1.0,0.854,0.656,0.714,0.806,0.366,1.0	0.115	A3SS	1569175.0	1571218.0	1569205.0	1571218.0	1567623.0	1568780.0							0.115
2040	AT1G61970		chr1	+							2040	42,20,29,33,4,28,11,24,41,14,30,23	15,21,17,12,3,9,18,14,13,7,6,15	47,20,12,37,13,20,2,49	10,10,16,0,0,3,0,5	300	150	0.0012972943585	0.0185004837762726	0.583,0.323,0.46,0.579,0.4,0.609,0.234,0.462,0.612,0.5,0.714,0.434	0.701,0.5,0.273,1.0,1.0,0.769,1.0,0.831	-0.267	A3SS	22906831.0	22907730.0	22907128.0	22907730.0	22906472.0	22906610.0							-0.267
2059	AT5G41620		chr5	+							2059	8,30,2,8,2,2,20,3,1,0,11,2	16,8,24,36,26,19,34,5,8,6,45,0	1,1,3,4,2,1,0,2	26,29,15,22,21,9,8,11	223	150	0.000673520019574	0.0113811138001484	0.252,0.716,0.053,0.13,0.049,0.066,0.284,0.288,0.078,0.0,0.141,1.0	0.025,0.023,0.119,0.109,0.06,0.07,0.0,0.109	0.19	A3SS	16647123.0	16647322.0	16647196.0	16647322.0	16646156.0	16646698.0							0.19
2233	AT5G27270	EMB976	chr5	+							2233	2,30,32,61,29,45,52,25,21,27,16,17	8,43,44,60,76,60,30,73,25,27,89,28	39,37,23,25,27,9,6,19	80,50,32,88,90,75,70,118	167	150	0.0004011213677	0.0079710838189344	0.183,0.385,0.395,0.477,0.255,0.403,0.609,0.235,0.43,0.473,0.139,0.353	0.305,0.399,0.392,0.203,0.212,0.097,0.071,0.126	0.136	A3SS	9606260.0	9607679.0	9606277.0	9607679.0	9605483.0	9606192.0							0.136
2279	AT5G37340		chr5	-							2279	10,13,11,11,19,12,1,10,17,6,28,15	0,0,2,14,3,0,0,4,0,0,2,1	19,26,4,5,17,9,8,19	0,0,0,0,0,0,0,0	167	150	2.86241300484e-06	0.0001338439268957	1.0,1.0,0.832,0.414,0.85,1.0,1.0,0.692,1.0,1.0,0.926,0.931	1.0,1.0,1.0,1.0,1.0,1.0,1.0,1.0	-0.113	A3SS	14789165.0	14789236.0	14789165.0	14789219.0	14789342.0	14789409.0							-0.113
2390	AT5G48775		chr5	+							2390	11,15,5,8,4,7,9,10,19,11,10,8	14,3,32,14,16,5,19,40,27,3,6,3	5,10,2,5,0,0,9,13	16,25,21,45,25,9,4,8	235	150	0.00271576967955	0.0319714307298682	0.334,0.761,0.091,0.267,0.138,0.472,0.232,0.138,0.31,0.701,0.515,0.63	0.166,0.203,0.057,0.066,0.0,0.0,0.59,0.509	0.184	A3SS	19775790.0	19776071.0	19775875.0	19776071.0	19773315.0	19775661.0							0.184
2413	AT5G50130		chr5	+							2413	77,68,137,137,55,86,93,67,73,240,82,63	10,23,45,30,17,15,13,5,39,56,25,8	69,137,47,55,117,102,65,63	5,15,4,13,11,5,0,7	153	150	5.4742661515e-09	5.439230848130399e-07	0.883,0.743,0.749,0.817,0.76,0.849,0.875,0.929,0.647,0.808,0.763,0.885	0.931,0.9,0.92,0.806,0.912,0.952,1.0,0.898	-0.106	A3SS	20392207.0	20392289.0	20392210.0	20392289.0	20391921.0	20392075.0							-0.106
2416	AT4G25434	ATNUDT10	chr4	-							2416	8,20,9,2,13,14,17,6,16,4,17,16	0,0,1,0,10,1,7,11,0,6,12,4	8,5,9,12,38,14,43,13	33,8,12,7,23,21,3,15	165	150	0.000512389184477	0.009223005320586	1.0,1.0,0.891,1.0,0.542,0.927,0.688,0.331,1.0,0.377,0.563,0.784	0.181,0.362,0.405,0.609,0.6,0.377,0.929,0.441	0.271	A3SS	13004792.0	13004870.0	13004792.0	13004855.0	13005006.0	13005144.0							0.271
2452	AT5G53020		chr5	+							2452	25,26,19,30,45,23,14,45,20,7,42,12	0,4,2,5,0,6,8,0,0,0,0,10	24,23,22,15,40,10,38,20	2,5,6,5,10,6,12,2	244	150	0.00141749759558	0.019561466819004	1.0,0.8,0.854,0.787,1.0,0.702,0.518,1.0,1.0,1.0,1.0,0.425	0.881,0.739,0.693,0.648,0.711,0.506,0.661,0.86	0.128	A3SS	21499794.0	21500829.0	21499888.0	21500829.0	21499290.0	21499440.0							0.128
2461	AT5G53220		chr5	+							2461	28,15,15,24,28,47,16,35,17,36,39,16	0,0,4,10,2,3,6,1,0,0,2,2	12,32,57,27,33,32,26,23	0,0,0,2,0,0,0,0	300	150	1.06090325414e-09	1.4640464907132e-07	1.0,1.0,0.652,0.545,0.875,0.887,0.571,0.946,1.0,1.0,0.907,0.8	1.0,1.0,1.0,0.871,1.0,1.0,1.0,1.0	-0.135	A3SS	21596235.0	21596711.0	21596474.0	21596711.0	21595993.0	21596154.0							-0.135
2462	AT5G53220		chr5	+							2462	28,15,16,23,32,47,16,41,17,33,50,20	0,0,4,10,2,3,6,1,0,0,2,2	13,38,57,27,33,35,26,23	0,0,0,2,0,0,0,0	300	150	1.7587037382e-09	2.1843100428444e-07	1.0,1.0,0.667,0.535,0.889,0.887,0.571,0.953,1.0,1.0,0.926,0.833	1.0,1.0,1.0,0.871,1.0,1.0,1.0,1.0	-0.129	A3SS	21596255.0	21596711.0	21596474.0	21596711.0	21595993.0	21596154.0							-0.129
2488	AT2G35660	CTF2A	chr2	+							2488	112,101,104,144,78,77,86,125,65,96,102,138	84,187,122,235,210,146,160,123,95,102,175,141	83,105,93,83,37,30,13,40	97,158,202,189,131,116,83,109	158	150	0.00021356585788	0.0050523580092754	0.559,0.339,0.447,0.368,0.261,0.334,0.338,0.491,0.394,0.472,0.356,0.482	0.448,0.387,0.304,0.294,0.211,0.197,0.129,0.258	0.125	A3SS	14989001.0	14989075.0	14989009.0	14989075.0	14988777.0	14988924.0							0.125
2495	AT5G65740		chr5	-							2495	32,25,53,34,28,36,34,17,28,21,21,37	5,11,15,18,14,17,2,7,19,2,2,15	11,11,29,19,32,33,22,37	20,3,7,16,25,37,15,27	297	150	0.00118349214392	0.0174987766993885	0.764,0.534,0.641,0.488,0.503,0.517,0.896,0.551,0.427,0.841,0.841,0.555	0.217,0.649,0.677,0.375,0.393,0.311,0.426,0.409	0.198	A3SS	26302829.0	26303051.0	26302829.0	26302904.0	26303332.0	26303514.0							0.198
2496	AT5G65740		chr5	-							2496	91,59,133,116,67,90,97,87,89,49,50,77	5,11,15,18,14,17,2,7,19,2,2,15	42,54,85,58,67,77,39,73	20,3,7,16,25,37,15,27	300	150	0.000150733327391	0.0038206284208086	0.901,0.728,0.816,0.763,0.705,0.726,0.96,0.861,0.701,0.925,0.926,0.72	0.512,0.9,0.859,0.644,0.573,0.51,0.565,0.575	0.169	A3SS	26302829.0	26303246.0	26302829.0	26302904.0	26303332.0	26303514.0							0.169
2548	AT1G53490	HEI10	chr1	+							2548	15,2,1,5,4,7,44,5,6,22,16,6	0,0,6,7,8,7,16,4,0,0,1,0	9,1,4,3,5,5,25,3	7,2,3,5,7,13,14,5	180	150	0.00035768644537	0.007404109419159	1.0,1.0,0.122,0.373,0.294,0.455,0.696,0.51,1.0,1.0,0.93,1.0	0.517,0.294,0.526,0.333,0.373,0.243,0.598,0.333	0.296	A3SS	19966448.0	19966710.0	19966478.0	19966710.0	19966173.0	19966343.0							0.296
2609	AT3G02280	ATR3	chr3	+							2609	2,41,15,27,5,23,38,6,6,6,23,8	1,0,14,0,0,1,0,0,0,0,0,0	10,21,15,5,14,9,2,17	15,0,0,10,4,5,6,0	170	150	4.14875856336e-07	2.57637906784656e-05	0.638,1.0,0.486,1.0,1.0,0.953,1.0,1.0,1.0,1.0,1.0,1.0	0.37,1.0,1.0,0.306,0.755,0.614,0.227,1.0	0.264	A3SS	453588.0	453786.0	453608.0	453786.0	453328.0	453510.0							0.264
2635	AT3G49430	SR34A	chr3	+							2635	166,140,184,327,170,134,263,129,104,124,158,157	188,238,114,192,190,265,110,162,137,206,210,192	121,219,125,202,182,98,165,149	231,239,366,274,362,424,296,352	300	150	7.11056355795e-07	3.9250310839884e-05	0.306,0.227,0.447,0.46,0.309,0.202,0.545,0.285,0.275,0.231,0.273,0.29	0.208,0.314,0.146,0.269,0.201,0.104,0.218,0.175	0.116	A3SS	18332247.0	18332754.0	18332641.0	18332754.0	18331508.0	18331712.0							0.116
2661	AT1G67900		chr1	+							2661	27,44,22,29,70,20,15,32,65,34,29,46	106,49,5,46,135,37,22,45,62,30,24,53	54,39,42,27,23,16,11,25	49,74,97,79,92,71,59,116	300	150	3.1834118203e-05	0.0010404730212664	0.113,0.31,0.688,0.24,0.206,0.213,0.254,0.262,0.344,0.362,0.377,0.303	0.355,0.209,0.178,0.146,0.111,0.101,0.085,0.097	0.146	A3SS	25467375.0	25467795.0	25467618.0	25467795.0	25464725.0	25464987.0							0.146
2709	AT3G12980	HAC5	chr3	+							2709	22,61,51,86,60,29,60,47,94,29,26,57	2,10,4,1,5,6,4,14,17,19,8,25	45,50,61,55,59,88,81,48	0,8,1,0,8,2,4,3	166	150	6.8114657692e-08	5.127176051725091e-06	0.909,0.846,0.92,0.987,0.916,0.814,0.931,0.752,0.833,0.58,0.746,0.673	1.0,0.85,0.982,1.0,0.87,0.975,0.948,0.935	-0.119	A3SS	4147471.0	4147586.0	4147487.0	4147586.0	4146858.0	4147070.0							-0.119
2775	AT1G28210	ATJ1	chr1	+							2775	0,0,8,1,2,6,0,2,21,7,4,1	8,25,14,26,12,19,26,5,6,43,40,37	4,17,8,28,19,6,8,2	22,25,25,20,43,17,7,17	186	150	0.000240148818728	0.0055750436048631	0.0,0.0,0.315,0.03,0.118,0.203,0.0,0.244,0.738,0.116,0.075,0.021	0.128,0.354,0.205,0.53,0.263,0.222,0.48,0.087	-0.129	A3SS	9859856.0	9860158.0	9859892.0	9860158.0	9859370.0	9859460.0							-0.129
37	AT2G32320	THG2	chr2	+			13726780.0	13726949.0	13728211.0	13728343.0	37	8,7,14,8,13,21,8,13,13,10,11,4	95,137,124,127,76,141,162,111,132,119,117,122	8,23,9,8,10,36,11,28	98,159,88,81,77,89,43,60	196	289	7.3183375244e-05	0.0030380668029773	0.11,0.07,0.143,0.085,0.201,0.18,0.068,0.147,0.127,0.11,0.122,0.046	0.107,0.176,0.131,0.127,0.161,0.374,0.274,0.408	-0.102	MXE							13727410.0	13727456.0	13727902.0	13728041.0			-0.102
70	AT5G14550		chr5	-			4691988.0	4692054.0	4692759.0	4692841.0	70	16,23,53,38,19,36,24,18,30,10,27,12	14,43,43,45,30,54,69,32,42,41,65,48	35,12,23,40,106,72,108,80	26,27,40,33,97,76,79,92	231	189	0.00180323599911	0.031376306384514	0.483,0.304,0.502,0.409,0.341,0.353,0.222,0.315,0.369,0.166,0.254,0.17	0.524,0.267,0.32,0.498,0.472,0.437,0.528,0.416	-0.109	MXE							4692239.0	4692278.0	4692548.0	4692629.0			-0.109
117	AT4G28150		chr4	-			13977922.0	13978014.0	13978101.0	13978187.0	117	1,0,0,2,4,23,0,2,0,0,9,4	43,2,17,12,19,22,11,5,26,20,69,28	10,0,8,1,13,7,5,19	14,28,10,25,32,20,19,7	237	150	0.000796550754933	0.0068992694532853	0.015,0.0,0.0,0.095,0.118,0.398,0.0,0.202,0.0,0.0,0.076,0.083	0.311,0.0,0.336,0.025,0.205,0.181,0.143,0.632	-0.147	RI											13977922.0	13978187.0	-0.147
122	AT4G27860		chr4	+			13874078.0	13874444.0	13874519.0	13874864.0	122	29,4,6,16,15,13,18,33,10,0,6,24	29,91,170,127,77,74,206,108,48,343,238,57	14,24,16,31,34,36,15,34	41,34,51,43,42,18,17,32	225	150	0.0	0.0	0.4,0.028,0.023,0.077,0.115,0.105,0.055,0.169,0.122,0.0,0.017,0.219	0.185,0.32,0.173,0.325,0.351,0.571,0.37,0.415	-0.228	RI											13874078.0	13874864.0	-0.228
123	AT4G27860		chr4	+			13875662.0	13875724.0	13875793.0	13876528.0	123	9,2,34,15,9,11,8,46,21,28,9,1	100,130,435,310,95,123,344,284,168,605,292,157	3,9,14,9,17,10,3,17	33,42,61,92,39,29,18,22	219	150	4.3156589413200004e-12	6.119604378791758e-10	0.058,0.01,0.051,0.032,0.061,0.058,0.016,0.1,0.079,0.031,0.021,0.004	0.059,0.128,0.136,0.063,0.23,0.191,0.102,0.346	-0.113	RI											13875662.0	13876528.0	-0.113
131	AT4G27610		chr4	-			13787858.0	13787937.0	13788083.0	13788515.0	131	48,128,117,57,63,74,69,107,97,56,106,127	18,27,23,20,22,26,19,23,9,11,30,19	53,56,38,45,79,72,57,66	10,33,31,19,26,21,27,31	296	150	0.000935561353174	0.0077905889191318	0.575,0.706,0.721,0.591,0.592,0.591,0.648,0.702,0.845,0.721,0.642,0.772	0.729,0.462,0.383,0.545,0.606,0.635,0.517,0.519	0.126	RI											13787858.0	13788515.0	0.126
153	AT4G25500	RS40	chr4	+			13025162.0	13025273.0	13026055.0	13026168.0	153	256,213,299,293,175,243,255,159,193,123,181,165	152,147,184,221,182,268,215,206,129,216,250,153	205,178,150,227,167,185,112,176	307,205,218,195,347,398,378,391	300	150	3.99751723945e-08	1.87166774145192e-06	0.457,0.42,0.448,0.399,0.325,0.312,0.372,0.278,0.428,0.222,0.266,0.35	0.25,0.303,0.256,0.368,0.194,0.189,0.129,0.184	0.122	RI											13025162.0	13026168.0	0.122
154	AT4G25500	RS40	chr4	+			13025162.0	13025856.0	13026055.0	13026168.0	154	240,151,270,257,128,220,231,158,178,119,139,115	66,25,53,80,33,91,87,44,46,51,59,49	176,165,132,137,135,129,74,179	54,85,47,62,102,133,71,90	300	150	3.30405698413e-05	0.0005255780388537	0.645,0.751,0.718,0.616,0.66,0.547,0.57,0.642,0.659,0.538,0.541,0.54	0.62,0.493,0.584,0.525,0.398,0.327,0.343,0.499	0.145	RI											13025162.0	13026168.0	0.145
209	AT4G22120	CSC1	chr4	-			11718830.0	11719164.0	11719461.0	11719807.0	209	15,0,4,7,14,3,3,11,7,10,16,15	3,25,6,34,14,13,32,37,15,3,18,17	4,0,1,11,2,23,6,14	38,43,38,29,52,58,29,49	300	150	0.000208117969588	0.0023210999619443	0.714,0.0,0.25,0.093,0.333,0.103,0.045,0.129,0.189,0.625,0.308,0.306	0.05,0.0,0.013,0.159,0.019,0.165,0.094,0.125	0.18	RI											11718830.0	11719807.0	0.18
215	AT4G21585	ENDO4	chr4	+			11478358.0	11478539.0	11478617.0	11478728.0	215	32,15,50,61,7,41,54,46,53,15,31,26	28,27,57,68,27,56,68,41,61,25,36,26	12,29,25,37,14,9,14,26	47,48,65,50,29,44,33,46	228	150	8.71733782084e-05	0.0011693012866169	0.429,0.268,0.366,0.371,0.146,0.325,0.343,0.425,0.364,0.283,0.362,0.397	0.144,0.284,0.202,0.327,0.241,0.119,0.218,0.271	0.114	RI											11478358.0	11478728.0	0.114
221	AT4G21400	CRK28	chr4	-			11399611.0	11399715.0	11399837.0	11400376.0	221	26,13,70,61,27,31,53,12,28,6,23,17	5,0,14,31,0,4,3,6,17,7,20,7	36,33,40,65,11,18,26,26	9,2,10,3,0,0,0,0	272	150	0.000158626611136	0.0018834063901147	0.741,1.0,0.734,0.52,1.0,0.81,0.907,0.524,0.476,0.321,0.388,0.573	0.688,0.901,0.688,0.923,1.0,1.0,1.0,1.0	-0.234	RI											11399611.0	11400376.0	-0.234
287	AT4G17910		chr4	-			9953622.0	9953668.0	9953731.0	9953795.0	287	20,39,39,6,33,50,21,31,42,14,36,41	37,49,56,45,35,42,16,23,33,6,35,27	36,41,29,18,18,30,20,15	51,29,41,51,67,50,38,48	213	150	0.00793859411074	0.0438744349349695	0.276,0.359,0.329,0.086,0.399,0.456,0.48,0.487,0.473,0.622,0.42,0.517	0.332,0.499,0.332,0.199,0.159,0.297,0.27,0.18	0.125	RI											9953622.0	9953795.0	0.125
308	AT4G16857		chr4	-			9482988.0	9483183.0	9483313.0	9483913.0	308	4,10,0,0,13,5,0,8,31,8,7,10	24,44,7,16,17,28,21,35,39,20,29,39	14,22,7,30,50,23,23,23	40,33,13,34,81,52,25,50	280	150	6.38531259667e-06	0.0001354286599028	0.082,0.109,0.0,0.0,0.291,0.087,0.0,0.109,0.299,0.176,0.115,0.121	0.158,0.263,0.224,0.321,0.249,0.192,0.33,0.198	-0.126	RI											9482988.0	9483913.0	-0.126
317	AT4G16660		chr4	+			9376698.0	9376834.0	9377178.0	9377986.0	317	112,183,376,189,195,344,216,160,178,248,202,240	52,116,110,141,182,247,132,121,78,212,119,152	158,198,141,184,140,128,121,111	177,208,216,229,181,172,148,134	300	150	3.6193270602799995e-14	6.908738538526784e-12	0.519,0.441,0.631,0.401,0.349,0.411,0.45,0.398,0.533,0.369,0.459,0.441	0.309,0.322,0.246,0.287,0.279,0.271,0.29,0.293	0.163	RI											9376698.0	9377986.0	0.163
348	AT4G13330		chr4	-			7753259.0	7754021.0	7754228.0	7754912.0	348	11,8,19,60,33,36,29,28,27,10,22,32	0,0,0,10,1,5,0,0,0,0,0,0	34,19,34,19,47,21,34,26	0,0,2,3,4,4,2,8	300	150	0.000839526317665	0.007134536155088	1.0,1.0,1.0,0.75,0.943,0.783,1.0,1.0,1.0,1.0,1.0,1.0	1.0,1.0,0.895,0.76,0.855,0.724,0.895,0.619	0.113	RI											7753259.0	7754912.0	0.113
376	AT4G11830	PLDGAMMA2	chr4	-			7116690.0	7116888.0	7116998.0	7117115.0	376	93,40,53,76,95,93,51,131,58,45,27,52	58,28,21,21,25,48,20,26,26,15,18,41	59,89,59,63,64,68,49,72	34,64,33,53,75,86,35,38	260	150	0.000116879713845	0.001491192852989	0.481,0.452,0.593,0.676,0.687,0.528,0.595,0.744,0.563,0.634,0.464,0.423	0.5,0.445,0.508,0.407,0.33,0.313,0.447,0.522	0.136	RI											7116690.0	7117115.0	0.136
388	AT4G10730		chr4	-			6614433.0	6614665.0	6614757.0	6614887.0	388	19,55,44,51,37,46,35,39,25,83,67,37	27,27,30,22,29,41,25,15,52,16,35,24	36,31,14,28,37,30,27,23	42,24,34,63,50,20,21,41	242	150	0.000731454842611	0.0064479758150593	0.304,0.558,0.476,0.59,0.442,0.41,0.465,0.617,0.23,0.763,0.543,0.489	0.347,0.445,0.203,0.216,0.314,0.482,0.443,0.258	0.152	RI											6614433.0	6614887.0	0.152
397	AT4G10000		chr4	-			6260301.0	6260452.0	6260675.0	6260808.0	397	6,47,24,42,6,32,9,16,17,8,6,19	101,168,120,91,107,128,116,108,116,57,127,140	34,24,51,34,75,49,54,65	107,107,87,104,103,123,140,105	300	150	0.0	0.0	0.029,0.123,0.091,0.188,0.027,0.111,0.037,0.069,0.068,0.066,0.023,0.064	0.137,0.101,0.227,0.14,0.267,0.166,0.162,0.236	-0.105	RI											6260301.0	6260808.0	-0.105
422	AT4G04221		chr4	-			2034087.0	2035321.0	2035436.0	2035794.0	422	44,55,95,111,73,180,39,74,50,100,58,117	1,12,4,2,13,9,3,5,0,5,10,5	135,107,120,129,57,74,4,44	4,14,10,25,5,19,5,12	265	150	0.00317231166399	0.0213167496896874	0.961,0.722,0.931,0.969,0.761,0.919,0.88,0.893,1.0,0.919,0.767,0.93	0.95,0.812,0.872,0.745,0.866,0.688,0.312,0.675	0.148	RI											2034087.0	2035794.0	0.148
436	AT4G21750	ATML1	chr4	+			11555715.0	11556189.0	11556838.0	11557200.0	436	10,34,16,27,28,16,33,41,28,15,22,19	5,0,3,8,10,5,12,8,8,0,7,7	10,15,8,18,6,26,6,20	10,5,17,12,7,4,2,14	300	150	0.00107157544523	0.0087041390092904	0.5,1.0,0.727,0.628,0.583,0.615,0.579,0.719,0.636,1.0,0.611,0.576	0.333,0.6,0.19,0.429,0.3,0.765,0.6,0.417	0.227	RI											11555715.0	11557200.0	0.227
453	AT4G01430		chr4	+			586392.0	586509.0	586586.0	586998.0	453	0,0,1,0,0,0,0,9,0,30,10,1	13,11,15,55,136,19,23,11,20,238,36,44	10,0,4,4,2,6,0,2	7,19,19,43,7,10,2,4	227	150	0.000812203486782	0.0069860760916794	0.0,0.0,0.042,0.0,0.0,0.0,0.0,0.351,0.0,0.077,0.155,0.015	0.486,0.0,0.122,0.058,0.159,0.284,0.0,0.248	-0.116	RI											586392.0	586998.0	-0.116
468	AT4G00170	PVA13	chr4	-			71819.0	71893.0	72033.0	72217.0	468	98,59,95,75,73,119,157,88,122,87,61,142	106,135,87,152,131,211,192,124,108,173,78,84	55,76,84,99,46,63,36,40	171,173,156,173,176,143,100,151	290	150	3.45975403881e-09	2.259310433501846e-07	0.324,0.184,0.361,0.203,0.224,0.226,0.297,0.269,0.369,0.206,0.288,0.466	0.143,0.185,0.218,0.228,0.119,0.186,0.157,0.121	0.115	RI											71819.0	72217.0	0.115
476	AT2G48020		chr2	+			19644020.0	19644237.0	19644376.0	19644575.0	476	45,102,83,145,129,109,67,130,93,136,89,124	14,21,28,31,22,20,38,34,19,91,26,12	70,104,118,109,16,50,62,58	18,20,9,9,1,2,6,9	289	150	2.72541824251e-05	0.0004420343378293	0.625,0.716,0.606,0.708,0.753,0.739,0.478,0.665,0.718,0.437,0.64,0.843	0.669,0.73,0.872,0.863,0.893,0.928,0.843,0.77	-0.16	RI											19644020.0	19644575.0	-0.16
505	AT2G45870		chr2	+			18876965.0	18877172.0	18877263.0	18877679.0	505	7,11,13,14,4,16,0,26,13,2,0,10	23,10,32,10,14,14,54,17,20,3,19,8	2,9,7,6,2,0,0,0	26,32,9,33,6,20,14,9	241	150	5.05588859386e-05	0.0007535247775173	0.159,0.406,0.202,0.466,0.151,0.416,0.0,0.488,0.288,0.293,0.0,0.438	0.046,0.149,0.326,0.102,0.172,0.0,0.0,0.0	0.176	RI											18876965.0	18877679.0	0.176
516	AT2G45100		chr2	-			18598026.0	18598177.0	18598381.0	18598481.0	516	0,2,0,4,0,10,0,0,0,0,0,4	10,4,12,24,9,11,13,13,6,7,21,12	8,9,4,2,8,4,5,12	1,10,14,25,17,21,11,5	300	150	1.7602190463e-06	4.696756519777903e-05	0.0,0.2,0.0,0.077,0.0,0.312,0.0,0.0,0.0,0.0,0.0,0.143	0.8,0.31,0.125,0.038,0.19,0.087,0.185,0.545	-0.224	RI											18598026.0	18598481.0	-0.224
550	AT2G42365		chr2	-			17640786.0	17641579.0	17641911.0	17642099.0	550	50,21,124,68,51,64,64,27,38,498,82,32	13,0,2,0,7,15,16,0,1,0,6,0	41,26,38,40,24,30,25,26	4,1,3,7,11,8,19,3	300	150	7.57358991169e-05	0.0010383349925888	0.658,1.0,0.969,1.0,0.785,0.681,0.667,1.0,0.95,1.0,0.872,1.0	0.837,0.929,0.864,0.741,0.522,0.652,0.397,0.812	0.163	RI											17640786.0	17642099.0	0.163
553	AT2G42190		chr2	+			17582672.0	17582855.0	17582996.0	17583141.0	553	693,515,524,625,667,591,413,562,585,253,447,645	145,67,51,53,90,53,63,88,43,7,33,73	490,581,532,667,444,365,318,385	53,112,84,81,263,209,151,206	291	150	4.31322084715e-07	1.4271010042936968e-05	0.711,0.798,0.841,0.859,0.793,0.852,0.772,0.767,0.875,0.949,0.875,0.82	0.827,0.728,0.766,0.809,0.465,0.474,0.521,0.491	0.191	RI											17582672.0	17583141.0	0.191
554	AT2G42170		chr2	+			17577713.0	17577815.0	17578220.0	17578286.0	554	13,21,16,17,15,16,8,29,22,19,10,8	1,0,5,10,11,8,2,4,5,0,0,4	6,8,7,11,66,68,56,59	14,8,11,6,49,20,14,51	300	150	0.0001458526137	0.0017612324131218	0.867,1.0,0.615,0.459,0.405,0.5,0.667,0.784,0.688,1.0,1.0,0.5	0.176,0.333,0.241,0.478,0.402,0.63,0.667,0.366	0.295	RI											17577713.0	17578286.0	0.295
582	AT2G40640	PUB63	chr2	-			16960963.0	16961446.0	16961518.0	16961589.0	582	23,43,48,35,34,40,44,31,36,3,22,31	91,78,129,51,65,82,49,51,45,13,35,77	52,55,58,52,42,82,12,47	36,32,51,80,62,67,15,65	222	150	1.32842321366e-05	0.0002487911097884	0.146,0.271,0.201,0.317,0.261,0.248,0.378,0.291,0.351,0.135,0.298,0.214	0.494,0.537,0.435,0.305,0.314,0.453,0.351,0.328	-0.143	RI											16960963.0	16961589.0	-0.143
693	AT2G32850		chr2	-			13935155.0	13935641.0	13935701.0	13935834.0	693	196,118,179,207,171,264,169,169,213,259,228,156	107,79,136,173,114,161,146,121,126,106,156,126	237,205,224,221,235,149,148,206	104,133,73,118,86,52,20,57	210	150	1.34458809242e-06	3.879762036442128e-05	0.567,0.516,0.485,0.461,0.517,0.539,0.453,0.499,0.547,0.636,0.511,0.469	0.619,0.524,0.687,0.572,0.661,0.672,0.841,0.721	-0.145	RI											13935155.0	13935834.0	-0.145
755	AT2G36720		chr2	+			15393046.0	15393287.0	15393404.0	15394301.0	755	97,143,104,131,83,87,94,74,85,41,104,64	9,15,27,35,9,35,14,32,14,45,29,27	102,155,236,158,126,113,124,139	14,9,23,26,21,18,9,12	267	150	1.30320981681e-05	0.0002468637527033	0.858,0.843,0.684,0.678,0.838,0.583,0.79,0.565,0.773,0.339,0.668,0.571	0.804,0.906,0.852,0.773,0.771,0.779,0.886,0.867	-0.147	RI											15393046.0	15394301.0	-0.147
880	AT2G20250		chr2	-			8734242.0	8734407.0	8734487.0	8735068.0	880	30,84,43,19,32,58,32,21,59,35,30,10	0,6,4,5,0,1,2,1,6,8,10,14	49,37,46,53,51,37,29,30	0,0,1,5,2,2,0,4	230	150	0.000133740777615	0.0016429591071862	1.0,0.901,0.875,0.713,1.0,0.974,0.913,0.932,0.865,0.74,0.662,0.318	1.0,1.0,0.968,0.874,0.943,0.923,1.0,0.83	-0.118	RI											8734242.0	8735068.0	-0.118
902	AT2G17780	MCA2	chr2	-			7726541.0	7726960.0	7727324.0	7727503.0	902	20,15,10,4,12,35,2,36,13,26,7,17	0,0,2,4,2,0,0,0,0,0,0,1	17,16,19,35,36,30,30,27	4,0,1,4,9,2,21,3	300	150	6.72284217185e-09	4.019935626372476e-07	1.0,1.0,0.714,0.333,0.75,1.0,1.0,1.0,1.0,1.0,1.0,0.895	0.68,1.0,0.905,0.814,0.667,0.882,0.417,0.818	0.118	RI											7726541.0	7727503.0	0.118
920	AT4G39380		chr4	-			18309025.0	18309449.0	18309600.0	18309771.0	920	29,4,32,92,14,10,92,12,20,11,23,8	17,10,34,2,7,28,11,28,9,21,0,19	10,1,7,16,9,11,6,11	17,21,32,36,38,20,16,26	300	150	8.97252679821e-07	2.7658789130134303e-05	0.46,0.167,0.32,0.958,0.5,0.152,0.807,0.176,0.526,0.208,1.0,0.174	0.227,0.023,0.099,0.182,0.106,0.216,0.158,0.175	0.306	RI											18309025.0	18309771.0	0.306
927	AT2G13960		chr2	+			5860392.0	5860444.0	5860595.0	5860653.0	927	19,2,8,4,12,11,22,2,5,3,8,10	6,13,29,1,15,19,25,9,18,0,6,16	12,2,0,0,0,0,0,0	3,19,5,12,4,3,1,2	300	150	9.57250904821e-06	0.0001931234244157	0.613,0.071,0.121,0.667,0.286,0.224,0.306,0.1,0.122,1.0,0.4,0.238	0.667,0.05,0.0,0.0,0.0,0.0,0.0,0.0	0.256	RI											5860392.0	5860653.0	0.256
1040	AT2G24650	REM13	chr2	-			10487040.0	10487115.0	10487180.0	10487427.0	1040	31,0,21,1,10,5,1,3,3,2,12,17	13,30,21,19,14,27,22,68,26,18,48,25	10,16,13,20,19,5,6,6	12,40,31,12,15,16,8,7	215	150	0.000225816693016	0.0024794872730938	0.625,0.0,0.411,0.035,0.333,0.114,0.031,0.03,0.075,0.072,0.149,0.322	0.368,0.218,0.226,0.538,0.469,0.179,0.344,0.374	-0.156	RI											10487040.0	10487427.0	-0.156
1052	AT4G37630	CYCD5-1	chr4	+			17680375.0	17680524.0	17680605.0	17681264.0	1052	2,4,6,2,17,18,1,14,7,6,10,12	68,53,45,46,39,69,40,43,39,21,22,61	33,10,15,22,9,9,11,16	27,68,27,30,25,40,35,28	231	150	5.12578026446e-06	0.0001151097169797	0.019,0.047,0.08,0.027,0.221,0.145,0.016,0.175,0.104,0.156,0.228,0.113	0.442,0.087,0.265,0.323,0.189,0.127,0.169,0.271	-0.123	RI											17680375.0	17681264.0	-0.123
1074	AT3G09745		chr3	+			22988626.0	22989030.0	22989179.0	22989484.0	1074	336,163,730,372,96,452,961,335,479,30,1318,427	0,14,0,3,0,3,12,2,10,4,15,1	480,461,261,307,26,39,21,1	12,8,14,0,11,6,9,9	299	150	1.73236383016e-08	8.512595731766417e-07	1.0,0.854,1.0,0.984,1.0,0.987,0.976,0.988,0.96,0.79,0.978,0.995	0.953,0.967,0.903,1.0,0.542,0.765,0.539,0.053	0.244	RI											22988626.0	22989484.0	0.244
1075	AT3G09745		chr3	+			22989937.0	22990167.0	22990293.0	22990967.0	1075	111,82,288,172,39,191,474,71,263,27,456,150	2,0,6,10,5,9,8,31,4,8,11,13	190,265,102,120,23,2,6,0	10,8,7,3,30,6,0,15	276	150	0.00633668274961	0.0367824052471513	0.968,1.0,0.963,0.903,0.809,0.92,0.97,0.555,0.973,0.647,0.958,0.862	0.912,0.947,0.888,0.956,0.294,0.153,1.0,0.0	0.234	RI											22989937.0	22990967.0	0.234
1190	AT3G54500		chr3	-			20178713.0	20178804.0	20178940.0	20179027.0	1190	671,548,565,683,883,564,628,764,591,581,690,821	155,177,134,192,260,179,193,277,178,180,186,154	526,737,588,896,22,20,57,71	236,213,241,347,32,29,50,49	286	150	9.65152654753e-06	0.0001939292560947	0.694,0.619,0.689,0.651,0.64,0.623,0.631,0.591,0.635,0.629,0.661,0.737	0.539,0.645,0.561,0.575,0.265,0.266,0.374,0.432	0.193	RI											20178713.0	20179027.0	0.193
1212	AT3G53500	RS2Z32	chr3	-			19835872.0	19835912.0	19836400.0	19836514.0	1212	303,304,338,276,245,350,338,246,254,211,267,284	166,209,152,198,230,258,224,242,152,173,269,239	268,334,333,361,287,256,197,275	276,307,330,302,372,401,347,318	300	150	9.09621107326e-08	3.858503893725588e-06	0.477,0.421,0.526,0.411,0.348,0.404,0.43,0.337,0.455,0.379,0.332,0.373	0.327,0.352,0.335,0.374,0.278,0.242,0.221,0.302	0.104	RI											19835872.0	19836514.0	0.104
1240	AT2G44280		chr2	-			18303286.0	18303483.0	18303597.0	18303667.0	1240	6,0,18,4,7,7,0,4,18,7,5,4	34,28,77,79,52,51,43,75,47,102,41,48	4,6,5,8,1,10,14,6	31,45,22,41,11,38,8,5	264	150	0.00196673452335	0.0143754100727335	0.091,0.0,0.117,0.028,0.071,0.072,0.0,0.029,0.179,0.038,0.065,0.045	0.068,0.07,0.114,0.1,0.049,0.13,0.499,0.405	-0.118	RI											18303286.0	18303667.0	-0.118
1327	AT5G11160	APT5	chr5	+			3551461.0	3551611.0	3551702.0	3551761.0	1327	43,0,24,22,15,11,29,6,39,15,12,0	44,38,92,58,36,67,75,44,39,18,5,87	2,12,27,1,20,14,21,6	51,69,53,93,99,58,83,39	241	150	0.00932319070464	0.0497537585668046	0.378,0.0,0.14,0.191,0.206,0.093,0.194,0.078,0.384,0.342,0.599,0.0	0.024,0.098,0.241,0.007,0.112,0.131,0.136,0.087	0.113	RI											3551461.0	3551761.0	0.113
1409	AT2G31955	CNX2	chr2	-			13586418.0	13586495.0	13586588.0	13586703.0	1409	14,62,57,54,55,66,66,83,39,49,66,54	14,14,13,4,15,27,37,7,12,4,8,13	59,78,40,49,25,57,32,37	35,30,23,15,10,19,15,17	243	150	0.00162426918987	0.0123828694152454	0.382,0.732,0.73,0.893,0.694,0.601,0.524,0.88,0.667,0.883,0.836,0.719	0.51,0.616,0.518,0.668,0.607,0.649,0.568,0.573	0.123	RI											13586418.0	13586703.0	0.123
1414	AT5G06120		chr5	+			1844736.0	1844803.0	1845291.0	1845549.0	1414	45,49,68,74,61,107,113,75,55,49,70,72	3,49,18,41,14,9,29,24,20,17,27,24	73,64,51,80,38,31,63,56	22,30,29,36,37,53,29,39	300	150	0.000814418113036	0.0069930053546672	0.882,0.333,0.654,0.474,0.685,0.856,0.661,0.61,0.579,0.59,0.565,0.6	0.624,0.516,0.468,0.526,0.339,0.226,0.521,0.418	0.169	RI											1844736.0	1845549.0	0.169
1415	AT5G06120		chr5	+			1844736.0	1844824.0	1845291.0	1845549.0	1415	47,54,70,67,49,91,118,74,44,42,66,41	0,0,0,3,5,4,5,4,0,2,3,2	70,58,51,78,33,25,57,38	7,17,16,4,11,3,2,0	300	150	2.58734420333e-07	9.238121784983304e-06	1.0,1.0,1.0,0.918,0.831,0.919,0.922,0.902,1.0,0.913,0.917,0.911	0.833,0.63,0.614,0.907,0.6,0.806,0.934,1.0	0.146	RI											1844736.0	1845549.0	0.146
1490	AT4G37110		chr4	-			17485375.0	17485790.0	17485916.0	17486358.0	1490	82,19,17,27,38,58,10,59,67,6,10,28	35,27,35,37,47,45,16,41,30,4,1,17	32,25,38,41,71,51,50,41	25,78,89,40,137,112,159,138	276	150	3.25205669772e-05	0.0005206437867994	0.56,0.277,0.209,0.284,0.305,0.412,0.254,0.439,0.548,0.449,0.845,0.472	0.41,0.148,0.188,0.358,0.22,0.198,0.146,0.139	0.195	RI											17485375.0	17486358.0	0.195
1510	AT1G80860	PLMT	chr1	-			30387977.0	30388302.0	30388378.0	30388681.0	1510	36,42,135,54,26,90,56,51,68,71,83,83	189,147,517,268,215,316,363,258,374,182,288,285	39,77,42,65,75,87,86,101	241,240,130,169,116,115,78,97	226	150	1.32744834458e-07	5.270500907320432e-06	0.112,0.159,0.148,0.118,0.074,0.159,0.093,0.116,0.108,0.206,0.161,0.162	0.097,0.176,0.177,0.203,0.3,0.334,0.423,0.409	-0.13	RI											30387977.0	30388681.0	-0.13
1560	AT1G09530	PIF3	chr1	+			3076400.0	3076808.0	3077172.0	3077286.0	1560	14,15,77,71,14,24,89,25,32,18,73,25	50,49,73,110,26,52,103,37,78,38,88,67	11,22,16,29,2,7,1,0	67,51,30,50,18,37,44,11	300	150	2.56230084161e-06	6.455177196401234e-05	0.123,0.133,0.345,0.244,0.212,0.188,0.302,0.253,0.17,0.191,0.293,0.157	0.076,0.177,0.211,0.225,0.053,0.086,0.011,0.0	0.113	RI											3076400.0	3077286.0	0.113
1576	AT1G78200		chr1	+			29420182.0	29420380.0	29420476.0	29420518.0	1576	72,124,133,157,111,186,210,129,144,160,126,94	41,71,119,71,100,100,77,61,66,141,100,94	147,104,112,153,37,88,54,50	94,83,89,68,108,86,72,92	246	150	0.00460267477285	0.0283764905560926	0.517,0.516,0.405,0.574,0.404,0.531,0.624,0.563,0.571,0.409,0.434,0.379	0.488,0.433,0.434,0.578,0.173,0.384,0.314,0.249	0.112	RI											29420182.0	29420518.0	0.112
1628	AT2G43920	HOL2	chr2	-			18190253.0	18190340.0	18190428.0	18190665.0	1628	118,87,60,75,146,68,59,207,96,0,38,58	53,99,43,58,130,70,21,61,65,6,42,20	48,74,65,63,38,10,2,32	70,71,82,89,40,32,48,22	238	150	0.000810526989096	0.0069837594563948	0.584,0.356,0.468,0.449,0.414,0.38,0.639,0.681,0.482,0.0,0.363,0.646	0.302,0.396,0.333,0.309,0.375,0.165,0.026,0.478	0.157	RI											18190253.0	18190665.0	0.157
1673	AT3G45740		chr3	+			16790760.0	16790936.0	16791030.0	16791134.0	1673	30,19,44,50,16,56,34,27,82,75,46,52	33,26,58,77,57,104,63,31,47,61,25,53	33,58,48,47,51,42,15,66	54,101,106,124,129,148,48,101	244	150	1.43269485204e-05	0.0002623787657075	0.359,0.31,0.318,0.285,0.147,0.249,0.249,0.349,0.518,0.43,0.531,0.376	0.273,0.261,0.218,0.189,0.196,0.149,0.161,0.287	0.127	RI											16790760.0	16791134.0	0.127
1674	AT5G14610		chr5	+			4710562.0	4710728.0	4711261.0	4711570.0	1674	71,11,23,10,24,15,25,41,39,10,6,10	12,60,33,31,51,35,14,35,38,1,22,21	12,24,29,35,28,13,19,19	57,56,69,34,47,69,79,55	300	150	0.0074149226122	0.041723651841665	0.747,0.084,0.258,0.139,0.19,0.176,0.472,0.369,0.339,0.833,0.12,0.192	0.095,0.176,0.174,0.34,0.23,0.086,0.107,0.147	0.157	RI											4710562.0	4711570.0	0.157
1706	AT5G06265		chr5	+			1905778.0	1906424.0	1906563.0	1906766.0	1706	147,73,189,194,76,142,133,74,124,149,68,91	18,10,27,14,21,31,16,0,5,0,5,29	73,94,91,59,55,114,25,57	26,3,17,26,12,7,36,25	289	150	0.00269235365703	0.0186003467857831	0.809,0.791,0.784,0.878,0.653,0.704,0.812,1.0,0.928,1.0,0.876,0.62	0.593,0.942,0.735,0.541,0.704,0.894,0.265,0.542	0.169	RI											1905778.0	1906766.0	0.169
1714	AT1G70490	ARF2-A	chr1	-			26565004.0	26565161.0	26565317.0	26565416.0	1714	3,5,7,5,22,23,20,18,21,1,13,2	2,9,13,11,12,31,14,20,2,4,2,7	21,7,10,9,14,4,11,6	21,20,23,20,33,35,26,31	300	150	0.00085787890606	0.0072532419263641	0.429,0.217,0.212,0.185,0.478,0.271,0.417,0.31,0.84,0.111,0.765,0.125	0.333,0.149,0.179,0.184,0.175,0.054,0.175,0.088	0.196	RI											26565004.0	26565416.0	0.196
1729	AT5G37850	SOS4	chr5	+			15065299.0	15065479.0	15065604.0	15065701.0	1729	211,178,396,333,174,230,255,274,221,404,202,246	113,112,106,180,170,247,139,151,211,68,102,140	258,214,209,226,123,216,152,157	184,202,175,201,221,213,219,259	275	150	8.64167778336e-07	2.714471318912385e-05	0.505,0.464,0.671,0.502,0.358,0.337,0.5,0.497,0.364,0.764,0.519,0.489	0.433,0.366,0.394,0.38,0.233,0.356,0.275,0.248	0.162	RI											15065299.0	15065701.0	0.162
1733	AT5G27680	RECQSIM	chr5	-			9798054.0	9798352.0	9798438.0	9798961.0	1733	0,27,31,17,14,29,15,20,16,11,12,7	7,0,0,0,0,0,2,1,14,0,0,0	37,12,31,15,26,31,71,23	0,2,0,0,0,0,0,0	236	150	0.00466012115775	0.0286950140271876	0.0,1.0,1.0,1.0,1.0,1.0,0.827,0.927,0.421,1.0,1.0,1.0	1.0,0.792,1.0,1.0,1.0,1.0,1.0,1.0	-0.126	RI											9798054.0	9798961.0	-0.126
1793	AT5G55100		chr5	-			22361034.0	22361296.0	22361419.0	22362768.0	1793	67,56,66,60,88,108,46,58,68,69,63,91	81,84,122,163,80,166,118,77,169,91,135,169	78,71,84,64,165,112,67,122	66,127,111,98,84,84,102,89	273	150	0.000223536725549	0.002464159364858	0.312,0.268,0.229,0.168,0.377,0.263,0.176,0.293,0.181,0.294,0.204,0.228	0.394,0.235,0.294,0.264,0.519,0.423,0.265,0.43	-0.104	RI											22361034.0	22362768.0	-0.104
1847	AT1G71696	SOL1	chr1	+			26967460.0	26967556.0	26967698.0	26967729.0	1847	22,20,44,36,31,61,23,64,73,45,65,34	10,27,11,24,12,19,30,25,26,29,10,38	38,42,18,41,32,10,14,58	44,33,18,29,34,26,18,31	292	150	0.00172585393658	0.0129386904641186	0.531,0.276,0.673,0.435,0.57,0.623,0.283,0.568,0.591,0.444,0.77,0.315	0.307,0.395,0.339,0.421,0.326,0.165,0.285,0.49	0.166	RI											26967460.0	26967729.0	0.166
1849	AT1G63100	SCL28	chr1	-			23399111.0	23400868.0	23400943.0	23402176.0	1849	52,31,25,27,13,22,4,54,12,1,0,31	25,55,25,39,32,24,26,21,4,10,10,32	6,25,37,44,209,205,117,200	14,24,23,31,120,151,76,61	225	150	0.00460146410869	0.0283764905560926	0.581,0.273,0.4,0.316,0.213,0.379,0.093,0.632,0.667,0.062,0.0,0.392	0.222,0.41,0.517,0.486,0.537,0.475,0.506,0.686	-0.146	RI											23399111.0	23402176.0	-0.146
1871	AT1G48360	FAN1	chr1	+			17871532.0	17871738.0	17871823.0	17872097.0	1871	13,11,32,3,15,16,16,16,15,20,21,10	18,23,23,52,9,44,50,5,12,24,24,16	2,5,9,2,3,13,0,2	21,33,16,37,52,67,61,76	235	150	3.8857805861899995e-15	9.642564524630486e-13	0.316,0.234,0.47,0.036,0.515,0.188,0.17,0.671,0.444,0.347,0.358,0.285	0.057,0.088,0.264,0.033,0.036,0.11,0.0,0.017	0.261	RI											17871532.0	17872097.0	0.261
1950	AT4G21410	CRK29	chr4	-			11402862.0	11403019.0	11403093.0	11403337.0	1950	30,44,16,41,14,28,38,44,35,3,42,33	36,69,104,138,32,55,137,12,56,9,39,50	52,28,23,30,19,17,4,14	114,77,115,100,36,68,15,83	224	150	0.00149599854629	0.0115829029410877	0.358,0.299,0.093,0.166,0.227,0.254,0.157,0.711,0.295,0.182,0.419,0.307	0.234,0.196,0.118,0.167,0.261,0.143,0.152,0.101	0.117	RI											11402862.0	11403337.0	0.117
1988	AT4G11970		chr4	+			7182274.0	7182596.0	7182945.0	7183002.0	1988	61,74,52,67,35,74,70,51,93,27,61,45	18,30,32,42,14,75,54,4,51,16,46,73	53,60,43,86,34,55,31,49	49,70,32,68,43,36,20,69	300	150	0.00601105403246	0.0351281629270056	0.629,0.552,0.448,0.444,0.556,0.33,0.393,0.864,0.477,0.458,0.399,0.236	0.351,0.3,0.402,0.387,0.283,0.433,0.437,0.262	0.125	RI											7182274.0	7183002.0	0.125
1995	AT5G18245		chr5	+			6029601.0	6029684.0	6029821.0	6030228.0	1995	39,80,42,35,33,68,36,39,22,43,15,50	8,20,6,4,7,11,17,7,0,9,5,6	58,67,77,76,62,56,32,32	3,8,10,3,1,6,7,3	287	150	0.000605219998435	0.0055113887196934	0.718,0.676,0.785,0.821,0.711,0.764,0.525,0.744,1.0,0.714,0.611,0.813	0.91,0.814,0.801,0.93,0.97,0.83,0.705,0.848	-0.111	RI											6029601.0	6030228.0	-0.111
2069	AT1G53025		chr1	-			19756444.0	19756833.0	19757075.0	19757386.0	2069	8,14,11,21,11,17,7,31,24,0,16,30	26,14,15,11,10,16,40,7,7,6,3,10	8,48,10,12,28,30,15,35	3,3,3,5,11,7,0,18	300	150	0.000131864546845	0.0016320292917499	0.133,0.333,0.268,0.488,0.355,0.347,0.08,0.689,0.632,0.0,0.727,0.6	0.571,0.889,0.625,0.545,0.56,0.682,1.0,0.493	-0.283	RI											19756444.0	19757386.0	-0.283
2075	AT4G14410	BHLH104	chr4	+			8299777.0	8300132.0	8300298.0	8300764.0	2075	16,65,54,35,34,51,25,26,59,23,29,57	14,13,19,6,8,7,17,18,15,28,10,3	41,59,47,46,42,41,26,53	5,4,17,10,2,0,6,0	300	150	5.57364658204e-05	0.0008171880078809	0.364,0.714,0.587,0.745,0.68,0.785,0.424,0.419,0.663,0.291,0.592,0.905	0.804,0.881,0.58,0.697,0.913,1.0,0.684,1.0	-0.222	RI											8299777.0	8300764.0	-0.222
2084	AT3G50380		chr3	-			18697778.0	18698338.0	18698589.0	18699997.0	2084	49,27,22,53,32,51,19,49,37,11,48,24	0,9,9,15,1,0,2,2,6,0,10,15	46,62,51,58,57,69,71,121	8,6,6,4,1,2,0,0	300	150	0.00110879663405	0.0089770924874227	1.0,0.6,0.55,0.639,0.941,1.0,0.826,0.925,0.755,1.0,0.706,0.444	0.742,0.838,0.81,0.879,0.966,0.945,1.0,1.0	-0.115	RI											18697778.0	18699997.0	-0.115
2091	AT2G47410		chr2	+			19449671.0	19449826.0	19450266.0	19450503.0	2091	10,12,11,8,22,11,27,2,17,29,5,8	15,6,2,4,4,23,15,0,10,15,15,4	12,10,8,0,27,3,18,3	18,32,10,6,10,15,7,16	300	150	0.00667429860709	0.0382460670188249	0.25,0.5,0.733,0.5,0.733,0.193,0.474,1.0,0.459,0.492,0.143,0.5	0.25,0.135,0.286,0.0,0.574,0.091,0.562,0.086	0.25	RI											19449671.0	19450503.0	0.25
2112	AT2G20585	NFD6	chr2	+			8865657.0	8865779.0	8866347.0	8866403.0	2112	11,8,10,2,15,10,2,0,2,6,9,9	12,9,20,9,19,32,12,38,14,7,25,12	0,11,10,9,9,9,5,0	33,29,38,32,58,66,43,10	300	150	0.000306648451329	0.0031838833973762	0.314,0.308,0.2,0.1,0.283,0.135,0.077,0.0,0.067,0.3,0.153,0.273	0.0,0.159,0.116,0.123,0.072,0.064,0.055,0.0	0.111	RI											8865657.0	8866403.0	0.111
2128	AT4G12020	WRKY19	chr4	+			7208515.0	7208734.0	7208915.0	7209032.0	2128	8,18,35,43,17,25,21,15,19,39,12,2	3,0,6,3,3,0,4,1,5,0,4,1	16,21,25,12,14,9,4,2	0,0,0,4,0,0,0,0	300	150	1.05767030689e-07	4.3381964736322885e-06	0.571,1.0,0.745,0.878,0.739,1.0,0.724,0.882,0.655,1.0,0.6,0.5	1.0,1.0,1.0,0.6,1.0,1.0,1.0,1.0	-0.176	RI											7208515.0	7209032.0	-0.176
2228	AT1G67520		chr1	-			25304722.0	25304977.0	25305106.0	25306357.0	2228	16,34,35,34,14,39,22,48,14,324,8,42	0,0,2,0,0,5,0,0,3,16,0,0	34,28,13,26,11,24,3,2	4,0,6,12,1,0,10,0	279	150	0.000600975914011	0.0054928977186677	1.0,1.0,0.904,1.0,1.0,0.807,1.0,1.0,0.715,0.916,1.0,1.0	0.82,1.0,0.538,0.538,0.855,1.0,0.139,1.0	0.209	RI											25304722.0	25306357.0	0.209
2230	AT1G67520		chr1	-			25304722.0	25305210.0	25305310.0	25305805.0	2230	10,34,35,4,5,45,29,14,15,214,1,28	4,0,1,4,0,2,0,8,0,10,4,0	16,38,16,11,13,4,1,2	0,0,0,4,0,0,0,0	250	150	4.22937018233e-05	0.0006498564772416	0.6,1.0,0.955,0.375,1.0,0.931,1.0,0.512,1.0,0.928,0.13,1.0	1.0,1.0,1.0,0.623,1.0,1.0,1.0,1.0	-0.167	RI											25304722.0	25305805.0	-0.167
2255	AT1G67792		chr1	+			25417377.0	25418000.0	25418097.0	25420252.0	2255	31,4,7,7,36,49,16,18,22,10,35,7	61,18,33,41,37,32,51,47,46,7,29,37	28,21,23,26,30,44,36,18	33,54,17,24,16,18,15,21	247	150	0.000148230923903	0.0017812834753767	0.236,0.119,0.114,0.094,0.371,0.482,0.16,0.189,0.225,0.465,0.423,0.103	0.34,0.191,0.451,0.397,0.532,0.598,0.593,0.342	-0.182	RI											25417377.0	25420252.0	-0.182
2256	AT1G67792		chr1	+			25417377.0	25419294.0	25419490.0	25420252.0	2256	40,73,77,76,87,108,56,53,88,52,83,113	17,5,10,14,10,15,14,18,11,12,12,6	91,145,100,147,142,106,107,129	9,14,12,9,4,20,6,4	300	150	0.000175180275182	0.0020200735904831	0.541,0.88,0.794,0.731,0.813,0.783,0.667,0.596,0.8,0.684,0.776,0.904	0.835,0.838,0.806,0.891,0.947,0.726,0.899,0.942	-0.113	RI											25417377.0	25420252.0	-0.113
2366	AT4G11670		chr4	-			7047882.0	7047975.0	7048107.0	7048263.0	2366	23,14,13,14,11,18,18,4,45,16,22,30	31,33,21,80,34,67,62,52,64,57,42,40	15,16,1,3,15,3,2,0	65,55,35,59,45,35,25,45	282	150	2.38761749261e-08	1.139398616906099e-06	0.283,0.184,0.248,0.085,0.147,0.125,0.134,0.039,0.272,0.13,0.218,0.285	0.109,0.134,0.015,0.026,0.151,0.044,0.041,0.0	0.114	RI											7047882.0	7048263.0	0.114
2372	AT3G01980		chr3	-			327585.0	328025.0	328098.0	328328.0	2372	82,82,215,233,139,105,294,81,102,205,122,201	136,162,96,85,172,192,52,230,154,112,128,113	75,159,141,133,52,40,17,19	184,199,178,168,313,263,262,282	223	150	1.85506499051e-09	1.33777523991953e-07	0.289,0.254,0.601,0.648,0.352,0.269,0.792,0.192,0.308,0.552,0.391,0.545	0.215,0.35,0.348,0.347,0.101,0.093,0.042,0.043	0.24	RI											327585.0	328328.0	0.24
2373	AT3G01980		chr3	-			328098.0	328328.0	328418.0	328618.0	2373	81,132,277,355,140,134,356,222,107,406,265,208	185,128,80,61,221,273,57,158,178,82,124,108	64,131,144,171,21,23,12,3	182,203,169,234,235,330,329,297	240	150	1.11022302463e-16	3.673357914159127e-14	0.215,0.392,0.684,0.784,0.284,0.235,0.796,0.468,0.273,0.756,0.572,0.546	0.18,0.287,0.347,0.314,0.053,0.042,0.022,0.006	0.344	RI											328098.0	328618.0	0.344
2451	AT3G17120		chr3	+			5841820.0	5842067.0	5842157.0	5842860.0	2451	21,15,33,8,12,6,22,5,9,0,13,12	12,18,33,21,26,12,18,16,19,1,16,15	3,6,6,8,2,2,0,5	7,16,15,18,5,18,1,9	240	150	0.00359024782032	0.0234452630687475	0.522,0.342,0.385,0.192,0.224,0.238,0.433,0.163,0.228,0.0,0.337,0.333	0.211,0.19,0.2,0.217,0.2,0.065,0.0,0.258	0.115	RI											5841820.0	5842860.0	0.115
2462	AT3G49160	PKP4	chr3	-			18222328.0	18222491.0	18222840.0	18223933.0	2462	13,60,115,177,59,54,1,73,13,447,36,29	0,2,13,30,13,6,2,5,0,47,2,14	53,112,72,88,38,50,37,38	4,2,2,10,0,0,0,0	300	150	9.63608174318e-05	0.0012804303455704	1.0,0.938,0.816,0.747,0.694,0.818,0.2,0.88,1.0,0.826,0.9,0.509	0.869,0.966,0.947,0.815,1.0,1.0,1.0,1.0	-0.172	RI											18222328.0	18223933.0	-0.172
2464	AT1G49630	PREP2	chr1	-			18367589.0	18367826.0	18368343.0	18368549.0	2464	58,79,107,71,33,90,47,88,98,48,64,70	68,51,97,49,45,51,65,47,81,35,46,107	55,61,70,91,131,134,101,108	43,57,23,56,50,13,48,54	300	150	0.000580963842162	0.0053493943388682	0.299,0.436,0.355,0.42,0.268,0.469,0.266,0.484,0.377,0.407,0.41,0.246	0.39,0.349,0.603,0.448,0.567,0.838,0.513,0.5	-0.156	RI											18367589.0	18368549.0	-0.156
2465	AT2G24600		chr2	-			10452420.0	10452749.0	10452908.0	10453359.0	2465	71,232,285,271,210,673,210,166,277,126,80,335	38,120,238,210,141,373,178,169,192,83,69,332	517,493,579,476,116,121,32,64	327,311,373,404,12,22,9,1	300	150	0.00058429542495	0.0053601815046707	0.483,0.492,0.375,0.392,0.427,0.474,0.371,0.329,0.419,0.432,0.367,0.335	0.442,0.442,0.437,0.371,0.829,0.733,0.64,0.97	-0.2	RI											10452420.0	10453359.0	-0.2
2556	AT1G72855		chr1	+			27416524.0	27417724.0	27417840.0	27419122.0	2556	7,45,15,6,15,44,7,9,9,8,24,12	19,23,37,40,37,50,26,29,60,18,44,28	12,32,25,15,40,25,21,30	28,36,45,33,18,10,34,11	266	150	0.00138580265037	0.0109170453234703	0.172,0.525,0.186,0.078,0.186,0.332,0.132,0.149,0.078,0.2,0.235,0.195	0.195,0.334,0.239,0.204,0.556,0.585,0.258,0.606	-0.166	RI											27416524.0	27419122.0	-0.166
2579	AT5G26680		chr5	-			9311445.0	9311956.0	9312106.0	9312304.0	2579	8,7,0,15,10,31,32,13,9,2,3,10	26,15,10,13,0,2,12,19,10,2,3,17	10,18,11,10,24,22,44,10	2,4,4,4,8,4,0,6	300	150	7.33069351502e-05	0.001016263461314	0.133,0.189,0.0,0.366,1.0,0.886,0.571,0.255,0.31,0.333,0.333,0.227	0.714,0.692,0.579,0.556,0.6,0.733,1.0,0.455	-0.283	RI											9311445.0	9312304.0	-0.283
2586	AT1G16820		chr1	-			5757480.0	5757559.0	5758185.0	5758314.0	2586	21,27,27,35,38,26,68,17,26,13,20,59	0,2,2,0,2,4,5,0,10,0,0,3	13,26,14,20,21,16,26,23	2,5,0,2,3,7,2,5	300	150	0.00926710182982	0.0495798971227394	1.0,0.871,0.871,1.0,0.905,0.765,0.872,1.0,0.565,1.0,1.0,0.908	0.765,0.722,1.0,0.833,0.778,0.533,0.867,0.697	0.122	RI											5757480.0	5758314.0	0.122
2660	AT1G15860		chr1	+			5454765.0	5454896.0	5455054.0	5455127.0	2660	163,103,129,240,144,242,186,176,172,160,196,141	43,48,56,71,110,78,52,23,62,117,51,78	168,168,185,263,63,76,53,102	107,81,88,85,112,108,99,153	300	150	2.778051825e-05	0.0004476451690738	0.655,0.518,0.535,0.628,0.396,0.608,0.641,0.793,0.581,0.406,0.658,0.475	0.44,0.509,0.512,0.607,0.22,0.26,0.211,0.25	0.198	RI											5454765.0	5455127.0	0.198
2661	AT3G50670	RNU1	chr3	-			18827357.0	18827439.0	18828348.0	18828411.0	2661	358,347,475,515,292,394,640,309,302,252,426,375	206,190,186,261,188,271,144,159,96,199,132,112	253,381,288,303,362,321,192,283	192,217,224,262,292,268,242,259	300	150	1.87054088885e-08	9.01310138967238e-07	0.465,0.477,0.561,0.497,0.437,0.421,0.69,0.493,0.611,0.388,0.617,0.626	0.397,0.467,0.391,0.366,0.383,0.375,0.284,0.353	0.147	RI											18827357.0	18828411.0	0.147
2711	AT1G27370	SPL10	chr1	-			9506332.0	9507023.0	9508146.0	9508542.0	2711	66,50,120,91,80,82,101,43,80,40,63,64	0,9,14,1,10,10,4,4,19,0,4,7	47,70,76,65,29,29,25,29	15,11,3,24,30,19,14,6	300	150	7.69266330414e-07	2.431763565506167e-05	1.0,0.735,0.811,0.978,0.8,0.804,0.927,0.843,0.678,1.0,0.887,0.821	0.61,0.761,0.927,0.575,0.326,0.433,0.472,0.707	0.256	RI											9506332.0	9508542.0	0.256
2719	AT1G06630		chr1	+			2027738.0	2027816.0	2028052.0	2028976.0	2719	6,15,17,19,20,9,10,2,12,27,3,24	22,44,21,34,32,18,12,29,33,24,17,15	0,16,6,10,18,4,0,0	43,39,26,47,31,41,37,46	300	150	7.9490638849e-08	3.460631935154272e-06	0.12,0.146,0.288,0.218,0.238,0.2,0.294,0.033,0.154,0.36,0.081,0.444	0.0,0.17,0.103,0.096,0.225,0.047,0.0,0.0	0.135	RI											2027738.0	2028976.0	0.135
2780	AT4G03000	RF298	chr4	+			1324587.0	1326627.0	1326814.0	1327520.0	2780	56,15,38,37,24,46,54,58,6,24,32,49	4,0,6,0,4,7,5,0,1,6,2,1	43,50,38,41,50,13,11,9	18,6,5,5,5,10,0,4	300	150	0.00221103510307	0.0158574670759196	0.875,1.0,0.76,1.0,0.75,0.767,0.844,1.0,0.75,0.667,0.889,0.961	0.544,0.806,0.792,0.804,0.833,0.394,1.0,0.529	0.142	RI											1324587.0	1327520.0	0.142
2797	AT2G47020		chr2	-			19320089.0	19320284.0	19320362.0	19320458.0	2797	622,176,90,692,111,226,146,320,496,70,0,184	34,13,48,26,22,64,90,33,27,66,17,59	40,32,14,65,6,3,9,0	55,25,38,53,51,76,39,35	228	150	2.22044604925e-15	5.800038811804078e-13	0.923,0.899,0.552,0.946,0.768,0.699,0.516,0.864,0.924,0.411,0.0,0.672	0.324,0.457,0.195,0.447,0.072,0.025,0.132,0.0	0.475	RI											19320089.0	19320458.0	0.475
2829	AT1G05785		chr1	+			1730242.0	1730332.0	1730958.0	1731008.0	2829	3,10,4,9,2,12,19,16,10,8,22,12	2,23,53,15,28,43,27,14,38,21,39,54	4,1,8,6,6,2,9,0	18,26,30,36,32,48,23,36	300	150	2.10319758969e-05	0.0003562515234686	0.429,0.179,0.036,0.231,0.034,0.122,0.26,0.364,0.116,0.16,0.22,0.1	0.1,0.019,0.118,0.077,0.086,0.02,0.164,0.0	0.115	RI											1730242.0	1731008.0	0.115
2872	AT1G02260		chr1	-			441397.0	442620.0	442717.0	442972.0	2872	49,91,48,115,72,82,149,57,45,22,67,42	16,62,91,79,56,113,108,71,66,68,78,101	24,35,53,48,60,58,46,39	80,85,69,102,64,94,62,93	247	150	0.00326175300287	0.0217375460956712	0.65,0.471,0.243,0.469,0.438,0.306,0.456,0.328,0.293,0.164,0.343,0.202	0.154,0.2,0.318,0.222,0.363,0.273,0.311,0.203	0.108	RI											441397.0	442972.0	0.108
2918	AT1G10910		chr1	+			3643453.0	3643582.0	3643731.0	3644187.0	2918	221,137,277,237,213,191,161,175,269,80,171,264	88,161,80,108,101,119,110,102,125,83,57,99	148,207,149,175,145,149,106,174	90,101,137,133,302,211,187,277	299	150	6.75915292547e-06	0.0001415429365785	0.557,0.299,0.635,0.524,0.514,0.446,0.423,0.463,0.519,0.326,0.601,0.572	0.452,0.507,0.353,0.398,0.194,0.262,0.221,0.24	0.162	RI											3643453.0	3644187.0	0.162
2932	AT1G08660	SIA1	chr1	-			2756903.0	2757514.0	2757601.0	2757683.0	2932	297,217,422,334,210,238,386,280,274,205,257,280	103,132,153,210,154,136,192,85,102,100,99,119	247,262,144,245,150,213,122,144	116,188,144,101,116,131,134,137	237	150	0.000283548509222	0.0029814645153999	0.646,0.51,0.636,0.502,0.463,0.526,0.56,0.676,0.63,0.565,0.622,0.598	0.574,0.469,0.388,0.606,0.45,0.507,0.366,0.399	0.108	RI											2756903.0	2757683.0	0.108
2935	AT1G16560		chr1	+			5668572.0	5668709.0	5668918.0	5669039.0	2935	15,47,39,35,47,50,64,23,23,48,15,3	0,2,2,2,0,9,0,0,0,0,0,0	19,33,18,33,22,27,25,24	0,8,0,2,3,2,0,8	300	150	1.71850890522e-05	0.0003024453793123	1.0,0.922,0.907,0.897,1.0,0.735,1.0,1.0,1.0,1.0,1.0,1.0	1.0,0.673,1.0,0.892,0.786,0.871,1.0,0.6	0.102	RI											5668572.0	5669039.0	0.102
2949	AT1G01700	ATROPGEF2	chr1	-			259689.0	260034.0	260117.0	260417.0	2949	6,11,45,24,16,22,25,0,18,0,19,9	5,0,5,12,6,16,4,3,7,3,17,5	24,13,6,6,0,13,0,13	10,5,16,9,16,15,9,13	233	150	0.00357258373251	0.0233914684227534	0.436,1.0,0.853,0.563,0.632,0.47,0.801,0.0,0.623,0.0,0.418,0.537	0.607,0.626,0.194,0.3,0.0,0.358,0.0,0.392	0.218	RI											259689.0	260417.0	0.218
2959	AT4G31150		chr4	-			15143216.0	15143502.0	15143751.0	15143918.0	2959	115,118,150,107,48,170,91,83,78,55,59,132	23,28,38,28,11,8,19,11,15,10,11,27	108,61,48,97,95,56,52,39	4,11,12,11,1,18,1,0	300	150	0.00106979071009	0.0087038873675027	0.714,0.678,0.664,0.656,0.686,0.914,0.705,0.79,0.722,0.733,0.728,0.71	0.931,0.735,0.667,0.815,0.979,0.609,0.963,1.0	-0.112	RI											15143216.0	15143918.0	-0.112
2966	AT1G04945		chr1	+			1402066.0	1402520.0	1402622.0	1403103.0	2966	58,34,114,80,23,123,60,17,85,83,97,89	15,16,27,15,5,30,33,24,21,8,18,12	59,68,71,58,112,59,46,76	4,20,14,3,12,12,2,4	252	150	0.000253852163547	0.0027269876356791	0.697,0.558,0.715,0.76,0.732,0.709,0.52,0.297,0.707,0.861,0.762,0.815	0.898,0.669,0.751,0.92,0.847,0.745,0.932,0.919	-0.157	RI											1402066.0	1403103.0	-0.157
2971	AT4G09760		chr4	-			6149383.0	6149501.0	6149690.0	6149883.0	2971	104,230,224,147,233,172,186,145,188,123,129,200	140,145,199,170,264,301,110,112,240,158,186,207	136,215,100,159,106,152,63,144	214,304,122,222,256,288,239,249	300	150	1.94080098215e-07	7.188205428664515e-06	0.271,0.442,0.36,0.302,0.306,0.222,0.458,0.393,0.281,0.28,0.257,0.326	0.241,0.261,0.291,0.264,0.172,0.209,0.116,0.224	0.103	RI											6149383.0	6149883.0	0.103
2991	AT1G78530		chr1	-			29539085.0	29539480.0	29539569.0	29539703.0	2991	20,62,36,22,29,22,7,50,12,0,20,33	9,17,5,17,40,9,7,13,28,7,12,19	56,31,22,29,19,30,1,1	20,38,30,32,30,37,23,15	239	150	0.00541187004532	0.0323603747408712	0.582,0.696,0.819,0.448,0.313,0.605,0.386,0.707,0.212,0.0,0.511,0.522	0.637,0.339,0.315,0.363,0.284,0.337,0.027,0.04	0.191	RI											29539085.0	29539703.0	0.191
3031	AT2G46040		chr2	-			18936880.0	18937826.0	18937959.0	18938447.0	3031	1,4,0,0,1,2,4,2,4,8,13,0	0,12,1,9,10,24,30,5,9,16,13,10	3,10,3,7,9,6,6,8	6,11,1,3,10,10,7,4	283	150	1.3862998519e-05	0.0002570159748431	1.0,0.15,0.0,0.0,0.05,0.042,0.066,0.175,0.191,0.209,0.346,0.0	0.209,0.325,0.614,0.553,0.323,0.241,0.312,0.515	-0.201	RI											18936880.0	18938447.0	-0.201
3039	AT3G53830		chr3	+			19941510.0	19941600.0	19941684.0	19941921.0	3039	49,46,31,75,52,70,43,72,27,17,32,34	94,48,48,59,71,116,53,61,22,22,95,85	28,42,55,79,4,0,0,11	67,109,87,105,27,16,7,9	234	150	0.00650077168434	0.0375591733054475	0.25,0.381,0.293,0.449,0.319,0.279,0.342,0.431,0.44,0.331,0.178,0.204	0.211,0.198,0.288,0.325,0.087,0.0,0.0,0.439	0.131	RI											19941510.0	19941921.0	0.131
3089	AT1G03905	ABCI19	chr1	+			993399.0	993631.0	994045.0	994206.0	3089	4,0,0,0,11,16,8,0,7,7,2,2	1,1,32,49,12,18,18,23,19,53,20,14	4,2,2,0,0,2,0,0	8,11,16,18,9,20,9,4	300	150	0.000827335232091	0.0070794219945993	0.667,0.0,0.0,0.0,0.314,0.308,0.182,0.0,0.156,0.062,0.048,0.067	0.2,0.083,0.059,0.0,0.0,0.048,0.0,0.0	0.102	RI											993399.0	994206.0	0.102
3104	AT2G30370	CHAL	chr2	-			12941989.0	12942189.0	12942571.0	12942829.0	3104	15,7,21,18,13,15,26,17,20,2,1,4	1,0,3,6,2,13,9,13,8,26,3,9	23,19,21,14,17,12,12,34	7,0,1,0,7,0,0,0	300	150	1.04848612781e-06	3.121353163421773e-05	0.882,1.0,0.778,0.6,0.765,0.366,0.591,0.395,0.556,0.037,0.143,0.182	0.622,1.0,0.913,1.0,0.548,1.0,1.0,1.0	-0.361	RI											12941989.0	12942829.0	-0.361
3134	AT1G18335		chr1	-			6309393.0	6309454.0	6309528.0	6309653.0	3134	40,13,50,30,27,39,19,21,24,17,44,5	6,7,3,0,8,10,2,3,0,0,1,2	9,22,6,6,25,34,23,4	0,4,0,0,0,2,0,0	224	150	1.08499565787e-06	3.205258005957625e-05	0.817,0.554,0.918,1.0,0.693,0.723,0.864,0.824,1.0,1.0,0.967,0.626	1.0,0.786,1.0,1.0,1.0,0.919,1.0,1.0	-0.131	RI											6309393.0	6309653.0	-0.131
3138	AT5G20180		chr5	+			6811094.0	6811168.0	6811300.0	6811466.0	3138	41,6,22,17,3,8,13,14,26,10,28,19	6,3,17,8,7,51,4,21,35,5,36,31	14,4,9,9,0,4,0,9	30,9,19,44,3,25,4,4	282	150	0.000357813479096	0.0036268413002657	0.784,0.515,0.408,0.531,0.186,0.077,0.634,0.262,0.283,0.515,0.293,0.246	0.199,0.191,0.201,0.098,0.0,0.078,0.0,0.545	0.231	RI											6811094.0	6811466.0	0.231
3209	AT1G63260	TET10	chr1	-			23466709.0	23467040.0	23467172.0	23467306.0	3209	179,82,180,212,175,110,171,136,151,125,54,196	56,39,84,66,76,41,35,130,104,37,9,95	57,109,88,210,110,97,94,96	30,67,111,112,64,51,58,80	282	150	0.000492820452134	0.0047035921229635	0.63,0.528,0.533,0.631,0.551,0.588,0.722,0.358,0.436,0.642,0.761,0.523	0.503,0.464,0.297,0.499,0.478,0.503,0.463,0.39	0.126	RI											23466709.0	23467306.0	0.126
3223	AT3G56830		chr3	-			21043688.0	21043885.0	21044097.0	21044318.0	3223	30,38,34,69,35,47,65,24,28,21,47,61	0,0,4,7,4,6,4,2,0,0,2,3	41,33,41,45,29,38,20,35	8,8,0,1,10,2,2,10	300	150	0.00424487326512	0.0266674759680893	1.0,1.0,0.81,0.831,0.814,0.797,0.89,0.857,1.0,1.0,0.922,0.91	0.719,0.673,1.0,0.957,0.592,0.905,0.833,0.636	0.113	RI											21043688.0	21044318.0	0.113
3232	AT1G12520	CCS	chr1	-			4268374.0	4268447.0	4268528.0	4268555.0	3232	31,65,61,39,57,51,48,14,88,75,67,93	42,63,487,121,170,266,641,59,35,578,578,128	42,77,71,107,65,71,24,38	441,564,727,583,1659,1210,685,1539	231	150	0.0	0.0	0.324,0.401,0.075,0.173,0.179,0.111,0.046,0.134,0.62,0.078,0.07,0.321	0.058,0.081,0.06,0.106,0.025,0.037,0.022,0.016	0.16	RI											4268374.0	4268555.0	0.16
3247	AT4G31200		chr4	-			15163558.0	15164617.0	15164831.0	15164936.0	3247	18,34,29,21,34,28,13,34,24,47,21,30	10,14,11,23,17,19,7,10,17,2,14,10	27,29,13,41,15,11,7,11	15,21,25,20,30,18,30,37	300	150	1.07704954264e-05	0.0002112805090957	0.474,0.548,0.569,0.313,0.5,0.424,0.481,0.63,0.414,0.922,0.429,0.6	0.474,0.408,0.206,0.506,0.2,0.234,0.104,0.129	0.243	RI											15163558.0	15164936.0	0.243
3297	AT3G11240	ATE2	chr3	-			3519239.0	3520319.0	3520445.0	3520596.0	3297	0,35,7,8,19,39,6,9,5,8,26,6	37,19,31,28,39,46,62,21,23,7,25,48	6,12,10,25,1,4,0,6	41,49,54,47,61,22,25,38	276	150	0.000886501850375	0.0074697940295604	0.0,0.5,0.109,0.134,0.209,0.315,0.05,0.189,0.106,0.383,0.361,0.064	0.074,0.117,0.091,0.224,0.009,0.09,0.0,0.079	0.116	RI											3519239.0	3520596.0	0.116
3305	AT5G24318		chr5	-			8282403.0	8282698.0	8282775.0	8283752.0	3305	20,4,10,6,20,26,47,22,35,32,43,14	21,7,16,5,9,47,60,30,46,4,39,46	11,10,11,8,23,0,1,1	30,38,17,55,36,53,28,27	227	150	5.3468585115e-09	3.372657960254669e-07	0.386,0.274,0.292,0.442,0.595,0.268,0.341,0.326,0.335,0.841,0.421,0.167	0.195,0.148,0.3,0.088,0.297,0.0,0.023,0.024	0.256	RI											8282403.0	8283752.0	0.256
3313	AT1G72130	NPF5.11	chr1	+			27137432.0	27137650.0	27137735.0	27138259.0	3313	35,91,65,79,109,71,17,86,80,28,81,91	80,48,52,54,98,87,52,79,60,6,78,32	73,81,64,99,28,40,19,32	95,112,101,118,52,55,104,61	235	150	0.000195963410856	0.002210378200178	0.218,0.548,0.444,0.483,0.415,0.342,0.173,0.41,0.46,0.749,0.399,0.645	0.329,0.316,0.288,0.349,0.256,0.317,0.104,0.251	0.164	RI											27137432.0	27138259.0	0.164
3408	AT2G35738		chr2	+			15024476.0	15025789.0	15025969.0	15026809.0	3408	62,59,67,43,38,46,54,45,57,48,41,53	3,0,6,0,1,2,19,0,5,0,11,4	67,34,24,41,53,48,51,44	12,15,4,3,2,10,12,0	300	150	0.00550938812819	0.0327238925078395	0.912,1.0,0.848,1.0,0.95,0.92,0.587,1.0,0.851,1.0,0.651,0.869	0.736,0.531,0.75,0.872,0.93,0.706,0.68,1.0	0.107	RI											15024476.0	15026809.0	0.107
3441	AT5G67110	ALC	chr5	-			26785617.0	26785683.0	26785761.0	26785827.0	3441	17,11,8,9,11,20,8,22,35,15,61,2	6,34,64,82,11,15,88,70,76,42,57,47	18,18,4,16,14,19,8,6	17,22,10,32,24,6,4,14	228	150	0.00668130971294	0.0382460670188249	0.651,0.175,0.076,0.067,0.397,0.467,0.056,0.171,0.233,0.19,0.413,0.027	0.411,0.35,0.208,0.248,0.277,0.676,0.568,0.22	-0.126	RI											26785617.0	26785827.0	-0.126
3507	AT1G27630	CYCT1-3	chr1	+			9611548.0	9611876.0	9612589.0	9612671.0	3507	58,73,64,53,40,81,75,42,29,52,76,48	62,63,124,143,72,121,159,114,106,182,99,86	50,78,34,40,257,279,222,249	115,118,59,67,89,128,138,119	300	150	0.000110261717984	0.0014140281817948	0.319,0.367,0.205,0.156,0.217,0.251,0.191,0.156,0.12,0.125,0.277,0.218	0.179,0.248,0.224,0.23,0.591,0.521,0.446,0.511	-0.152	RI											9611548.0	9612671.0	-0.152
3518	AT3G21810		chr3	+			7684732.0	7684984.0	7686173.0	7686317.0	3518	56,44,70,67,60,93,95,47,37,55,63,48	23,16,31,41,28,76,19,53,22,39,38,39	67,48,61,61,19,69,28,66	37,63,72,59,27,55,36,33	300	150	0.00226564588089	0.0161789935350461	0.549,0.579,0.53,0.45,0.517,0.38,0.714,0.307,0.457,0.414,0.453,0.381	0.475,0.276,0.298,0.341,0.26,0.385,0.28,0.5	0.126	RI											7684732.0	7686317.0	0.126
3539	AT3G55890		chr3	+			20741807.0	20742188.0	20742418.0	20742441.0	3539	2,7,4,0,0,5,8,2,13,31,22,6	2,12,9,8,14,19,20,0,6,50,38,14	1,6,0,0,0,1,0,0	7,2,26,1,3,3,10,3	300	150	1.75301794016e-05	0.0003074285525446	0.333,0.226,0.182,0.0,0.0,0.116,0.167,1.0,0.52,0.237,0.224,0.176	0.067,0.6,0.0,0.0,0.0,0.143,0.0,0.0	0.164	RI											20741807.0	20742441.0	0.164
3562	AT1G23020	FRO3	chr1	-			8153179.0	8153347.0	8153451.0	8153632.0	3562	129,130,101,99,143,194,90,208,177,108,94,158	20,22,3,23,47,32,1,13,12,44,12,45	107,104,142,103,59,152,83,141	12,46,51,13,18,37,31,38	254	150	0.000992553574903	0.0081964116343487	0.792,0.777,0.952,0.718,0.642,0.782,0.982,0.904,0.897,0.592,0.822,0.675	0.84,0.572,0.622,0.824,0.659,0.708,0.613,0.687	0.104	RI											8153179.0	8153632.0	0.104
3642	AT1G67060		chr1	+			25037052.0	25037148.0	25038083.0	25038168.0	3642	17,10,18,17,9,19,7,16,19,8,26,13	30,16,14,70,62,71,30,44,28,103,21,46	9,12,12,15,3,9,2,12	76,74,85,38,76,76,47,79	300	150	4.50513715222e-08	2.0896257650904543e-06	0.221,0.238,0.391,0.108,0.068,0.118,0.104,0.154,0.253,0.037,0.382,0.124	0.056,0.075,0.066,0.165,0.019,0.056,0.021,0.071	0.117	RI											25037052.0	25038168.0	0.117
3687	AT3G50420	PCMP-E85	chr3	-			18710870.0	18711526.0	18711601.0	18713001.0	3687	11,12,23,39,6,5,29,16,17,10,9,20	0,0,6,0,4,8,0,5,0,0,0,0	10,14,6,28,42,20,15,25	0,0,0,0,1,0,0,0	225	150	4.64824966221e-05	0.0006990685779863	1.0,1.0,0.719,1.0,0.5,0.294,1.0,0.681,1.0,1.0,1.0,1.0	1.0,1.0,1.0,1.0,0.966,1.0,1.0,1.0	-0.146	RI											18710870.0	18713001.0	-0.146
3701	AT1G34630		chr1	+			12685675.0	12685816.0	12685894.0	12686158.0	3701	0,8,10,18,20,23,27,12,3,28,20,13	12,0,2,0,4,3,6,3,6,0,10,0	6,15,11,19,6,14,24,48	0,0,0,3,0,0,0,0	228	150	2.22662888127e-10	1.905303299610864e-08	0.0,1.0,0.767,1.0,0.767,0.835,0.748,0.725,0.248,1.0,0.568,1.0	1.0,1.0,1.0,0.806,1.0,1.0,1.0,1.0	-0.254	RI											12685675.0	12686158.0	-0.254
3712	AT1G69310	WRKY57	chr1	-			26054274.0	26054522.0	26054774.0	26054928.0	3712	63,39,167,99,67,90,178,114,95,351,87,168	0,0,13,6,2,8,8,8,13,10,10,14	71,54,58,51,20,10,25,12	7,5,6,12,0,3,4,5	300	150	0.00501899727794	0.0303771749883124	1.0,1.0,0.865,0.892,0.944,0.849,0.918,0.877,0.785,0.946,0.813,0.857	0.835,0.844,0.829,0.68,1.0,0.625,0.758,0.545	0.131	RI											26054274.0	26054928.0	0.131
3758	AT3G21755		chr3	-			7666297.0	7667043.0	7667123.0	7669480.0	3758	124,121,150,144,172,148,100,93,81,80,174,107	96,105,107,81,92,106,56,72,60,6,83,66	114,141,163,153,269,238,219,195	100,73,78,44,72,73,36,47	230	150	0.00363328278259	0.0236640189632469	0.457,0.429,0.478,0.537,0.549,0.477,0.538,0.457,0.468,0.897,0.578,0.514	0.426,0.557,0.577,0.694,0.709,0.68,0.799,0.73	-0.115	RI											7666297.0	7669480.0	-0.115
3772	AT2G21710	MTERF2	chr2	+			9272698.0	9272973.0	9273045.0	9273444.0	3772	6,6,18,11,0,11,1,0,4,8,10,4	36,22,29,33,7,24,37,24,33,1,25,50	5,18,16,8,28,17,52,24	11,15,16,43,61,45,48,49	222	150	0.000511482777175	0.0048260247587823	0.101,0.156,0.295,0.184,0.0,0.236,0.018,0.0,0.076,0.844,0.213,0.051	0.235,0.448,0.403,0.112,0.237,0.203,0.423,0.249	-0.108	RI											9272698.0	9273444.0	-0.108
3777	AT3G22470		chr3	-			7965953.0	7966640.0	7966715.0	7967990.0	3777	43,33,31,36,63,35,41,37,34,33,21,37	0,3,2,6,2,0,8,4,3,4,0,8	42,51,31,26,35,46,29,12	0,2,0,0,0,0,0,0	225	150	1.89876336876e-10	1.7133750180283422e-08	1.0,0.88,0.912,0.8,0.955,1.0,0.774,0.86,0.883,0.846,1.0,0.755	1.0,0.944,1.0,1.0,1.0,1.0,1.0,1.0	-0.104	RI											7965953.0	7967990.0	-0.104
3792	AT5G65685		chr5	-			26275480.0	26275514.0	26275748.0	26276606.0	3792	81,166,179,131,110,136,105,94,107,83,99,73	217,118,82,97,149,145,99,145,208,58,158,144	116,86,61,114,75,64,58,29	148,167,147,231,257,358,262,222	300	150	6.398215290910001e-12	8.370471012221775e-10	0.157,0.413,0.522,0.403,0.27,0.319,0.347,0.245,0.205,0.417,0.239,0.202	0.282,0.205,0.172,0.198,0.127,0.082,0.1,0.061	0.158	RI											26275480.0	26276606.0	0.158
3823	AT5G36880	ACS	chr5	-			14539927.0	14539980.0	14540138.0	14540245.0	3823	2,13,6,4,6,8,0,11,4,6,9,6	6,14,17,23,24,17,22,4,14,31,14,37	3,7,9,12,10,21,3,10	21,5,19,2,9,10,10,15	300	150	0.00674905592547	0.0385893600899857	0.143,0.317,0.15,0.08,0.111,0.19,0.0,0.579,0.125,0.088,0.243,0.075	0.067,0.412,0.191,0.75,0.357,0.512,0.13,0.25	-0.159	RI											14539927.0	14540245.0	-0.159
3826	AT1G49160	WNK7	chr1	-			18181243.0	18181650.0	18181780.0	18181903.0	3826	0,0,8,12,6,9,14,2,14,11,6,6	10,5,26,44,12,5,37,15,4,62,14,22	0,6,0,0,0,3,0,0	3,18,16,12,19,22,8,15	280	150	1.12258488061e-08	6.190431958297144e-07	0.0,0.0,0.142,0.127,0.211,0.491,0.169,0.067,0.652,0.087,0.187,0.127	0.0,0.152,0.0,0.0,0.0,0.068,0.0,0.0	0.161	RI											18181243.0	18181903.0	0.161
3829	AT1G79620		chr1	-			29959363.0	29959839.0	29959917.0	29960052.0	3829	8,4,10,24,6,22,13,11,21,16,23,4	9,13,10,2,51,30,8,53,24,9,85,8	12,18,5,22,2,14,2,3	26,41,22,45,34,24,11,27	228	150	0.00592978318136	0.0347866594906497	0.369,0.168,0.397,0.888,0.072,0.325,0.517,0.12,0.365,0.539,0.151,0.248	0.233,0.224,0.13,0.243,0.037,0.277,0.107,0.068	0.182	RI											29959363.0	29960052.0	0.182
3846	AT1G50590		chr1	-			18733276.0	18733305.0	18733678.0	18733717.0	3846	4,4,8,17,8,3,7,3,15,32,12,6	3,9,9,6,8,11,8,11,11,82,13,10	4,0,1,9,7,12,3,1	10,4,7,24,14,28,21,10	300	150	0.00034003585151	0.0034867725848019	0.4,0.182,0.308,0.586,0.333,0.12,0.304,0.12,0.405,0.163,0.316,0.231	0.167,0.0,0.067,0.158,0.2,0.176,0.067,0.048	0.179	RI											18733276.0	18733717.0	0.179
3850	AT1G61970		chr1	+			22906472.0	22906610.0	22907128.0	22907730.0	3850	67,25,41,46,8,41,14,19,50,11,32,22	15,21,17,12,3,9,18,14,13,7,6,15	56,26,34,40,19,32,24,47	10,10,16,0,0,3,0,5	300	150	2.58314436589e-05	0.0004231071118122	0.691,0.373,0.547,0.657,0.571,0.695,0.28,0.404,0.658,0.44,0.727,0.423	0.737,0.565,0.515,1.0,1.0,0.842,1.0,0.825	-0.272	RI											22906472.0	22907730.0	-0.272
3876	AT3G03970	SINE2	chr3	-			1028736.0	1029910.0	1030433.0	1030677.0	3876	10,4,12,6,11,17,8,6,7,19,9,10	2,0,12,0,0,14,0,2,6,3,2,1	0,13,4,9,5,4,12,17	5,10,2,3,8,2,15,9	300	150	0.000263211816693	0.0027912825774516	0.714,1.0,0.333,1.0,1.0,0.378,1.0,0.6,0.368,0.76,0.692,0.833	0.0,0.394,0.5,0.6,0.238,0.5,0.286,0.486	0.348	RI											1028736.0	1030677.0	0.348
3877	AT3G03970	SINE2	chr3	-			1028736.0	1029910.0	1030477.0	1030677.0	3877	11,8,10,7,19,9,8,6,7,15,18,11	12,0,4,1,0,9,0,2,0,0,2,7	3,11,8,12,12,8,26,10	1,12,4,5,14,27,4,14	300	150	8.31559215672e-05	0.00112760338453	0.314,1.0,0.556,0.778,1.0,0.333,1.0,0.6,1.0,1.0,0.818,0.44	0.6,0.314,0.5,0.545,0.3,0.129,0.765,0.263	0.31	RI											1028736.0	1030677.0	0.31
3911	AT5G16980		chr5	-			5580292.0	5580469.0	5580777.0	5581311.0	3911	47,42,55,69,31,23,75,4,36,449,78,24	24,40,69,118,44,17,274,29,21,787,127,32	12,10,32,32,51,25,39,26	6,5,25,40,48,20,0,21	300	150	0.00264701095123	0.0183852116120333	0.495,0.344,0.285,0.226,0.261,0.404,0.12,0.065,0.462,0.222,0.235,0.273	0.5,0.5,0.39,0.286,0.347,0.385,1.0,0.382	-0.191	RI											5580292.0	5581311.0	-0.191
3987	AT3G13580	RPL7D	chr3	+			4433152.0	4433175.0	4433262.0	4433422.0	3987	15,4,9,22,0,7,16,3,25,14,10,2	5,0,2,5,2,4,5,0,3,0,0,2	29,12,5,34,16,8,10,7	0,0,6,0,0,0,0,2	237	150	0.000367512639824	0.003707246405379	0.655,1.0,0.74,0.736,0.0,0.526,0.669,1.0,0.841,1.0,1.0,0.388	1.0,1.0,0.345,1.0,1.0,1.0,1.0,0.689	-0.166	RI											4433152.0	4433422.0	-0.166
4004	AT5G20450		chr5	-			6912486.0	6912654.0	6912769.0	6913323.0	4004	41,18,48,68,16,31,25,23,19,15,16,38	15,4,8,50,12,12,35,19,15,5,25,14	16,30,15,40,1,20,10,11	29,23,13,31,15,24,5,19	265	150	0.00252701019641	0.0178147039840665	0.607,0.718,0.773,0.435,0.43,0.594,0.288,0.407,0.418,0.629,0.266,0.606	0.238,0.425,0.395,0.422,0.036,0.321,0.531,0.247	0.187	RI											6912486.0	6913323.0	0.187
4005	AT5G20450		chr5	-			6912769.0	6912811.0	6913126.0	6913288.0	4005	85,75,123,110,76,77,118,115,120,97,34,81	15,12,17,25,23,13,44,13,14,15,22,18	59,58,56,118,60,57,46,34	21,48,29,25,16,30,10,18	300	150	0.000569292726027	0.0052811211201345	0.739,0.758,0.783,0.688,0.623,0.748,0.573,0.816,0.811,0.764,0.436,0.692	0.584,0.377,0.491,0.702,0.652,0.487,0.697,0.486	0.143	RI											6912769.0	6913288.0	0.143
4074	AT5G23870	PAE9	chr5	-			8046148.0	8046185.0	8046326.0	8046452.0	4074	40,81,53,107,72,80,40,76,96,63,27,141	12,11,11,9,27,34,16,24,24,9,2,29	32,67,88,101,64,86,39,59	3,8,16,12,9,1,6,14	291	150	0.0017827804514	0.0132632181107476	0.632,0.791,0.713,0.86,0.579,0.548,0.563,0.62,0.673,0.783,0.874,0.715	0.846,0.812,0.739,0.813,0.786,0.978,0.77,0.685	-0.108	RI											8046148.0	8046452.0	-0.108
4117	AT3G16120		chr3	+			5464727.0	5464853.0	5465009.0	5465172.0	4117	44,12,8,2,4,21,1,23,13,3,12,2	11,6,4,0,11,3,0,13,1,4,15,8	0,19,3,9,2,8,9,5	2,24,3,4,26,27,32,19	300	150	0.000171236392585	0.001985622000933	0.667,0.5,0.5,1.0,0.154,0.778,1.0,0.469,0.867,0.273,0.286,0.111	0.0,0.284,0.333,0.529,0.037,0.129,0.123,0.116	0.357	RI											5464727.0	5465172.0	0.357
4140	AT5G58140	PHOT2	chr5	+			23524129.0	23524545.0	23524722.0	23525279.0	4140	176,137,191,168,185,238,237,211,201,58,288,173	90,162,82,124,198,132,94,100,130,86,240,132	124,163,103,156,76,81,55,57	164,136,133,104,131,143,136,103	300	150	1.23137679275e-06	3.5738731125252926e-05	0.494,0.297,0.538,0.404,0.318,0.474,0.558,0.513,0.436,0.252,0.375,0.396	0.274,0.375,0.279,0.429,0.225,0.221,0.168,0.217	0.148	RI											23524129.0	23525279.0	0.148
4141	AT5G58140	PHOT2	chr5	+			23524129.0	23524549.0	23524722.0	23525279.0	4141	181,138,194,168,185,243,237,211,202,58,290,176	40,68,22,31,37,42,12,37,39,10,48,21	124,165,103,156,78,81,55,57	39,51,61,35,22,38,21,21	300	150	6.45818735157e-07	2.0812976510286955e-05	0.693,0.504,0.815,0.73,0.714,0.743,0.908,0.74,0.721,0.744,0.751,0.807	0.614,0.618,0.458,0.69,0.639,0.516,0.567,0.576	0.154	RI											23524129.0	23525279.0	0.154
4214	AT5G37370	SRL1	chr5	-			14814825.0	14815052.0	14815171.0	14815283.0	4214	36,42,75,85,18,40,56,86,32,44,61,24	35,16,4,4,22,17,25,25,20,0,5,39	59,42,49,40,45,33,18,41	20,35,36,36,29,53,22,23	269	150	0.000442609101895	0.0042820057947463	0.364,0.594,0.913,0.922,0.313,0.567,0.555,0.657,0.472,1.0,0.872,0.255	0.622,0.401,0.431,0.383,0.464,0.258,0.313,0.499	0.202	RI											14814825.0	14815283.0	0.202
4250	AT5G38600		chr5	+			15457320.0	15457732.0	15458116.0	15458198.0	4250	25,41,25,28,11,22,14,7,40,19,21,25	0,0,0,0,4,0,8,0,1,20,0,2	12,28,15,14,31,35,21,27	6,9,12,4,4,4,6,2	300	150	6.71809990017e-05	0.0009553561548579	1.0,1.0,1.0,1.0,0.579,1.0,0.467,1.0,0.952,0.322,1.0,0.862	0.5,0.609,0.385,0.636,0.795,0.814,0.636,0.871	0.193	RI											15457320.0	15458198.0	0.193
4270	AT5G62170		chr5	-			24973955.0	24975005.0	24975102.0	24975191.0	4270	24,29,11,4,21,2,10,13,3,0,36,20	45,13,2,7,7,8,16,0,14,5,2,8	10,14,6,2,1,2,13,0	13,29,18,11,16,28,9,34	247	150	4.48104929355e-05	0.000678617826855	0.245,0.575,0.77,0.258,0.646,0.132,0.275,1.0,0.115,0.0,0.916,0.603	0.318,0.227,0.168,0.099,0.037,0.042,0.467,0.0	0.291	RI											24973955.0	24975191.0	0.291
4271	AT5G62170		chr5	-			24975102.0	24975191.0	24975264.0	24975632.0	4271	35,20,12,4,8,12,7,6,1,0,14,8	12,9,9,4,5,11,13,5,9,4,8,7	9,8,3,6,0,0,11,0	37,23,27,15,21,16,6,32	223	150	1.46348078878e-07	5.674418089621203e-06	0.662,0.599,0.473,0.402,0.518,0.423,0.266,0.447,0.07,0.0,0.541,0.435	0.141,0.19,0.07,0.212,0.0,0.0,0.552,0.0	0.257	RI											24975102.0	24975632.0	0.257
4297	AT2G06025		chr2	+			2350016.0	2350115.0	2350201.0	2350539.0	4297	54,66,111,69,69,84,50,56,36,64,49,60	8,0,10,25,1,14,0,3,0,0,8,4	79,69,53,78,94,56,58,103	11,13,10,22,20,27,32,20	236	150	6.54573095726e-09	3.961763748887973e-07	0.811,1.0,0.876,0.637,0.978,0.792,1.0,0.922,1.0,1.0,0.796,0.905	0.82,0.771,0.771,0.693,0.749,0.569,0.535,0.766	0.184	RI											2350016.0	2350539.0	0.184
4318	AT5G41170		chr5	-			16478485.0	16478933.0	16479023.0	16480584.0	4318	12,5,23,17,10,26,31,9,11,15,12,9	0,0,0,2,0,1,3,0,0,3,0,2	16,15,21,27,3,7,1,24	4,0,6,1,0,12,0,0	240	150	1.69132972956e-05	0.0002987213326621	1.0,1.0,1.0,0.842,1.0,0.942,0.866,1.0,1.0,0.758,1.0,0.738	0.714,1.0,0.686,0.944,1.0,0.267,1.0,1.0	0.102	RI											16478485.0	16480584.0	0.102
4373	AT4G27270		chr4	-			13662801.0	13662895.0	13663220.0	13663371.0	4373	3,4,28,18,11,32,12,28,13,21,16,19	38,33,5,24,34,39,2,16,4,20,15,28	3,5,5,17,20,16,0,6	31,30,30,23,43,33,1,32	300	150	0.000169232057675	0.0019669758834684	0.038,0.057,0.737,0.273,0.139,0.291,0.75,0.467,0.619,0.344,0.348,0.253	0.046,0.077,0.077,0.27,0.189,0.195,0.0,0.086	0.242	RI											13662801.0	13663371.0	0.242
4429	AT5G46280	MCM3	chr5	-			18770358.0	18770561.0	18770653.0	18770743.0	4429	36,54,34,26,49,27,54,19,55,8,3,93	138,86,68,102,84,111,30,89,70,51,14,65	24,53,61,63,18,8,0,34	96,89,155,125,218,197,216,116	242	150	1.10469300467e-05	0.0002141637258662	0.139,0.28,0.237,0.136,0.266,0.131,0.527,0.117,0.328,0.089,0.117,0.47	0.134,0.27,0.196,0.238,0.049,0.025,0.0,0.154	0.103	RI											18770358.0	18770743.0	0.103
4454	AT1G49980	POLK	chr1	+			18511162.0	18511993.0	18512089.0	18512512.0	4454	23,28,15,36,15,18,17,8,21,18,9,24	10,3,0,2,0,5,7,7,0,7,0,4	13,28,15,16,62,17,19,17	0,2,1,0,0,0,0,0	246	150	6.4089844542500004e-12	8.370471012221775e-10	0.584,0.851,1.0,0.916,1.0,0.687,0.597,0.411,1.0,0.611,1.0,0.785	1.0,0.895,0.901,1.0,1.0,1.0,1.0,1.0	-0.188	RI											18511162.0	18512512.0	-0.188
4555	AT3G49500	RDR6	chr3	-			18350490.0	18353210.0	18353443.0	18353673.0	4555	60,26,1,9,35,39,33,34,41,20,49,26	10,1,9,2,12,2,0,3,2,5,7,6	28,24,11,38,44,22,5,55	6,9,4,10,11,14,12,13	300	150	0.00446239542851	0.0277529680597683	0.75,0.929,0.053,0.692,0.593,0.907,1.0,0.85,0.911,0.667,0.778,0.684	0.7,0.571,0.579,0.655,0.667,0.44,0.172,0.679	0.177	RI											18350490.0	18353673.0	0.177
4595	AT5G53020		chr5	+			21498423.0	21499440.0	21499888.0	21500829.0	4595	50,56,44,53,70,57,49,84,38,29,68,31	0,4,2,5,0,6,8,0,0,0,0,10	44,47,32,30,71,37,51,45	2,5,6,5,10,6,12,2	300	150	0.000161808256227	0.0019029724541578	1.0,0.875,0.917,0.841,1.0,0.826,0.754,1.0,1.0,1.0,1.0,0.608	0.917,0.825,0.727,0.75,0.78,0.755,0.68,0.918	0.108	RI											21498423.0	21500829.0	0.108
4597	AT5G53050		chr5	-			21511395.0	21511543.0	21511669.0	21511818.0	4597	3367,2593,6418,4987,2397,4014,4904,2764,4494,2304,2779,4673	42,55,33,28,67,70,25,27,73,226,159,27	2750,3660,2522,3283,778,1020,149,117	87,54,68,86,239,166,233,314	276	150	1.36165753117e-08	7.147524128716706e-07	0.978,0.962,0.991,0.99,0.951,0.969,0.991,0.982,0.971,0.847,0.905,0.989	0.945,0.974,0.953,0.954,0.639,0.77,0.258,0.168	0.253	RI											21511395.0	21511818.0	0.253
4611	AT5G53850		chr5	-			21863652.0	21863700.0	21864088.0	21864225.0	4611	54,67,159,96,91,125,100,93,73,31,90,61	111,165,91,114,209,127,57,160,140,18,115,95	65,64,83,75,70,66,37,66	127,101,127,130,162,216,138,235	300	150	1.2896993476e-05	0.0002461674837983	0.196,0.169,0.466,0.296,0.179,0.33,0.467,0.225,0.207,0.463,0.281,0.243	0.204,0.241,0.246,0.224,0.178,0.133,0.118,0.123	0.11	RI											21863652.0	21864225.0	0.11
4677	AT5G56620	anac099	chr5	-			22917933.0	22918275.0	22918364.0	22918423.0	4677	30,46,69,33,21,51,26,61,37,19,25,31	0,0,0,0,0,2,0,0,0,2,0,0	28,38,16,40,10,7,9,13	0,0,4,0,6,1,6,6	239	150	1.35783273514e-10	1.3213576204901608e-08	1.0,1.0,1.0,1.0,1.0,0.941,1.0,1.0,1.0,0.856,1.0,1.0	1.0,1.0,0.715,1.0,0.511,0.815,0.485,0.576	0.22	RI											22917933.0	22918423.0	0.22
4692	AT5G65740		chr5	-			26302829.0	26303246.0	26303332.0	26303514.0	4692	51,29,38,52,33,42,35,44,9,19,2,39	59,39,79,82,41,58,71,70,61,28,29,41	24,26,35,40,47,64,33,51	31,43,56,39,35,44,18,36	236	150	0.000292888975808	0.003060227340916	0.355,0.321,0.234,0.287,0.338,0.315,0.239,0.285,0.086,0.301,0.042,0.377	0.33,0.278,0.284,0.395,0.46,0.48,0.538,0.474	-0.14	RI											26302829.0	26303514.0	-0.14
4713	AT5G57790		chr5	-			23411886.0	23412894.0	23412992.0	23413130.0	4713	6,2,0,0,3,3,0,0,0,0,0,0	104,78,154,154,87,129,172,198,124,45,170,104	15,0,4,4,0,3,19,16	89,90,55,105,52,35,8,24	248	150	5.78482817204e-11	6.24132656909446e-09	0.034,0.015,0.0,0.0,0.02,0.014,0.0,0.0,0.0,0.0,0.0,0.0	0.093,0.0,0.042,0.023,0.0,0.049,0.59,0.287	-0.129	RI											23411886.0	23413130.0	-0.129
4716	AT5G58200		chr5	+			23549881.0	23549903.0	23550031.0	23550143.0	4716	315,321,472,485,351,519,422,474,278,326,435,388	124,117,88,224,116,191,85,82,74,64,156,103	341,442,270,380,219,305,206,257	124,135,132,85,143,197,131,146	278	150	0.000299346318132	0.0031211255816998	0.578,0.597,0.743,0.539,0.62,0.595,0.728,0.757,0.67,0.733,0.601,0.67	0.597,0.639,0.525,0.707,0.452,0.455,0.459,0.487	0.112	RI											23549881.0	23550143.0	0.112
4729	AT5G59130	SBT4.11	chr5	-			23873411.0	23873506.0	23873589.0	23873849.0	4729	71,103,35,29,56,110,46,56,55,6,122,30	61,110,46,51,124,47,71,56,63,2,120,25	55,65,53,67,42,34,48,24	141,105,50,99,88,123,102,79	233	150	0.000114789057822	0.0014682940566252	0.428,0.376,0.329,0.268,0.225,0.601,0.294,0.392,0.36,0.659,0.396,0.436	0.201,0.285,0.406,0.303,0.235,0.151,0.233,0.164	0.15	RI											23873411.0	23873849.0	0.15
4839	AT5G64000	SAL2	chr5	+			25616814.0	25616890.0	25617021.0	25617095.0	4839	40,24,57,74,45,93,98,40,60,9,30,68	126,308,820,1201,356,788,1646,210,409,370,180,730	53,68,67,54,29,21,16,51	793,974,916,859,10,22,8,4	281	150	8.67202380468e-05	0.0011663754510196	0.145,0.04,0.036,0.032,0.063,0.059,0.031,0.092,0.073,0.013,0.082,0.047	0.034,0.036,0.038,0.032,0.608,0.338,0.516,0.872	-0.25	RI											25616814.0	25617095.0	-0.25
4888	AT5G66558		chr5	-			26563997.0	26564383.0	26564530.0	26566847.0	4888	39,13,29,47,25,58,30,55,41,44,31,43	8,13,18,28,12,12,7,22,13,18,33,2	41,48,63,27,6,27,39,11	3,17,14,8,3,0,0,1	297	150	0.000715722381717	0.0063317828528724	0.711,0.336,0.449,0.459,0.513,0.709,0.684,0.558,0.614,0.552,0.322,0.916	0.873,0.588,0.694,0.63,0.503,1.0,1.0,0.847	-0.198	RI											26563997.0	26566847.0	-0.198
4927	AT3G15351		chr3	+			5176718.0	5176809.0	5177025.0	5177293.0	4927	9,48,48,35,13,48,85,34,49,32,47,36	45,39,112,123,65,78,97,26,64,103,77,84	35,29,27,16,16,22,0,6	83,81,85,98,71,36,68,52	300	150	5.04761874476e-06	0.0001138696901374	0.091,0.381,0.176,0.125,0.091,0.235,0.305,0.395,0.277,0.134,0.234,0.176	0.174,0.152,0.137,0.075,0.101,0.234,0.0,0.055	0.102	RI											5176718.0	5177293.0	0.102
4945	AT3G02290		chr3	+			458411.0	459181.0	459280.0	459504.0	4945	47,29,42,15,24,47,28,28,16,6,43,18	17,4,27,6,27,12,30,19,15,18,3,13	17,22,8,49,17,33,8,25	30,21,26,16,20,23,24,29	249	150	0.00592962250964	0.0347866594906497	0.625,0.814,0.484,0.601,0.349,0.702,0.36,0.47,0.391,0.167,0.896,0.455	0.254,0.387,0.156,0.648,0.339,0.464,0.167,0.342	0.182	RI											458411.0	459504.0	0.182
4999	AT3G49430	SR34A	chr3	+			18331508.0	18331712.0	18332641.0	18332754.0	4999	119,97,132,246,112,100,193,114,69,74,101,94	188,238,114,192,190,265,110,162,137,206,210,192	78,142,84,116,94,44,83,87	231,239,366,274,362,424,296,352	300	150	9.07818265006e-12	1.1263755123061943e-09	0.24,0.169,0.367,0.39,0.228,0.159,0.467,0.26,0.201,0.152,0.194,0.197	0.144,0.229,0.103,0.175,0.115,0.049,0.123,0.11	0.121	RI											18331508.0	18332754.0	0.121
5020	AT2G39445		chr2	-			16469778.0	16470152.0	16470368.0	16470770.0	5020	40,37,18,8,5,34,44,39,16,16,34,40	29,30,86,55,56,84,72,41,59,21,13,58	10,17,10,13,17,5,4,5	25,72,48,46,52,31,28,18	300	150	5.02318687231e-05	0.0007509059170865	0.408,0.381,0.095,0.068,0.043,0.168,0.234,0.322,0.119,0.276,0.567,0.256	0.167,0.106,0.094,0.124,0.14,0.075,0.067,0.122	0.133	RI											16469778.0	16470770.0	0.133
5049	AT3G06880		chr3	-			2170630.0	2170775.0	2170845.0	2170971.0	5049	20,9,15,11,36,18,8,20,32,5,3,19	14,4,9,12,16,8,15,8,14,4,5,9	18,7,17,24,44,51,38,47	1,3,12,16,3,10,10,23	220	150	0.00530868642095	0.0318200612405493	0.493,0.605,0.532,0.385,0.605,0.605,0.267,0.63,0.609,0.46,0.29,0.59	0.925,0.614,0.491,0.506,0.909,0.777,0.722,0.582	-0.185	RI											2170630.0	2170971.0	-0.185
5097	AT3G11890		chr3	+			3755541.0	3755708.0	3756019.0	3757006.0	5097	19,16,7,12,11,7,16,19,13,19,30,2	0,0,0,2,1,4,9,2,0,0,0,7	2,15,10,15,4,9,11,15	4,4,11,0,8,5,0,6	300	150	0.00139157159538	0.0109451185861663	1.0,1.0,1.0,0.75,0.846,0.467,0.471,0.826,1.0,1.0,1.0,0.125	0.2,0.652,0.312,1.0,0.2,0.474,1.0,0.556	0.241	RI											3755541.0	3757006.0	0.241
5252	AT4G28020		chr4	-			13934937.0	13935059.0	13935161.0	13935479.0	5252	4,0,0,1,4,2,0,0,3,0,6,5	20,14,10,11,23,20,6,11,9,1,23,15	0,9,8,0,14,22,0,12	22,25,15,6,14,11,16,51	252	150	0.00260721278217	0.0181964519560592	0.106,0.0,0.0,0.051,0.094,0.056,0.0,0.0,0.166,0.0,0.134,0.166	0.0,0.176,0.241,0.0,0.373,0.543,0.0,0.123	-0.118	RI											13934937.0	13935479.0	-0.118
5288	AT3G19500	BHLH113	chr3	-			6759015.0	6759471.0	6759554.0	6759656.0	5288	0,4,0,11,5,6,1,0,0,0,0,1	31,0,18,18,8,14,11,6,16,2,21,3	5,2,6,1,9,4,0,14	9,14,6,8,1,1,3,4	233	150	0.000151719346754	0.0018144171516628	0.0,1.0,0.0,0.282,0.287,0.216,0.055,0.0,0.0,0.0,0.0,0.177	0.263,0.084,0.392,0.074,0.853,0.72,0.0,0.693	-0.217	RI											6759015.0	6759656.0	-0.217
5293	AT4G18230		chr4	-			10081529.0	10081731.0	10081889.0	10082057.0	5293	17,39,51,28,25,47,48,24,54,17,34,30	10,22,21,28,47,52,35,19,21,52,27,15	15,23,26,21,19,12,8,6	17,29,33,40,88,80,90,87	300	150	9.9459329661e-12	1.2039430563598607e-09	0.459,0.47,0.548,0.333,0.21,0.311,0.407,0.387,0.562,0.14,0.386,0.5	0.306,0.284,0.283,0.208,0.097,0.07,0.043,0.033	0.227	RI											10081529.0	10082057.0	0.227
5355	AT2G21590	APL4	chr2	+			9238364.0	9238761.0	9239032.0	9239098.0	5355	12,16,50,33,12,23,134,8,8,4,153,7	0,0,1,0,0,2,10,2,0,0,6,3	28,14,18,33,4,15,7,17	7,1,0,4,8,0,0,4	300	150	0.00922944510256	0.0495733074069321	1.0,1.0,0.962,1.0,1.0,0.852,0.87,0.667,1.0,1.0,0.927,0.538	0.667,0.875,1.0,0.805,0.2,1.0,1.0,0.68	0.123	RI											9238364.0	9239098.0	0.123
5401	AT3G26670		chr3	-			9800469.0	9800608.0	9800814.0	9801209.0	5401	139,139,179,214,186,298,174,95,200,198,154,206	10,23,10,13,22,40,21,2,29,26,24,15	137,161,148,171,53,112,101,58	24,26,18,50,18,6,15,27	300	150	0.000749827737048	0.006574902931041	0.874,0.751,0.899,0.892,0.809,0.788,0.806,0.96,0.775,0.792,0.762,0.873	0.741,0.756,0.804,0.631,0.596,0.903,0.771,0.518	0.117	RI											9800469.0	9801209.0	0.117
5407	AT3G55850	LAF3	chr3	-			20724352.0	20724459.0	20724648.0	20725024.0	5407	116,136,232,259,133,196,212,157,70,84,115,136	32,68,68,112,74,90,65,23,12,31,75,48	110,197,144,215,160,170,169,121	69,86,90,68,64,112,125,115	300	150	0.00165621284882	0.0125492891125094	0.644,0.5,0.63,0.536,0.473,0.521,0.62,0.773,0.745,0.575,0.434,0.586	0.444,0.534,0.444,0.613,0.556,0.431,0.403,0.345	0.115	RI											20724352.0	20725024.0	0.115
5409	AT3G55850	LAF3	chr3	-			20724648.0	20724721.0	20724922.0	20725024.0	5409	115,187,243,187,202,242,250,225,154,126,163,232	44,67,81,153,91,108,101,47,18,58,85,75	146,187,161,200,156,169,178,162	82,72,112,74,98,140,163,116	300	150	0.000424020755099	0.0041423884242434	0.567,0.583,0.6,0.379,0.526,0.528,0.553,0.705,0.811,0.521,0.489,0.607	0.471,0.565,0.418,0.575,0.443,0.376,0.353,0.411	0.121	RI											20724648.0	20725024.0	0.121
5430	AT1G73130		chr1	+			27499034.0	27499191.0	27499455.0	27499559.0	5430	26,32,2,15,17,19,31,4,15,25,15,18	0,0,0,0,0,1,0,0,0,0,0,0	6,22,20,16,13,2,6,7	12,0,0,0,2,14,0,0	300	150	5.13065394973e-05	0.0007601025538062	1.0,1.0,1.0,1.0,1.0,0.905,1.0,1.0,1.0,1.0,1.0,1.0	0.2,1.0,1.0,1.0,0.765,0.067,1.0,1.0	0.238	RI											27499034.0	27499559.0	0.238
5435	AT3G44340	CEF	chr3	-			16020046.0	16020101.0	16020200.0	16020326.0	5435	0,9,0,0,0,2,0,0,5,7,0,1	5,5,6,1,13,12,2,13,10,1,3,8	5,6,12,3,1,11,15,26	24,2,8,3,0,17,13,9	249	150	6.09343580471e-06	0.0001306398509281	0.0,0.52,0.0,0.0,0.0,0.091,0.0,0.0,0.231,0.808,0.0,0.07	0.112,0.644,0.475,0.376,1.0,0.28,0.41,0.635	-0.348	RI											16020046.0	16020326.0	-0.348
5460	AT5G15460	MUB2	chr5	-			5019972.0	5020233.0	5020569.0	5020926.0	5460	64,56,67,95,57,121,121,98,88,65,98,82	73,91,136,141,112,126,95,121,92,33,78,74	74,68,57,87,46,23,21,34	110,90,147,150,116,86,82,65	300	150	3.47891385477e-07	1.1745475823961572e-05	0.305,0.235,0.198,0.252,0.203,0.324,0.389,0.288,0.324,0.496,0.386,0.357	0.252,0.274,0.162,0.225,0.165,0.118,0.114,0.207	0.123	RI											5019972.0	5020926.0	0.123
5493	AT3G46658		chr3	+			17189302.0	17189845.0	17190003.0	17191349.0	5493	5,12,42,62,108,32,87,20,16,1404,1061,5	5,37,26,22,36,30,25,0,12,21,13,13	12,15,19,38,5,21,10,5	18,27,10,45,20,17,3,12	300	150	7.36992295638e-05	0.0010188559229112	0.333,0.14,0.447,0.585,0.6,0.348,0.635,1.0,0.4,0.971,0.976,0.161	0.25,0.217,0.487,0.297,0.111,0.382,0.625,0.172	0.232	RI											17189302.0	17191349.0	0.232
